x,y,z
-1.454289902315299976e+00,-1.456453134450030051e-01,-5.999999999999999778e-01
-1.454289902315299976e+00,-1.456453134450030051e-01,-6.009803921568627194e-01
-1.454289902315299976e+00,-1.456453134450030051e-01,-6.019607843137254610e-01
-1.454289902315299976e+00,-1.456453134450030051e-01,-6.029411764705882026e-01
-1.454289902315299976e+00,-1.456453134450030051e-01,-6.039215686274509443e-01
-1.454289902315299976e+00,-1.456453134450030051e-01,-6.049019607843136859e-01
-1.454289902315299976e+00,-1.456453134450030051e-01,-6.058823529411764275e-01
-1.454289902315299976e+00,-1.456453134450030051e-01,-6.068627450980391691e-01
-1.454289902315299976e+00,-1.456453134450030051e-01,-6.078431372549019107e-01
-1.454289902315299976e+00,-1.456453134450030051e-01,-6.088235294117646523e-01
-1.454289902315299976e+00,-1.456453134450030051e-01,-6.098039215686273939e-01
-1.454289902315299976e+00,-1.456453134450030051e-01,-6.107843137254901356e-01
-1.454289902315299976e+00,-1.456453134450030051e-01,-6.117647058823528772e-01
-1.454289902315299976e+00,-1.456453134450030051e-01,-6.127450980392157298e-01
-1.454289902315299976e+00,-1.456453134450030051e-01,-6.137254901960784714e-01
-1.454289902315299976e+00,-1.456453134450030051e-01,-6.147058823529412130e-01
-1.454289902315299976e+00,-1.456453134450030051e-01,-6.156862745098039547e-01
-1.454289902315299976e+00,-1.456453134450030051e-01,-6.166666666666666963e-01
-1.454289902315299976e+00,-1.456453134450030051e-01,-6.176470588235294379e-01
-1.454289902315299976e+00,-1.456453134450030051e-01,-6.186274509803921795e-01
-1.454289902315299976e+00,-1.456453134450030051e-01,-6.196078431372549211e-01
-1.454289902315299976e+00,-1.456453134450030051e-01,-6.205882352941176627e-01
-1.454289902315299976e+00,-1.456453134450030051e-01,-6.215686274509804043e-01
-1.454289902315299976e+00,-1.456453134450030051e-01,-6.225490196078431460e-01
-1.454289902315299976e+00,-1.456453134450030051e-01,-6.235294117647058876e-01
-1.454289902315299976e+00,-1.456453134450030051e-01,-6.245098039215686292e-01
-1.454289902315299976e+00,-1.456453134450030051e-01,-6.254901960784313708e-01
-1.454289902315299976e+00,-1.456453134450030051e-01,-6.264705882352941124e-01
-1.454289902315299976e+00,-1.456453134450030051e-01,-6.274509803921568540e-01
-1.454289902315299976e+00,-1.456453134450030051e-01,-6.284313725490195957e-01
-1.454289902315299976e+00,-1.456453134450030051e-01,-6.294117647058823373e-01
-1.454289902315299976e+00,-1.456453134450030051e-01,-6.303921568627450789e-01
-1.454289902315299976e+00,-1.456453134450030051e-01,-6.313725490196078205e-01
-1.454289902315299976e+00,-1.456453134450030051e-01,-6.323529411764705621e-01
-1.454289902315299976e+00,-1.456453134450030051e-01,-6.333333333333333037e-01
-1.454289902315299976e+00,-1.456453134450030051e-01,-6.343137254901960453e-01
-1.454289902315299976e+00,-1.456453134450030051e-01,-6.352941176470587870e-01
-1.454289902315299976e+00,-1.456453134450030051e-01,-6.362745098039215286e-01
-1.454289902315299976e+00,-1.456453134450030051e-01,-6.372549019607842702e-01
-1.454289902315299976e+00,-1.456453134450030051e-01,-6.382352941176470118e-01
-1.454289902315299976e+00,-1.456453134450030051e-01,-6.392156862745098644e-01
-1.454289902315299976e+00,-1.456453134450030051e-01,-6.401960784313726061e-01
-1.454289902315299976e+00,-1.456453134450030051e-01,-6.411764705882353477e-01
-1.454289902315299976e+00,-1.456453134450030051e-01,-6.421568627450980893e-01
-1.454289902315299976e+00,-1.456453134450030051e-01,-6.431372549019608309e-01
-1.454289902315299976e+00,-1.456453134450030051e-01,-6.441176470588235725e-01
-1.454289902315299976e+00,-1.456453134450030051e-01,-6.450980392156863141e-01
-1.454289902315299976e+00,-1.456453134450030051e-01,-6.460784313725490557e-01
-1.454289902315299976e+00,-1.456453134450030051e-01,-6.470588235294117974e-01
-1.454289902315299976e+00,-1.456453134450030051e-01,-6.480392156862745390e-01
-1.454289902315299976e+00,-1.456453134450030051e-01,-6.490196078431372806e-01
-1.454289902315299976e+00,-1.456453134450030051e-01,-6.500000000000000222e-01
-1.454289902315299976e+00,-1.456453134450030051e-01,-6.510000000000000231e-01
-1.454289902315299976e+00,-1.456453134450030051e-01,-6.520000000000000240e-01
-1.454289902315299976e+00,-1.456453134450030051e-01,-6.530000000000000249e-01
-1.454289902315299976e+00,-1.456453134450030051e-01,-6.540000000000000258e-01
-1.454289902315299976e+00,-1.456453134450030051e-01,-6.550000000000000266e-01
-1.454289902315299976e+00,-1.456453134450030051e-01,-6.560000000000000275e-01
-1.454289902315299976e+00,-1.456453134450030051e-01,-6.570000000000000284e-01
-1.454289902315299976e+00,-1.456453134450030051e-01,-6.580000000000000293e-01
-1.454289902315299976e+00,-1.456453134450030051e-01,-6.590000000000000302e-01
-1.454289902315299976e+00,-1.456453134450030051e-01,-6.600000000000000311e-01
-1.454289902315299976e+00,-1.456453134450030051e-01,-6.610000000000000320e-01
-1.454289902315299976e+00,-1.456453134450030051e-01,-6.620000000000000329e-01
-1.454289902315299976e+00,-1.456453134450030051e-01,-6.630000000000000338e-01
-1.454289902315299976e+00,-1.456453134450030051e-01,-6.640000000000000346e-01
-1.454289902315299976e+00,-1.456453134450030051e-01,-6.650000000000000355e-01
-1.454289902315299976e+00,-1.456453134450030051e-01,-6.660000000000000364e-01
-1.454289902315299976e+00,-1.456453134450030051e-01,-6.670000000000000373e-01
-1.454289902315299976e+00,-1.456453134450030051e-01,-6.680000000000000382e-01
-1.454289902315299976e+00,-1.456453134450030051e-01,-6.690000000000000391e-01
-1.454289902315299976e+00,-1.456453134450030051e-01,-6.700000000000000400e-01
-1.454289902315299976e+00,-1.456453134450030051e-01,-6.710000000000000409e-01
-1.454289902315299976e+00,-1.456453134450030051e-01,-6.720000000000000417e-01
-1.454289902315299976e+00,-1.456453134450030051e-01,-6.730000000000000426e-01
-1.454289902315299976e+00,-1.456453134450030051e-01,-6.740000000000000435e-01
-1.454289902315299976e+00,-1.456453134450030051e-01,-6.750000000000000444e-01
-1.454289902315299976e+00,-1.456453134450030051e-01,-6.760000000000000453e-01
-1.454289902315299976e+00,-1.456453134450030051e-01,-6.770000000000000462e-01
-1.454289902315299976e+00,-1.456453134450030051e-01,-6.780000000000000471e-01
-1.454289902315299976e+00,-1.456453134450030051e-01,-6.790000000000000480e-01
-1.454289902315299976e+00,-1.456453134450030051e-01,-6.799999999999999378e-01
-1.454289902315299976e+00,-1.456453134450030051e-01,-6.809999999999999387e-01
-1.454289902315299976e+00,-1.456453134450030051e-01,-6.819999999999999396e-01
-1.454289902315299976e+00,-1.456453134450030051e-01,-6.829999999999999405e-01
-1.454289902315299976e+00,-1.456453134450030051e-01,-6.839999999999999414e-01
-1.454289902315299976e+00,-1.456453134450030051e-01,-6.849999999999999423e-01
-1.454289902315299976e+00,-1.456453134450030051e-01,-6.859999999999999432e-01
-1.454289902315299976e+00,-1.456453134450030051e-01,-6.869999999999999440e-01
-1.454289902315299976e+00,-1.456453134450030051e-01,-6.879999999999999449e-01
-1.454289902315299976e+00,-1.456453134450030051e-01,-6.889999999999999458e-01
-1.454289902315299976e+00,-1.456453134450030051e-01,-6.899999999999999467e-01
-1.454289902315299976e+00,-1.456453134450030051e-01,-6.909999999999999476e-01
-1.454289902315299976e+00,-1.456453134450030051e-01,-6.919999999999999485e-01
-1.454289902315299976e+00,-1.456453134450030051e-01,-6.929999999999999494e-01
-1.454289902315299976e+00,-1.456453134450030051e-01,-6.939999999999999503e-01
-1.454289902315299976e+00,-1.456453134450030051e-01,-6.949999999999999512e-01
-1.454289902315299976e+00,-1.456453134450030051e-01,-6.959999999999999520e-01
-1.454289902315299976e+00,-1.456453134450030051e-01,-6.969999999999999529e-01
-1.454289902315299976e+00,-1.456453134450030051e-01,-6.979999999999999538e-01
-1.454289902315299976e+00,-1.456453134450030051e-01,-6.989999999999999547e-01
-1.454289902315299976e+00,-1.456453134450030051e-01,-6.999999999999999556e-01
-1.454289902315299976e+00,-1.456453134450030051e-01,-7.009999999999999565e-01
-1.454289902315299976e+00,-1.456453134450030051e-01,-7.019999999999999574e-01
-1.454289902315299976e+00,-1.456453134450030051e-01,-7.029999999999999583e-01
-1.454289902315299976e+00,-1.456453134450030051e-01,-7.039999999999999591e-01
-1.454289902315299976e+00,-1.456453134450030051e-01,-7.049999999999999600e-01
-1.454289902315299976e+00,-1.456453134450030051e-01,-7.059999999999999609e-01
-1.454289902315299976e+00,-1.456453134450030051e-01,-7.069999999999999618e-01
-1.454289902315299976e+00,-1.456453134450030051e-01,-7.079999999999999627e-01
-1.454289902315299976e+00,-1.456453134450030051e-01,-7.089999999999999636e-01
-1.454289902315299976e+00,-1.456453134450030051e-01,-7.099999999999999645e-01
-1.454289902315299976e+00,-1.456453134450030051e-01,-7.109859154929577540e-01
-1.454289902315299976e+00,-1.456453134450030051e-01,-7.119718309859154326e-01
-1.454289902315299976e+00,-1.456453134450030051e-01,-7.129577464788732222e-01
-1.454289902315299976e+00,-1.456453134450030051e-01,-7.139436619718309007e-01
-1.454289902315299976e+00,-1.456453134450030051e-01,-7.149295774647886903e-01
-1.454289902315299976e+00,-1.456453134450030051e-01,-7.159154929577464799e-01
-1.454289902315299976e+00,-1.456453134450030051e-01,-7.169014084507041584e-01
-1.454289902315299976e+00,-1.456453134450030051e-01,-7.178873239436619480e-01
-1.454289902315299976e+00,-1.456453134450030051e-01,-7.188732394366197376e-01
-1.454289902315299976e+00,-1.456453134450030051e-01,-7.198591549295774161e-01
-1.454289902315299976e+00,-1.456453134450030051e-01,-7.208450704225352057e-01
-1.454289902315299976e+00,-1.456453134450030051e-01,-7.218309859154928843e-01
-1.454289902315299976e+00,-1.456453134450030051e-01,-7.228169014084506738e-01
-1.454289902315299976e+00,-1.456453134450030051e-01,-7.238028169014084634e-01
-1.454289902315299976e+00,-1.456453134450030051e-01,-7.247887323943661420e-01
-1.454289902315299976e+00,-1.456453134450030051e-01,-7.257746478873239315e-01
-1.454289902315299976e+00,-1.456453134450030051e-01,-7.267605633802817211e-01
-1.454289902315299976e+00,-1.456453134450030051e-01,-7.277464788732393997e-01
-1.454289902315299976e+00,-1.456453134450030051e-01,-7.287323943661971892e-01
-1.454289902315299976e+00,-1.456453134450030051e-01,-7.297183098591548678e-01
-1.454289902315299976e+00,-1.456453134450030051e-01,-7.307042253521126574e-01
-1.454289902315299976e+00,-1.456453134450030051e-01,-7.316901408450704469e-01
-1.454289902315299976e+00,-1.456453134450030051e-01,-7.326760563380281255e-01
-1.454289902315299976e+00,-1.456453134450030051e-01,-7.336619718309859151e-01
-1.454289902315299976e+00,-1.456453134450030051e-01,-7.346478873239437046e-01
-1.454289902315299976e+00,-1.456453134450030051e-01,-7.356338028169013832e-01
-1.454289902315299976e+00,-1.456453134450030051e-01,-7.366197183098591728e-01
-1.454289902315299976e+00,-1.456453134450030051e-01,-7.376056338028168513e-01
-1.454289902315299976e+00,-1.456453134450030051e-01,-7.385915492957746409e-01
-1.454289902315299976e+00,-1.456453134450030051e-01,-7.395774647887324305e-01
-1.454289902315299976e+00,-1.456453134450030051e-01,-7.405633802816901090e-01
-1.454289902315299976e+00,-1.456453134450030051e-01,-7.415492957746478986e-01
-1.454289902315299976e+00,-1.456453134450030051e-01,-7.425352112676055771e-01
-1.454289902315299976e+00,-1.456453134450030051e-01,-7.435211267605633667e-01
-1.454289902315299976e+00,-1.456453134450030051e-01,-7.445070422535211563e-01
-1.454289902315299976e+00,-1.456453134450030051e-01,-7.454929577464788348e-01
-1.454289902315299976e+00,-1.456453134450030051e-01,-7.464788732394366244e-01
-1.454289902315299976e+00,-1.456453134450030051e-01,-7.474647887323944140e-01
-1.454289902315299976e+00,-1.456453134450030051e-01,-7.484507042253520925e-01
-1.454289902315299976e+00,-1.456453134450030051e-01,-7.494366197183098821e-01
-1.454289902315299976e+00,-1.456453134450030051e-01,-7.504225352112675607e-01
-1.454289902315299976e+00,-1.456453134450030051e-01,-7.514084507042253502e-01
-1.454289902315299976e+00,-1.456453134450030051e-01,-7.523943661971831398e-01
-1.454289902315299976e+00,-1.456453134450030051e-01,-7.533802816901408184e-01
-1.454289902315299976e+00,-1.456453134450030051e-01,-7.543661971830986079e-01
-1.454289902315299976e+00,-1.456453134450030051e-01,-7.553521126760562865e-01
-1.454289902315299976e+00,-1.456453134450030051e-01,-7.563380281690140761e-01
-1.454289902315299976e+00,-1.456453134450030051e-01,-7.573239436619718656e-01
-1.454289902315299976e+00,-1.456453134450030051e-01,-7.583098591549295442e-01
-1.454289902315299976e+00,-1.456453134450030051e-01,-7.592957746478873338e-01
-1.454289902315299976e+00,-1.456453134450030051e-01,-7.602816901408451233e-01
-1.454289902315299976e+00,-1.456453134450030051e-01,-7.612676056338028019e-01
-1.454289902315299976e+00,-1.456453134450030051e-01,-7.622535211267605915e-01
-1.454289902315299976e+00,-1.456453134450030051e-01,-7.632394366197182700e-01
-1.454289902315299976e+00,-1.456453134450030051e-01,-7.642253521126760596e-01
-1.454289902315299976e+00,-1.456453134450030051e-01,-7.652112676056338492e-01
-1.454289902315299976e+00,-1.456453134450030051e-01,-7.661971830985915277e-01
-1.454289902315299976e+00,-1.456453134450030051e-01,-7.671830985915493173e-01
-1.454289902315299976e+00,-1.456453134450030051e-01,-7.681690140845071069e-01
-1.454289902315299976e+00,-1.456453134450030051e-01,-7.691549295774647854e-01
-1.454289902315299976e+00,-1.456453134450030051e-01,-7.701408450704225750e-01
-1.454289902315299976e+00,-1.456453134450030051e-01,-7.711267605633802535e-01
-1.454289902315299976e+00,-1.456453134450030051e-01,-7.721126760563380431e-01
-1.454289902315299976e+00,-1.456453134450030051e-01,-7.730985915492958327e-01
-1.454289902315299976e+00,-1.456453134450030051e-01,-7.740845070422535112e-01
-1.454289902315299976e+00,-1.456453134450030051e-01,-7.750704225352113008e-01
-1.454289902315299976e+00,-1.456453134450030051e-01,-7.760563380281690904e-01
-1.454289902315299976e+00,-1.456453134450030051e-01,-7.770422535211267689e-01
-1.454289902315299976e+00,-1.456453134450030051e-01,-7.780281690140845585e-01
-1.454289902315299976e+00,-1.456453134450030051e-01,-7.790140845070422371e-01
-1.454289902315299976e+00,-1.456453134450030051e-01,-7.800000000000000266e-01
-1.454289902315299976e+00,-1.456453134450030051e-01,-7.810000000000000275e-01
-1.454289902315299976e+00,-1.456453134450030051e-01,-7.820000000000000284e-01
-1.454289902315299976e+00,-1.456453134450030051e-01,-7.830000000000000293e-01
-1.454289902315299976e+00,-1.456453134450030051e-01,-7.840000000000000302e-01
-1.454289902315299976e+00,-1.456453134450030051e-01,-7.850000000000000311e-01
-1.454289902315299976e+00,-1.456453134450030051e-01,-7.860000000000000320e-01
-1.454289902315299976e+00,-1.456453134450030051e-01,-7.870000000000000329e-01
-1.454289902315299976e+00,-1.456453134450030051e-01,-7.880000000000000338e-01
-1.454289902315299976e+00,-1.456453134450030051e-01,-7.890000000000000346e-01
-1.454289902315299976e+00,-1.456453134450030051e-01,-7.900000000000000355e-01
-1.454289902315299976e+00,-1.456453134450030051e-01,-7.910000000000000364e-01
-1.454289902315299976e+00,-1.456453134450030051e-01,-7.920000000000000373e-01
-1.454289902315299976e+00,-1.456453134450030051e-01,-7.930000000000000382e-01
-1.454289902315299976e+00,-1.456453134450030051e-01,-7.940000000000000391e-01
-1.454289902315299976e+00,-1.456453134450030051e-01,-7.950000000000000400e-01
-1.454289902315299976e+00,-1.456453134450030051e-01,-7.960000000000000409e-01
-1.454289902315299976e+00,-1.456453134450030051e-01,-7.970000000000000417e-01
-1.454289902315299976e+00,-1.456453134450030051e-01,-7.980000000000000426e-01
-1.454289902315299976e+00,-1.456453134450030051e-01,-7.990000000000000435e-01
-1.454289902315299976e+00,-1.456453134450030051e-01,-8.000000000000000444e-01
-1.454289902315299976e+00,-1.456453134450030051e-01,-8.010000000000000453e-01
-1.454289902315299976e+00,-1.456453134450030051e-01,-8.020000000000000462e-01
-1.454289902315299976e+00,-1.456453134450030051e-01,-8.030000000000000471e-01
-1.454289902315299976e+00,-1.456453134450030051e-01,-8.040000000000000480e-01
-1.454289902315299976e+00,-1.456453134450030051e-01,-8.050000000000000488e-01
-1.454289902315299976e+00,-1.456453134450030051e-01,-8.060000000000000497e-01
-1.454289902315299976e+00,-1.456453134450030051e-01,-8.070000000000000506e-01
-1.454289902315299976e+00,-1.456453134450030051e-01,-8.080000000000000515e-01
-1.454289902315299976e+00,-1.456453134450030051e-01,-8.090000000000000524e-01
-1.454289902315299976e+00,-1.456453134450030051e-01,-8.100000000000000533e-01
-1.454289902315299976e+00,-1.456453134450030051e-01,-8.110000000000000542e-01
-1.454289902315299976e+00,-1.456453134450030051e-01,-8.120000000000000551e-01
-1.454289902315299976e+00,-1.456453134450030051e-01,-8.130000000000000560e-01
-1.454289902315299976e+00,-1.456453134450030051e-01,-8.140000000000000568e-01
-1.454289902315299976e+00,-1.456453134450030051e-01,-8.150000000000000577e-01
-1.454289902315299976e+00,-1.456453134450030051e-01,-8.160000000000000586e-01
-1.454289902315299976e+00,-1.456453134450030051e-01,-8.170000000000000595e-01
-1.454289902315299976e+00,-1.456453134450030051e-01,-8.180000000000000604e-01
-1.454289902315299976e+00,-1.456453134450030051e-01,-8.189999999999999503e-01
-1.454289902315299976e+00,-1.456453134450030051e-01,-8.200000000000000622e-01
-1.454289902315299976e+00,-1.456453134450030051e-01,-8.209999999999999520e-01
-1.454289902315299976e+00,-1.456453134450030051e-01,-8.220000000000000639e-01
-1.454289902315299976e+00,-1.456453134450030051e-01,-8.229999999999999538e-01
-1.454289902315299976e+00,-1.456453134450030051e-01,-8.239999999999999547e-01
-1.454289902315299976e+00,-1.456453134450030051e-01,-8.249999999999999556e-01
-1.454289902315299976e+00,-1.456453134450030051e-01,-8.259999999999999565e-01
-1.454289902315299976e+00,-1.456453134450030051e-01,-8.269999999999999574e-01
-1.454289902315299976e+00,-1.456453134450030051e-01,-8.279999999999999583e-01
-1.454289902315299976e+00,-1.456453134450030051e-01,-8.289999999999999591e-01
-1.454289902315299976e+00,-1.456453134450030051e-01,-8.299999999999999600e-01
-1.454289902315299976e+00,-1.456453134450030051e-01,-8.309999999999999609e-01
-1.454289902315299976e+00,-1.456453134450030051e-01,-8.319999999999999618e-01
-1.454289902315299976e+00,-1.456453134450030051e-01,-8.329999999999999627e-01
-1.454289902315299976e+00,-1.456453134450030051e-01,-8.339999999999999636e-01
-1.454289902315299976e+00,-1.456453134450030051e-01,-8.349999999999999645e-01
-1.454289902315299976e+00,-1.456453134450030051e-01,-8.359999999999999654e-01
-1.454289902315299976e+00,-1.456453134450030051e-01,-8.369999999999999662e-01
-1.454289902315299976e+00,-1.456453134450030051e-01,-8.379999999999999671e-01
-1.454289902315299976e+00,-1.456453134450030051e-01,-8.389999999999999680e-01
-1.454289902315299976e+00,-1.456453134450030051e-01,-8.399999999999999689e-01
-1.454289902315299976e+00,-1.456453134450030051e-01,-8.409999999999999698e-01
-1.454289902315299976e+00,-1.456453134450030051e-01,-8.419999999999999707e-01
-1.454289902315299976e+00,-1.456453134450030051e-01,-8.429999999999999716e-01
-1.454289902315299976e+00,-1.456453134450030051e-01,-8.439999999999999725e-01
-1.454289902315299976e+00,-1.456453134450030051e-01,-8.449999999999999734e-01
-1.454289902315299976e+00,-1.456453134450030051e-01,-8.459999999999999742e-01
-1.454289902315299976e+00,-1.456453134450030051e-01,-8.469999999999999751e-01
-1.454289902315299976e+00,-1.456453134450030051e-01,-8.479999999999999760e-01
-1.454289902315299976e+00,-1.456453134450030051e-01,-8.489999999999999769e-01
-1.454289902315299976e+00,-1.456453134450030051e-01,-8.499999999999999778e-01
-1.454289902315299976e+00,-1.456453134450030051e-01,-8.509999999999999787e-01
-1.454289902315299976e+00,-1.456453134450030051e-01,-8.519999999999999796e-01
-1.454289902315299976e+00,-1.456453134450030051e-01,-8.529999999999999805e-01
-1.454289902315299976e+00,-1.456453134450030051e-01,-8.539999999999999813e-01
-1.454289902315299976e+00,-1.456453134450030051e-01,-8.549999999999999822e-01
-1.454289902315299976e+00,-1.456453134450030051e-01,-8.559999999999999831e-01
-1.454289902315299976e+00,-1.456453134450030051e-01,-8.569999999999999840e-01
-1.454289902315299976e+00,-1.456453134450030051e-01,-8.579999999999999849e-01
-1.454289902315299976e+00,-1.456453134450030051e-01,-8.589999999999999858e-01
-1.454289902315299976e+00,-1.456453134450030051e-01,-8.599999999999999867e-01
-1.454289902315299976e+00,-1.456453134450030051e-01,-8.609999999999999876e-01
-1.454289902315299976e+00,-1.456453134450030051e-01,-8.619999999999999885e-01
-1.454289902315299976e+00,-1.456453134450030051e-01,-8.629999999999999893e-01
-1.454289902315299976e+00,-1.456453134450030051e-01,-8.639999999999999902e-01
-1.454289902315299976e+00,-1.456453134450030051e-01,-8.649999999999999911e-01
-1.454289902315299976e+00,-1.456453134450030051e-01,-8.659999999999999920e-01
-1.454289902315299976e+00,-1.456453134450030051e-01,-8.669999999999999929e-01
-1.454289902315299976e+00,-1.456453134450030051e-01,-8.679999999999999938e-01
-1.454289902315299976e+00,-1.456453134450030051e-01,-8.689999999999999947e-01
-1.454289902315299976e+00,-1.456453134450030051e-01,-8.699999999999999956e-01
-1.454289902315299976e+00,-1.456453134450030051e-01,-8.709999999999999964e-01
-1.454289902315299976e+00,-1.456453134450030051e-01,-8.719999999999999973e-01
-1.454289902315299976e+00,-1.456453134450030051e-01,-8.729999999999999982e-01
-1.454289902315299976e+00,-1.456453134450030051e-01,-8.739999999999999991e-01
-1.454289902315299976e+00,-1.456453134450030051e-01,-8.750000000000000000e-01
-1.454289902315299976e+00,-1.456453134450030051e-01,-8.760000000000000009e-01
-1.454289902315299976e+00,-1.456453134450030051e-01,-8.770000000000000018e-01
-1.454289902315299976e+00,-1.456453134450030051e-01,-8.780000000000000027e-01
-1.454289902315299976e+00,-1.456453134450030051e-01,-8.790000000000000036e-01
-1.454289902315299976e+00,-1.456453134450030051e-01,-8.800000000000000044e-01
-1.454289902315299976e+00,-1.456453134450030051e-01,-8.810000000000000053e-01
-1.454289902315299976e+00,-1.456453134450030051e-01,-8.820000000000000062e-01
-1.454289902315299976e+00,-1.456453134450030051e-01,-8.830000000000000071e-01
-1.454289902315299976e+00,-1.456453134450030051e-01,-8.840000000000000080e-01
-1.454289902315299976e+00,-1.456453134450030051e-01,-8.850000000000000089e-01
-1.454289902315299976e+00,-1.456453134450030051e-01,-8.860000000000000098e-01
-1.454289902315299976e+00,-1.456453134450030051e-01,-8.870000000000000107e-01
-1.454289902315299976e+00,-1.456453134450030051e-01,-8.880000000000000115e-01
-1.454289902315299976e+00,-1.456453134450030051e-01,-8.890000000000000124e-01
-1.454289902315299976e+00,-1.456453134450030051e-01,-8.900000000000000133e-01
-1.454289902315299976e+00,-1.456453134450030051e-01,-8.910000000000000142e-01
-1.454289902315299976e+00,-1.456453134450030051e-01,-8.920000000000000151e-01
-1.454289902315299976e+00,-1.456453134450030051e-01,-8.930000000000000160e-01
-1.454289902315299976e+00,-1.456453134450030051e-01,-8.940000000000000169e-01
-1.454289902315299976e+00,-1.456453134450030051e-01,-8.950000000000000178e-01
-1.454289902315299976e+00,-1.456453134450030051e-01,-8.960000000000000187e-01
-1.454289902315299976e+00,-1.456453134450030051e-01,-8.970000000000000195e-01
-1.454289902315299976e+00,-1.456453134450030051e-01,-8.980000000000000204e-01
-1.454289902315299976e+00,-1.456453134450030051e-01,-8.990000000000000213e-01
-1.454289902315299976e+00,-1.456453134450030051e-01,-9.000000000000000222e-01
-1.454289902315299976e+00,-1.456453134450030051e-01,-9.010000000000000231e-01
-1.454289902315299976e+00,-1.456453134450030051e-01,-9.020000000000000240e-01
-1.454289902315299976e+00,-1.456453134450030051e-01,-9.030000000000000249e-01
-1.454289902315299976e+00,-1.456453134450030051e-01,-9.040000000000000258e-01
-1.454289902315299976e+00,-1.456453134450030051e-01,-9.050000000000000266e-01
-1.454289902315299976e+00,-1.456453134450030051e-01,-9.060000000000000275e-01
-1.454289902315299976e+00,-1.456453134450030051e-01,-9.070000000000000284e-01
-1.454289902315299976e+00,-1.456453134450030051e-01,-9.080000000000000293e-01
-1.454289902315299976e+00,-1.456453134450030051e-01,-9.090000000000000302e-01
-1.454289902315299976e+00,-1.456453134450030051e-01,-9.099999999999999201e-01
-1.454289902315299976e+00,-1.456453134450030051e-01,-9.110000000000000320e-01
-1.454289902315299976e+00,-1.456453134450030051e-01,-9.119999999999999218e-01
-1.454289902315299976e+00,-1.456453134450030051e-01,-9.130000000000000338e-01
-1.454289902315299976e+00,-1.456453134450030051e-01,-9.139999999999999236e-01
-1.454289902315299976e+00,-1.456453134450030051e-01,-9.150000000000000355e-01
-1.454289902315299976e+00,-1.456453134450030051e-01,-9.159999999999999254e-01
-1.454289902315299976e+00,-1.456453134450030051e-01,-9.170000000000000373e-01
-1.454289902315299976e+00,-1.456453134450030051e-01,-9.179999999999999272e-01
-1.454289902315299976e+00,-1.456453134450030051e-01,-9.190000000000000391e-01
-1.454289902315299976e+00,-1.456453134450030051e-01,-9.199999999999999289e-01
-1.454289902315299976e+00,-1.456453134450030051e-01,-9.209999999999999298e-01
-1.454289902315299976e+00,-1.456453134450030051e-01,-9.219999999999999307e-01
-1.454289902315299976e+00,-1.456453134450030051e-01,-9.229999999999999316e-01
-1.454289902315299976e+00,-1.456453134450030051e-01,-9.239999999999999325e-01
-1.454289902315299976e+00,-1.456453134450030051e-01,-9.249999999999999334e-01
-1.454289902315299976e+00,-1.456453134450030051e-01,-9.259999999999999343e-01
-1.454289902315299976e+00,-1.456453134450030051e-01,-9.269999999999999352e-01
-1.454289902315299976e+00,-1.456453134450030051e-01,-9.279999999999999361e-01
-1.454289902315299976e+00,-1.456453134450030051e-01,-9.289999999999999369e-01
-1.454289902315299976e+00,-1.456453134450030051e-01,-9.299999999999999378e-01
-1.454289902315299976e+00,-1.456453134450030051e-01,-9.309999999999999387e-01
-1.454289902315299976e+00,-1.456453134450030051e-01,-9.319999999999999396e-01
-1.454289902315299976e+00,-1.456453134450030051e-01,-9.329999999999999405e-01
-1.454289902315299976e+00,-1.456453134450030051e-01,-9.339999999999999414e-01
-1.454289902315299976e+00,-1.456453134450030051e-01,-9.349999999999999423e-01
-1.454289902315299976e+00,-1.456453134450030051e-01,-9.359999999999999432e-01
-1.454289902315299976e+00,-1.456453134450030051e-01,-9.369999999999999440e-01
-1.454289902315299976e+00,-1.456453134450030051e-01,-9.379999999999999449e-01
-1.454289902315299976e+00,-1.456453134450030051e-01,-9.389999999999999458e-01
-1.454289902315299976e+00,-1.456453134450030051e-01,-9.399999999999999467e-01
-1.454289902315299976e+00,-1.456453134450030051e-01,-9.409999999999999476e-01
-1.454289902315299976e+00,-1.456453134450030051e-01,-9.419999999999999485e-01
-1.454289902315299976e+00,-1.456453134450030051e-01,-9.429999999999999494e-01
-1.454289902315299976e+00,-1.456453134450030051e-01,-9.439999999999999503e-01
-1.454289902315299976e+00,-1.456453134450030051e-01,-9.449999999999999512e-01
-1.454289902315299976e+00,-1.456453134450030051e-01,-9.459999999999999520e-01
-1.454289902315299976e+00,-1.456453134450030051e-01,-9.469999999999999529e-01
-1.454289902315299976e+00,-1.456453134450030051e-01,-9.479999999999999538e-01
-1.454289902315299976e+00,-1.456453134450030051e-01,-9.489999999999999547e-01
-1.454289902315299976e+00,-1.456453134450030051e-01,-9.499999999999999556e-01
-1.454289902315299976e+00,-1.456453134450030051e-01,-9.509999999999999565e-01
-1.454289902315299976e+00,-1.456453134450030051e-01,-9.519999999999999574e-01
-1.454289902315299976e+00,-1.456453134450030051e-01,-9.529999999999999583e-01
-1.454289902315299976e+00,-1.456453134450030051e-01,-9.539999999999999591e-01
-1.454289902315299976e+00,-1.456453134450030051e-01,-9.549999999999999600e-01
-1.454289902315299976e+00,-1.456453134450030051e-01,-9.559999999999999609e-01
-1.454289902315299976e+00,-1.456453134450030051e-01,-9.569999999999999618e-01
-1.454289902315299976e+00,-1.456453134450030051e-01,-9.579999999999999627e-01
-1.454289902315299976e+00,-1.456453134450030051e-01,-9.589999999999999636e-01
-1.454289902315299976e+00,-1.456453134450030051e-01,-9.599999999999999645e-01
-1.454289902315299976e+00,-1.456453134450030051e-01,-9.609999999999999654e-01
-1.454289902315299976e+00,-1.456453134450030051e-01,-9.619999999999999662e-01
-1.454289902315299976e+00,-1.456453134450030051e-01,-9.629999999999999671e-01
-1.454289902315299976e+00,-1.456453134450030051e-01,-9.639999999999999680e-01
-1.454289902315299976e+00,-1.456453134450030051e-01,-9.649999999999999689e-01
-1.454289902315299976e+00,-1.456453134450030051e-01,-9.659999999999999698e-01
-1.454289902315299976e+00,-1.456453134450030051e-01,-9.669999999999999707e-01
-1.454289902315299976e+00,-1.456453134450030051e-01,-9.679999999999999716e-01
-1.454289902315299976e+00,-1.456453134450030051e-01,-9.689999999999999725e-01
-1.454289902315299976e+00,-1.456453134450030051e-01,-9.699999999999999734e-01
-1.454289902315299976e+00,-1.456453134450030051e-01,-9.709900990099009643e-01
-1.454289902315299976e+00,-1.456453134450030051e-01,-9.719801980198019553e-01
-1.454289902315299976e+00,-1.456453134450030051e-01,-9.729702970297029463e-01
-1.454289902315299976e+00,-1.456453134450030051e-01,-9.739603960396039373e-01
-1.454289902315299976e+00,-1.456453134450030051e-01,-9.749504950495049282e-01
-1.454289902315299976e+00,-1.456453134450030051e-01,-9.759405940594059192e-01
-1.454289902315299976e+00,-1.456453134450030051e-01,-9.769306930693069102e-01
-1.454289902315299976e+00,-1.456453134450030051e-01,-9.779207920792079012e-01
-1.454289902315299976e+00,-1.456453134450030051e-01,-9.789108910891088922e-01
-1.454289902315299976e+00,-1.456453134450030051e-01,-9.799009900990098831e-01
-1.454289902315299976e+00,-1.456453134450030051e-01,-9.808910891089108741e-01
-1.454289902315299976e+00,-1.456453134450030051e-01,-9.818811881188118651e-01
-1.454289902315299976e+00,-1.456453134450030051e-01,-9.828712871287128561e-01
-1.454289902315299976e+00,-1.456453134450030051e-01,-9.838613861386138471e-01
-1.454289902315299976e+00,-1.456453134450030051e-01,-9.848514851485148380e-01
-1.454289902315299976e+00,-1.456453134450030051e-01,-9.858415841584158290e-01
-1.454289902315299976e+00,-1.456453134450030051e-01,-9.868316831683168200e-01
-1.454289902315299976e+00,-1.456453134450030051e-01,-9.878217821782178110e-01
-1.454289902315299976e+00,-1.456453134450030051e-01,-9.888118811881188019e-01
-1.454289902315299976e+00,-1.456453134450030051e-01,-9.898019801980197929e-01
-1.454289902315299976e+00,-1.456453134450030051e-01,-9.907920792079207839e-01
-1.454289902315299976e+00,-1.456453134450030051e-01,-9.917821782178217749e-01
-1.454289902315299976e+00,-1.456453134450030051e-01,-9.927722772277227659e-01
-1.454289902315299976e+00,-1.456453134450030051e-01,-9.937623762376237568e-01
-1.454289902315299976e+00,-1.456453134450030051e-01,-9.947524752475247478e-01
-1.454289902315299976e+00,-1.456453134450030051e-01,-9.957425742574257388e-01
-1.454289902315299976e+00,-1.456453134450030051e-01,-9.967326732673267298e-01
-1.454289902315299976e+00,-1.456453134450030051e-01,-9.977227722772277207e-01
-1.454289902315299976e+00,-1.456453134450030051e-01,-9.987128712871287117e-01
-1.454289902315299976e+00,-1.456453134450030051e-01,-9.997029702970297027e-01
-1.454289902315299976e+00,-1.456453134450030051e-01,-1.000693069306930694e+00
-1.454289902315299976e+00,-1.456453134450030051e-01,-1.001683168316831685e+00
-1.454289902315299976e+00,-1.456453134450030051e-01,-1.002673267326732676e+00
-1.454289902315299976e+00,-1.456453134450030051e-01,-1.003663366336633667e+00
-1.454289902315299976e+00,-1.456453134450030051e-01,-1.004653465346534658e+00
-1.454289902315299976e+00,-1.456453134450030051e-01,-1.005643564356435649e+00
-1.454289902315299976e+00,-1.456453134450030051e-01,-1.006633663366336640e+00
-1.454289902315299976e+00,-1.456453134450030051e-01,-1.007623762376237631e+00
-1.454289902315299976e+00,-1.456453134450030051e-01,-1.008613861386138622e+00
-1.454289902315299976e+00,-1.456453134450030051e-01,-1.009603960396039612e+00
-1.454289902315299976e+00,-1.456453134450030051e-01,-1.010594059405940603e+00
-1.454289902315299976e+00,-1.456453134450030051e-01,-1.011584158415841594e+00
-1.454289902315299976e+00,-1.456453134450030051e-01,-1.012574257425742585e+00
-1.454289902315299976e+00,-1.456453134450030051e-01,-1.013564356435643576e+00
-1.454289902315299976e+00,-1.456453134450030051e-01,-1.014554455445544567e+00
-1.454289902315299976e+00,-1.456453134450030051e-01,-1.015544554455445558e+00
-1.454289902315299976e+00,-1.456453134450030051e-01,-1.016534653465346549e+00
-1.454289902315299976e+00,-1.456453134450030051e-01,-1.017524752475247540e+00
-1.454289902315299976e+00,-1.456453134450030051e-01,-1.018514851485148531e+00
-1.454289902315299976e+00,-1.456453134450030051e-01,-1.019504950495049522e+00
-1.454289902315299976e+00,-1.456453134450030051e-01,-1.020495049504950513e+00
-1.454289902315299976e+00,-1.456453134450030051e-01,-1.021485148514851504e+00
-1.454289902315299976e+00,-1.456453134450030051e-01,-1.022475247524752495e+00
-1.454289902315299976e+00,-1.456453134450030051e-01,-1.023465346534653486e+00
-1.454289902315299976e+00,-1.456453134450030051e-01,-1.024455445544554477e+00
-1.454289902315299976e+00,-1.456453134450030051e-01,-1.025445544554455468e+00
-1.454289902315299976e+00,-1.456453134450030051e-01,-1.026435643564356459e+00
-1.454289902315299976e+00,-1.456453134450030051e-01,-1.027425742574257450e+00
-1.454289902315299976e+00,-1.456453134450030051e-01,-1.028415841584158441e+00
-1.454289902315299976e+00,-1.456453134450030051e-01,-1.029405940594059432e+00
-1.454289902315299976e+00,-1.456453134450030051e-01,-1.030396039603960423e+00
-1.454289902315299976e+00,-1.456453134450030051e-01,-1.031386138613861414e+00
-1.454289902315299976e+00,-1.456453134450030051e-01,-1.032376237623762405e+00
-1.454289902315299976e+00,-1.456453134450030051e-01,-1.033366336633663396e+00
-1.454289902315299976e+00,-1.456453134450030051e-01,-1.034356435643564387e+00
-1.454289902315299976e+00,-1.456453134450030051e-01,-1.035346534653465378e+00
-1.454289902315299976e+00,-1.456453134450030051e-01,-1.036336633663366369e+00
-1.454289902315299976e+00,-1.456453134450030051e-01,-1.037326732673267360e+00
-1.454289902315299976e+00,-1.456453134450030051e-01,-1.038316831683168351e+00
-1.454289902315299976e+00,-1.456453134450030051e-01,-1.039306930693069342e+00
-1.454289902315299976e+00,-1.456453134450030051e-01,-1.040297029702970333e+00
-1.454289902315299976e+00,-1.456453134450030051e-01,-1.041287128712871324e+00
-1.454289902315299976e+00,-1.456453134450030051e-01,-1.042277227722772315e+00
-1.454289902315299976e+00,-1.456453134450030051e-01,-1.043267326732673306e+00
-1.454289902315299976e+00,-1.456453134450030051e-01,-1.044257425742574297e+00
-1.454289902315299976e+00,-1.456453134450030051e-01,-1.045247524752475288e+00
-1.454289902315299976e+00,-1.456453134450030051e-01,-1.046237623762376279e+00
-1.454289902315299976e+00,-1.456453134450030051e-01,-1.047227722772277270e+00
-1.454289902315299976e+00,-1.456453134450030051e-01,-1.048217821782178261e+00
-1.454289902315299976e+00,-1.456453134450030051e-01,-1.049207920792079252e+00
-1.454289902315299976e+00,-1.456453134450030051e-01,-1.050198019801980243e+00
-1.454289902315299976e+00,-1.456453134450030051e-01,-1.051188118811881234e+00
-1.454289902315299976e+00,-1.456453134450030051e-01,-1.052178217821782225e+00
-1.454289902315299976e+00,-1.456453134450030051e-01,-1.053168316831683216e+00
-1.454289902315299976e+00,-1.456453134450030051e-01,-1.054158415841584207e+00
-1.454289902315299976e+00,-1.456453134450030051e-01,-1.055148514851485197e+00
-1.454289902315299976e+00,-1.456453134450030051e-01,-1.056138613861386188e+00
-1.454289902315299976e+00,-1.456453134450030051e-01,-1.057128712871287179e+00
-1.454289902315299976e+00,-1.456453134450030051e-01,-1.058118811881188170e+00
-1.454289902315299976e+00,-1.456453134450030051e-01,-1.059108910891089161e+00
-1.454289902315299976e+00,-1.456453134450030051e-01,-1.060099009900990152e+00
-1.454289902315299976e+00,-1.456453134450030051e-01,-1.061089108910891143e+00
-1.454289902315299976e+00,-1.456453134450030051e-01,-1.062079207920792134e+00
-1.454289902315299976e+00,-1.456453134450030051e-01,-1.063069306930693125e+00
-1.454289902315299976e+00,-1.456453134450030051e-01,-1.064059405940594116e+00
-1.454289902315299976e+00,-1.456453134450030051e-01,-1.065049504950495107e+00
-1.454289902315299976e+00,-1.456453134450030051e-01,-1.066039603960396098e+00
-1.454289902315299976e+00,-1.456453134450030051e-01,-1.067029702970297089e+00
-1.454289902315299976e+00,-1.456453134450030051e-01,-1.068019801980198080e+00
-1.454289902315299976e+00,-1.456453134450030051e-01,-1.069009900990099071e+00
-1.454289902315299976e+00,-1.456453134450030051e-01,-1.070000000000000062e+00
-1.454289902315299976e+00,-1.456453134450030051e-01,-1.070999999999999952e+00
-1.454289902315299976e+00,-1.456453134450030051e-01,-1.072000000000000064e+00
-1.454289902315299976e+00,-1.456453134450030051e-01,-1.072999999999999954e+00
-1.454289902315299976e+00,-1.456453134450030051e-01,-1.074000000000000066e+00
-1.454289902315299976e+00,-1.456453134450030051e-01,-1.074999999999999956e+00
-1.454289902315299976e+00,-1.456453134450030051e-01,-1.076000000000000068e+00
-1.454289902315299976e+00,-1.456453134450030051e-01,-1.076999999999999957e+00
-1.454289902315299976e+00,-1.456453134450030051e-01,-1.078000000000000069e+00
-1.454289902315299976e+00,-1.456453134450030051e-01,-1.078999999999999959e+00
-1.454289902315299976e+00,-1.456453134450030051e-01,-1.080000000000000071e+00
-1.454289902315299976e+00,-1.456453134450030051e-01,-1.080999999999999961e+00
-1.454289902315299976e+00,-1.456453134450030051e-01,-1.082000000000000073e+00
-1.454289902315299976e+00,-1.456453134450030051e-01,-1.082999999999999963e+00
-1.454289902315299976e+00,-1.456453134450030051e-01,-1.084000000000000075e+00
-1.454289902315299976e+00,-1.456453134450030051e-01,-1.084999999999999964e+00
-1.454289902315299976e+00,-1.456453134450030051e-01,-1.086000000000000076e+00
-1.454289902315299976e+00,-1.456453134450030051e-01,-1.086999999999999966e+00
-1.454289902315299976e+00,-1.456453134450030051e-01,-1.088000000000000078e+00
-1.454289902315299976e+00,-1.456453134450030051e-01,-1.088999999999999968e+00
-1.454289902315299976e+00,-1.456453134450030051e-01,-1.090000000000000080e+00
-1.454289902315299976e+00,-1.456453134450030051e-01,-1.090999999999999970e+00
-1.454289902315299976e+00,-1.456453134450030051e-01,-1.092000000000000082e+00
-1.454289902315299976e+00,-1.456453134450030051e-01,-1.092999999999999972e+00
-1.454289902315299976e+00,-1.456453134450030051e-01,-1.094000000000000083e+00
-1.454289902315299976e+00,-1.456453134450030051e-01,-1.094999999999999973e+00
-1.454289902315299976e+00,-1.456453134450030051e-01,-1.096000000000000085e+00
-1.454289902315299976e+00,-1.456453134450030051e-01,-1.096999999999999975e+00
-1.454289902315299976e+00,-1.456453134450030051e-01,-1.098000000000000087e+00
-1.454289902315299976e+00,-1.456453134450030051e-01,-1.098999999999999977e+00
-1.454289902315299976e+00,-1.456453134450030051e-01,-1.100000000000000089e+00
-1.454289902315299976e+00,-1.456453134450030051e-01,-1.100999999999999979e+00
-1.454289902315299976e+00,-1.456453134450030051e-01,-1.102000000000000091e+00
-1.454289902315299976e+00,-1.456453134450030051e-01,-1.102999999999999980e+00
-1.454289902315299976e+00,-1.456453134450030051e-01,-1.104000000000000092e+00
-1.454289902315299976e+00,-1.456453134450030051e-01,-1.104999999999999982e+00
-1.454289902315299976e+00,-1.456453134450030051e-01,-1.106000000000000094e+00
-1.454289902315299976e+00,-1.456453134450030051e-01,-1.106999999999999984e+00
-1.454289902315299976e+00,-1.456453134450030051e-01,-1.108000000000000096e+00
-1.454289902315299976e+00,-1.456453134450030051e-01,-1.108999999999999986e+00
-1.454289902315299976e+00,-1.456453134450030051e-01,-1.110000000000000098e+00
-1.454289902315299976e+00,-1.456453134450030051e-01,-1.110999999999999988e+00
-1.454289902315299976e+00,-1.456453134450030051e-01,-1.112000000000000099e+00
-1.454289902315299976e+00,-1.456453134450030051e-01,-1.112999999999999989e+00
-1.454289902315299976e+00,-1.456453134450030051e-01,-1.114000000000000101e+00
-1.454289902315299976e+00,-1.456453134450030051e-01,-1.114999999999999991e+00
-1.454289902315299976e+00,-1.456453134450030051e-01,-1.116000000000000103e+00
-1.454289902315299976e+00,-1.456453134450030051e-01,-1.116999999999999993e+00
-1.454289902315299976e+00,-1.456453134450030051e-01,-1.118000000000000105e+00
-1.454289902315299976e+00,-1.456453134450030051e-01,-1.118999999999999995e+00
-1.454289902315299976e+00,-1.456453134450030051e-01,-1.119999999999999885e+00
-1.454289902315299976e+00,-1.456453134450030051e-01,-1.120999999999999996e+00
-1.454289902315299976e+00,-1.456453134450030051e-01,-1.121999999999999886e+00
-1.454289902315299976e+00,-1.456453134450030051e-01,-1.122999999999999998e+00
-1.454289902315299976e+00,-1.456453134450030051e-01,-1.123999999999999888e+00
-1.454289902315299976e+00,-1.456453134450030051e-01,-1.125000000000000000e+00
-1.454289902315299976e+00,-1.456453134450030051e-01,-1.125999999999999890e+00
-1.454289902315299976e+00,-1.456453134450030051e-01,-1.127000000000000002e+00
-1.454289902315299976e+00,-1.456453134450030051e-01,-1.127999999999999892e+00
-1.454289902315299976e+00,-1.456453134450030051e-01,-1.129000000000000004e+00
-1.454289902315299976e+00,-1.456453134450030051e-01,-1.129999999999999893e+00
-1.454289902315299976e+00,-1.456453134450030051e-01,-1.131000000000000005e+00
-1.454289902315299976e+00,-1.456453134450030051e-01,-1.131999999999999895e+00
-1.454289902315299976e+00,-1.456453134450030051e-01,-1.133000000000000007e+00
-1.454289902315299976e+00,-1.456453134450030051e-01,-1.133999999999999897e+00
-1.454289902315299976e+00,-1.456453134450030051e-01,-1.135000000000000009e+00
-1.454289902315299976e+00,-1.456453134450030051e-01,-1.135999999999999899e+00
-1.454289902315299976e+00,-1.456453134450030051e-01,-1.137000000000000011e+00
-1.454289902315299976e+00,-1.456453134450030051e-01,-1.137999999999999901e+00
-1.454289902315299976e+00,-1.456453134450030051e-01,-1.139000000000000012e+00
-1.454289902315299976e+00,-1.456453134450030051e-01,-1.139999999999999902e+00
-1.454289902315299976e+00,-1.456453134450030051e-01,-1.141000000000000014e+00
-1.454289902315299976e+00,-1.456453134450030051e-01,-1.141999999999999904e+00
-1.454289902315299976e+00,-1.456453134450030051e-01,-1.143000000000000016e+00
-1.454289902315299976e+00,-1.456453134450030051e-01,-1.143999999999999906e+00
-1.454289902315299976e+00,-1.456453134450030051e-01,-1.145000000000000018e+00
-1.454289902315299976e+00,-1.456453134450030051e-01,-1.145999999999999908e+00
-1.454289902315299976e+00,-1.456453134450030051e-01,-1.147000000000000020e+00
-1.454289902315299976e+00,-1.456453134450030051e-01,-1.147999999999999909e+00
-1.454289902315299976e+00,-1.456453134450030051e-01,-1.149000000000000021e+00
-1.454289902315299976e+00,-1.456453134450030051e-01,-1.149999999999999911e+00
-1.454289902315299976e+00,-1.456453134450030051e-01,-1.151000000000000023e+00
-1.454289902315299976e+00,-1.456453134450030051e-01,-1.151999999999999913e+00
-1.454289902315299976e+00,-1.456453134450030051e-01,-1.153000000000000025e+00
-1.454289902315299976e+00,-1.456453134450030051e-01,-1.153999999999999915e+00
-1.454289902315299976e+00,-1.456453134450030051e-01,-1.155000000000000027e+00
-1.454289902315299976e+00,-1.456453134450030051e-01,-1.155999999999999917e+00
-1.454289902315299976e+00,-1.456453134450030051e-01,-1.157000000000000028e+00
-1.454289902315299976e+00,-1.456453134450030051e-01,-1.157999999999999918e+00
-1.454289902315299976e+00,-1.456453134450030051e-01,-1.159000000000000030e+00
-1.454289902315299976e+00,-1.456453134450030051e-01,-1.159999999999999920e+00
-1.454289902315299976e+00,-1.456453134450030051e-01,-1.161000000000000032e+00
-1.454289902315299976e+00,-1.456453134450030051e-01,-1.161999999999999922e+00
-1.454289902315299976e+00,-1.456453134450030051e-01,-1.163000000000000034e+00
-1.454289902315299976e+00,-1.456453134450030051e-01,-1.163999999999999924e+00
-1.454289902315299976e+00,-1.456453134450030051e-01,-1.165000000000000036e+00
-1.454289902315299976e+00,-1.456453134450030051e-01,-1.165999999999999925e+00
-1.454289902315299976e+00,-1.456453134450030051e-01,-1.166999999999999815e+00
-1.454289902315299976e+00,-1.456453134450030051e-01,-1.167999999999999927e+00
-1.454289902315299976e+00,-1.456453134450030051e-01,-1.169000000000000039e+00
-1.454289902315299976e+00,-1.456453134450030051e-01,-1.169999999999999929e+00
-1.454289902315299976e+00,-1.456453134450030051e-01,-1.170967741935483808e+00
-1.454289902315299976e+00,-1.456453134450030051e-01,-1.171935483870967687e+00
-1.454289902315299976e+00,-1.456453134450030051e-01,-1.172903225806451566e+00
-1.454289902315299976e+00,-1.456453134450030051e-01,-1.173870967741935445e+00
-1.454289902315299976e+00,-1.456453134450030051e-01,-1.174838709677419324e+00
-1.454289902315299976e+00,-1.456453134450030051e-01,-1.175806451612903203e+00
-1.454289902315299976e+00,-1.456453134450030051e-01,-1.176774193548387082e+00
-1.454289902315299976e+00,-1.456453134450030051e-01,-1.177741935483870961e+00
-1.454289902315299976e+00,-1.456453134450030051e-01,-1.178709677419354840e+00
-1.454289902315299976e+00,-1.456453134450030051e-01,-1.179677419354838719e+00
-1.454289902315299976e+00,-1.456453134450030051e-01,-1.180645161290322598e+00
-1.454289902315299976e+00,-1.456453134450030051e-01,-1.181612903225806477e+00
-1.454289902315299976e+00,-1.456453134450030051e-01,-1.182580645161290356e+00
-1.454289902315299976e+00,-1.456453134450030051e-01,-1.183548387096774235e+00
-1.454289902315299976e+00,-1.456453134450030051e-01,-1.184516129032258114e+00
-1.454289902315299976e+00,-1.456453134450030051e-01,-1.185483870967741771e+00
-1.454289902315299976e+00,-1.456453134450030051e-01,-1.186451612903225650e+00
-1.454289902315299976e+00,-1.456453134450030051e-01,-1.187419354838709529e+00
-1.454289902315299976e+00,-1.456453134450030051e-01,-1.188387096774193408e+00
-1.454289902315299976e+00,-1.456453134450030051e-01,-1.189354838709677287e+00
-1.454289902315299976e+00,-1.456453134450030051e-01,-1.190322580645161166e+00
-1.454289902315299976e+00,-1.456453134450030051e-01,-1.191290322580645045e+00
-1.454289902315299976e+00,-1.456453134450030051e-01,-1.192258064516128924e+00
-1.454289902315299976e+00,-1.456453134450030051e-01,-1.193225806451612803e+00
-1.454289902315299976e+00,-1.456453134450030051e-01,-1.194193548387096682e+00
-1.454289902315299976e+00,-1.456453134450030051e-01,-1.195161290322580561e+00
-1.454289902315299976e+00,-1.456453134450030051e-01,-1.196129032258064440e+00
-1.454289902315299976e+00,-1.456453134450030051e-01,-1.197096774193548319e+00
-1.454289902315299976e+00,-1.456453134450030051e-01,-1.198064516129032198e+00
-1.454289902315299976e+00,-1.456453134450030051e-01,-1.199032258064516077e+00
-1.454289902315299976e+00,-1.456453134450030051e-01,-1.199999999999999956e+00
-1.453296204539545888e+00,-1.455506463459813327e-01,-1.199999999999999956e+00
-1.452302506763791801e+00,-1.454559792469596602e-01,-1.199999999999999956e+00
-1.451308808988037491e+00,-1.453613121479379877e-01,-1.199999999999999956e+00
-1.450315111212283403e+00,-1.452666450489163152e-01,-1.199999999999999956e+00
-1.449321413436529316e+00,-1.451719779498946428e-01,-1.199999999999999956e+00
-1.448327715660775228e+00,-1.450773108508729703e-01,-1.199999999999999956e+00
-1.447334017885021140e+00,-1.449826437518512978e-01,-1.199999999999999956e+00
-1.446340320109266830e+00,-1.448879766528295976e-01,-1.199999999999999956e+00
-1.445346622333512743e+00,-1.447933095538079251e-01,-1.199999999999999956e+00
-1.444352924557758655e+00,-1.446986424547862526e-01,-1.199999999999999956e+00
-1.443359226782004567e+00,-1.446039753557645802e-01,-1.199999999999999956e+00
-1.442365529006250480e+00,-1.445093082567429077e-01,-1.199999999999999956e+00
-1.441371831230496170e+00,-1.444146411577212352e-01,-1.199999999999999956e+00
-1.440378133454742082e+00,-1.443199740586995627e-01,-1.199999999999999956e+00
-1.439384435678987995e+00,-1.442253069596778903e-01,-1.199999999999999956e+00
-1.438390737903233907e+00,-1.441306398606562178e-01,-1.199999999999999956e+00
-1.437397040127479819e+00,-1.440359727616345453e-01,-1.199999999999999956e+00
-1.436403342351725509e+00,-1.439413056626128729e-01,-1.199999999999999956e+00
-1.435409644575971422e+00,-1.438466385635912004e-01,-1.199999999999999956e+00
-1.434415946800217334e+00,-1.437519714645695279e-01,-1.199999999999999956e+00
-1.433422249024463246e+00,-1.436573043655478554e-01,-1.199999999999999956e+00
-1.432428551248709159e+00,-1.435626372665261830e-01,-1.199999999999999956e+00
-1.431434853472954849e+00,-1.434679701675045105e-01,-1.199999999999999956e+00
-1.430441155697200761e+00,-1.433733030684828103e-01,-1.199999999999999956e+00
-1.429447457921446674e+00,-1.432786359694611378e-01,-1.199999999999999956e+00
-1.428453760145692586e+00,-1.431839688704394653e-01,-1.199999999999999956e+00
-1.427460062369938498e+00,-1.430893017714177928e-01,-1.199999999999999956e+00
-1.426466364594184411e+00,-1.429946346723961204e-01,-1.199999999999999956e+00
-1.425472666818430101e+00,-1.428999675733744479e-01,-1.199999999999999956e+00
-1.424478969042676013e+00,-1.428053004743527754e-01,-1.199999999999999956e+00
-1.423485271266921925e+00,-1.427106333753311029e-01,-1.199999999999999956e+00
-1.422491573491167838e+00,-1.426159662763094305e-01,-1.199999999999999956e+00
-1.421497875715413750e+00,-1.425212991772877580e-01,-1.199999999999999956e+00
-1.420504177939659440e+00,-1.424266320782660855e-01,-1.199999999999999956e+00
-1.419510480163905353e+00,-1.423319649792444130e-01,-1.199999999999999956e+00
-1.418516782388151265e+00,-1.422372978802227406e-01,-1.199999999999999956e+00
-1.417523084612397177e+00,-1.421426307812010681e-01,-1.199999999999999956e+00
-1.416529386836643090e+00,-1.420479636821793956e-01,-1.199999999999999956e+00
-1.415535689060888780e+00,-1.419532965831576954e-01,-1.199999999999999956e+00
-1.414541991285134692e+00,-1.418586294841360229e-01,-1.199999999999999956e+00
-1.413548293509380605e+00,-1.417639623851143504e-01,-1.199999999999999956e+00
-1.412554595733626517e+00,-1.416692952860926780e-01,-1.199999999999999956e+00
-1.411560897957872429e+00,-1.415746281870710055e-01,-1.199999999999999956e+00
-1.410567200182118119e+00,-1.414799610880493330e-01,-1.199999999999999956e+00
-1.409573502406364032e+00,-1.413852939890276605e-01,-1.199999999999999956e+00
-1.408579804630609944e+00,-1.412906268900059881e-01,-1.199999999999999956e+00
-1.407586106854855634e+00,-1.411959597909843434e-01,-1.199999999999999956e+00
-1.406592409079101325e+00,-1.411012926919626709e-01,-1.199999999999999956e+00
-1.405598711303346793e+00,-1.410066255929410262e-01,-1.199999999999999956e+00
-1.404605013527592483e+00,-1.409119584939193814e-01,-1.199999999999999956e+00
-1.403611315751838173e+00,-1.408172913948977367e-01,-1.199999999999999956e+00
-1.402617617976083864e+00,-1.407226242958760642e-01,-1.199999999999999956e+00
-1.401623920200329554e+00,-1.406279571968544195e-01,-1.199999999999999956e+00
-1.400630222424575244e+00,-1.405332900978327748e-01,-1.199999999999999956e+00
-1.399636524648820712e+00,-1.404386229988111301e-01,-1.199999999999999956e+00
-1.398642826873066403e+00,-1.403439558997894576e-01,-1.199999999999999956e+00
-1.397649129097312093e+00,-1.402492888007678129e-01,-1.199999999999999956e+00
-1.396655431321557783e+00,-1.401546217017461682e-01,-1.199999999999999956e+00
-1.395661733545803473e+00,-1.400599546027245235e-01,-1.199999999999999956e+00
-1.394668035770049164e+00,-1.399652875037028510e-01,-1.199999999999999956e+00
-1.393674337994294632e+00,-1.398706204046812063e-01,-1.199999999999999956e+00
-1.392680640218540322e+00,-1.397759533056595616e-01,-1.199999999999999956e+00
-1.391686942442786012e+00,-1.396812862066379168e-01,-1.199999999999999956e+00
-1.390693244667031703e+00,-1.395866191076162444e-01,-1.199999999999999956e+00
-1.389699546891277393e+00,-1.394919520085945996e-01,-1.199999999999999956e+00
-1.388705849115523083e+00,-1.393972849095729549e-01,-1.199999999999999956e+00
-1.387712151339768551e+00,-1.393026178105513102e-01,-1.199999999999999956e+00
-1.386718453564014242e+00,-1.392079507115296377e-01,-1.199999999999999956e+00
-1.385724755788259932e+00,-1.391132836125079930e-01,-1.199999999999999956e+00
-1.384731058012505622e+00,-1.390186165134863483e-01,-1.199999999999999956e+00
-1.383737360236751313e+00,-1.389239494144646758e-01,-1.199999999999999956e+00
-1.382743662460996781e+00,-1.388292823154430311e-01,-1.199999999999999956e+00
-1.381749964685242471e+00,-1.387346152164213864e-01,-1.199999999999999956e+00
-1.380756266909488161e+00,-1.386399481173997417e-01,-1.199999999999999956e+00
-1.379762569133733852e+00,-1.385452810183780692e-01,-1.199999999999999956e+00
-1.378768871357979542e+00,-1.384506139193564245e-01,-1.199999999999999956e+00
-1.377775173582225232e+00,-1.383559468203347798e-01,-1.199999999999999956e+00
-1.376781475806470700e+00,-1.382612797213131350e-01,-1.199999999999999956e+00
-1.375787778030716391e+00,-1.381666126222914626e-01,-1.199999999999999956e+00
-1.374794080254962081e+00,-1.380719455232698178e-01,-1.199999999999999956e+00
-1.373800382479207771e+00,-1.379772784242481731e-01,-1.199999999999999956e+00
-1.372806684703453461e+00,-1.378826113252265284e-01,-1.199999999999999956e+00
-1.371812986927699152e+00,-1.377879442262048559e-01,-1.199999999999999956e+00
-1.370819289151944620e+00,-1.376932771271832112e-01,-1.199999999999999956e+00
-1.369825591376190310e+00,-1.375986100281615665e-01,-1.199999999999999956e+00
-1.368831893600436000e+00,-1.375039429291399218e-01,-1.199999999999999956e+00
-1.367838195824681691e+00,-1.374092758301182493e-01,-1.199999999999999956e+00
-1.366844498048927381e+00,-1.373146087310966046e-01,-1.199999999999999956e+00
-1.365850800273173071e+00,-1.372199416320749599e-01,-1.199999999999999956e+00
-1.364857102497418539e+00,-1.371252745330533152e-01,-1.199999999999999956e+00
-1.363863404721664230e+00,-1.370306074340316427e-01,-1.199999999999999956e+00
-1.362869706945909920e+00,-1.369359403350099980e-01,-1.199999999999999956e+00
-1.361876009170155610e+00,-1.368412732359883255e-01,-1.199999999999999956e+00
-1.360882311394401301e+00,-1.367466061369666530e-01,-1.199999999999999956e+00
-1.359888613618646769e+00,-1.366519390379449805e-01,-1.199999999999999956e+00
-1.358894915842892459e+00,-1.365572719389233081e-01,-1.199999999999999956e+00
-1.357901218067138149e+00,-1.364626048399016356e-01,-1.199999999999999956e+00
-1.356907520291383840e+00,-1.363679377408799631e-01,-1.199999999999999956e+00
-1.355913822515629530e+00,-1.362732706418582906e-01,-1.199999999999999956e+00
-1.354920124739875220e+00,-1.361786035428366182e-01,-1.199999999999999956e+00
-1.353926426964120688e+00,-1.360839364438149457e-01,-1.199999999999999956e+00
-1.352932729188366379e+00,-1.359892693447932732e-01,-1.199999999999999956e+00
-1.351939031412612069e+00,-1.358946022457716007e-01,-1.199999999999999956e+00
-1.350945333636857759e+00,-1.357999351467499005e-01,-1.199999999999999956e+00
-1.349951635861103449e+00,-1.357052680477282280e-01,-1.199999999999999956e+00
-1.348957938085349140e+00,-1.356106009487065556e-01,-1.199999999999999956e+00
-1.347964240309594608e+00,-1.355159338496848831e-01,-1.199999999999999956e+00
-1.346970542533840298e+00,-1.354212667506632106e-01,-1.199999999999999956e+00
-1.345976844758085988e+00,-1.353265996516415381e-01,-1.199999999999999956e+00
-1.344983146982331679e+00,-1.352319325526198657e-01,-1.199999999999999956e+00
-1.343989449206577369e+00,-1.351372654535981932e-01,-1.199999999999999956e+00
-1.342995751430823059e+00,-1.350425983545765207e-01,-1.199999999999999956e+00
-1.342002053655068528e+00,-1.349479312555548483e-01,-1.199999999999999956e+00
-1.341008355879314218e+00,-1.348532641565331758e-01,-1.199999999999999956e+00
-1.340014658103559908e+00,-1.347585970575115033e-01,-1.199999999999999956e+00
-1.339020960327805598e+00,-1.346639299584898308e-01,-1.199999999999999956e+00
-1.338027262552051289e+00,-1.345692628594681584e-01,-1.199999999999999956e+00
-1.337033564776296757e+00,-1.344745957604464859e-01,-1.199999999999999956e+00
-1.336039867000542447e+00,-1.343799286614248134e-01,-1.199999999999999956e+00
-1.335046169224788137e+00,-1.342852615624031409e-01,-1.199999999999999956e+00
-1.334052471449033828e+00,-1.341905944633814685e-01,-1.199999999999999956e+00
-1.333058773673279518e+00,-1.340959273643597960e-01,-1.199999999999999956e+00
-1.332065075897525208e+00,-1.340012602653381235e-01,-1.199999999999999956e+00
-1.331071378121770676e+00,-1.339065931663164510e-01,-1.199999999999999956e+00
-1.330077680346016367e+00,-1.338119260672947786e-01,-1.199999999999999956e+00
-1.329083982570262057e+00,-1.337172589682731061e-01,-1.199999999999999956e+00
-1.328090284794507747e+00,-1.336225918692514059e-01,-1.199999999999999956e+00
-1.327096587018753437e+00,-1.335279247702297334e-01,-1.199999999999999956e+00
-1.326102889242999128e+00,-1.334332576712080609e-01,-1.199999999999999956e+00
-1.325109191467244596e+00,-1.333385905721863884e-01,-1.199999999999999956e+00
-1.324115493691490286e+00,-1.332439234731647160e-01,-1.199999999999999956e+00
-1.323121795915735976e+00,-1.331492563741430435e-01,-1.199999999999999956e+00
-1.322128098139981667e+00,-1.330545892751213710e-01,-1.199999999999999956e+00
-1.321134400364227357e+00,-1.329599221760996985e-01,-1.199999999999999956e+00
-1.320140702588473047e+00,-1.328652550770780261e-01,-1.199999999999999956e+00
-1.319147004812718516e+00,-1.327705879780563536e-01,-1.199999999999999956e+00
-1.318153307036964206e+00,-1.326759208790346811e-01,-1.199999999999999956e+00
-1.317159609261209896e+00,-1.325812537800130086e-01,-1.199999999999999956e+00
-1.316165911485455808e+00,-1.324865866809913362e-01,-1.199999999999999956e+00
-1.315172213709701721e+00,-1.323919195819696637e-01,-1.199999999999999956e+00
-1.314178515933947411e+00,-1.322972524829479912e-01,-1.199999999999999956e+00
-1.313184818158193323e+00,-1.322025853839263188e-01,-1.199999999999999956e+00
-1.312191120382439236e+00,-1.321079182849046463e-01,-1.199999999999999956e+00
-1.311197422606685148e+00,-1.320132511858829738e-01,-1.199999999999999956e+00
-1.310203724830931060e+00,-1.319185840868613013e-01,-1.199999999999999956e+00
-1.309210027055176973e+00,-1.318239169878396011e-01,-1.199999999999999956e+00
-1.308216329279422663e+00,-1.317292498888179286e-01,-1.199999999999999956e+00
-1.307222631503668575e+00,-1.316345827897962562e-01,-1.199999999999999956e+00
-1.306228933727914487e+00,-1.315399156907745837e-01,-1.199999999999999956e+00
-1.305235235952160400e+00,-1.314452485917529112e-01,-1.199999999999999956e+00
-1.304241538176406312e+00,-1.313505814927312387e-01,-1.199999999999999956e+00
-1.303247840400652224e+00,-1.312559143937095663e-01,-1.199999999999999956e+00
-1.302254142624897915e+00,-1.311612472946878938e-01,-1.199999999999999956e+00
-1.301260444849143827e+00,-1.310665801956662213e-01,-1.199999999999999956e+00
-1.300266747073389739e+00,-1.309719130966445488e-01,-1.199999999999999956e+00
-1.299273049297635652e+00,-1.308772459976228764e-01,-1.199999999999999956e+00
-1.298279351521881564e+00,-1.307825788986012039e-01,-1.199999999999999956e+00
-1.297285653746127476e+00,-1.306879117995795314e-01,-1.199999999999999956e+00
-1.296291955970373166e+00,-1.305932447005578589e-01,-1.199999999999999956e+00
-1.295298258194619079e+00,-1.304985776015361865e-01,-1.199999999999999956e+00
-1.294304560418864991e+00,-1.304039105025144862e-01,-1.199999999999999956e+00
-1.293310862643110903e+00,-1.303092434034928138e-01,-1.199999999999999956e+00
-1.292317164867356816e+00,-1.302145763044711413e-01,-1.199999999999999956e+00
-1.291323467091602506e+00,-1.301199092054494688e-01,-1.199999999999999956e+00
-1.290329769315848418e+00,-1.300252421064277963e-01,-1.199999999999999956e+00
-1.289336071540094331e+00,-1.299305750074061239e-01,-1.199999999999999956e+00
-1.288342373764340243e+00,-1.298359079083844514e-01,-1.199999999999999956e+00
-1.287348675988586155e+00,-1.297412408093627789e-01,-1.199999999999999956e+00
-1.286354978212832068e+00,-1.296465737103411064e-01,-1.199999999999999956e+00
-1.285361280437077758e+00,-1.295519066113194340e-01,-1.199999999999999956e+00
-1.284367582661323670e+00,-1.294572395122977615e-01,-1.199999999999999956e+00
-1.283373884885569582e+00,-1.293625724132760890e-01,-1.199999999999999956e+00
-1.282380187109815495e+00,-1.292679053142544165e-01,-1.199999999999999956e+00
-1.281386489334061407e+00,-1.291732382152327441e-01,-1.199999999999999956e+00
-1.280392791558307319e+00,-1.290785711162110716e-01,-1.199999999999999956e+00
-1.279399093782553010e+00,-1.289839040171893991e-01,-1.199999999999999956e+00
-1.278405396006798922e+00,-1.288892369181676989e-01,-1.199999999999999956e+00
-1.277411698231044834e+00,-1.287945698191460264e-01,-1.199999999999999956e+00
-1.276418000455290747e+00,-1.286999027201243539e-01,-1.199999999999999956e+00
-1.275424302679536659e+00,-1.286052356211026815e-01,-1.199999999999999956e+00
-1.274430604903782571e+00,-1.285105685220810090e-01,-1.199999999999999956e+00
-1.273436907128028261e+00,-1.284159014230593365e-01,-1.199999999999999956e+00
-1.272443209352274174e+00,-1.283212343240376641e-01,-1.199999999999999956e+00
-1.271449511576520086e+00,-1.282265672250159916e-01,-1.199999999999999956e+00
-1.270455813800765776e+00,-1.281319001259943191e-01,-1.199999999999999956e+00
-1.269462116025011467e+00,-1.280372330269726466e-01,-1.199999999999999956e+00
-1.268468418249256935e+00,-1.279425659279509742e-01,-1.199999999999999956e+00
-1.267474720473502625e+00,-1.278478988289293017e-01,-1.199999999999999956e+00
-1.266481022697748315e+00,-1.277532317299076292e-01,-1.199999999999999956e+00
-1.265487324921994006e+00,-1.276585646308859567e-01,-1.199999999999999956e+00
-1.264493627146239696e+00,-1.275638975318642843e-01,-1.199999999999999956e+00
-1.263499929370485386e+00,-1.274692304328426118e-01,-1.199999999999999956e+00
-1.262506231594730854e+00,-1.273745633338209393e-01,-1.199999999999999956e+00
-1.261512533818976545e+00,-1.272798962347992668e-01,-1.199999999999999956e+00
-1.260518836043222235e+00,-1.271852291357775944e-01,-1.199999999999999956e+00
-1.259525138267467925e+00,-1.270905620367558941e-01,-1.199999999999999956e+00
-1.258531440491713616e+00,-1.269958949377342217e-01,-1.199999999999999956e+00
-1.257537742715959306e+00,-1.269012278387125492e-01,-1.199999999999999956e+00
-1.256544044940204774e+00,-1.268065607396908767e-01,-1.199999999999999956e+00
-1.255550347164450464e+00,-1.267118936406692042e-01,-1.199999999999999956e+00
-1.254556649388696155e+00,-1.266172265416475318e-01,-1.199999999999999956e+00
-1.253562951612941845e+00,-1.265225594426258593e-01,-1.199999999999999956e+00
-1.252569253837187535e+00,-1.264278923436041868e-01,-1.199999999999999956e+00
-1.251575556061433225e+00,-1.263332252445825143e-01,-1.199999999999999956e+00
-1.250581858285678694e+00,-1.262385581455608419e-01,-1.199999999999999956e+00
-1.249588160509924384e+00,-1.261438910465391694e-01,-1.199999999999999956e+00
-1.248594462734170074e+00,-1.260492239475174969e-01,-1.199999999999999956e+00
-1.247600764958415764e+00,-1.259545568484958245e-01,-1.199999999999999956e+00
-1.246607067182661455e+00,-1.258598897494741520e-01,-1.199999999999999956e+00
-1.245613369406906923e+00,-1.257652226504524795e-01,-1.199999999999999956e+00
-1.244619671631152613e+00,-1.256705555514308070e-01,-1.199999999999999956e+00
-1.243625973855398303e+00,-1.255758884524091346e-01,-1.199999999999999956e+00
-1.242632276079643994e+00,-1.254812213533874621e-01,-1.199999999999999956e+00
-1.241638578303889684e+00,-1.253865542543657896e-01,-1.199999999999999956e+00
-1.240644880528135374e+00,-1.252918871553441171e-01,-1.199999999999999956e+00
-1.239651182752380842e+00,-1.251972200563224447e-01,-1.199999999999999956e+00
-1.238657484976626533e+00,-1.251025529573007722e-01,-1.199999999999999956e+00
-1.237663787200872223e+00,-1.250078858582790997e-01,-1.199999999999999956e+00
-1.236670089425117913e+00,-1.249132187592574134e-01,-1.199999999999999956e+00
-1.235676391649363604e+00,-1.248185516602357409e-01,-1.199999999999999956e+00
-1.234682693873609294e+00,-1.247238845612140684e-01,-1.199999999999999956e+00
-1.233688996097854762e+00,-1.246292174621923959e-01,-1.199999999999999956e+00
-1.232695298322100452e+00,-1.245345503631707235e-01,-1.199999999999999956e+00
-1.231701600546346143e+00,-1.244398832641490510e-01,-1.199999999999999956e+00
-1.230707902770591833e+00,-1.243452161651273646e-01,-1.199999999999999956e+00
-1.229714204994837523e+00,-1.242505490661056922e-01,-1.199999999999999956e+00
-1.228720507219083213e+00,-1.241558819670840197e-01,-1.199999999999999956e+00
-1.227726809443328682e+00,-1.240612148680623472e-01,-1.199999999999999956e+00
-1.226733111667574372e+00,-1.239665477690406747e-01,-1.199999999999999956e+00
-1.225739413891820062e+00,-1.238718806700190023e-01,-1.199999999999999956e+00
-1.224745716116065752e+00,-1.237772135709973437e-01,-1.199999999999999956e+00
-1.223752018340311443e+00,-1.236825464719756990e-01,-1.199999999999999956e+00
-1.222758320564556911e+00,-1.235878793729540404e-01,-1.199999999999999956e+00
-1.221764622788802601e+00,-1.234932122739323956e-01,-1.199999999999999956e+00
-1.220770925013048291e+00,-1.233985451749107370e-01,-1.199999999999999956e+00
-1.219777227237293982e+00,-1.233038780758890923e-01,-1.199999999999999956e+00
-1.218783529461539672e+00,-1.232092109768674337e-01,-1.199999999999999956e+00
-1.217789831685785362e+00,-1.231145438778457890e-01,-1.199999999999999956e+00
-1.216796133910030830e+00,-1.230198767788241304e-01,-1.199999999999999956e+00
-1.215802436134276521e+00,-1.229252096798024857e-01,-1.199999999999999956e+00
-1.214808738358522211e+00,-1.228305425807808271e-01,-1.199999999999999956e+00
-1.213815040582767901e+00,-1.227358754817591685e-01,-1.199999999999999956e+00
-1.212821342807013592e+00,-1.226412083827375238e-01,-1.199999999999999956e+00
-1.211827645031259282e+00,-1.225465412837158652e-01,-1.199999999999999956e+00
-1.210833947255504750e+00,-1.224518741846942205e-01,-1.199999999999999956e+00
-1.209840249479750440e+00,-1.223572070856725619e-01,-1.199999999999999956e+00
-1.208846551703996131e+00,-1.222625399866509172e-01,-1.199999999999999956e+00
-1.207852853928241821e+00,-1.221678728876292586e-01,-1.199999999999999956e+00
-1.206859156152487511e+00,-1.220732057886076138e-01,-1.199999999999999956e+00
-1.205865458376733201e+00,-1.219785386895859552e-01,-1.199999999999999956e+00
-1.204871760600978670e+00,-1.218838715905643105e-01,-1.199999999999999956e+00
-1.203878062825224360e+00,-1.217892044915426519e-01,-1.199999999999999956e+00
-1.202884365049470050e+00,-1.216945373925210072e-01,-1.199999999999999956e+00
-1.201890667273715740e+00,-1.215998702934993486e-01,-1.199999999999999956e+00
-1.200896969497961431e+00,-1.215052031944776900e-01,-1.199999999999999956e+00
-1.199903271722206899e+00,-1.214105360954560453e-01,-1.199999999999999956e+00
-1.198909573946452589e+00,-1.213158689964343867e-01,-1.199999999999999956e+00
-1.197915876170698279e+00,-1.212212018974127420e-01,-1.199999999999999956e+00
-1.196922178394943970e+00,-1.211265347983910834e-01,-1.199999999999999956e+00
-1.195928480619189660e+00,-1.210318676993694387e-01,-1.199999999999999956e+00
-1.194934782843435350e+00,-1.209372006003477801e-01,-1.199999999999999956e+00
-1.193941085067680818e+00,-1.208425335013261354e-01,-1.199999999999999956e+00
-1.192947387291926509e+00,-1.207478664023044768e-01,-1.199999999999999956e+00
-1.191953689516172199e+00,-1.206531993032828320e-01,-1.199999999999999956e+00
-1.190959991740417889e+00,-1.205585322042611734e-01,-1.199999999999999956e+00
-1.189966293964663580e+00,-1.204638651052395149e-01,-1.199999999999999956e+00
-1.188972596188909270e+00,-1.203691980062178701e-01,-1.199999999999999956e+00
-1.187978898413154738e+00,-1.202745309071962115e-01,-1.199999999999999956e+00
-1.186985200637400428e+00,-1.201798638081745668e-01,-1.199999999999999956e+00
-1.185991502861646119e+00,-1.200851967091529082e-01,-1.199999999999999956e+00
-1.184997805085891809e+00,-1.199905296101312635e-01,-1.199999999999999956e+00
-1.184004107310137499e+00,-1.198958625111096049e-01,-1.199999999999999956e+00
-1.183010409534383189e+00,-1.198011954120879602e-01,-1.199999999999999956e+00
-1.182016711758628658e+00,-1.197065283130663016e-01,-1.199999999999999956e+00
-1.181023013982874348e+00,-1.196118612140446569e-01,-1.199999999999999956e+00
-1.180029316207120038e+00,-1.195171941150229983e-01,-1.199999999999999956e+00
-1.179035618431365950e+00,-1.194225270160013258e-01,-1.199999999999999956e+00
-1.178041920655611863e+00,-1.193278599169796533e-01,-1.199999999999999956e+00
-1.177048222879857553e+00,-1.192331928179579809e-01,-1.199999999999999956e+00
-1.176054525104103465e+00,-1.191385257189363084e-01,-1.199999999999999956e+00
-1.175060827328349378e+00,-1.190438586199146220e-01,-1.199999999999999956e+00
-1.174067129552595290e+00,-1.189491915208929496e-01,-1.199999999999999956e+00
-1.173073431776841202e+00,-1.188545244218712771e-01,-1.199999999999999956e+00
-1.172079734001086893e+00,-1.187598573228496046e-01,-1.199999999999999956e+00
-1.171086036225332805e+00,-1.186651902238279321e-01,-1.199999999999999956e+00
-1.170092338449578717e+00,-1.185705231248062597e-01,-1.199999999999999956e+00
-1.169098640673824629e+00,-1.184758560257845872e-01,-1.199999999999999956e+00
-1.168104942898070542e+00,-1.183811889267629147e-01,-1.199999999999999956e+00
-1.167111245122316232e+00,-1.182865218277412422e-01,-1.199999999999999956e+00
-1.166117547346562144e+00,-1.181918547287195559e-01,-1.199999999999999956e+00
-1.165123849570808057e+00,-1.180971876296978834e-01,-1.199999999999999956e+00
-1.164130151795053969e+00,-1.180025205306762109e-01,-1.199999999999999956e+00
-1.163136454019299881e+00,-1.179078534316545385e-01,-1.199999999999999956e+00
-1.162142756243545572e+00,-1.178131863326328660e-01,-1.199999999999999956e+00
-1.161149058467791484e+00,-1.177185192336111935e-01,-1.199999999999999956e+00
-1.160155360692037396e+00,-1.176238521345895210e-01,-1.199999999999999956e+00
-1.159161662916283309e+00,-1.175291850355678486e-01,-1.199999999999999956e+00
-1.158167965140529221e+00,-1.174345179365461761e-01,-1.199999999999999956e+00
-1.157174267364775133e+00,-1.173398508375244897e-01,-1.199999999999999956e+00
-1.156180569589020823e+00,-1.172451837385028173e-01,-1.199999999999999956e+00
-1.155186871813266736e+00,-1.171505166394811448e-01,-1.199999999999999956e+00
-1.154193174037512648e+00,-1.170558495404594723e-01,-1.199999999999999956e+00
-1.153199476261758560e+00,-1.169611824414377999e-01,-1.199999999999999956e+00
-1.152205778486004473e+00,-1.168665153424161274e-01,-1.199999999999999956e+00
-1.151212080710250163e+00,-1.167718482433944549e-01,-1.199999999999999956e+00
-1.150218382934496075e+00,-1.166771811443727824e-01,-1.199999999999999956e+00
-1.149224685158741988e+00,-1.165825140453511100e-01,-1.199999999999999956e+00
-1.148230987382987900e+00,-1.164878469463294375e-01,-1.199999999999999956e+00
-1.147237289607233812e+00,-1.163931798473077511e-01,-1.199999999999999956e+00
-1.146243591831479502e+00,-1.162985127482860787e-01,-1.199999999999999956e+00
-1.145249894055725415e+00,-1.162038456492644062e-01,-1.199999999999999956e+00
-1.144256196279971327e+00,-1.161091785502427337e-01,-1.199999999999999956e+00
-1.143262498504217239e+00,-1.160145114512210612e-01,-1.199999999999999956e+00
-1.142268800728463152e+00,-1.159198443521993888e-01,-1.199999999999999956e+00
-1.141275102952708842e+00,-1.158251772531777163e-01,-1.199999999999999956e+00
-1.140281405176954754e+00,-1.157305101541560438e-01,-1.199999999999999956e+00
-1.139287707401200667e+00,-1.156358430551343713e-01,-1.199999999999999956e+00
-1.138294009625446579e+00,-1.155411759561126850e-01,-1.199999999999999956e+00
-1.137300311849692491e+00,-1.154465088570910125e-01,-1.199999999999999956e+00
-1.136306614073938182e+00,-1.153518417580693400e-01,-1.199999999999999956e+00
-1.135312916298184094e+00,-1.152571746590476676e-01,-1.199999999999999956e+00
-1.134319218522430006e+00,-1.151625075600259951e-01,-1.199999999999999956e+00
-1.133325520746675696e+00,-1.150678404610043226e-01,-1.199999999999999956e+00
-1.132331822970921387e+00,-1.149731733619826501e-01,-1.199999999999999956e+00
-1.131338125195166855e+00,-1.148785062629609777e-01,-1.199999999999999956e+00
-1.130344427419412545e+00,-1.147838391639393052e-01,-1.199999999999999956e+00
-1.129350729643658235e+00,-1.146891720649176327e-01,-1.199999999999999956e+00
-1.128357031867903926e+00,-1.145945049658959464e-01,-1.199999999999999956e+00
-1.127363334092149616e+00,-1.144998378668742739e-01,-1.199999999999999956e+00
-1.126369636316395306e+00,-1.144051707678526014e-01,-1.199999999999999956e+00
-1.125375938540640774e+00,-1.143105036688309289e-01,-1.199999999999999956e+00
-1.124382240764886465e+00,-1.142158365698092565e-01,-1.199999999999999956e+00
-1.123388542989132155e+00,-1.141211694707875840e-01,-1.199999999999999956e+00
-1.122394845213377845e+00,-1.140265023717659115e-01,-1.199999999999999956e+00
-1.121401147437623536e+00,-1.139318352727442391e-01,-1.199999999999999956e+00
-1.120407449661869226e+00,-1.138371681737225666e-01,-1.199999999999999956e+00
-1.119413751886114694e+00,-1.137425010747008941e-01,-1.199999999999999956e+00
-1.118420054110360384e+00,-1.136478339756792216e-01,-1.199999999999999956e+00
-1.117426356334606075e+00,-1.135531668766575492e-01,-1.199999999999999956e+00
-1.116432658558851765e+00,-1.134584997776358628e-01,-1.199999999999999956e+00
-1.115438960783097455e+00,-1.133638326786141903e-01,-1.199999999999999956e+00
-1.114445263007343145e+00,-1.132691655795925179e-01,-1.199999999999999956e+00
-1.113451565231588614e+00,-1.131744984805708454e-01,-1.199999999999999956e+00
-1.112457867455834304e+00,-1.130798313815491729e-01,-1.199999999999999956e+00
-1.111464169680079994e+00,-1.129851642825275004e-01,-1.199999999999999956e+00
-1.110470471904325684e+00,-1.128904971835058280e-01,-1.199999999999999956e+00
-1.109476774128571375e+00,-1.127958300844841555e-01,-1.199999999999999956e+00
-1.108483076352816843e+00,-1.127011629854624830e-01,-1.199999999999999956e+00
-1.107489378577062533e+00,-1.126064958864408105e-01,-1.199999999999999956e+00
-1.106495680801308223e+00,-1.125118287874191381e-01,-1.199999999999999956e+00
-1.105501983025553914e+00,-1.124171616883974517e-01,-1.199999999999999956e+00
-1.104508285249799604e+00,-1.123224945893757792e-01,-1.199999999999999956e+00
-1.103514587474045294e+00,-1.122278274903541068e-01,-1.199999999999999956e+00
-1.102520889698290762e+00,-1.121331603913324343e-01,-1.199999999999999956e+00
-1.101527191922536453e+00,-1.120384932923107618e-01,-1.199999999999999956e+00
-1.100533494146782143e+00,-1.119438261932890893e-01,-1.199999999999999956e+00
-1.099539796371027833e+00,-1.118491590942674169e-01,-1.199999999999999956e+00
-1.098546098595273524e+00,-1.117544919952457444e-01,-1.199999999999999956e+00
-1.097552400819519214e+00,-1.116598248962240719e-01,-1.199999999999999956e+00
-1.096558703043764682e+00,-1.115651577972023994e-01,-1.199999999999999956e+00
-1.095565005268010372e+00,-1.114704906981807270e-01,-1.199999999999999956e+00
-1.094571307492256063e+00,-1.113758235991590545e-01,-1.199999999999999956e+00
-1.093577609716501753e+00,-1.112811565001373681e-01,-1.199999999999999956e+00
-1.092583911940747443e+00,-1.111864894011156957e-01,-1.199999999999999956e+00
-1.091590214164993133e+00,-1.110918223020940232e-01,-1.199999999999999956e+00
-1.090596516389238602e+00,-1.109971552030723507e-01,-1.199999999999999956e+00
-1.089602818613484292e+00,-1.109024881040506783e-01,-1.199999999999999956e+00
-1.088609120837729982e+00,-1.108078210050290058e-01,-1.199999999999999956e+00
-1.087616597399460483e+00,-1.108294926362528854e-01,-1.199999999999999956e+00
-1.086624073961191206e+00,-1.108511642674767511e-01,-1.199999999999999956e+00
-1.085631550522921707e+00,-1.108728358987006307e-01,-1.199999999999999956e+00
-1.084639027084652207e+00,-1.108945075299244964e-01,-1.199999999999999956e+00
-1.083646503646382708e+00,-1.109161791611483761e-01,-1.199999999999999956e+00
-1.082653980208113431e+00,-1.109378507923722418e-01,-1.199999999999999956e+00
-1.081661456769843932e+00,-1.109595224235961214e-01,-1.199999999999999956e+00
-1.080668933331574433e+00,-1.109811940548199871e-01,-1.199999999999999956e+00
-1.079676409893305156e+00,-1.110028656860438667e-01,-1.199999999999999956e+00
-1.078683886455035656e+00,-1.110245373172677325e-01,-1.199999999999999956e+00
-1.077691363016766157e+00,-1.110462089484916121e-01,-1.199999999999999956e+00
-1.076698839578496658e+00,-1.110678805797154778e-01,-1.199999999999999956e+00
-1.075706316140227381e+00,-1.110895522109393574e-01,-1.199999999999999956e+00
-1.074713792701957882e+00,-1.111112238421632231e-01,-1.199999999999999956e+00
-1.073721269263688383e+00,-1.111328954733871027e-01,-1.199999999999999956e+00
-1.072728745825418883e+00,-1.111545671046109823e-01,-1.199999999999999956e+00
-1.071736222387149606e+00,-1.111762387358348481e-01,-1.199999999999999956e+00
-1.070743698948880107e+00,-1.111979103670587277e-01,-1.199999999999999956e+00
-1.069751175510610608e+00,-1.112195819982825934e-01,-1.199999999999999956e+00
-1.068758652072341331e+00,-1.112412536295064730e-01,-1.199999999999999956e+00
-1.067766128634071832e+00,-1.112629252607303387e-01,-1.199999999999999956e+00
-1.066773605195802332e+00,-1.112845968919542183e-01,-1.199999999999999956e+00
-1.065781081757532833e+00,-1.113062685231780841e-01,-1.199999999999999956e+00
-1.064788558319263556e+00,-1.113279401544019637e-01,-1.199999999999999956e+00
-1.063796034880994057e+00,-1.113496117856258294e-01,-1.199999999999999956e+00
-1.062803511442724558e+00,-1.113712834168497090e-01,-1.199999999999999956e+00
-1.061810988004455281e+00,-1.113929550480735747e-01,-1.199999999999999956e+00
-1.060818464566185781e+00,-1.114146266792974543e-01,-1.199999999999999956e+00
-1.059825941127916282e+00,-1.114362983105213339e-01,-1.199999999999999956e+00
-1.058833417689646783e+00,-1.114579699417451997e-01,-1.199999999999999956e+00
-1.057840894251377506e+00,-1.114796415729690793e-01,-1.199999999999999956e+00
-1.056848370813108007e+00,-1.115013132041929450e-01,-1.199999999999999956e+00
-1.055855847374838508e+00,-1.115229848354168246e-01,-1.199999999999999956e+00
-1.054863323936569230e+00,-1.115446564666406903e-01,-1.199999999999999956e+00
-1.053870800498299731e+00,-1.115663280978645699e-01,-1.199999999999999956e+00
-1.052878277060030232e+00,-1.115879997290884357e-01,-1.199999999999999956e+00
-1.051885753621760733e+00,-1.116096713603123153e-01,-1.199999999999999956e+00
-1.050893230183491456e+00,-1.116313429915361810e-01,-1.199999999999999956e+00
-1.049900706745221957e+00,-1.116530146227600606e-01,-1.199999999999999956e+00
-1.048908183306952457e+00,-1.116746862539839263e-01,-1.199999999999999956e+00
-1.047915659868683180e+00,-1.116963578852078059e-01,-1.199999999999999956e+00
-1.046923136430413681e+00,-1.117180295164316717e-01,-1.199999999999999956e+00
-1.045930612992144182e+00,-1.117397011476555513e-01,-1.199999999999999956e+00
-1.044938089553874683e+00,-1.117613727788794309e-01,-1.199999999999999956e+00
-1.043945566115605406e+00,-1.117830444101032966e-01,-1.199999999999999956e+00
-1.042953042677335906e+00,-1.118047160413271762e-01,-1.199999999999999956e+00
-1.041960519239066407e+00,-1.118263876725510420e-01,-1.199999999999999956e+00
-1.040967995800797130e+00,-1.118480593037749216e-01,-1.199999999999999956e+00
-1.039975472362527631e+00,-1.118697309349987873e-01,-1.199999999999999956e+00
-1.038982948924258132e+00,-1.118914025662226669e-01,-1.199999999999999956e+00
-1.037990425485988633e+00,-1.119130741974465326e-01,-1.199999999999999956e+00
-1.036997902047719355e+00,-1.119347458286704122e-01,-1.199999999999999956e+00
-1.036005378609449856e+00,-1.119564174598942780e-01,-1.199999999999999956e+00
-1.035012855171180357e+00,-1.119780890911181576e-01,-1.199999999999999956e+00
-1.034020331732910858e+00,-1.119997607223420233e-01,-1.199999999999999956e+00
-1.033027808294641581e+00,-1.120214323535659029e-01,-1.199999999999999956e+00
-1.032035284856372082e+00,-1.120431039847897825e-01,-1.199999999999999956e+00
-1.031042761418102582e+00,-1.120647756160136482e-01,-1.199999999999999956e+00
-1.030050237979833305e+00,-1.120864472472375278e-01,-1.199999999999999956e+00
-1.029057714541563806e+00,-1.121081188784613936e-01,-1.199999999999999956e+00
-1.028065191103294307e+00,-1.121297905096852732e-01,-1.199999999999999956e+00
-1.027072667665024808e+00,-1.121514621409091389e-01,-1.199999999999999956e+00
-1.026080144226755531e+00,-1.121731337721330185e-01,-1.199999999999999956e+00
-1.025087620788486031e+00,-1.121948054033568842e-01,-1.199999999999999956e+00
-1.024095097350216532e+00,-1.122164770345807638e-01,-1.199999999999999956e+00
-1.023102573911947255e+00,-1.122381486658046296e-01,-1.199999999999999956e+00
-1.022110050473677756e+00,-1.122598202970285092e-01,-1.199999999999999956e+00
-1.021117527035408257e+00,-1.122814919282523749e-01,-1.199999999999999956e+00
-1.020125003597138758e+00,-1.123031635594762545e-01,-1.199999999999999956e+00
-1.019132480158869480e+00,-1.123248351907001202e-01,-1.199999999999999956e+00
-1.018139956720599981e+00,-1.123465068219239998e-01,-1.199999999999999956e+00
-1.017158761333874617e+00,-1.124324244167621278e-01,-1.199999999999999956e+00
-1.016177565947149031e+00,-1.125183420116002558e-01,-1.199999999999999956e+00
-1.015196370560423667e+00,-1.126042596064383977e-01,-1.199999999999999956e+00
-1.014215175173698302e+00,-1.126901772012765257e-01,-1.199999999999999956e+00
-1.013233979786972716e+00,-1.127760947961146537e-01,-1.199999999999999956e+00
-1.012252784400247352e+00,-1.128620123909527817e-01,-1.199999999999999956e+00
-1.011271589013521988e+00,-1.129479299857909097e-01,-1.199999999999999956e+00
-1.010290393626796401e+00,-1.130338475806290377e-01,-1.199999999999999956e+00
-1.009309198240071037e+00,-1.131197651754671796e-01,-1.199999999999999956e+00
-1.008328002853345673e+00,-1.132056827703053076e-01,-1.199999999999999956e+00
-1.007346807466620309e+00,-1.132916003651434356e-01,-1.199999999999999956e+00
-1.006365612079894722e+00,-1.133775179599815636e-01,-1.199999999999999956e+00
-1.005384416693169358e+00,-1.134634355548196916e-01,-1.199999999999999956e+00
-1.004403221306443994e+00,-1.135493531496578196e-01,-1.199999999999999956e+00
-1.003422025919718408e+00,-1.136352707444959614e-01,-1.199999999999999956e+00
-1.002440830532993044e+00,-1.137211883393340894e-01,-1.199999999999999956e+00
-1.001459635146267679e+00,-1.138071059341722174e-01,-1.199999999999999956e+00
-1.000478439759542093e+00,-1.138930235290103454e-01,-1.199999999999999956e+00
-9.994972443728167288e-01,-1.139789411238484734e-01,-1.199999999999999956e+00
-9.985160489860912536e-01,-1.140648587186866014e-01,-1.199999999999999956e+00
-9.975348535993658894e-01,-1.141507763135247433e-01,-1.199999999999999956e+00
-9.965536582126404141e-01,-1.142366939083628713e-01,-1.199999999999999956e+00
-9.955724628259149389e-01,-1.143226115032009993e-01,-1.199999999999999956e+00
-9.945912674391895747e-01,-1.144085290980391273e-01,-1.199999999999999956e+00
-9.936100720524640995e-01,-1.144944466928772553e-01,-1.199999999999999956e+00
-9.926288766657387352e-01,-1.145803642877153972e-01,-1.199999999999999956e+00
-9.916476812790132600e-01,-1.146662818825535252e-01,-1.199999999999999956e+00
-9.906664858922877848e-01,-1.147521994773916532e-01,-1.199999999999999956e+00
-9.896852905055624205e-01,-1.148381170722297812e-01,-1.199999999999999956e+00
-9.887040951188369453e-01,-1.149240346670679092e-01,-1.199999999999999956e+00
-9.877228997321114701e-01,-1.150099522619060372e-01,-1.199999999999999956e+00
-9.867417043453861059e-01,-1.150958698567441790e-01,-1.199999999999999956e+00
-9.857605089586606306e-01,-1.151817874515823070e-01,-1.199999999999999956e+00
-9.847793135719352664e-01,-1.152677050464204350e-01,-1.199999999999999956e+00
-9.837981181852097912e-01,-1.153536226412585630e-01,-1.199999999999999956e+00
-9.828169227984843159e-01,-1.154395402360966910e-01,-1.199999999999999956e+00
-9.818357274117589517e-01,-1.155254578309348190e-01,-1.199999999999999956e+00
-9.808545320250334765e-01,-1.156113754257729609e-01,-1.199999999999999956e+00
-9.798733366383080012e-01,-1.156972930206110889e-01,-1.199999999999999956e+00
-9.788921412515826370e-01,-1.157832106154492169e-01,-1.199999999999999956e+00
-9.779109458648571618e-01,-1.158691282102873449e-01,-1.199999999999999956e+00
-9.769297504781317976e-01,-1.159550458051254729e-01,-1.199999999999999956e+00
-9.759485550914063223e-01,-1.160409633999636009e-01,-1.199999999999999956e+00
-9.749673597046808471e-01,-1.161268809948017428e-01,-1.199999999999999956e+00
-9.739861643179554829e-01,-1.162127985896398707e-01,-1.199999999999999956e+00
-9.730049689312300076e-01,-1.162987161844779987e-01,-1.199999999999999956e+00
-9.720237735445045324e-01,-1.163846337793161545e-01,-1.199999999999999956e+00
-9.710425781577791682e-01,-1.164705513741542964e-01,-1.199999999999999956e+00
-9.700613827710536929e-01,-1.165564689689924521e-01,-1.199999999999999956e+00
-9.690801873843282177e-01,-1.166423865638306079e-01,-1.199999999999999956e+00
-9.680989919976028535e-01,-1.167283041586687636e-01,-1.199999999999999956e+00
-9.671177966108773782e-01,-1.168142217535069055e-01,-1.199999999999999956e+00
-9.661366012241520140e-01,-1.169001393483450613e-01,-1.199999999999999956e+00
-9.651554058374265388e-01,-1.169860569431832170e-01,-1.199999999999999956e+00
-9.641742104507010636e-01,-1.170719745380213728e-01,-1.199999999999999956e+00
-9.631930150639756993e-01,-1.171578921328595146e-01,-1.199999999999999956e+00
-9.622118196772502241e-01,-1.172438097276976704e-01,-1.199999999999999956e+00
-9.612306242905247489e-01,-1.173297273225358262e-01,-1.199999999999999956e+00
-9.602494289037993846e-01,-1.174156449173739819e-01,-1.199999999999999956e+00
-9.592682335170739094e-01,-1.175015625122121238e-01,-1.199999999999999956e+00
-9.582870381303485452e-01,-1.175874801070502795e-01,-1.199999999999999956e+00
-9.573058427436230700e-01,-1.176733977018884353e-01,-1.199999999999999956e+00
-9.563246473568975947e-01,-1.177593152967265910e-01,-1.199999999999999956e+00
-9.553434519701722305e-01,-1.178452328915647329e-01,-1.199999999999999956e+00
-9.543622565834467553e-01,-1.179311504864028887e-01,-1.199999999999999956e+00
-9.533810611967212800e-01,-1.180170680812410444e-01,-1.199999999999999956e+00
-9.523998658099959158e-01,-1.181029856760792002e-01,-1.199999999999999956e+00
-9.514186704232704406e-01,-1.181889032709173420e-01,-1.199999999999999956e+00
-9.504374750365449653e-01,-1.182748208657554978e-01,-1.199999999999999956e+00
-9.494562796498196011e-01,-1.183607384605936536e-01,-1.199999999999999956e+00
-9.484750842630941259e-01,-1.184466560554317954e-01,-1.199999999999999956e+00
-9.474938888763687617e-01,-1.185325736502699512e-01,-1.199999999999999956e+00
-9.465126934896432864e-01,-1.186184912451081069e-01,-1.199999999999999956e+00
-9.455314981029178112e-01,-1.187044088399462627e-01,-1.199999999999999956e+00
-9.445503027161924470e-01,-1.187903264347844046e-01,-1.199999999999999956e+00
-9.435691073294669717e-01,-1.188762440296225603e-01,-1.199999999999999956e+00
-9.425879119427414965e-01,-1.189621616244607161e-01,-1.199999999999999956e+00
-9.416067165560161323e-01,-1.190480792192988718e-01,-1.199999999999999956e+00
-9.406255211692906570e-01,-1.191339968141370137e-01,-1.199999999999999956e+00
-9.396443257825652928e-01,-1.192199144089751695e-01,-1.199999999999999956e+00
-9.386631303958398176e-01,-1.193058320038133252e-01,-1.199999999999999956e+00
-9.376819350091143423e-01,-1.193917495986514810e-01,-1.199999999999999956e+00
-9.367007396223889781e-01,-1.194776671934896228e-01,-1.199999999999999956e+00
-9.357195442356635029e-01,-1.195635847883277786e-01,-1.199999999999999956e+00
-9.347383488489380277e-01,-1.196495023831659343e-01,-1.199999999999999956e+00
-9.337571534622126634e-01,-1.197354199780040901e-01,-1.199999999999999956e+00
-9.327759580754871882e-01,-1.198213375728422320e-01,-1.199999999999999956e+00
-9.317947626887617130e-01,-1.199072551676803877e-01,-1.199999999999999956e+00
-9.308135673020363487e-01,-1.199931727625185435e-01,-1.199999999999999956e+00
-9.298323719153108735e-01,-1.200790903573566992e-01,-1.199999999999999956e+00
-9.288511765285855093e-01,-1.201650079521948411e-01,-1.199999999999999956e+00
-9.278699811418600341e-01,-1.202509255470329969e-01,-1.199999999999999956e+00
-9.268887857551345588e-01,-1.203368431418711526e-01,-1.199999999999999956e+00
-9.259075903684091946e-01,-1.204227607367092945e-01,-1.199999999999999956e+00
-9.249263949816837194e-01,-1.205086783315474502e-01,-1.199999999999999956e+00
-9.239451995949582441e-01,-1.205945959263856060e-01,-1.199999999999999956e+00
-9.229640042082328799e-01,-1.206805135212237617e-01,-1.199999999999999956e+00
-9.219828088215074047e-01,-1.207664311160619036e-01,-1.199999999999999956e+00
-9.210016134347819294e-01,-1.208523487109000594e-01,-1.199999999999999956e+00
-9.200204180480565652e-01,-1.209382663057382151e-01,-1.199999999999999956e+00
-9.190392226613310900e-01,-1.210241839005763709e-01,-1.199999999999999956e+00
-9.180580272746056147e-01,-1.211101014954145128e-01,-1.199999999999999956e+00
-9.170768318878802505e-01,-1.211960190902526685e-01,-1.199999999999999956e+00
-9.160956365011547753e-01,-1.212819366850908243e-01,-1.199999999999999956e+00
-9.151144411144294111e-01,-1.213678542799289800e-01,-1.199999999999999956e+00
-9.141332457277039358e-01,-1.214537718747671219e-01,-1.199999999999999956e+00
-9.131520503409784606e-01,-1.215396894696052776e-01,-1.199999999999999956e+00
-9.121708549542530964e-01,-1.216256070644434334e-01,-1.199999999999999956e+00
-9.111896595675276211e-01,-1.217115246592815891e-01,-1.199999999999999956e+00
-9.102084641808021459e-01,-1.217974422541197310e-01,-1.199999999999999956e+00
-9.092272687940767817e-01,-1.218833598489578868e-01,-1.199999999999999956e+00
-9.082460734073513065e-01,-1.219692774437960425e-01,-1.199999999999999956e+00
-9.072648780206258312e-01,-1.220551950386341983e-01,-1.199999999999999956e+00
-9.062836826339004670e-01,-1.221411126334723402e-01,-1.199999999999999956e+00
-9.053024872471749918e-01,-1.222270302283104959e-01,-1.199999999999999956e+00
-9.043212918604495165e-01,-1.223129478231486517e-01,-1.199999999999999956e+00
-9.033400964737241523e-01,-1.223988654179867935e-01,-1.199999999999999956e+00
-9.023589010869986771e-01,-1.224847830128249493e-01,-1.199999999999999956e+00
-9.013777057002732018e-01,-1.225707006076631050e-01,-1.199999999999999956e+00
-9.003965103135478376e-01,-1.226566182025012608e-01,-1.199999999999999956e+00
-8.994153149268223624e-01,-1.227425357973394027e-01,-1.199999999999999956e+00
-8.984341195400968871e-01,-1.228284533921775584e-01,-1.199999999999999956e+00
-8.974529241533715229e-01,-1.229143709870157142e-01,-1.199999999999999956e+00
-8.964717287666460477e-01,-1.230002885818538699e-01,-1.199999999999999956e+00
-8.954905333799205724e-01,-1.230862061766920118e-01,-1.199999999999999956e+00
-8.945093379931952082e-01,-1.231721237715301676e-01,-1.199999999999999956e+00
-8.935281426064697330e-01,-1.232580413663683233e-01,-1.199999999999999956e+00
-8.925469472197442578e-01,-1.233439589612064791e-01,-1.199999999999999956e+00
-8.915657518330188935e-01,-1.234298765560446209e-01,-1.199999999999999956e+00
-8.905845564462934183e-01,-1.235157941508827767e-01,-1.199999999999999956e+00
-8.896033610595680541e-01,-1.236017117457209324e-01,-1.199999999999999956e+00
-8.886221656728425788e-01,-1.236876293405590882e-01,-1.199999999999999956e+00
-8.876409702861171036e-01,-1.237735469353972301e-01,-1.199999999999999956e+00
-8.866597748993917394e-01,-1.238594645302353858e-01,-1.199999999999999956e+00
-8.856785795126662642e-01,-1.239453821250735416e-01,-1.199999999999999956e+00
-8.846973841259407889e-01,-1.240312997199116973e-01,-1.199999999999999956e+00
-8.837161887392154247e-01,-1.241172173147498392e-01,-1.199999999999999956e+00
-8.827349933524899495e-01,-1.242031349095879950e-01,-1.199999999999999956e+00
-8.817358142977302915e-01,-1.241871369036988693e-01,-1.199999999999999956e+00
-8.807366352429707446e-01,-1.241711388978097574e-01,-1.199999999999999956e+00
-8.797374561882110866e-01,-1.241551408919206317e-01,-1.199999999999999956e+00
-8.787382771334514286e-01,-1.241391428860315199e-01,-1.199999999999999956e+00
-8.777390980786917707e-01,-1.241231448801423942e-01,-1.199999999999999956e+00
-8.767399190239322238e-01,-1.241071468742532685e-01,-1.199999999999999956e+00
-8.757407399691725658e-01,-1.240911488683641567e-01,-1.199999999999999956e+00
-8.747415609144129078e-01,-1.240751508624750310e-01,-1.199999999999999956e+00
-8.737423818596533609e-01,-1.240591528565859053e-01,-1.199999999999999956e+00
-8.727432028048937029e-01,-1.240431548506967935e-01,-1.199999999999999956e+00
-8.717440237501340450e-01,-1.240271568448076678e-01,-1.199999999999999956e+00
-8.707448446953743870e-01,-1.240111588389185560e-01,-1.199999999999999956e+00
-8.697456656406148401e-01,-1.239951608330294303e-01,-1.199999999999999956e+00
-8.687464865858551821e-01,-1.239791628271403046e-01,-1.199999999999999956e+00
-8.677473075310955242e-01,-1.239631648212511927e-01,-1.199999999999999956e+00
-8.667481284763359772e-01,-1.239471668153620670e-01,-1.199999999999999956e+00
-8.657489494215763193e-01,-1.239311688094729552e-01,-1.199999999999999956e+00
-8.647497703668166613e-01,-1.239151708035838295e-01,-1.199999999999999956e+00
-8.637505913120571144e-01,-1.238991727976947038e-01,-1.199999999999999956e+00
-8.627514122572974564e-01,-1.238831747918055920e-01,-1.199999999999999956e+00
-8.617522332025377985e-01,-1.238671767859164663e-01,-1.199999999999999956e+00
-8.607530541477781405e-01,-1.238511787800273406e-01,-1.199999999999999956e+00
-8.597538750930185936e-01,-1.238351807741382288e-01,-1.199999999999999956e+00
-8.587546960382589356e-01,-1.238191827682491031e-01,-1.199999999999999956e+00
-8.577555169834992777e-01,-1.238031847623599913e-01,-1.199999999999999956e+00
-8.567563379287397307e-01,-1.237871867564708656e-01,-1.199999999999999956e+00
-8.557571588739800728e-01,-1.237711887505817399e-01,-1.199999999999999956e+00
-8.547579798192204148e-01,-1.237551907446926280e-01,-1.199999999999999956e+00
-8.537588007644607568e-01,-1.237391927388035023e-01,-1.199999999999999956e+00
-8.527596217097012099e-01,-1.237231947329143905e-01,-1.199999999999999956e+00
-8.517604426549415519e-01,-1.237071967270252648e-01,-1.199999999999999956e+00
-8.507612636001818940e-01,-1.236911987211361391e-01,-1.199999999999999956e+00
-8.497620845454223470e-01,-1.236752007152470273e-01,-1.199999999999999956e+00
-8.487629054906626891e-01,-1.236592027093579016e-01,-1.199999999999999956e+00
-8.477637264359030311e-01,-1.236432047034687759e-01,-1.199999999999999956e+00
-8.467645473811433732e-01,-1.236272066975796641e-01,-1.199999999999999956e+00
-8.457653683263838262e-01,-1.236112086916905384e-01,-1.199999999999999956e+00
-8.447661892716241683e-01,-1.235952106858014266e-01,-1.199999999999999956e+00
-8.437670102168645103e-01,-1.235792126799123009e-01,-1.199999999999999956e+00
-8.427678311621049634e-01,-1.235632146740231752e-01,-1.199999999999999956e+00
-8.417686521073453054e-01,-1.235472166681340633e-01,-1.199999999999999956e+00
-8.407694730525856475e-01,-1.235312186622449376e-01,-1.199999999999999956e+00
-8.397702939978259895e-01,-1.235152206563558258e-01,-1.199999999999999956e+00
-8.387711149430664426e-01,-1.234992226504667001e-01,-1.199999999999999956e+00
-8.377719358883067846e-01,-1.234832246445775744e-01,-1.199999999999999956e+00
-8.367727568335471267e-01,-1.234672266386884626e-01,-1.199999999999999956e+00
-8.357735777787875797e-01,-1.234512286327993369e-01,-1.199999999999999956e+00
-8.347743987240279218e-01,-1.234352306269102251e-01,-1.199999999999999956e+00
-8.337752196692682638e-01,-1.234192326210210994e-01,-1.199999999999999956e+00
-8.327760406145086058e-01,-1.234032346151319737e-01,-1.199999999999999956e+00
-8.317768615597490589e-01,-1.233872366092428619e-01,-1.199999999999999956e+00
-8.307776825049894009e-01,-1.233712386033537362e-01,-1.199999999999999956e+00
-8.297785034502297430e-01,-1.233552405974646105e-01,-1.199999999999999956e+00
-8.287793243954701961e-01,-1.233392425915754986e-01,-1.199999999999999956e+00
-8.277801453407105381e-01,-1.233232445856863729e-01,-1.199999999999999956e+00
-8.267809662859508801e-01,-1.233072465797972611e-01,-1.199999999999999956e+00
-8.257817872311912222e-01,-1.232912485739081354e-01,-1.199999999999999956e+00
-8.247826081764316752e-01,-1.232752505680190097e-01,-1.199999999999999956e+00
-8.237834291216720173e-01,-1.232592525621298979e-01,-1.199999999999999956e+00
-8.227842500669123593e-01,-1.232432545562407722e-01,-1.199999999999999956e+00
-8.217850710121528124e-01,-1.232272565503516604e-01,-1.199999999999999956e+00
-8.207858919573931544e-01,-1.232112585444625347e-01,-1.199999999999999956e+00
-8.197867129026334965e-01,-1.231952605385734090e-01,-1.199999999999999956e+00
-8.187875338478738385e-01,-1.231792625326842971e-01,-1.199999999999999956e+00
-8.177883547931142916e-01,-1.231632645267951714e-01,-1.199999999999999956e+00
-8.167891757383546336e-01,-1.231472665209060458e-01,-1.199999999999999956e+00
-8.157899966835949757e-01,-1.231312685150169339e-01,-1.199999999999999956e+00
-8.147908176288354287e-01,-1.231152705091278082e-01,-1.199999999999999956e+00
-8.137916385740757708e-01,-1.230992725032386964e-01,-1.199999999999999956e+00
-8.127924595193161128e-01,-1.230832744973495707e-01,-1.199999999999999956e+00
-8.117932804645564548e-01,-1.230672764914604450e-01,-1.199999999999999956e+00
-8.107941014097969079e-01,-1.230512784855713332e-01,-1.199999999999999956e+00
-8.097949223550372500e-01,-1.230352804796822075e-01,-1.199999999999999956e+00
-8.087957433002775920e-01,-1.230192824737930957e-01,-1.199999999999999956e+00
-8.077965642455180451e-01,-1.230032844679039700e-01,-1.199999999999999956e+00
-8.067973851907583871e-01,-1.229872864620148443e-01,-1.199999999999999956e+00
-8.057982061359987291e-01,-1.229712884561257324e-01,-1.199999999999999956e+00
-8.047990270812390712e-01,-1.229552904502366067e-01,-1.199999999999999956e+00
-8.037998480264795242e-01,-1.229392924443474810e-01,-1.199999999999999956e+00
-8.028006689717198663e-01,-1.229232944384583692e-01,-1.199999999999999956e+00
-8.018014899169602083e-01,-1.229072964325692435e-01,-1.199999999999999956e+00
-8.008023108622006614e-01,-1.228912984266801317e-01,-1.199999999999999956e+00
-7.998031318074410034e-01,-1.228753004207910060e-01,-1.199999999999999956e+00
-7.988255061026799941e-01,-1.227700232817963005e-01,-1.199999999999999956e+00
-7.978478803979189848e-01,-1.226647461428015812e-01,-1.199999999999999956e+00
-7.968702546931579755e-01,-1.225594690038068757e-01,-1.199999999999999956e+00
-7.958926289883969662e-01,-1.224541918648121563e-01,-1.199999999999999956e+00
-7.949150032836359570e-01,-1.223489147258174509e-01,-1.199999999999999956e+00
-7.939373775788750587e-01,-1.222436375868227315e-01,-1.199999999999999956e+00
-7.929597518741140494e-01,-1.221383604478280260e-01,-1.199999999999999956e+00
-7.919821261693530401e-01,-1.220330833088333206e-01,-1.199999999999999956e+00
-7.910045004645920308e-01,-1.219278061698386012e-01,-1.199999999999999956e+00
-7.900268747598310215e-01,-1.218225290308438957e-01,-1.199999999999999956e+00
-7.890492490550700122e-01,-1.217172518918491764e-01,-1.199999999999999956e+00
-7.880716233503090029e-01,-1.216119747528544709e-01,-1.199999999999999956e+00
-7.870939976455479936e-01,-1.215066976138597654e-01,-1.199999999999999956e+00
-7.861163719407869843e-01,-1.214014204748650461e-01,-1.199999999999999956e+00
-7.851387462360259750e-01,-1.212961433358703406e-01,-1.199999999999999956e+00
-7.841611205312649657e-01,-1.211908661968756212e-01,-1.199999999999999956e+00
-7.831834948265039564e-01,-1.210855890578809158e-01,-1.199999999999999956e+00
-7.822058691217430582e-01,-1.209803119188861964e-01,-1.199999999999999956e+00
-7.812282434169820489e-01,-1.208750347798914909e-01,-1.199999999999999956e+00
-7.802506177122210396e-01,-1.207697576408967854e-01,-1.199999999999999956e+00
-7.792729920074600303e-01,-1.206644805019020661e-01,-1.199999999999999956e+00
-7.782953663026990210e-01,-1.205592033629073606e-01,-1.199999999999999956e+00
-7.773177405979380117e-01,-1.204539262239126413e-01,-1.199999999999999956e+00
-7.763401148931770024e-01,-1.203486490849179358e-01,-1.199999999999999956e+00
-7.753624891884159931e-01,-1.202433719459232164e-01,-1.199999999999999956e+00
-7.743848634836549838e-01,-1.201380948069285109e-01,-1.199999999999999956e+00
-7.734072377788939745e-01,-1.200328176679338055e-01,-1.199999999999999956e+00
-7.724296120741329652e-01,-1.199275405289390861e-01,-1.199999999999999956e+00
-7.714519863693720669e-01,-1.198222633899443806e-01,-1.199999999999999956e+00
-7.704743606646110576e-01,-1.197169862509496613e-01,-1.199999999999999956e+00
-7.694967349598500483e-01,-1.196117091119549558e-01,-1.199999999999999956e+00
-7.685191092550890390e-01,-1.195064319729602365e-01,-1.199999999999999956e+00
-7.675414835503280298e-01,-1.194011548339655310e-01,-1.199999999999999956e+00
-7.665638578455670205e-01,-1.192958776949708255e-01,-1.199999999999999956e+00
-7.655862321408060112e-01,-1.191906005559761061e-01,-1.199999999999999956e+00
-7.646086064360450019e-01,-1.190853234169814007e-01,-1.199999999999999956e+00
-7.636309807312839926e-01,-1.189800462779866813e-01,-1.199999999999999956e+00
-7.626533550265229833e-01,-1.188747691389919758e-01,-1.199999999999999956e+00
-7.616757293217619740e-01,-1.187694919999972704e-01,-1.199999999999999956e+00
-7.606981036170010757e-01,-1.186642148610025510e-01,-1.199999999999999956e+00
-7.597204779122400664e-01,-1.185589377220078455e-01,-1.199999999999999956e+00
-7.587428522074790571e-01,-1.184536605830131262e-01,-1.199999999999999956e+00
-7.577652265027180478e-01,-1.183483834440184207e-01,-1.199999999999999956e+00
-7.567876007979570385e-01,-1.182431063050237013e-01,-1.199999999999999956e+00
-7.558099750931960292e-01,-1.181378291660289959e-01,-1.199999999999999956e+00
-7.548185492878114466e-01,-1.180495310374300721e-01,-1.199999999999999956e+00
-7.538271234824268641e-01,-1.179612329088311484e-01,-1.199999999999999956e+00
-7.528356976770421705e-01,-1.178729347802322247e-01,-1.199999999999999956e+00
-7.518442718716575879e-01,-1.177846366516333010e-01,-1.199999999999999956e+00
-7.508528460662730053e-01,-1.176963385230343773e-01,-1.199999999999999956e+00
-7.498614202608884227e-01,-1.176080403944354535e-01,-1.199999999999999956e+00
-7.488699944555038401e-01,-1.175197422658365159e-01,-1.199999999999999956e+00
-7.478785686501192576e-01,-1.174314441372375922e-01,-1.199999999999999956e+00
-7.468871428447345640e-01,-1.173431460086386685e-01,-1.199999999999999956e+00
-7.458957170393499814e-01,-1.172548478800397448e-01,-1.199999999999999956e+00
-7.449042912339653988e-01,-1.171665497514408211e-01,-1.199999999999999956e+00
-7.439128654285808162e-01,-1.170782516228418974e-01,-1.199999999999999956e+00
-7.429214396231962336e-01,-1.169899534942429736e-01,-1.199999999999999956e+00
-7.419300138178116510e-01,-1.169016553656440499e-01,-1.199999999999999956e+00
-7.409385880124269574e-01,-1.168133572370451262e-01,-1.199999999999999956e+00
-7.399471622070423749e-01,-1.167250591084462025e-01,-1.199999999999999956e+00
-7.389557364016577923e-01,-1.166367609798472788e-01,-1.199999999999999956e+00
-7.379643105962732097e-01,-1.165484628512483550e-01,-1.199999999999999956e+00
-7.369728847908886271e-01,-1.164601647226494313e-01,-1.199999999999999956e+00
-7.359814589855040445e-01,-1.163718665940504937e-01,-1.199999999999999956e+00
-7.349900331801193509e-01,-1.162835684654515700e-01,-1.199999999999999956e+00
-7.339986073747347683e-01,-1.161952703368526463e-01,-1.199999999999999956e+00
-7.330071815693501858e-01,-1.161069722082537226e-01,-1.199999999999999956e+00
-7.320157557639656032e-01,-1.160186740796547988e-01,-1.199999999999999956e+00
-7.310243299585810206e-01,-1.159303759510558751e-01,-1.199999999999999956e+00
-7.300329041531963270e-01,-1.158420778224569514e-01,-1.199999999999999956e+00
-7.290414783478117444e-01,-1.157537796938580277e-01,-1.199999999999999956e+00
-7.280500525424271618e-01,-1.156654815652591040e-01,-1.199999999999999956e+00
-7.270586267370425793e-01,-1.155771834366601802e-01,-1.199999999999999956e+00
-7.260672009316579967e-01,-1.154888853080612565e-01,-1.199999999999999956e+00
-7.250757751262734141e-01,-1.154005871794623328e-01,-1.199999999999999956e+00
-7.240843493208887205e-01,-1.153122890508634091e-01,-1.199999999999999956e+00
-7.230929235155041379e-01,-1.152239909222644854e-01,-1.199999999999999956e+00
-7.221014977101195553e-01,-1.151356927936655478e-01,-1.199999999999999956e+00
-7.211100719047349727e-01,-1.150473946650666240e-01,-1.199999999999999956e+00
-7.201186460993503902e-01,-1.149590965364677003e-01,-1.199999999999999956e+00
-7.191272202939658076e-01,-1.148707984078687766e-01,-1.199999999999999956e+00
-7.181357944885811140e-01,-1.147825002792698529e-01,-1.199999999999999956e+00
-7.171443686831965314e-01,-1.146942021506709292e-01,-1.199999999999999956e+00
-7.161529428778119488e-01,-1.146059040220720054e-01,-1.199999999999999956e+00
-7.151592203883833099e-01,-1.145219748453969455e-01,-1.199999999999999956e+00
-7.141654978989545599e-01,-1.144380456687218856e-01,-1.199999999999999956e+00
-7.131717754095259210e-01,-1.143541164920468117e-01,-1.199999999999999956e+00
-7.121780529200971710e-01,-1.142701873153717518e-01,-1.199999999999999956e+00
-7.111843304306685321e-01,-1.141862581386966918e-01,-1.199999999999999956e+00
-7.101906079412397821e-01,-1.141023289620216319e-01,-1.199999999999999956e+00
-7.091968854518111431e-01,-1.140183997853465719e-01,-1.199999999999999956e+00
-7.082031629623823932e-01,-1.139344706086715120e-01,-1.199999999999999956e+00
-7.072094404729537542e-01,-1.138505414319964382e-01,-1.199999999999999956e+00
-7.062157179835251153e-01,-1.137666122553213782e-01,-1.199999999999999956e+00
-7.052219954940963653e-01,-1.136826830786463183e-01,-1.199999999999999956e+00
-7.042282730046677264e-01,-1.135987539019712583e-01,-1.199999999999999956e+00
-7.032345505152389764e-01,-1.135148247252961984e-01,-1.199999999999999956e+00
-7.022408280258103375e-01,-1.134308955486211246e-01,-1.199999999999999956e+00
-7.012471055363815875e-01,-1.133469663719460646e-01,-1.199999999999999956e+00
-7.002533830469529486e-01,-1.132630371952710047e-01,-1.199999999999999956e+00
-6.992596605575243096e-01,-1.131791080185959447e-01,-1.199999999999999956e+00
-6.982659380680955596e-01,-1.130951788419208848e-01,-1.199999999999999956e+00
-6.972722155786669207e-01,-1.130112496652458109e-01,-1.199999999999999956e+00
-6.962784930892381707e-01,-1.129273204885707510e-01,-1.199999999999999956e+00
-6.952847705998095318e-01,-1.128433913118956911e-01,-1.199999999999999956e+00
-6.942910481103807818e-01,-1.127594621352206311e-01,-1.199999999999999956e+00
-6.932973256209521429e-01,-1.126755329585455712e-01,-1.199999999999999956e+00
-6.923036031315235039e-01,-1.125916037818704973e-01,-1.199999999999999956e+00
-6.913098806420947540e-01,-1.125076746051954374e-01,-1.199999999999999956e+00
-6.903161581526661150e-01,-1.124237454285203774e-01,-1.199999999999999956e+00
-6.893224356632373651e-01,-1.123398162518453175e-01,-1.199999999999999956e+00
-6.883287131738087261e-01,-1.122558870751702575e-01,-1.199999999999999956e+00
-6.873349906843799761e-01,-1.121719578984951976e-01,-1.199999999999999956e+00
-6.863412681949513372e-01,-1.120880287218201238e-01,-1.199999999999999956e+00
-6.853475457055225872e-01,-1.120040995451450638e-01,-1.199999999999999956e+00
-6.843538232160939483e-01,-1.119201703684700039e-01,-1.199999999999999956e+00
-6.833578376428252055e-01,-1.119357070593051950e-01,-1.199999999999999956e+00
-6.823618520695565737e-01,-1.119512437501403862e-01,-1.199999999999999956e+00
-6.813658664962878309e-01,-1.119667804409755774e-01,-1.199999999999999956e+00
-6.803698809230190880e-01,-1.119823171318107685e-01,-1.199999999999999956e+00
-6.793738953497503452e-01,-1.119978538226459597e-01,-1.199999999999999956e+00
-6.783779097764817134e-01,-1.120133905134811508e-01,-1.199999999999999956e+00
-6.773819242032129706e-01,-1.120289272043163420e-01,-1.199999999999999956e+00
-6.763859386299442278e-01,-1.120444638951515332e-01,-1.199999999999999956e+00
-6.753899530566754850e-01,-1.120600005859867243e-01,-1.199999999999999956e+00
-6.743939674834068532e-01,-1.120755372768219155e-01,-1.199999999999999956e+00
-6.733979819101381104e-01,-1.120910739676570927e-01,-1.199999999999999956e+00
-6.724019963368693675e-01,-1.121066106584922839e-01,-1.199999999999999956e+00
-6.714060107636007357e-01,-1.121221473493274751e-01,-1.199999999999999956e+00
-6.704100251903319929e-01,-1.121376840401626662e-01,-1.199999999999999956e+00
-6.694140396170632501e-01,-1.121532207309978574e-01,-1.199999999999999956e+00
-6.684180540437945073e-01,-1.121687574218330485e-01,-1.199999999999999956e+00
-6.674220684705258755e-01,-1.121842941126682397e-01,-1.199999999999999956e+00
-6.664260828972571327e-01,-1.121998308035034309e-01,-1.199999999999999956e+00
-6.654300973239883898e-01,-1.122153674943386220e-01,-1.199999999999999956e+00
-6.644341117507196470e-01,-1.122309041851738132e-01,-1.199999999999999956e+00
-6.634381261774510152e-01,-1.122464408760090043e-01,-1.199999999999999956e+00
-6.624421406041822724e-01,-1.122619775668441955e-01,-1.199999999999999956e+00
-6.614461550309135296e-01,-1.122775142576793866e-01,-1.199999999999999956e+00
-6.604501694576447868e-01,-1.122930509485145778e-01,-1.199999999999999956e+00
-6.594541838843761550e-01,-1.123085876393497690e-01,-1.199999999999999956e+00
-6.584581983111074122e-01,-1.123241243301849601e-01,-1.199999999999999956e+00
-6.574622127378386693e-01,-1.123396610210201513e-01,-1.199999999999999956e+00
-6.564662271645700375e-01,-1.123551977118553424e-01,-1.199999999999999956e+00
-6.554702415913012947e-01,-1.123707344026905336e-01,-1.199999999999999956e+00
-6.544742560180325519e-01,-1.123862710935257248e-01,-1.199999999999999956e+00
-6.534782704447638091e-01,-1.124018077843609159e-01,-1.199999999999999956e+00
-6.524822848714951773e-01,-1.124173444751960932e-01,-1.199999999999999956e+00
-6.514862992982264345e-01,-1.124328811660312843e-01,-1.199999999999999956e+00
-6.504903137249576917e-01,-1.124484178568664755e-01,-1.199999999999999956e+00
-6.494943281516889488e-01,-1.124639545477016667e-01,-1.199999999999999956e+00
-6.484983425784203170e-01,-1.124794912385368578e-01,-1.199999999999999956e+00
-6.475023570051515742e-01,-1.124950279293720490e-01,-1.199999999999999956e+00
-6.465063714318828314e-01,-1.125105646202072401e-01,-1.199999999999999956e+00
-6.455103858586141996e-01,-1.125261013110424313e-01,-1.199999999999999956e+00
-6.445144002853454568e-01,-1.125416380018776225e-01,-1.199999999999999956e+00
-6.435184147120767140e-01,-1.125571746927128136e-01,-1.199999999999999956e+00
-6.425224291388079711e-01,-1.125727113835480048e-01,-1.199999999999999956e+00
-6.415264435655393394e-01,-1.125882480743831959e-01,-1.199999999999999956e+00
-6.405304579922705965e-01,-1.126037847652183871e-01,-1.199999999999999956e+00
-6.395344724190018537e-01,-1.126193214560535782e-01,-1.199999999999999956e+00
-6.385384868457331109e-01,-1.126348581468887694e-01,-1.199999999999999956e+00
-6.375425012724644791e-01,-1.126503948377239606e-01,-1.199999999999999956e+00
-6.365465156991957363e-01,-1.126659315285591517e-01,-1.199999999999999956e+00
-6.355505301259269935e-01,-1.126814682193943429e-01,-1.199999999999999956e+00
-6.345545445526583617e-01,-1.126970049102295340e-01,-1.199999999999999956e+00
-6.335585589793896188e-01,-1.127125416010647252e-01,-1.199999999999999956e+00
-6.325625734061208760e-01,-1.127280782918999164e-01,-1.199999999999999956e+00
-6.315665878328521332e-01,-1.127436149827350936e-01,-1.199999999999999956e+00
-6.305706022595835014e-01,-1.127591516735702848e-01,-1.199999999999999956e+00
-6.295746166863147586e-01,-1.127746883644054759e-01,-1.199999999999999956e+00
-6.285786311130460158e-01,-1.127902250552406671e-01,-1.199999999999999956e+00
-6.275826455397772730e-01,-1.128057617460758583e-01,-1.199999999999999956e+00
-6.265866599665086412e-01,-1.128212984369110494e-01,-1.199999999999999956e+00
-6.255906743932398983e-01,-1.128368351277462406e-01,-1.199999999999999956e+00
-6.245946888199711555e-01,-1.128523718185814317e-01,-1.199999999999999956e+00
-6.235987032467024127e-01,-1.128679085094166229e-01,-1.199999999999999956e+00
-6.226027176734337809e-01,-1.128834452002518141e-01,-1.199999999999999956e+00
-6.216067321001650381e-01,-1.128989818910870052e-01,-1.199999999999999956e+00
-6.206106296682336598e-01,-1.129845379596768479e-01,-1.199999999999999956e+00
-6.196145272363022816e-01,-1.130700940282666767e-01,-1.199999999999999956e+00
-6.186184248043707923e-01,-1.131556500968565193e-01,-1.199999999999999956e+00
-6.176223223724394140e-01,-1.132412061654463620e-01,-1.199999999999999956e+00
-6.166262199405080358e-01,-1.133267622340361908e-01,-1.199999999999999956e+00
-6.156301175085766575e-01,-1.134123183026260334e-01,-1.199999999999999956e+00
-6.146340150766451682e-01,-1.134978743712158761e-01,-1.199999999999999956e+00
-6.136379126447137899e-01,-1.135834304398057049e-01,-1.199999999999999956e+00
-6.126418102127824117e-01,-1.136689865083955475e-01,-1.199999999999999956e+00
-6.116457077808510334e-01,-1.137545425769853763e-01,-1.199999999999999956e+00
-6.106496053489195441e-01,-1.138400986455752190e-01,-1.199999999999999956e+00
-6.096535029169881659e-01,-1.139256547141650616e-01,-1.199999999999999956e+00
-6.086574004850567876e-01,-1.140112107827548904e-01,-1.199999999999999956e+00
-6.076612980531254093e-01,-1.140967668513447331e-01,-1.199999999999999956e+00
-6.066651956211939201e-01,-1.141823229199345757e-01,-1.199999999999999956e+00
-6.056690931892625418e-01,-1.142678789885244045e-01,-1.199999999999999956e+00
-6.046729907573311635e-01,-1.143534350571142472e-01,-1.199999999999999956e+00
-6.036768883253997853e-01,-1.144389911257040898e-01,-1.199999999999999956e+00
-6.026807858934682960e-01,-1.145245471942939186e-01,-1.199999999999999956e+00
-6.016846834615369177e-01,-1.146101032628837613e-01,-1.199999999999999956e+00
-6.006885810296055395e-01,-1.146956593314736039e-01,-1.199999999999999956e+00
-5.996924785976741612e-01,-1.147812154000634327e-01,-1.199999999999999956e+00
-5.986963761657426719e-01,-1.148667714686532754e-01,-1.199999999999999956e+00
-5.977002737338112937e-01,-1.149523275372431180e-01,-1.199999999999999956e+00
-5.967041713018799154e-01,-1.150378836058329468e-01,-1.199999999999999956e+00
-5.957080688699485371e-01,-1.151234396744227895e-01,-1.199999999999999956e+00
-5.947119664380170478e-01,-1.152089957430126321e-01,-1.199999999999999956e+00
-5.937158640060856696e-01,-1.152945518116024609e-01,-1.199999999999999956e+00
-5.927197615741542913e-01,-1.153801078801923036e-01,-1.199999999999999956e+00
-5.917236591422229131e-01,-1.154656639487821324e-01,-1.199999999999999956e+00
-5.907275567102914238e-01,-1.155512200173719750e-01,-1.199999999999999956e+00
-5.897314542783600455e-01,-1.156367760859618177e-01,-1.199999999999999956e+00
-5.887353518464286672e-01,-1.157223321545516465e-01,-1.199999999999999956e+00
-5.877392494144972890e-01,-1.158078882231414891e-01,-1.199999999999999956e+00
-5.867431469825659107e-01,-1.158934442917313318e-01,-1.199999999999999956e+00
-5.857470445506344214e-01,-1.159790003603211606e-01,-1.199999999999999956e+00
-5.847509421187030432e-01,-1.160645564289110032e-01,-1.199999999999999956e+00
-5.837548396867716649e-01,-1.161501124975008459e-01,-1.199999999999999956e+00
-5.827587372548402866e-01,-1.162356685660906747e-01,-1.199999999999999956e+00
-5.817626348229087974e-01,-1.163212246346805173e-01,-1.199999999999999956e+00
-5.807665323909774191e-01,-1.164067807032703600e-01,-1.199999999999999956e+00
-5.797704299590460408e-01,-1.164923367718601888e-01,-1.199999999999999956e+00
-5.787743275271146626e-01,-1.165778928404500314e-01,-1.199999999999999956e+00
-5.777782250951831733e-01,-1.166634489090398741e-01,-1.199999999999999956e+00
-5.767821226632517950e-01,-1.167490049776297029e-01,-1.199999999999999956e+00
-5.757860202313204168e-01,-1.168345610462195455e-01,-1.199999999999999956e+00
-5.747899177993890385e-01,-1.169201171148093743e-01,-1.199999999999999956e+00
-5.737938153674575492e-01,-1.170056731833992170e-01,-1.199999999999999956e+00
-5.727977129355261710e-01,-1.170912292519890596e-01,-1.199999999999999956e+00
-5.718016105035947927e-01,-1.171767853205788884e-01,-1.199999999999999956e+00
-5.708055080716634144e-01,-1.172623413891687311e-01,-1.199999999999999956e+00
-5.698094056397319251e-01,-1.173478974577585737e-01,-1.199999999999999956e+00
-5.688133032078005469e-01,-1.174334535263484025e-01,-1.199999999999999956e+00
-5.678172007758691686e-01,-1.175190095949382452e-01,-1.199999999999999956e+00
-5.668210983439377904e-01,-1.176045656635280878e-01,-1.199999999999999956e+00
-5.658249959120063011e-01,-1.176901217321179166e-01,-1.199999999999999956e+00
-5.648288934800749228e-01,-1.177756778007077593e-01,-1.199999999999999956e+00
-5.638327910481435445e-01,-1.178612338692976019e-01,-1.199999999999999956e+00
-5.628366886162121663e-01,-1.179467899378874307e-01,-1.199999999999999956e+00
-5.618405861842806770e-01,-1.180323460064772734e-01,-1.199999999999999956e+00
-5.608444837523492987e-01,-1.181179020750671160e-01,-1.199999999999999956e+00
-5.598483813204179205e-01,-1.182034581436569448e-01,-1.199999999999999956e+00
-5.588522788884865422e-01,-1.182890142122467875e-01,-1.199999999999999956e+00
-5.578561764565550529e-01,-1.183745702808366163e-01,-1.199999999999999956e+00
-5.568600740246236747e-01,-1.184601263494264589e-01,-1.199999999999999956e+00
-5.558639715926922964e-01,-1.185456824180163016e-01,-1.199999999999999956e+00
-5.548678691607609181e-01,-1.186312384866061304e-01,-1.199999999999999956e+00
-5.538717667288295399e-01,-1.187167945551959730e-01,-1.199999999999999956e+00
-5.528756642968980506e-01,-1.188023506237858157e-01,-1.199999999999999956e+00
-5.518795618649666723e-01,-1.188879066923756445e-01,-1.199999999999999956e+00
-5.508834594330352941e-01,-1.189734627609654871e-01,-1.199999999999999956e+00
-5.498873570011038048e-01,-1.190590188295553298e-01,-1.199999999999999956e+00
-5.488912545691724265e-01,-1.191445748981451586e-01,-1.199999999999999956e+00
-5.478951521372410483e-01,-1.192301309667350012e-01,-1.199999999999999956e+00
-5.469127040013544994e-01,-1.193339558929888272e-01,-1.199999999999999956e+00
-5.459302558654678394e-01,-1.194377808192426393e-01,-1.199999999999999956e+00
-5.449478077295812906e-01,-1.195416057454964653e-01,-1.199999999999999956e+00
-5.439653595936947417e-01,-1.196454306717502913e-01,-1.199999999999999956e+00
-5.429829114578080818e-01,-1.197492555980041035e-01,-1.199999999999999956e+00
-5.420004633219215329e-01,-1.198530805242579295e-01,-1.199999999999999956e+00
-5.410180151860349840e-01,-1.199569054505117416e-01,-1.199999999999999956e+00
-5.400355670501484351e-01,-1.200607303767655676e-01,-1.199999999999999956e+00
-5.390531189142617752e-01,-1.201645553030193936e-01,-1.199999999999999956e+00
-5.380706707783752263e-01,-1.202683802292732057e-01,-1.199999999999999956e+00
-5.370882226424886774e-01,-1.203722051555270317e-01,-1.199999999999999956e+00
-5.361057745066020175e-01,-1.204760300817808577e-01,-1.199999999999999956e+00
-5.351233263707154686e-01,-1.205798550080346698e-01,-1.199999999999999956e+00
-5.341408782348289197e-01,-1.206836799342884958e-01,-1.199999999999999956e+00
-5.331584300989422598e-01,-1.207875048605423079e-01,-1.199999999999999956e+00
-5.321759819630557109e-01,-1.208913297867961339e-01,-1.199999999999999956e+00
-5.311935338271691620e-01,-1.209951547130499599e-01,-1.199999999999999956e+00
-5.302110856912825021e-01,-1.210989796393037721e-01,-1.199999999999999956e+00
-5.292286375553959532e-01,-1.212028045655575981e-01,-1.199999999999999956e+00
-5.282461894195094043e-01,-1.213066294918114241e-01,-1.199999999999999956e+00
-5.272637412836228554e-01,-1.214104544180652362e-01,-1.199999999999999956e+00
-5.262812931477361955e-01,-1.215142793443190622e-01,-1.199999999999999956e+00
-5.252988450118496466e-01,-1.216181042705728743e-01,-1.199999999999999956e+00
-5.243163968759630977e-01,-1.217219291968267003e-01,-1.199999999999999956e+00
-5.233339487400764378e-01,-1.218257541230805263e-01,-1.199999999999999956e+00
-5.223515006041898889e-01,-1.219295790493343384e-01,-1.199999999999999956e+00
-5.213690524683033400e-01,-1.220334039755881644e-01,-1.199999999999999956e+00
-5.203866043324166801e-01,-1.221372289018419904e-01,-1.199999999999999956e+00
-5.194041561965301312e-01,-1.222410538280958026e-01,-1.199999999999999956e+00
-5.184217080606435823e-01,-1.223448787543496286e-01,-1.199999999999999956e+00
-5.174392599247570335e-01,-1.224487036806034407e-01,-1.199999999999999956e+00
-5.164568117888703735e-01,-1.225525286068572667e-01,-1.199999999999999956e+00
-5.154743636529838247e-01,-1.226563535331110927e-01,-1.199999999999999956e+00
-5.144919155170972758e-01,-1.227601784593649048e-01,-1.199999999999999956e+00
-5.135094673812106159e-01,-1.228640033856187308e-01,-1.199999999999999956e+00
-5.125270192453240670e-01,-1.229678283118725568e-01,-1.199999999999999956e+00
-5.115445711094375181e-01,-1.230716532381263689e-01,-1.199999999999999956e+00
-5.105621229735508582e-01,-1.231754781643801949e-01,-1.199999999999999956e+00
-5.095796748376643093e-01,-1.232793030906340070e-01,-1.199999999999999956e+00
-5.085972267017777604e-01,-1.233831280168878330e-01,-1.199999999999999956e+00
-5.076147785658911005e-01,-1.234869529431416590e-01,-1.199999999999999956e+00
-5.066323304300045516e-01,-1.235907778693954712e-01,-1.199999999999999956e+00
-5.056498822941180027e-01,-1.236946027956492972e-01,-1.199999999999999956e+00
-5.046674341582314538e-01,-1.237984277219031232e-01,-1.199999999999999956e+00
-5.036849860223447939e-01,-1.239022526481569353e-01,-1.199999999999999956e+00
-5.027025378864582450e-01,-1.240060775744107613e-01,-1.199999999999999956e+00
-5.017200897505716961e-01,-1.241099025006645734e-01,-1.199999999999999956e+00
-5.007376416146850362e-01,-1.242137274269183994e-01,-1.199999999999999956e+00
-4.997551934787984873e-01,-1.243175523531722254e-01,-1.199999999999999956e+00
-4.987727453429118829e-01,-1.244213772794260375e-01,-1.199999999999999956e+00
-4.977902972070253340e-01,-1.245252022056798635e-01,-1.199999999999999956e+00
-4.968078490711387296e-01,-1.246290271319336895e-01,-1.199999999999999956e+00
-4.958254009352521807e-01,-1.247328520581875017e-01,-1.199999999999999956e+00
-4.948429527993655763e-01,-1.248366769844413277e-01,-1.199999999999999956e+00
-4.938605046634789719e-01,-1.249405019106951398e-01,-1.199999999999999956e+00
-4.928780565275924230e-01,-1.250443268369489658e-01,-1.199999999999999956e+00
-4.918956083917058186e-01,-1.251481517632027918e-01,-1.199999999999999956e+00
-4.909131602558192142e-01,-1.252519766894566178e-01,-1.199999999999999956e+00
-4.899307121199326653e-01,-1.253558016157104160e-01,-1.199999999999999956e+00
-4.889482639840460609e-01,-1.254596265419642420e-01,-1.199999999999999956e+00
-4.879658158481595120e-01,-1.255634514682180680e-01,-1.199999999999999956e+00
-4.869833677122729076e-01,-1.256672763944718940e-01,-1.199999999999999956e+00
-4.860009195763863588e-01,-1.257711013207257200e-01,-1.199999999999999956e+00
-4.850184714404997544e-01,-1.258749262469795460e-01,-1.199999999999999956e+00
-4.840360233046131500e-01,-1.259787511732333443e-01,-1.199999999999999956e+00
-4.830535751687266011e-01,-1.260825760994871703e-01,-1.199999999999999956e+00
-4.820711270328399967e-01,-1.261864010257409963e-01,-1.199999999999999956e+00
-4.810861763073851494e-01,-1.260766014765936638e-01,-1.199999999999999956e+00
-4.801012255819303576e-01,-1.259668019274463591e-01,-1.199999999999999956e+00
-4.791162748564755103e-01,-1.258570023782990266e-01,-1.199999999999999956e+00
-4.781313241310206630e-01,-1.257472028291517219e-01,-1.199999999999999956e+00
-4.771463734055658712e-01,-1.256374032800043894e-01,-1.199999999999999956e+00
-4.761614226801110239e-01,-1.255276037308570569e-01,-1.199999999999999956e+00
-4.751764719546561766e-01,-1.254178041817097522e-01,-1.199999999999999956e+00
-4.741915212292013848e-01,-1.253080046325624197e-01,-1.199999999999999956e+00
-4.732065705037465375e-01,-1.251982050834150872e-01,-1.199999999999999956e+00
-4.722216197782917457e-01,-1.250884055342677825e-01,-1.199999999999999956e+00
-4.712366690528368984e-01,-1.249786059851204501e-01,-1.199999999999999956e+00
-4.702517183273820511e-01,-1.248688064359731315e-01,-1.199999999999999956e+00
-4.692667676019272593e-01,-1.247590068868258129e-01,-1.199999999999999956e+00
-4.682818168764724120e-01,-1.246492073376784943e-01,-1.199999999999999956e+00
-4.672968661510175647e-01,-1.245394077885311757e-01,-1.199999999999999956e+00
-4.663119154255627730e-01,-1.244296082393838432e-01,-1.199999999999999956e+00
-4.653269647001079257e-01,-1.243198086902365246e-01,-1.199999999999999956e+00
-4.643420139746530784e-01,-1.242100091410892060e-01,-1.199999999999999956e+00
-4.633570632491982866e-01,-1.241002095919418874e-01,-1.199999999999999956e+00
-4.623721125237434393e-01,-1.239904100427945549e-01,-1.199999999999999956e+00
-4.613871617982885920e-01,-1.238806104936472363e-01,-1.199999999999999956e+00
-4.604022110728338002e-01,-1.237708109444999177e-01,-1.199999999999999956e+00
-4.594172603473789529e-01,-1.236610113953525991e-01,-1.199999999999999956e+00
-4.584323096219241611e-01,-1.235512118462052666e-01,-1.199999999999999956e+00
-4.574473588964693138e-01,-1.234414122970579480e-01,-1.199999999999999956e+00
-4.564624081710144665e-01,-1.233316127479106294e-01,-1.199999999999999956e+00
-4.554774574455596747e-01,-1.232218131987633108e-01,-1.199999999999999956e+00
-4.544925067201048274e-01,-1.231120136496159923e-01,-1.199999999999999956e+00
-4.535075559946499801e-01,-1.230022141004686598e-01,-1.199999999999999956e+00
-4.525226052691951883e-01,-1.228924145513213412e-01,-1.199999999999999956e+00
-4.515376545437403411e-01,-1.227826150021740226e-01,-1.199999999999999956e+00
-4.505527038182854938e-01,-1.226728154530267040e-01,-1.199999999999999956e+00
-4.495677530928307020e-01,-1.225630159038793715e-01,-1.199999999999999956e+00
-4.485828023673758547e-01,-1.224532163547320529e-01,-1.199999999999999956e+00
-4.475978516419210074e-01,-1.223434168055847343e-01,-1.199999999999999956e+00
-4.466129009164662156e-01,-1.222336172564374157e-01,-1.199999999999999956e+00
-4.456279501910113683e-01,-1.221238177072900832e-01,-1.199999999999999956e+00
-4.446429994655565765e-01,-1.220140181581427646e-01,-1.199999999999999956e+00
-4.436580487401017292e-01,-1.219042186089954460e-01,-1.199999999999999956e+00
-4.426730980146468819e-01,-1.217944190598481274e-01,-1.199999999999999956e+00
-4.416881472891920901e-01,-1.216846195107008088e-01,-1.199999999999999956e+00
-4.407031965637372428e-01,-1.215748199615534764e-01,-1.199999999999999956e+00
-4.397182458382823955e-01,-1.214650204124061578e-01,-1.199999999999999956e+00
-4.387332951128276037e-01,-1.213552208632588392e-01,-1.199999999999999956e+00
-4.377483443873727564e-01,-1.212454213141115206e-01,-1.199999999999999956e+00
-4.367633936619179091e-01,-1.211356217649641881e-01,-1.199999999999999956e+00
-4.357784429364631174e-01,-1.210258222158168695e-01,-1.199999999999999956e+00
-4.347934922110082701e-01,-1.209160226666695509e-01,-1.199999999999999956e+00
-4.338085414855534783e-01,-1.208062231175222323e-01,-1.199999999999999956e+00
-4.328235907600986310e-01,-1.206964235683748998e-01,-1.199999999999999956e+00
-4.318386400346437837e-01,-1.205866240192275812e-01,-1.199999999999999956e+00
-4.308536893091889364e-01,-1.204768244700802626e-01,-1.199999999999999956e+00
-4.298687385837341446e-01,-1.203670249209329440e-01,-1.199999999999999956e+00
-4.288837878582792973e-01,-1.202572253717856254e-01,-1.199999999999999956e+00
-4.278988371328245055e-01,-1.201474258226382930e-01,-1.199999999999999956e+00
-4.269138864073696582e-01,-1.200376262734909744e-01,-1.199999999999999956e+00
-4.259289356819148109e-01,-1.199278267243436558e-01,-1.199999999999999956e+00
-4.249439849564600191e-01,-1.198180271751963372e-01,-1.199999999999999956e+00
-4.239590342310051718e-01,-1.197082276260490047e-01,-1.199999999999999956e+00
-4.229740835055503245e-01,-1.195984280769016861e-01,-1.199999999999999956e+00
-4.219891327800955327e-01,-1.194886285277543675e-01,-1.199999999999999956e+00
-4.210041820546406854e-01,-1.193788289786070489e-01,-1.199999999999999956e+00
-4.200192313291858381e-01,-1.192690294294597164e-01,-1.199999999999999956e+00
-4.190342806037310464e-01,-1.191592298803123978e-01,-1.199999999999999956e+00
-4.180493298782761991e-01,-1.190494303311650792e-01,-1.199999999999999956e+00
-4.170643791528213518e-01,-1.189396307820177606e-01,-1.199999999999999956e+00
-4.160794284273665600e-01,-1.188298312328704420e-01,-1.199999999999999956e+00
-4.150944777019117127e-01,-1.187200316837231096e-01,-1.199999999999999956e+00
-4.141095269764568654e-01,-1.186102321345757910e-01,-1.199999999999999956e+00
-4.131245762510020736e-01,-1.185004325854284724e-01,-1.199999999999999956e+00
-4.121396255255472263e-01,-1.183906330362811538e-01,-1.199999999999999956e+00
-4.111546748000924345e-01,-1.182808334871338352e-01,-1.199999999999999956e+00
-4.101697240746375872e-01,-1.181710339379865027e-01,-1.199999999999999956e+00
-4.091847733491827399e-01,-1.180612343888391841e-01,-1.199999999999999956e+00
-4.081998226237279481e-01,-1.179514348396918655e-01,-1.199999999999999956e+00
-4.072148718982731008e-01,-1.178416352905445469e-01,-1.199999999999999956e+00
-4.062299211728183090e-01,-1.177318357413972144e-01,-1.199999999999999956e+00
-4.052449704473634617e-01,-1.176220361922498958e-01,-1.199999999999999956e+00
-4.042600197219086144e-01,-1.175122366431025772e-01,-1.199999999999999956e+00
-4.032750689964538227e-01,-1.174024370939552586e-01,-1.199999999999999956e+00
-4.022901182709989754e-01,-1.172926375448079261e-01,-1.199999999999999956e+00
-4.013051675455441281e-01,-1.171828379956606075e-01,-1.199999999999999956e+00
-4.003202168200893363e-01,-1.170730384465132889e-01,-1.199999999999999956e+00
-3.993352660946344890e-01,-1.169632388973659703e-01,-1.199999999999999956e+00
-3.983503153691796417e-01,-1.168534393482186517e-01,-1.199999999999999956e+00
-3.973653646437248499e-01,-1.167436397990713193e-01,-1.199999999999999956e+00
-3.963804139182700026e-01,-1.166338402499240007e-01,-1.199999999999999956e+00
-3.953922449361094715e-01,-1.167751084925911925e-01,-1.199999999999999956e+00
-3.944040759539489960e-01,-1.169163767352583705e-01,-1.199999999999999956e+00
-3.934159069717884649e-01,-1.170576449779255623e-01,-1.199999999999999956e+00
-3.924277379896279894e-01,-1.171989132205927403e-01,-1.199999999999999956e+00
-3.914395690074674583e-01,-1.173401814632599321e-01,-1.199999999999999956e+00
-3.904514000253069272e-01,-1.174814497059271240e-01,-1.199999999999999956e+00
-3.894632310431464517e-01,-1.176227179485943020e-01,-1.199999999999999956e+00
-3.884750620609859206e-01,-1.177639861912614938e-01,-1.199999999999999956e+00
-3.874868930788254451e-01,-1.179052544339286718e-01,-1.199999999999999956e+00
-3.864987240966649140e-01,-1.180465226765958636e-01,-1.199999999999999956e+00
-3.855105551145043830e-01,-1.181877909192630555e-01,-1.199999999999999956e+00
-3.845223861323439074e-01,-1.183290591619302334e-01,-1.199999999999999956e+00
-3.835342171501833763e-01,-1.184703274045974253e-01,-1.199999999999999956e+00
-3.825460481680229008e-01,-1.186115956472646171e-01,-1.199999999999999956e+00
-3.815578791858623697e-01,-1.187528638899317951e-01,-1.199999999999999956e+00
-3.805697102037018942e-01,-1.188941321325989869e-01,-1.199999999999999956e+00
-3.795815412215413631e-01,-1.190354003752661649e-01,-1.199999999999999956e+00
-3.785933722393808321e-01,-1.191766686179333568e-01,-1.199999999999999956e+00
-3.776052032572203565e-01,-1.193179368606005486e-01,-1.199999999999999956e+00
-3.766170342750598254e-01,-1.194592051032677266e-01,-1.199999999999999956e+00
-3.756288652928992944e-01,-1.196004733459349184e-01,-1.199999999999999956e+00
-3.746406963107388188e-01,-1.197417415886020964e-01,-1.199999999999999956e+00
-3.736525273285782878e-01,-1.198830098312692882e-01,-1.199999999999999956e+00
-3.726643583464178122e-01,-1.200242780739364801e-01,-1.199999999999999956e+00
-3.716761893642572812e-01,-1.201655463166036580e-01,-1.199999999999999956e+00
-3.706880203820968056e-01,-1.203068145592708499e-01,-1.199999999999999956e+00
-3.696998513999362745e-01,-1.204480828019380279e-01,-1.199999999999999956e+00
-3.687116824177757435e-01,-1.205893510446052197e-01,-1.199999999999999956e+00
-3.677235134356152679e-01,-1.207306192872724115e-01,-1.199999999999999956e+00
-3.667353444534547369e-01,-1.208718875299395895e-01,-1.199999999999999956e+00
-3.657471754712942613e-01,-1.210131557726067814e-01,-1.199999999999999956e+00
-3.647590064891337303e-01,-1.211544240152739593e-01,-1.199999999999999956e+00
-3.637708375069731992e-01,-1.212956922579411512e-01,-1.199999999999999956e+00
-3.627826685248127236e-01,-1.214369605006083430e-01,-1.199999999999999956e+00
-3.617944995426521926e-01,-1.215782287432755210e-01,-1.199999999999999956e+00
-3.608063305604917170e-01,-1.217194969859427128e-01,-1.199999999999999956e+00
-3.598181615783311860e-01,-1.218607652286099047e-01,-1.199999999999999956e+00
-3.588299925961706549e-01,-1.220020334712770826e-01,-1.199999999999999956e+00
-3.578418236140101794e-01,-1.221433017139442745e-01,-1.199999999999999956e+00
-3.568536546318496483e-01,-1.222845699566114525e-01,-1.199999999999999956e+00
-3.558654856496891727e-01,-1.224258381992786443e-01,-1.199999999999999956e+00
-3.548773166675286417e-01,-1.225671064419458361e-01,-1.199999999999999956e+00
-3.538891476853681661e-01,-1.227083746846130141e-01,-1.199999999999999956e+00
-3.529009787032076351e-01,-1.228496429272802060e-01,-1.199999999999999956e+00
-3.519128097210471040e-01,-1.229909111699473839e-01,-1.199999999999999956e+00
-3.509246407388866285e-01,-1.231321794126145758e-01,-1.199999999999999956e+00
-3.499364717567260974e-01,-1.232734476552817676e-01,-1.199999999999999956e+00
-3.489483027745655663e-01,-1.234147158979489456e-01,-1.199999999999999956e+00
-3.479601337924050908e-01,-1.235559841406161374e-01,-1.199999999999999956e+00
-3.469719648102445597e-01,-1.236972523832833293e-01,-1.199999999999999956e+00
-3.459837958280840842e-01,-1.238385206259505072e-01,-1.199999999999999956e+00
-3.449956268459235531e-01,-1.239797888686176991e-01,-1.199999999999999956e+00
-3.440074578637630776e-01,-1.241210571112848771e-01,-1.199999999999999956e+00
-3.430192888816025465e-01,-1.242623253539520689e-01,-1.199999999999999956e+00
-3.420311198994420154e-01,-1.244035935966192608e-01,-1.199999999999999956e+00
-3.410429509172815399e-01,-1.245448618392864387e-01,-1.199999999999999956e+00
-3.400547819351210088e-01,-1.246861300819536306e-01,-1.199999999999999956e+00
-3.390666129529604778e-01,-1.248273983246208085e-01,-1.199999999999999956e+00
-3.380784439708000022e-01,-1.249686665672880004e-01,-1.199999999999999956e+00
-3.370992911542004533e-01,-1.251419400783239100e-01,-1.199999999999999956e+00
-3.361201383376009599e-01,-1.253152135893598196e-01,-1.199999999999999956e+00
-3.351409855210014110e-01,-1.254884871003957292e-01,-1.199999999999999956e+00
-3.341618327044018621e-01,-1.256617606114316110e-01,-1.199999999999999956e+00
-3.331826798878023688e-01,-1.258350341224675206e-01,-1.199999999999999956e+00
-3.322035270712028199e-01,-1.260083076335034302e-01,-1.199999999999999956e+00
-3.312243742546032710e-01,-1.261815811445393398e-01,-1.199999999999999956e+00
-3.302452214380037776e-01,-1.263548546555752494e-01,-1.199999999999999956e+00
-3.292660686214042287e-01,-1.265281281666111590e-01,-1.199999999999999956e+00
-3.282869158048047353e-01,-1.267014016776470686e-01,-1.199999999999999956e+00
-3.273077629882051864e-01,-1.268746751886829782e-01,-1.199999999999999956e+00
-3.263286101716056375e-01,-1.270479486997188601e-01,-1.199999999999999956e+00
-3.253494573550061442e-01,-1.272212222107547697e-01,-1.199999999999999956e+00
-3.243703045384065953e-01,-1.273944957217906793e-01,-1.199999999999999956e+00
-3.233911517218070464e-01,-1.275677692328265889e-01,-1.199999999999999956e+00
-3.224119989052075530e-01,-1.277410427438624985e-01,-1.199999999999999956e+00
-3.214328460886080041e-01,-1.279143162548984081e-01,-1.199999999999999956e+00
-3.204536932720084552e-01,-1.280875897659343177e-01,-1.199999999999999956e+00
-3.194745404554089618e-01,-1.282608632769702273e-01,-1.199999999999999956e+00
-3.184953876388094129e-01,-1.284341367880061091e-01,-1.199999999999999956e+00
-3.175162348222098641e-01,-1.286074102990420187e-01,-1.199999999999999956e+00
-3.165370820056103707e-01,-1.287806838100779283e-01,-1.199999999999999956e+00
-3.155579291890108218e-01,-1.289539573211138379e-01,-1.199999999999999956e+00
-3.145787763724112729e-01,-1.291272308321497475e-01,-1.199999999999999956e+00
-3.135996235558117795e-01,-1.293005043431856571e-01,-1.199999999999999956e+00
-3.126204707392122306e-01,-1.294737778542215667e-01,-1.199999999999999956e+00
-3.116413179226127372e-01,-1.296470513652574763e-01,-1.199999999999999956e+00
-3.106621651060131883e-01,-1.298203248762933582e-01,-1.199999999999999956e+00
-3.096830122894136395e-01,-1.299935983873292678e-01,-1.199999999999999956e+00
-3.087038594728141461e-01,-1.301668718983651774e-01,-1.199999999999999956e+00
-3.077247066562145972e-01,-1.303401454094010870e-01,-1.199999999999999956e+00
-3.067455538396150483e-01,-1.305134189204369966e-01,-1.199999999999999956e+00
-3.057664010230155549e-01,-1.306866924314729062e-01,-1.199999999999999956e+00
-3.047872482064160060e-01,-1.308599659425088158e-01,-1.199999999999999956e+00
-3.038080953898164571e-01,-1.310332394535446976e-01,-1.199999999999999956e+00
-3.028289425732169637e-01,-1.312065129645806072e-01,-1.199999999999999956e+00
-3.018497897566174148e-01,-1.313797864756165168e-01,-1.199999999999999956e+00
-3.008706369400178660e-01,-1.315530599866524264e-01,-1.199999999999999956e+00
-2.998914841234183726e-01,-1.317263334976883360e-01,-1.199999999999999956e+00
-2.989123313068188237e-01,-1.318996070087242456e-01,-1.199999999999999956e+00
-2.979331784902192748e-01,-1.320728805197601552e-01,-1.199999999999999956e+00
-2.969540256736197814e-01,-1.322461540307960648e-01,-1.199999999999999956e+00
-2.959748728570202325e-01,-1.324194275418319466e-01,-1.199999999999999956e+00
-2.949957200404207391e-01,-1.325927010528678562e-01,-1.199999999999999956e+00
-2.940165672238211902e-01,-1.327659745639037658e-01,-1.199999999999999956e+00
-2.930374144072216414e-01,-1.329392480749396754e-01,-1.199999999999999956e+00
-2.920582615906221480e-01,-1.331125215859755850e-01,-1.199999999999999956e+00
-2.910791087740225991e-01,-1.332857950970114946e-01,-1.199999999999999956e+00
-2.900999559574230502e-01,-1.334590686080474042e-01,-1.199999999999999956e+00
-2.891208031408235568e-01,-1.336323421190833138e-01,-1.199999999999999956e+00
-2.881416503242240079e-01,-1.338056156301191957e-01,-1.199999999999999956e+00
-2.871624975076244590e-01,-1.339788891411551053e-01,-1.199999999999999956e+00
-2.861833446910249656e-01,-1.341521626521910149e-01,-1.199999999999999956e+00
-2.852041918744254168e-01,-1.343254361632269245e-01,-1.199999999999999956e+00
-2.842250390578259234e-01,-1.344987096742628341e-01,-1.199999999999999956e+00
-2.832458862412263745e-01,-1.346719831852987437e-01,-1.199999999999999956e+00
-2.822667334246268256e-01,-1.348452566963346533e-01,-1.199999999999999956e+00
-2.812875806080272767e-01,-1.350185302073705351e-01,-1.199999999999999956e+00
-2.803084277914277833e-01,-1.351918037184064447e-01,-1.199999999999999956e+00
-2.793292749748282344e-01,-1.353650772294423543e-01,-1.199999999999999956e+00
-2.783501221582287410e-01,-1.355383507404782639e-01,-1.199999999999999956e+00
-2.773709693416291922e-01,-1.357116242515141735e-01,-1.199999999999999956e+00
-2.763918165250296433e-01,-1.358848977625500831e-01,-1.199999999999999956e+00
-2.754126637084300944e-01,-1.360581712735859927e-01,-1.199999999999999956e+00
-2.744335108918306010e-01,-1.362314447846219023e-01,-1.199999999999999956e+00
-2.734543580752310521e-01,-1.364047182956577842e-01,-1.199999999999999956e+00
-2.724752052586315587e-01,-1.365779918066936938e-01,-1.199999999999999956e+00
-2.714960524420320098e-01,-1.367512653177296034e-01,-1.199999999999999956e+00
-2.705168996254324609e-01,-1.369245388287655130e-01,-1.199999999999999956e+00
-2.695377468088329675e-01,-1.370978123398014226e-01,-1.199999999999999956e+00
-2.685585939922334187e-01,-1.372710858508373322e-01,-1.199999999999999956e+00
-2.675794411756339253e-01,-1.374443593618732418e-01,-1.199999999999999956e+00
-2.666002883590343764e-01,-1.376176328729091514e-01,-1.199999999999999956e+00
-2.656211355424348275e-01,-1.377909063839450332e-01,-1.199999999999999956e+00
-2.646419827258352786e-01,-1.379641798949809428e-01,-1.199999999999999956e+00
-2.636628299092357852e-01,-1.381374534060168524e-01,-1.199999999999999956e+00
-2.626836770926362363e-01,-1.383107269170527620e-01,-1.199999999999999956e+00
-2.617045242760367429e-01,-1.384840004280886716e-01,-1.199999999999999956e+00
-2.607253714594371941e-01,-1.386572739391245812e-01,-1.199999999999999956e+00
-2.597462186428376452e-01,-1.388305474501604908e-01,-1.199999999999999956e+00
-2.587670658262380963e-01,-1.390038209611964004e-01,-1.199999999999999956e+00
-2.577879130096386029e-01,-1.391770944722322823e-01,-1.199999999999999956e+00
-2.568087601930390540e-01,-1.393503679832681919e-01,-1.199999999999999956e+00
-2.558296073764395606e-01,-1.395236414943041015e-01,-1.199999999999999956e+00
-2.548504545598400117e-01,-1.396969150053400111e-01,-1.199999999999999956e+00
-2.538591879154082909e-01,-1.397757031827898677e-01,-1.199999999999999956e+00
-2.528679212709765700e-01,-1.398544913602397244e-01,-1.199999999999999956e+00
-2.518766546265448492e-01,-1.399332795376895533e-01,-1.199999999999999956e+00
-2.508853879821131283e-01,-1.400120677151394100e-01,-1.199999999999999956e+00
-2.498941213376813797e-01,-1.400908558925892666e-01,-1.199999999999999956e+00
-2.489028546932496588e-01,-1.401696440700391233e-01,-1.199999999999999956e+00
-2.479115880488179380e-01,-1.402484322474889522e-01,-1.199999999999999956e+00
-2.469203214043862171e-01,-1.403272204249388089e-01,-1.199999999999999956e+00
-2.459290547599544963e-01,-1.404060086023886655e-01,-1.199999999999999956e+00
-2.449377881155227754e-01,-1.404847967798385222e-01,-1.199999999999999956e+00
-2.439465214710910546e-01,-1.405635849572883789e-01,-1.199999999999999956e+00
-2.429552548266593059e-01,-1.406423731347382078e-01,-1.199999999999999956e+00
-2.419639881822275851e-01,-1.407211613121880645e-01,-1.199999999999999956e+00
-2.409727215377958642e-01,-1.407999494896379211e-01,-1.199999999999999956e+00
-2.399814548933641434e-01,-1.408787376670877778e-01,-1.199999999999999956e+00
-2.389901882489324225e-01,-1.409575258445376345e-01,-1.199999999999999956e+00
-2.379989216045007017e-01,-1.410363140219874634e-01,-1.199999999999999956e+00
-2.370076549600689808e-01,-1.411151021994373200e-01,-1.199999999999999956e+00
-2.360163883156372600e-01,-1.411938903768871767e-01,-1.199999999999999956e+00
-2.350251216712055113e-01,-1.412726785543370334e-01,-1.199999999999999956e+00
-2.340338550267737905e-01,-1.413514667317868623e-01,-1.199999999999999956e+00
-2.330425883823420696e-01,-1.414302549092367189e-01,-1.199999999999999956e+00
-2.320513217379103488e-01,-1.415090430866865756e-01,-1.199999999999999956e+00
-2.310600550934786279e-01,-1.415878312641364323e-01,-1.199999999999999956e+00
-2.300687884490469071e-01,-1.416666194415862889e-01,-1.199999999999999956e+00
-2.290775218046151862e-01,-1.417454076190361179e-01,-1.199999999999999956e+00
-2.280862551601834654e-01,-1.418241957964859745e-01,-1.199999999999999956e+00
-2.270949885157517167e-01,-1.419029839739358312e-01,-1.199999999999999956e+00
-2.261037218713199959e-01,-1.419817721513856879e-01,-1.199999999999999956e+00
-2.251124552268882750e-01,-1.420605603288355168e-01,-1.199999999999999956e+00
-2.241211885824565542e-01,-1.421393485062853734e-01,-1.199999999999999956e+00
-2.231299219380248333e-01,-1.422181366837352301e-01,-1.199999999999999956e+00
-2.221386552935931125e-01,-1.422969248611850868e-01,-1.199999999999999956e+00
-2.211473886491613916e-01,-1.423757130386349434e-01,-1.199999999999999956e+00
-2.201561220047296707e-01,-1.424545012160847723e-01,-1.199999999999999956e+00
-2.191648553602979499e-01,-1.425332893935346290e-01,-1.199999999999999956e+00
-2.181735887158662013e-01,-1.426120775709844857e-01,-1.199999999999999956e+00
-2.171823220714344804e-01,-1.426908657484343423e-01,-1.199999999999999956e+00
-2.161910554270027596e-01,-1.427696539258841713e-01,-1.199999999999999956e+00
-2.151997887825710387e-01,-1.428484421033340279e-01,-1.199999999999999956e+00
-2.142085221381393179e-01,-1.429272302807838846e-01,-1.199999999999999956e+00
-2.132172554937075970e-01,-1.430060184582337413e-01,-1.199999999999999956e+00
-2.122259888492758484e-01,-1.430848066356835979e-01,-1.199999999999999956e+00
-2.112347222048441275e-01,-1.431635948131334268e-01,-1.199999999999999956e+00
-2.102434555604124067e-01,-1.432423829905832835e-01,-1.199999999999999956e+00
-2.092521889159806858e-01,-1.433211711680331402e-01,-1.199999999999999956e+00
-2.082609222715489650e-01,-1.433999593454829968e-01,-1.199999999999999956e+00
-2.072696556271172441e-01,-1.434787475229328535e-01,-1.199999999999999956e+00
-2.062783889826855233e-01,-1.435575357003826824e-01,-1.199999999999999956e+00
-2.052871223382538024e-01,-1.436363238778325391e-01,-1.199999999999999956e+00
-2.042958556938220815e-01,-1.437151120552823957e-01,-1.199999999999999956e+00
-2.033045890493903607e-01,-1.437939002327322524e-01,-1.199999999999999956e+00
-2.023133224049586121e-01,-1.438726884101820813e-01,-1.199999999999999956e+00
-2.013220557605268912e-01,-1.439514765876319380e-01,-1.199999999999999956e+00
-2.003307891160951704e-01,-1.440302647650817947e-01,-1.199999999999999956e+00
-1.993395224716634495e-01,-1.441090529425316513e-01,-1.199999999999999956e+00
-1.983482558272317287e-01,-1.441878411199815080e-01,-1.199999999999999956e+00
-1.973569891828000078e-01,-1.442666292974313369e-01,-1.199999999999999956e+00
-1.963657225383682592e-01,-1.443454174748811936e-01,-1.199999999999999956e+00
-1.953744558939365383e-01,-1.444242056523310502e-01,-1.199999999999999956e+00
-1.943831892495048175e-01,-1.445029938297809069e-01,-1.199999999999999956e+00
-1.933919226050730966e-01,-1.445817820072307358e-01,-1.199999999999999956e+00
-1.924006559606413758e-01,-1.446605701846805925e-01,-1.199999999999999956e+00
-1.914093893162096549e-01,-1.447393583621304491e-01,-1.199999999999999956e+00
-1.904181226717779341e-01,-1.448181465395803058e-01,-1.199999999999999956e+00
-1.894268560273462132e-01,-1.448969347170301625e-01,-1.199999999999999956e+00
-1.884355893829144923e-01,-1.449757228944799914e-01,-1.199999999999999956e+00
-1.874443227384827715e-01,-1.450545110719298481e-01,-1.199999999999999956e+00
-1.864530560940510506e-01,-1.451332992493797047e-01,-1.199999999999999956e+00
-1.854617894496193020e-01,-1.452120874268295614e-01,-1.199999999999999956e+00
-1.844705228051875812e-01,-1.452908756042793903e-01,-1.199999999999999956e+00
-1.834792561607558603e-01,-1.453696637817292470e-01,-1.199999999999999956e+00
-1.824879895163241394e-01,-1.454484519591791036e-01,-1.199999999999999956e+00
-1.814967228718923908e-01,-1.455272401366289603e-01,-1.199999999999999956e+00
-1.805054562274606700e-01,-1.456060283140788170e-01,-1.199999999999999956e+00
-1.795141895830289491e-01,-1.456848164915286459e-01,-1.199999999999999956e+00
-1.785229229385972283e-01,-1.457636046689785025e-01,-1.199999999999999956e+00
-1.775316562941655074e-01,-1.458423928464283592e-01,-1.199999999999999956e+00
-1.765403896497337866e-01,-1.459211810238782159e-01,-1.199999999999999956e+00
-1.755491230053020657e-01,-1.459999692013280725e-01,-1.199999999999999956e+00
-1.745578563608703448e-01,-1.460787573787779015e-01,-1.199999999999999956e+00
-1.735665897164386240e-01,-1.461575455562277581e-01,-1.199999999999999956e+00
-1.725753230720069031e-01,-1.462363337336776148e-01,-1.199999999999999956e+00
-1.715840564275751823e-01,-1.463151219111274715e-01,-1.199999999999999956e+00
-1.705927897831434337e-01,-1.463939100885773004e-01,-1.199999999999999956e+00
-1.696015231387117128e-01,-1.464726982660271570e-01,-1.199999999999999956e+00
-1.686102564942799920e-01,-1.465514864434770137e-01,-1.199999999999999956e+00
-1.676210319525407999e-01,-1.466033236060304001e-01,-1.199999999999999956e+00
-1.666318074108015801e-01,-1.466551607685838143e-01,-1.199999999999999956e+00
-1.656425828690623880e-01,-1.467069979311372008e-01,-1.199999999999999956e+00
-1.646533583273231960e-01,-1.467588350936906150e-01,-1.199999999999999956e+00
-1.636641337855840039e-01,-1.468106722562440014e-01,-1.199999999999999956e+00
-1.626749092438447841e-01,-1.468625094187974156e-01,-1.199999999999999956e+00
-1.616856847021055921e-01,-1.469143465813508020e-01,-1.199999999999999956e+00
-1.606964601603664000e-01,-1.469661837439042162e-01,-1.199999999999999956e+00
-1.597072356186272080e-01,-1.470180209064576027e-01,-1.199999999999999956e+00
-1.587180110768879882e-01,-1.470698580690110169e-01,-1.199999999999999956e+00
-1.577287865351487961e-01,-1.471216952315644033e-01,-1.199999999999999956e+00
-1.567395619934096040e-01,-1.471735323941178175e-01,-1.199999999999999956e+00
-1.557503374516703842e-01,-1.472253695566712040e-01,-1.199999999999999956e+00
-1.547611129099311922e-01,-1.472772067192246181e-01,-1.199999999999999956e+00
-1.537718883681920001e-01,-1.473290438817780046e-01,-1.199999999999999956e+00
-1.527826638264527803e-01,-1.473808810443314188e-01,-1.199999999999999956e+00
-1.517934392847135883e-01,-1.474327182068848052e-01,-1.199999999999999956e+00
-1.508042147429743962e-01,-1.474845553694382194e-01,-1.199999999999999956e+00
-1.498149902012352042e-01,-1.475363925319916059e-01,-1.199999999999999956e+00
-1.488257656594959843e-01,-1.475882296945450201e-01,-1.199999999999999956e+00
-1.478365411177567923e-01,-1.476400668570984065e-01,-1.199999999999999956e+00
-1.468473165760176002e-01,-1.476919040196518207e-01,-1.199999999999999956e+00
-1.458580920342784082e-01,-1.477437411822052071e-01,-1.199999999999999956e+00
-1.448688674925391884e-01,-1.477955783447586213e-01,-1.199999999999999956e+00
-1.438796429507999963e-01,-1.478474155073120078e-01,-1.199999999999999956e+00
-1.428904184090608043e-01,-1.478992526698653942e-01,-1.199999999999999956e+00
-1.419011938673215845e-01,-1.479510898324188084e-01,-1.199999999999999956e+00
-1.409119693255823924e-01,-1.480029269949721948e-01,-1.199999999999999956e+00
-1.399227447838432004e-01,-1.480547641575256090e-01,-1.199999999999999956e+00
-1.389335202421040083e-01,-1.481066013200789955e-01,-1.199999999999999956e+00
-1.379442957003647885e-01,-1.481584384826324097e-01,-1.199999999999999956e+00
-1.369550711586255964e-01,-1.482102756451857961e-01,-1.199999999999999956e+00
-1.359658466168864044e-01,-1.482621128077392103e-01,-1.199999999999999956e+00
-1.349766220751472123e-01,-1.483139499702925967e-01,-1.199999999999999956e+00
-1.339873975334079925e-01,-1.483657871328460109e-01,-1.199999999999999956e+00
-1.329981729916688005e-01,-1.484176242953993974e-01,-1.199999999999999956e+00
-1.320089484499296084e-01,-1.484694614579528116e-01,-1.199999999999999956e+00
-1.310197239081903886e-01,-1.485212986205061980e-01,-1.199999999999999956e+00
-1.300304993664511966e-01,-1.485731357830596122e-01,-1.199999999999999956e+00
-1.290412748247120045e-01,-1.486249729456129987e-01,-1.199999999999999956e+00
-1.280520502829727847e-01,-1.486768101081664128e-01,-1.199999999999999956e+00
-1.270628257412336204e-01,-1.487286472707197993e-01,-1.199999999999999956e+00
-1.260736011994944006e-01,-1.487804844332732135e-01,-1.199999999999999956e+00
-1.250843766577552085e-01,-1.488323215958265999e-01,-1.199999999999999956e+00
-1.240951521160160026e-01,-1.488841587583800141e-01,-1.199999999999999956e+00
-1.231059275742767967e-01,-1.489359959209334006e-01,-1.199999999999999956e+00
-1.221167030325376046e-01,-1.489878330834868148e-01,-1.199999999999999956e+00
-1.211274784907983987e-01,-1.490396702460402012e-01,-1.199999999999999956e+00
-1.201382539490591927e-01,-1.490915074085936154e-01,-1.199999999999999956e+00
-1.191490294073200007e-01,-1.491433445711470018e-01,-1.199999999999999956e+00
-1.181598048655807948e-01,-1.491951817337003883e-01,-1.199999999999999956e+00
-1.171705803238416027e-01,-1.492470188962538025e-01,-1.199999999999999956e+00
-1.161813557821023968e-01,-1.492988560588071889e-01,-1.199999999999999956e+00
-1.151921312403632047e-01,-1.493506932213606031e-01,-1.199999999999999956e+00
-1.142029066986239988e-01,-1.494025303839139895e-01,-1.199999999999999956e+00
-1.132136821568847929e-01,-1.494543675464674037e-01,-1.199999999999999956e+00
-1.122244576151456008e-01,-1.495062047090207902e-01,-1.199999999999999956e+00
-1.112352330734063949e-01,-1.495580418715742044e-01,-1.199999999999999956e+00
-1.102460085316672028e-01,-1.496098790341275908e-01,-1.199999999999999956e+00
-1.092567839899279969e-01,-1.496617161966810050e-01,-1.199999999999999956e+00
-1.082675594481888048e-01,-1.497135533592343914e-01,-1.199999999999999956e+00
-1.072783349064495989e-01,-1.497653905217878056e-01,-1.199999999999999956e+00
-1.062891103647103930e-01,-1.498172276843411921e-01,-1.199999999999999956e+00
-1.052998858229712009e-01,-1.498690648468946063e-01,-1.199999999999999956e+00
-1.043106612812319950e-01,-1.499209020094479927e-01,-1.199999999999999956e+00
-1.033214367394928029e-01,-1.499727391720014069e-01,-1.199999999999999956e+00
-1.023322121977535970e-01,-1.500245763345547934e-01,-1.199999999999999956e+00
-1.013429876560144050e-01,-1.500764134971082076e-01,-1.199999999999999956e+00
-1.003537631142751990e-01,-1.501282506596615940e-01,-1.199999999999999956e+00
-9.936453857253599309e-02,-1.501800878222150082e-01,-1.199999999999999956e+00
-9.837531403079680103e-02,-1.502319249847683946e-01,-1.199999999999999956e+00
-9.738608948905759510e-02,-1.502837621473218088e-01,-1.199999999999999956e+00
-9.639686494731840305e-02,-1.503355993098751953e-01,-1.199999999999999956e+00
-9.540764040557919712e-02,-1.503874364724286095e-01,-1.199999999999999956e+00
-9.441841586384000506e-02,-1.504392736349819959e-01,-1.199999999999999956e+00
-9.342919132210079913e-02,-1.504911107975353823e-01,-1.199999999999999956e+00
-9.243996678036159320e-02,-1.505429479600887965e-01,-1.199999999999999956e+00
-9.145074223862240115e-02,-1.505947851226421830e-01,-1.199999999999999956e+00
-9.046151769688319522e-02,-1.506466222851955972e-01,-1.199999999999999956e+00
-8.947229315514398928e-02,-1.506984594477489836e-01,-1.199999999999999956e+00
-8.848306861340479723e-02,-1.507502966103023978e-01,-1.199999999999999956e+00
-8.749384407166560518e-02,-1.508021337728557842e-01,-1.199999999999999956e+00
-8.650461952992638537e-02,-1.508539709354091984e-01,-1.199999999999999956e+00
-8.551539498818719331e-02,-1.509058080979625849e-01,-1.199999999999999956e+00
-8.452617044644800126e-02,-1.509576452605159991e-01,-1.199999999999999956e+00
-8.353694590470879533e-02,-1.510094824230693855e-01,-1.199999999999999956e+00
-8.254772136296958940e-02,-1.510613195856227997e-01,-1.199999999999999956e+00
-8.155849682123039734e-02,-1.511131567481761862e-01,-1.199999999999999956e+00
-8.056927227949120529e-02,-1.511649939107296003e-01,-1.199999999999999956e+00
-7.958004773775199936e-02,-1.512168310732829868e-01,-1.199999999999999956e+00
-7.859082319601279343e-02,-1.512686682358364010e-01,-1.199999999999999956e+00
-7.760159865427360137e-02,-1.513205053983897874e-01,-1.199999999999999956e+00
-7.661237411253439544e-02,-1.513723425609432016e-01,-1.199999999999999956e+00
-7.562314957079518951e-02,-1.514241797234965881e-01,-1.199999999999999956e+00
-7.463392502905599746e-02,-1.514760168860500023e-01,-1.199999999999999956e+00
-7.364470048731680540e-02,-1.515278540486033887e-01,-1.199999999999999956e+00
-7.265547594557759947e-02,-1.515796912111568029e-01,-1.199999999999999956e+00
-7.166625140383839354e-02,-1.516315283737101893e-01,-1.199999999999999956e+00
-7.067702686209920149e-02,-1.516833655362636035e-01,-1.199999999999999956e+00
-6.968780232035999556e-02,-1.517352026988169900e-01,-1.199999999999999956e+00
-6.869857777862080350e-02,-1.517870398613703764e-01,-1.199999999999999956e+00
-6.770935323688159757e-02,-1.518388770239237906e-01,-1.199999999999999956e+00
-6.672012869514240552e-02,-1.518907141864772048e-01,-1.199999999999999956e+00
-6.573090415340319959e-02,-1.519425513490305912e-01,-1.199999999999999956e+00
-6.474167961166400753e-02,-1.519943885115839777e-01,-1.199999999999999956e+00
-6.375245506992480160e-02,-1.520462256741373919e-01,-1.199999999999999956e+00
-6.276323052818560955e-02,-1.520980628366908061e-01,-1.199999999999999956e+00
-6.177400598644641055e-02,-1.521498999992441925e-01,-1.199999999999999956e+00
-6.078478144470721156e-02,-1.522017371617975789e-01,-1.199999999999999956e+00
-5.979555690296801951e-02,-1.522535743243509931e-01,-1.199999999999999956e+00
-5.880633236122882052e-02,-1.523054114869044073e-01,-1.199999999999999956e+00
-5.781710781948962152e-02,-1.523572486494577938e-01,-1.199999999999999956e+00
-5.682788327775042253e-02,-1.524090858120111802e-01,-1.199999999999999956e+00
-5.583865873601122354e-02,-1.524609229745645944e-01,-1.199999999999999956e+00
-5.484943419427202455e-02,-1.525127601371180086e-01,-1.199999999999999956e+00
-5.386020965253282555e-02,-1.525645972996713950e-01,-1.199999999999999956e+00
-5.287098511079363350e-02,-1.526164344622247815e-01,-1.199999999999999956e+00
-5.188176056905443451e-02,-1.526682716247781957e-01,-1.199999999999999956e+00
-5.089253602731523551e-02,-1.527201087873316099e-01,-1.199999999999999956e+00
-4.990331148557604346e-02,-1.527719459498849963e-01,-1.199999999999999956e+00
-4.891408694383683753e-02,-1.528237831124383828e-01,-1.199999999999999956e+00
-4.792486240209764548e-02,-1.528756202749917970e-01,-1.199999999999999956e+00
-4.693563786035844648e-02,-1.529274574375452111e-01,-1.199999999999999956e+00
-4.594641331861924749e-02,-1.529792946000985976e-01,-1.199999999999999956e+00
-4.495718877688004156e-02,-1.530311317626519840e-01,-1.199999999999999956e+00
-4.396796423514084950e-02,-1.530829689252053982e-01,-1.199999999999999956e+00
-4.297873969340165051e-02,-1.531348060877588124e-01,-1.199999999999999956e+00
-4.198951515166245152e-02,-1.531866432503121989e-01,-1.199999999999999956e+00
-4.100029060992325947e-02,-1.532384804128655853e-01,-1.199999999999999956e+00
-4.001106606818405353e-02,-1.532903175754189995e-01,-1.199999999999999956e+00
-3.902184152644486148e-02,-1.533421547379724137e-01,-1.199999999999999956e+00
-3.803261698470566249e-02,-1.533939919005258001e-01,-1.199999999999999956e+00
-3.704339244296646350e-02,-1.534458290630791866e-01,-1.199999999999999956e+00
-3.605416790122727144e-02,-1.534976662256326008e-01,-1.199999999999999956e+00
-3.506494335948807245e-02,-1.535495033881860150e-01,-1.199999999999999956e+00
-3.407571881774887346e-02,-1.536013405507394014e-01,-1.199999999999999956e+00
-3.308649427600967446e-02,-1.536531777132927878e-01,-1.199999999999999956e+00
-3.209726973427047547e-02,-1.537050148758462020e-01,-1.199999999999999956e+00
-3.110804519253128342e-02,-1.537568520383996162e-01,-1.199999999999999956e+00
-3.011882065079208443e-02,-1.538086892009530027e-01,-1.199999999999999956e+00
-2.912959610905288543e-02,-1.538605263635063891e-01,-1.199999999999999956e+00
-2.814037156731368644e-02,-1.539123635260598033e-01,-1.199999999999999956e+00
-2.715114702557448745e-02,-1.539642006886132175e-01,-1.199999999999999956e+00
-2.616192248383529539e-02,-1.540160378511666039e-01,-1.199999999999999956e+00
-2.517269794209609640e-02,-1.540678750137199904e-01,-1.199999999999999956e+00
-2.418347340035689741e-02,-1.541197121762734046e-01,-1.199999999999999956e+00
-2.319424885861769842e-02,-1.541715493388268188e-01,-1.199999999999999956e+00
-2.220502431687849249e-02,-1.542233865013802052e-01,-1.199999999999999956e+00
-2.121579977513929349e-02,-1.542752236639335917e-01,-1.199999999999999956e+00
-2.022657523340009450e-02,-1.543270608264870059e-01,-1.199999999999999956e+00
-1.923839354776777852e-02,-1.541739061330249239e-01,-1.199999999999999956e+00
-1.825021186213545907e-02,-1.540207514395628696e-01,-1.199999999999999956e+00
-1.726203017650313615e-02,-1.538675967461007876e-01,-1.199999999999999956e+00
-1.627384849087081670e-02,-1.537144420526387056e-01,-1.199999999999999956e+00
-1.528566680523849378e-02,-1.535612873591766514e-01,-1.199999999999999956e+00
-1.429748511960617086e-02,-1.534081326657145694e-01,-1.199999999999999956e+00
-1.330930343397384967e-02,-1.532549779722524874e-01,-1.199999999999999956e+00
-1.232112174834152848e-02,-1.531018232787904332e-01,-1.199999999999999956e+00
-1.133294006270920730e-02,-1.529486685853283512e-01,-1.199999999999999956e+00
-1.034475837707688438e-02,-1.527955138918662692e-01,-1.199999999999999956e+00
-9.356576691444563193e-03,-1.526423591984042150e-01,-1.199999999999999956e+00
-8.368395005812242007e-03,-1.524892045049421330e-01,-1.199999999999999956e+00
-7.380213320179919087e-03,-1.523360498114800510e-01,-1.199999999999999956e+00
-6.392031634547597901e-03,-1.521828951180179967e-01,-1.199999999999999956e+00
-5.403849948915276716e-03,-1.520297404245559147e-01,-1.199999999999999956e+00
-4.415668263282955530e-03,-1.518765857310938328e-01,-1.199999999999999956e+00
-3.427486577650632610e-03,-1.517234310376317785e-01,-1.199999999999999956e+00
-2.439304892018313159e-03,-1.515702763441696965e-01,-1.199999999999999956e+00
-1.451123206385990239e-03,-1.514171216507076145e-01,-1.199999999999999956e+00
-4.629415207536673182e-04,-1.512639669572455603e-01,-1.199999999999999956e+00
5.252401648786521327e-04,-1.511108122637834783e-01,-1.199999999999999956e+00
1.513421850510975053e-03,-1.509576575703213963e-01,-1.199999999999999956e+00
2.501603536143297973e-03,-1.508045028768593421e-01,-1.199999999999999956e+00
3.489785221775617424e-03,-1.506513481833972601e-01,-1.199999999999999956e+00
4.477966907407940345e-03,-1.504981934899351781e-01,-1.199999999999999956e+00
5.466148593040263265e-03,-1.503450387964731239e-01,-1.199999999999999956e+00
6.454330278672582716e-03,-1.501918841030110419e-01,-1.199999999999999956e+00
7.442511964304905636e-03,-1.500387294095489599e-01,-1.199999999999999956e+00
8.430693649937225087e-03,-1.498855747160869056e-01,-1.199999999999999956e+00
9.418875335569548007e-03,-1.497324200226248236e-01,-1.199999999999999956e+00
1.040705702120187440e-02,-1.495792653291627416e-01,-1.199999999999999956e+00
1.139523870683419038e-02,-1.494261106357006874e-01,-1.199999999999999956e+00
1.238342039246650983e-02,-1.492729559422386054e-01,-1.199999999999999956e+00
1.337160207809883622e-02,-1.491198012487765234e-01,-1.199999999999999956e+00
1.435978376373116261e-02,-1.489666465553144692e-01,-1.199999999999999956e+00
1.534796544936347512e-02,-1.488134918618523872e-01,-1.199999999999999956e+00
1.633614713499579457e-02,-1.486603371683903052e-01,-1.199999999999999956e+00
1.732432882062812096e-02,-1.485071824749282510e-01,-1.199999999999999956e+00
1.831251050626044735e-02,-1.483540277814661690e-01,-1.199999999999999956e+00
1.930069219189276680e-02,-1.482008730880040870e-01,-1.199999999999999956e+00
2.028887387752508625e-02,-1.480477183945420327e-01,-1.199999999999999956e+00
2.127705556315740570e-02,-1.478945637010799508e-01,-1.199999999999999956e+00
2.226523724878973209e-02,-1.477414090076178688e-01,-1.199999999999999956e+00
2.325341893442205154e-02,-1.475882543141558145e-01,-1.199999999999999956e+00
2.424160062005437100e-02,-1.474350996206937325e-01,-1.199999999999999956e+00
2.522978230568669739e-02,-1.472819449272316505e-01,-1.199999999999999956e+00
2.621796399131901684e-02,-1.471287902337695963e-01,-1.199999999999999956e+00
2.720614567695133629e-02,-1.469756355403075143e-01,-1.199999999999999956e+00
2.819432736258365574e-02,-1.468224808468454323e-01,-1.199999999999999956e+00
2.918250904821598213e-02,-1.466693261533833781e-01,-1.199999999999999956e+00
3.017069073384830852e-02,-1.465161714599212961e-01,-1.199999999999999956e+00
3.115887241948062797e-02,-1.463630167664592141e-01,-1.199999999999999956e+00
3.214705410511294048e-02,-1.462098620729971599e-01,-1.199999999999999956e+00
3.313523579074526687e-02,-1.460567073795350779e-01,-1.199999999999999956e+00
3.412341747637759326e-02,-1.459035526860729959e-01,-1.199999999999999956e+00
3.511159916200991271e-02,-1.457503979926109416e-01,-1.199999999999999956e+00
3.609978084764223216e-02,-1.455972432991488597e-01,-1.199999999999999956e+00
3.708796253327455161e-02,-1.454440886056867777e-01,-1.199999999999999956e+00
3.807614421890687800e-02,-1.452909339122247234e-01,-1.199999999999999956e+00
3.906432590453919745e-02,-1.451377792187626414e-01,-1.199999999999999956e+00
4.005250759017151690e-02,-1.449846245253005594e-01,-1.199999999999999956e+00
4.104068927580385023e-02,-1.448314698318385052e-01,-1.199999999999999956e+00
4.202887096143616968e-02,-1.446783151383764232e-01,-1.199999999999999956e+00
4.301705264706848220e-02,-1.445251604449143412e-01,-1.199999999999999956e+00
4.400523433270080165e-02,-1.443720057514522870e-01,-1.199999999999999956e+00
4.499341601833312110e-02,-1.442188510579902050e-01,-1.199999999999999956e+00
4.598159770396545443e-02,-1.440656963645281230e-01,-1.199999999999999956e+00
4.696977938959777388e-02,-1.439125416710660688e-01,-1.199999999999999956e+00
4.795796107523009333e-02,-1.437593869776039868e-01,-1.199999999999999956e+00
4.891901038262488899e-02,-1.435151504695443003e-01,-1.199999999999999956e+00
4.988005969001968465e-02,-1.432709139614846139e-01,-1.199999999999999956e+00
5.084110899741447337e-02,-1.430266774534249274e-01,-1.199999999999999956e+00
5.180215830480926903e-02,-1.427824409453652410e-01,-1.199999999999999956e+00
5.276320761220405775e-02,-1.425382044373055546e-01,-1.199999999999999956e+00
5.372425691959885341e-02,-1.422939679292458681e-01,-1.199999999999999956e+00
5.468530622699364213e-02,-1.420497314211861817e-01,-1.199999999999999956e+00
5.564635553438843085e-02,-1.418054949131264952e-01,-1.199999999999999956e+00
5.660740484178322651e-02,-1.415612584050668088e-01,-1.199999999999999956e+00
5.756845414917801523e-02,-1.413170218970071224e-01,-1.199999999999999956e+00
5.852950345657281089e-02,-1.410727853889474359e-01,-1.199999999999999956e+00
5.949055276396759961e-02,-1.408285488808877495e-01,-1.199999999999999956e+00
6.045160207136239527e-02,-1.405843123728280630e-01,-1.199999999999999956e+00
6.141265137875718400e-02,-1.403400758647683766e-01,-1.199999999999999956e+00
6.237370068615197966e-02,-1.400958393567086901e-01,-1.199999999999999956e+00
6.333474999354676838e-02,-1.398516028486490037e-01,-1.199999999999999956e+00
6.429579930094156404e-02,-1.396073663405893173e-01,-1.199999999999999956e+00
6.525684860833635970e-02,-1.393631298325296308e-01,-1.199999999999999956e+00
6.621789791573114148e-02,-1.391188933244699444e-01,-1.199999999999999956e+00
6.717894722312593714e-02,-1.388746568164102579e-01,-1.199999999999999956e+00
6.813999653052073280e-02,-1.386304203083505715e-01,-1.199999999999999956e+00
6.910104583791551458e-02,-1.383861838002908851e-01,-1.199999999999999956e+00
7.006209514531031024e-02,-1.381419472922311709e-01,-1.199999999999999956e+00
7.102314445270510590e-02,-1.378977107841715122e-01,-1.199999999999999956e+00
7.198419376009990156e-02,-1.376534742761117980e-01,-1.199999999999999956e+00
7.294524306749468334e-02,-1.374092377680521115e-01,-1.199999999999999956e+00
7.390629237488947900e-02,-1.371650012599924251e-01,-1.199999999999999956e+00
7.486734168228426078e-02,-1.369207647519327387e-01,-1.199999999999999956e+00
7.582839098967905644e-02,-1.366765282438730522e-01,-1.199999999999999956e+00
7.678944029707385210e-02,-1.364322917358133658e-01,-1.199999999999999956e+00
7.775048960446864776e-02,-1.361880552277536793e-01,-1.199999999999999956e+00
7.871153891186344342e-02,-1.359438187196939929e-01,-1.199999999999999956e+00
7.967258821925822521e-02,-1.356995822116343065e-01,-1.199999999999999956e+00
8.063363752665302087e-02,-1.354553457035746200e-01,-1.199999999999999956e+00
8.159468683404780265e-02,-1.352111091955149336e-01,-1.199999999999999956e+00
8.255573614144259831e-02,-1.349668726874552471e-01,-1.199999999999999956e+00
8.351678544883739397e-02,-1.347226361793955607e-01,-1.199999999999999956e+00
8.447783475623218963e-02,-1.344783996713358742e-01,-1.199999999999999956e+00
8.543888406362698529e-02,-1.342341631632761878e-01,-1.199999999999999956e+00
8.639993337102176707e-02,-1.339899266552165014e-01,-1.199999999999999956e+00
8.736098267841656273e-02,-1.337456901471568149e-01,-1.199999999999999956e+00
8.832203198581135839e-02,-1.335014536390971285e-01,-1.199999999999999956e+00
8.928308129320614017e-02,-1.332572171310374420e-01,-1.199999999999999956e+00
9.024413060060093583e-02,-1.330129806229777556e-01,-1.199999999999999956e+00
9.120517990799573149e-02,-1.327687441149180692e-01,-1.199999999999999956e+00
9.216622921539052715e-02,-1.325245076068583827e-01,-1.199999999999999956e+00
9.312727852278530893e-02,-1.322802710987986963e-01,-1.199999999999999956e+00
9.408832783018010459e-02,-1.320360345907390098e-01,-1.199999999999999956e+00
9.504937713757510842e-02,-1.317917980826793234e-01,-1.199999999999999956e+00
9.601042644497009837e-02,-1.315475615746196369e-01,-1.199999999999999956e+00
9.697147575236510220e-02,-1.313033250665599505e-01,-1.199999999999999956e+00
9.793252505976009215e-02,-1.310590885585002641e-01,-1.199999999999999956e+00
9.889357436715509597e-02,-1.308148520504405776e-01,-1.199999999999999956e+00
9.985462367455008592e-02,-1.305706155423808912e-01,-1.199999999999999956e+00
1.008156729819450897e-01,-1.303263790343212047e-01,-1.199999999999999956e+00
1.017767222893400936e-01,-1.300821425262615183e-01,-1.199999999999999956e+00
1.027377715967350835e-01,-1.298379060182018319e-01,-1.199999999999999956e+00
1.036988209041300874e-01,-1.295936695101421454e-01,-1.199999999999999956e+00
1.046598702115250773e-01,-1.293494330020824590e-01,-1.199999999999999956e+00
1.056209195189200811e-01,-1.291051964940227448e-01,-1.199999999999999956e+00
1.065819688263150711e-01,-1.288609599859630583e-01,-1.199999999999999956e+00
1.075430181337100749e-01,-1.286167234779033719e-01,-1.199999999999999956e+00
1.085040674411050787e-01,-1.283724869698436855e-01,-1.199999999999999956e+00
1.094651167485000687e-01,-1.281282504617839990e-01,-1.199999999999999956e+00
1.104261660558950586e-01,-1.278840139537243126e-01,-1.199999999999999956e+00
1.113872153632900625e-01,-1.276397774456646261e-01,-1.199999999999999956e+00
1.123482646706850663e-01,-1.273955409376049397e-01,-1.199999999999999956e+00
1.133093139780800562e-01,-1.271513044295452532e-01,-1.199999999999999956e+00
1.142703632854750601e-01,-1.269070679214855668e-01,-1.199999999999999956e+00
1.152314125928700500e-01,-1.266628314134258804e-01,-1.199999999999999956e+00
1.161924619002650538e-01,-1.264185949053661939e-01,-1.199999999999999956e+00
1.171535112076600438e-01,-1.261743583973065075e-01,-1.199999999999999956e+00
1.181145605150550476e-01,-1.259301218892468210e-01,-1.199999999999999956e+00
1.190756098224500514e-01,-1.256858853811871346e-01,-1.199999999999999956e+00
1.200366591298450414e-01,-1.254416488731274482e-01,-1.199999999999999956e+00
1.209977084372400452e-01,-1.251974123650677617e-01,-1.199999999999999956e+00
1.219587577446350352e-01,-1.249531758570080753e-01,-1.199999999999999956e+00
1.229198070520300390e-01,-1.247089393489483888e-01,-1.199999999999999956e+00
1.238808563594250289e-01,-1.244647028408886885e-01,-1.199999999999999956e+00
1.248419056668200328e-01,-1.242204663328290021e-01,-1.199999999999999956e+00
1.258029549742150366e-01,-1.239762298247693156e-01,-1.199999999999999956e+00
1.267640042816100265e-01,-1.237319933167096292e-01,-1.199999999999999956e+00
1.277250535890050165e-01,-1.234877568086499428e-01,-1.199999999999999956e+00
1.286861028964000342e-01,-1.232435203005902563e-01,-1.199999999999999956e+00
1.296471522037950241e-01,-1.229992837925305699e-01,-1.199999999999999956e+00
1.306082015111900141e-01,-1.227550472844708834e-01,-1.199999999999999956e+00
1.315692508185850040e-01,-1.225108107764111970e-01,-1.199999999999999956e+00
1.325303001259800217e-01,-1.222665742683515105e-01,-1.199999999999999956e+00
1.334913494333750117e-01,-1.220223377602918241e-01,-1.199999999999999956e+00
1.344523987407700016e-01,-1.217781012522321238e-01,-1.199999999999999956e+00
1.354134480481650193e-01,-1.215338647441724373e-01,-1.199999999999999956e+00
1.363744973555600093e-01,-1.212896282361127509e-01,-1.199999999999999956e+00
1.373355466629549992e-01,-1.210453917280530645e-01,-1.199999999999999956e+00
1.382965959703499892e-01,-1.208011552199933780e-01,-1.199999999999999956e+00
1.392576452777450069e-01,-1.205569187119336916e-01,-1.199999999999999956e+00
1.402186945851399968e-01,-1.203126822038740051e-01,-1.199999999999999956e+00
1.411797438925349868e-01,-1.200684456958143187e-01,-1.199999999999999956e+00
1.421407931999300045e-01,-1.198242091877546323e-01,-1.199999999999999956e+00
1.431018425073249944e-01,-1.195799726796949458e-01,-1.199999999999999956e+00
1.440628918147199844e-01,-1.193357361716352594e-01,-1.199999999999999956e+00
1.450239411221150021e-01,-1.190914996635755729e-01,-1.199999999999999956e+00
1.459849904295099920e-01,-1.188472631555158865e-01,-1.199999999999999956e+00
1.469460397369050098e-01,-1.186030266474561862e-01,-1.199999999999999956e+00
1.479070890442999997e-01,-1.183587901393964997e-01,-1.199999999999999956e+00
1.488681383516949897e-01,-1.181145536313368133e-01,-1.199999999999999956e+00
1.498291876590900074e-01,-1.178703171232771268e-01,-1.199999999999999956e+00
1.507902369664849973e-01,-1.176260806152174404e-01,-1.199999999999999956e+00
1.517512862738799873e-01,-1.173818441071577540e-01,-1.199999999999999956e+00
1.527123355812750050e-01,-1.171376075990980675e-01,-1.199999999999999956e+00
1.536733848886699949e-01,-1.168933710910383811e-01,-1.199999999999999956e+00
1.546344341960649849e-01,-1.166491345829786946e-01,-1.199999999999999956e+00
1.555954835034600026e-01,-1.164048980749190082e-01,-1.199999999999999956e+00
1.565565328108549925e-01,-1.161606615668593218e-01,-1.199999999999999956e+00
1.575175821182499825e-01,-1.159164250587996214e-01,-1.199999999999999956e+00
1.584786314256450002e-01,-1.156721885507399350e-01,-1.199999999999999956e+00
1.594396807330399901e-01,-1.154279520426802486e-01,-1.199999999999999956e+00
1.604007300404349801e-01,-1.151837155346205621e-01,-1.199999999999999956e+00
1.613617793478299978e-01,-1.149394790265608757e-01,-1.199999999999999956e+00
1.623228286552249877e-01,-1.146952425185011892e-01,-1.199999999999999956e+00
1.632838779626200054e-01,-1.144510060104415028e-01,-1.199999999999999956e+00
1.642449272700149954e-01,-1.142067695023818164e-01,-1.199999999999999956e+00
1.652059765774099853e-01,-1.139625329943221299e-01,-1.199999999999999956e+00
1.661670258848049753e-01,-1.137182964862624435e-01,-1.199999999999999956e+00
1.671280751921999930e-01,-1.134740599782027570e-01,-1.199999999999999956e+00
1.680891244995949829e-01,-1.132298234701430706e-01,-1.199999999999999956e+00
1.690501738069900006e-01,-1.129855869620833841e-01,-1.199999999999999956e+00
1.700112231143849906e-01,-1.127413504540236838e-01,-1.199999999999999956e+00
1.709722724217799805e-01,-1.124971139459639974e-01,-1.199999999999999956e+00
1.719333217291749982e-01,-1.122528774379043109e-01,-1.199999999999999956e+00
1.728943710365699882e-01,-1.120086409298446245e-01,-1.199999999999999956e+00
1.738554203439649781e-01,-1.117644044217849381e-01,-1.199999999999999956e+00
1.748164696513599958e-01,-1.115201679137252516e-01,-1.199999999999999956e+00
1.757775189587549858e-01,-1.112759314056655652e-01,-1.199999999999999956e+00
1.767385682661499757e-01,-1.110316948976058787e-01,-1.199999999999999956e+00
1.776996175735449934e-01,-1.107874583895461923e-01,-1.199999999999999956e+00
1.786606668809399834e-01,-1.105432218814865059e-01,-1.199999999999999956e+00
1.796217161883350011e-01,-1.102989853734268194e-01,-1.199999999999999956e+00
1.805827654957299910e-01,-1.100547488653671191e-01,-1.199999999999999956e+00
1.815438148031249810e-01,-1.098105123573074327e-01,-1.199999999999999956e+00
1.825048641105199987e-01,-1.095662758492477462e-01,-1.199999999999999956e+00
1.834659134179149886e-01,-1.093220393411880598e-01,-1.199999999999999956e+00
1.844269627253099786e-01,-1.090778028331283733e-01,-1.199999999999999956e+00
1.853880120327049963e-01,-1.088335663250686869e-01,-1.199999999999999956e+00
1.863490613400999862e-01,-1.085893298170090004e-01,-1.199999999999999956e+00
1.873475196867664394e-01,-1.085543266588177569e-01,-1.199999999999999956e+00
1.883459780334328926e-01,-1.085193235006265133e-01,-1.199999999999999956e+00
1.893444363800993457e-01,-1.084843203424352698e-01,-1.199999999999999956e+00
1.903428947267657989e-01,-1.084493171842440262e-01,-1.199999999999999956e+00
1.913413530734322521e-01,-1.084143140260527965e-01,-1.199999999999999956e+00
1.923398114200987052e-01,-1.083793108678615530e-01,-1.199999999999999956e+00
1.933382697667651584e-01,-1.083443077096703094e-01,-1.199999999999999956e+00
1.943367281134316116e-01,-1.083093045514790659e-01,-1.199999999999999956e+00
1.953351864600980647e-01,-1.082743013932878223e-01,-1.199999999999999956e+00
1.963336448067645179e-01,-1.082392982350965788e-01,-1.199999999999999956e+00
1.973321031534309711e-01,-1.082042950769053352e-01,-1.199999999999999956e+00
1.983305615000973965e-01,-1.081692919187140917e-01,-1.199999999999999956e+00
1.993290198467638497e-01,-1.081342887605228481e-01,-1.199999999999999956e+00
2.003274781934303028e-01,-1.080992856023316184e-01,-1.199999999999999956e+00
2.013259365400967560e-01,-1.080642824441403749e-01,-1.199999999999999956e+00
2.023243948867632092e-01,-1.080292792859491313e-01,-1.199999999999999956e+00
2.033228532334296623e-01,-1.079942761277578878e-01,-1.199999999999999956e+00
2.043213115800961155e-01,-1.079592729695666442e-01,-1.199999999999999956e+00
2.053197699267625687e-01,-1.079242698113754007e-01,-1.199999999999999956e+00
2.063182282734290218e-01,-1.078892666531841571e-01,-1.199999999999999956e+00
2.073166866200954750e-01,-1.078542634949929135e-01,-1.199999999999999956e+00
2.083151449667619282e-01,-1.078192603368016700e-01,-1.199999999999999956e+00
2.093136033134283813e-01,-1.077842571786104403e-01,-1.199999999999999956e+00
2.103120616600948345e-01,-1.077492540204191968e-01,-1.199999999999999956e+00
2.113105200067612877e-01,-1.077142508622279532e-01,-1.199999999999999956e+00
2.123089783534277408e-01,-1.076792477040367096e-01,-1.199999999999999956e+00
2.133074367000941940e-01,-1.076442445458454661e-01,-1.199999999999999956e+00
2.143058950467606472e-01,-1.076092413876542225e-01,-1.199999999999999956e+00
2.153043533934271003e-01,-1.075742382294629790e-01,-1.199999999999999956e+00
2.163028117400935535e-01,-1.075392350712717354e-01,-1.199999999999999956e+00
2.173012700867599789e-01,-1.075042319130805057e-01,-1.199999999999999956e+00
2.182997284334264321e-01,-1.074692287548892622e-01,-1.199999999999999956e+00
2.192981867800928852e-01,-1.074342255966980186e-01,-1.199999999999999956e+00
2.202966451267593384e-01,-1.073992224385067751e-01,-1.199999999999999956e+00
2.212951034734257916e-01,-1.073642192803155315e-01,-1.199999999999999956e+00
2.222935618200922447e-01,-1.073292161221242880e-01,-1.199999999999999956e+00
2.232920201667586979e-01,-1.072942129639330444e-01,-1.199999999999999956e+00
2.242904785134251511e-01,-1.072592098057418009e-01,-1.199999999999999956e+00
2.252889368600916042e-01,-1.072242066475505573e-01,-1.199999999999999956e+00
2.262873952067580574e-01,-1.071892034893593276e-01,-1.199999999999999956e+00
2.272858535534245106e-01,-1.071542003311680841e-01,-1.199999999999999956e+00
2.282843119000909637e-01,-1.071191971729768405e-01,-1.199999999999999956e+00
2.292827702467574169e-01,-1.070841940147855970e-01,-1.199999999999999956e+00
2.302812285934238701e-01,-1.070491908565943534e-01,-1.199999999999999956e+00
2.312796869400903232e-01,-1.070141876984031098e-01,-1.199999999999999956e+00
2.322781452867567764e-01,-1.069791845402118663e-01,-1.199999999999999956e+00
2.332766036334232296e-01,-1.069441813820206227e-01,-1.199999999999999956e+00
2.342750619800896827e-01,-1.069091782238293792e-01,-1.199999999999999956e+00
2.352735203267561359e-01,-1.068741750656381495e-01,-1.199999999999999956e+00
2.362719786734225891e-01,-1.068391719074469060e-01,-1.199999999999999956e+00
2.372704370200890422e-01,-1.068041687492556624e-01,-1.199999999999999956e+00
2.382688953667554954e-01,-1.067691655910644188e-01,-1.199999999999999956e+00
2.392673537134219486e-01,-1.067341624328731753e-01,-1.199999999999999956e+00
2.402658120600884017e-01,-1.066991592746819317e-01,-1.199999999999999956e+00
2.412642704067548549e-01,-1.066641561164906882e-01,-1.199999999999999956e+00
2.422627287534213081e-01,-1.066291529582994446e-01,-1.199999999999999956e+00
2.432611871000877335e-01,-1.065941498001082011e-01,-1.199999999999999956e+00
2.442596454467541867e-01,-1.065591466419169714e-01,-1.199999999999999956e+00
2.452581037934206398e-01,-1.065241434837257278e-01,-1.199999999999999956e+00
2.462565621400870930e-01,-1.064891403255344843e-01,-1.199999999999999956e+00
2.472550204867535462e-01,-1.064541371673432407e-01,-1.199999999999999956e+00
2.482534788334199993e-01,-1.064191340091519972e-01,-1.199999999999999956e+00
2.492474146460137430e-01,-1.064490794420674541e-01,-1.199999999999999956e+00
2.502413504586075144e-01,-1.064790248749829110e-01,-1.199999999999999956e+00
2.512352862712012302e-01,-1.065089703078983679e-01,-1.199999999999999956e+00
2.522292220837950016e-01,-1.065389157408138249e-01,-1.199999999999999956e+00
2.532231578963887730e-01,-1.065688611737292957e-01,-1.199999999999999956e+00
2.542170937089824889e-01,-1.065988066066447526e-01,-1.199999999999999956e+00
2.552110295215762603e-01,-1.066287520395602095e-01,-1.199999999999999956e+00
2.562049653341699762e-01,-1.066586974724756665e-01,-1.199999999999999956e+00
2.571989011467637476e-01,-1.066886429053911234e-01,-1.199999999999999956e+00
2.581928369593575190e-01,-1.067185883383065803e-01,-1.199999999999999956e+00
2.591867727719512349e-01,-1.067485337712220372e-01,-1.199999999999999956e+00
2.601807085845450063e-01,-1.067784792041374942e-01,-1.199999999999999956e+00
2.611746443971387777e-01,-1.068084246370529511e-01,-1.199999999999999956e+00
2.621685802097324935e-01,-1.068383700699684080e-01,-1.199999999999999956e+00
2.631625160223262649e-01,-1.068683155028838788e-01,-1.199999999999999956e+00
2.641564518349199808e-01,-1.068982609357993357e-01,-1.199999999999999956e+00
2.651503876475137522e-01,-1.069282063687147927e-01,-1.199999999999999956e+00
2.661443234601075236e-01,-1.069581518016302496e-01,-1.199999999999999956e+00
2.671382592727012395e-01,-1.069880972345457065e-01,-1.199999999999999956e+00
2.681321950852950109e-01,-1.070180426674611635e-01,-1.199999999999999956e+00
2.691261308978887268e-01,-1.070479881003766204e-01,-1.199999999999999956e+00
2.701200667104824982e-01,-1.070779335332920773e-01,-1.199999999999999956e+00
2.711140025230762696e-01,-1.071078789662075342e-01,-1.199999999999999956e+00
2.721079383356699855e-01,-1.071378243991230050e-01,-1.199999999999999956e+00
2.731018741482637568e-01,-1.071677698320384620e-01,-1.199999999999999956e+00
2.740958099608574727e-01,-1.071977152649539189e-01,-1.199999999999999956e+00
2.750897457734512441e-01,-1.072276606978693758e-01,-1.199999999999999956e+00
2.760836815860450155e-01,-1.072576061307848327e-01,-1.199999999999999956e+00
2.770776173986387314e-01,-1.072875515637002897e-01,-1.199999999999999956e+00
2.780715532112325028e-01,-1.073174969966157466e-01,-1.199999999999999956e+00
2.790654890238262742e-01,-1.073474424295312035e-01,-1.199999999999999956e+00
2.800594248364199901e-01,-1.073773878624466604e-01,-1.199999999999999956e+00
2.810533606490137615e-01,-1.074073332953621174e-01,-1.199999999999999956e+00
2.820472964616074774e-01,-1.074372787282775882e-01,-1.199999999999999956e+00
2.830412322742012488e-01,-1.074672241611930451e-01,-1.199999999999999956e+00
2.840351680867950201e-01,-1.074971695941085020e-01,-1.199999999999999956e+00
2.850291038993887360e-01,-1.075271150270239590e-01,-1.199999999999999956e+00
2.860230397119825074e-01,-1.075570604599394159e-01,-1.199999999999999956e+00
2.870169755245762788e-01,-1.075870058928548728e-01,-1.199999999999999956e+00
2.880109113371699947e-01,-1.076169513257703297e-01,-1.199999999999999956e+00
2.890048471497637661e-01,-1.076468967586857867e-01,-1.199999999999999956e+00
2.899987829623574820e-01,-1.076768421916012436e-01,-1.199999999999999956e+00
2.909927187749512534e-01,-1.077067876245167005e-01,-1.199999999999999956e+00
2.919866545875450248e-01,-1.077367330574321713e-01,-1.199999999999999956e+00
2.929805904001387407e-01,-1.077666784903476282e-01,-1.199999999999999956e+00
2.939745262127325121e-01,-1.077966239232630852e-01,-1.199999999999999956e+00
2.949684620253262279e-01,-1.078265693561785421e-01,-1.199999999999999956e+00
2.959623978379199993e-01,-1.078565147890939990e-01,-1.199999999999999956e+00
2.969563336505137707e-01,-1.078864602220094421e-01,-1.199999999999999956e+00
2.979502694631074866e-01,-1.079164056549248712e-01,-1.199999999999999956e+00
2.989442052757012580e-01,-1.079463510878403143e-01,-1.199999999999999956e+00
2.999381410882949739e-01,-1.079762965207557435e-01,-1.199999999999999956e+00
3.009320769008887453e-01,-1.080062419536711865e-01,-1.199999999999999956e+00
3.019260127134825167e-01,-1.080361873865866296e-01,-1.199999999999999956e+00
3.029199485260762326e-01,-1.080661328195020587e-01,-1.199999999999999956e+00
3.039138843386700040e-01,-1.080960782524175018e-01,-1.199999999999999956e+00
3.049078201512637754e-01,-1.081260236853329310e-01,-1.199999999999999956e+00
3.059017559638574912e-01,-1.081559691182483740e-01,-1.199999999999999956e+00
3.068956917764512626e-01,-1.081859145511638171e-01,-1.199999999999999956e+00
3.078896275890450340e-01,-1.082158599840792462e-01,-1.199999999999999956e+00
3.088835634016387499e-01,-1.082458054169946893e-01,-1.199999999999999956e+00
3.098774992142325213e-01,-1.082757508499101184e-01,-1.199999999999999956e+00
3.108714350268262372e-01,-1.083056962828255615e-01,-1.199999999999999956e+00
3.118653708394200086e-01,-1.083356417157410045e-01,-1.199999999999999956e+00
3.128593066520137800e-01,-1.083655871486564337e-01,-1.199999999999999956e+00
3.138532424646074959e-01,-1.083955325815718768e-01,-1.199999999999999956e+00
3.148471782772012673e-01,-1.084254780144873059e-01,-1.199999999999999956e+00
3.158411140897949831e-01,-1.084554234474027490e-01,-1.199999999999999956e+00
3.168350499023887545e-01,-1.084853688803181920e-01,-1.199999999999999956e+00
3.178289857149825259e-01,-1.085153143132336212e-01,-1.199999999999999956e+00
3.188229215275762418e-01,-1.085452597461490643e-01,-1.199999999999999956e+00
3.198168573401700132e-01,-1.085752051790644934e-01,-1.199999999999999956e+00
3.208107931527637846e-01,-1.086051506119799365e-01,-1.199999999999999956e+00
3.218047289653575005e-01,-1.086350960448953795e-01,-1.199999999999999956e+00
3.227986647779512719e-01,-1.086650414778108087e-01,-1.199999999999999956e+00
3.237926005905450433e-01,-1.086949869107262517e-01,-1.199999999999999956e+00
3.247865364031387592e-01,-1.087249323436416948e-01,-1.199999999999999956e+00
3.257804722157325306e-01,-1.087548777765571240e-01,-1.199999999999999956e+00
3.267744080283262464e-01,-1.087848232094725670e-01,-1.199999999999999956e+00
3.277683438409200178e-01,-1.088147686423879962e-01,-1.199999999999999956e+00
3.287622796535137892e-01,-1.088447140753034392e-01,-1.199999999999999956e+00
3.297562154661075051e-01,-1.088746595082188823e-01,-1.199999999999999956e+00
3.307501512787012765e-01,-1.089046049411343114e-01,-1.199999999999999956e+00
3.317440870912949924e-01,-1.089345503740497545e-01,-1.199999999999999956e+00
3.327380229038887638e-01,-1.089644958069651837e-01,-1.199999999999999956e+00
3.337319587164825352e-01,-1.089944412398806267e-01,-1.199999999999999956e+00
3.347258945290762511e-01,-1.090243866727960698e-01,-1.199999999999999956e+00
3.357198303416700225e-01,-1.090543321057114989e-01,-1.199999999999999956e+00
3.367137661542637939e-01,-1.090842775386269420e-01,-1.199999999999999956e+00
3.377077019668575097e-01,-1.091142229715423712e-01,-1.199999999999999956e+00
3.387016377794512811e-01,-1.091441684044578142e-01,-1.199999999999999956e+00
3.396955735920450525e-01,-1.091741138373732573e-01,-1.199999999999999956e+00
3.406895094046387684e-01,-1.092040592702886864e-01,-1.199999999999999956e+00
3.416834452172325398e-01,-1.092340047032041295e-01,-1.199999999999999956e+00
3.426773810298262557e-01,-1.092639501361195586e-01,-1.199999999999999956e+00
3.436713168424200271e-01,-1.092938955690350017e-01,-1.199999999999999956e+00
3.446652526550135764e-01,-1.093238410019504586e-01,-1.199999999999999956e+00
3.456591884676071258e-01,-1.093537864348659155e-01,-1.199999999999999956e+00
3.466531242802006751e-01,-1.093837318677813725e-01,-1.199999999999999956e+00
3.476470600927941690e-01,-1.094136773006968294e-01,-1.199999999999999956e+00
3.486409959053877183e-01,-1.094436227336123002e-01,-1.199999999999999956e+00
3.496349317179812677e-01,-1.094735681665277571e-01,-1.199999999999999956e+00
3.506288675305748170e-01,-1.095035135994432141e-01,-1.199999999999999956e+00
3.516228033431683664e-01,-1.095334590323586710e-01,-1.199999999999999956e+00
3.526167391557619157e-01,-1.095634044652741279e-01,-1.199999999999999956e+00
3.536106749683554651e-01,-1.095933498981895848e-01,-1.199999999999999956e+00
3.546046107809489589e-01,-1.096232953311050418e-01,-1.199999999999999956e+00
3.555985465935425083e-01,-1.096532407640204987e-01,-1.199999999999999956e+00
3.565924824061360576e-01,-1.096831861969359556e-01,-1.199999999999999956e+00
3.575864182187296070e-01,-1.097131316298514125e-01,-1.199999999999999956e+00
3.585803540313231563e-01,-1.097430770627668833e-01,-1.199999999999999956e+00
3.595742898439167057e-01,-1.097730224956823403e-01,-1.199999999999999956e+00
3.605682256565102550e-01,-1.098029679285977972e-01,-1.199999999999999956e+00
3.615621614691037489e-01,-1.098329133615132541e-01,-1.199999999999999956e+00
3.625560972816972982e-01,-1.098628587944287111e-01,-1.199999999999999956e+00
3.635500330942908476e-01,-1.098928042273441680e-01,-1.199999999999999956e+00
3.645439689068843969e-01,-1.099227496602596249e-01,-1.199999999999999956e+00
3.655379047194779463e-01,-1.099526950931750818e-01,-1.199999999999999956e+00
3.665318405320714956e-01,-1.099826405260905388e-01,-1.199999999999999956e+00
3.675257763446649895e-01,-1.100125859590060096e-01,-1.199999999999999956e+00
3.685197121572585388e-01,-1.100425313919214665e-01,-1.199999999999999956e+00
3.695136479698520882e-01,-1.100724768248369234e-01,-1.199999999999999956e+00
3.705075837824456375e-01,-1.101024222577523803e-01,-1.199999999999999956e+00
3.715015195950391869e-01,-1.101323676906678373e-01,-1.199999999999999956e+00
3.724954554076327362e-01,-1.101623131235832942e-01,-1.199999999999999956e+00
3.734893912202262856e-01,-1.101922585564987511e-01,-1.199999999999999956e+00
3.744833270328198349e-01,-1.102222039894142080e-01,-1.199999999999999956e+00
3.754772628454133288e-01,-1.102521494223296650e-01,-1.199999999999999956e+00
3.764711986580068781e-01,-1.102820948552451219e-01,-1.199999999999999956e+00
3.774651344706004275e-01,-1.103120402881605927e-01,-1.199999999999999956e+00
3.784590702831939768e-01,-1.103419857210760496e-01,-1.199999999999999956e+00
3.794530060957875262e-01,-1.103719311539915066e-01,-1.199999999999999956e+00
3.804469419083810755e-01,-1.104018765869069635e-01,-1.199999999999999956e+00
3.814408777209745693e-01,-1.104318220198224204e-01,-1.199999999999999956e+00
3.824348135335681187e-01,-1.104617674527378773e-01,-1.199999999999999956e+00
3.834287493461616680e-01,-1.104917128856533343e-01,-1.199999999999999956e+00
3.844226851587552174e-01,-1.105216583185687912e-01,-1.199999999999999956e+00
3.854166209713487667e-01,-1.105516037514842481e-01,-1.199999999999999956e+00
3.864105567839423161e-01,-1.105815491843997050e-01,-1.199999999999999956e+00
3.874044925965358654e-01,-1.106114946173151758e-01,-1.199999999999999956e+00
3.883984284091294148e-01,-1.106414400502306328e-01,-1.199999999999999956e+00
3.893923642217229086e-01,-1.106713854831460897e-01,-1.199999999999999956e+00
3.903863000343164580e-01,-1.107013309160615466e-01,-1.199999999999999956e+00
3.913802358469100073e-01,-1.107312763489770036e-01,-1.199999999999999956e+00
3.923741716595037787e-01,-1.107612217818924466e-01,-1.199999999999999956e+00
3.933681074720974946e-01,-1.107911672148078758e-01,-1.199999999999999956e+00
3.943620432846912660e-01,-1.108211126477233188e-01,-1.199999999999999956e+00
3.953559790972849819e-01,-1.108510580806387480e-01,-1.199999999999999956e+00
3.963499149098787533e-01,-1.108810035135541910e-01,-1.199999999999999956e+00
3.973438507224725247e-01,-1.109109489464696341e-01,-1.199999999999999956e+00
3.983377865350662406e-01,-1.109408943793850633e-01,-1.199999999999999956e+00
3.993317223476600120e-01,-1.109708398123005063e-01,-1.199999999999999956e+00
4.003256581602537278e-01,-1.110007852452159355e-01,-1.199999999999999956e+00
4.013195939728474992e-01,-1.110307306781313785e-01,-1.199999999999999956e+00
4.023135297854412706e-01,-1.110606761110468216e-01,-1.199999999999999956e+00
4.033074655980349865e-01,-1.110906215439622508e-01,-1.199999999999999956e+00
4.043014014106287579e-01,-1.111205669768776938e-01,-1.199999999999999956e+00
4.052953372232224738e-01,-1.111505124097931230e-01,-1.199999999999999956e+00
4.062892730358162452e-01,-1.111804578427085660e-01,-1.199999999999999956e+00
4.072832088484100166e-01,-1.112104032756240091e-01,-1.199999999999999956e+00
4.082771446610037325e-01,-1.112403487085394382e-01,-1.199999999999999956e+00
4.092710804735975039e-01,-1.112702941414548813e-01,-1.199999999999999956e+00
4.102650162861912753e-01,-1.113002395743703105e-01,-1.199999999999999956e+00
4.112589520987849911e-01,-1.113301850072857535e-01,-1.199999999999999956e+00
4.122528879113787625e-01,-1.113601304402011966e-01,-1.199999999999999956e+00
4.132468237239724784e-01,-1.113900758731166257e-01,-1.199999999999999956e+00
4.142407595365662498e-01,-1.114200213060320688e-01,-1.199999999999999956e+00
4.152346953491600212e-01,-1.114499667389474979e-01,-1.199999999999999956e+00
4.162286311617537371e-01,-1.114799121718629410e-01,-1.199999999999999956e+00
4.172225669743475085e-01,-1.115098576047783840e-01,-1.199999999999999956e+00
4.182165027869412244e-01,-1.115398030376938132e-01,-1.199999999999999956e+00
4.192104385995349958e-01,-1.115697484706092563e-01,-1.199999999999999956e+00
4.202043744121287672e-01,-1.115996939035246993e-01,-1.199999999999999956e+00
4.211983102247224831e-01,-1.116296393364401285e-01,-1.199999999999999956e+00
4.221922460373162544e-01,-1.116595847693555715e-01,-1.199999999999999956e+00
4.231861818499099703e-01,-1.116895302022710007e-01,-1.199999999999999956e+00
4.241801176625037417e-01,-1.117194756351864438e-01,-1.199999999999999956e+00
4.251740534750975131e-01,-1.117494210681018868e-01,-1.199999999999999956e+00
4.261679892876912290e-01,-1.117793665010173160e-01,-1.199999999999999956e+00
4.271619251002850004e-01,-1.118093119339327590e-01,-1.199999999999999956e+00
4.281558609128787163e-01,-1.118392573668481882e-01,-1.199999999999999956e+00
4.291497967254724877e-01,-1.118692027997636312e-01,-1.199999999999999956e+00
4.301437325380662591e-01,-1.118991482326790743e-01,-1.199999999999999956e+00
4.311376683506599750e-01,-1.119290936655945035e-01,-1.199999999999999956e+00
4.321316041632537464e-01,-1.119590390985099465e-01,-1.199999999999999956e+00
4.331255399758474622e-01,-1.119889845314253757e-01,-1.199999999999999956e+00
4.341194757884412336e-01,-1.120189299643408187e-01,-1.199999999999999956e+00
4.351134116010350050e-01,-1.120488753972562618e-01,-1.199999999999999956e+00
4.361073474136287209e-01,-1.120788208301716909e-01,-1.199999999999999956e+00
4.371012832262224923e-01,-1.121087662630871340e-01,-1.199999999999999956e+00
4.380952190388162082e-01,-1.121387116960025632e-01,-1.199999999999999956e+00
4.390891548514099796e-01,-1.121686571289180062e-01,-1.199999999999999956e+00
4.400654313902404580e-01,-1.120068059718254128e-01,-1.199999999999999956e+00
4.410417079290709363e-01,-1.118449548147328054e-01,-1.199999999999999956e+00
4.420179844679014702e-01,-1.116831036576402120e-01,-1.199999999999999956e+00
4.429942610067319486e-01,-1.115212525005476185e-01,-1.199999999999999956e+00
4.439705375455624270e-01,-1.113594013434550112e-01,-1.199999999999999956e+00
4.449468140843929054e-01,-1.111975501863624177e-01,-1.199999999999999956e+00
4.459230906232233838e-01,-1.110356990292698243e-01,-1.199999999999999956e+00
4.468993671620538621e-01,-1.108738478721772308e-01,-1.199999999999999956e+00
4.478756437008843960e-01,-1.107119967150846235e-01,-1.199999999999999956e+00
4.488519202397148744e-01,-1.105501455579920300e-01,-1.199999999999999956e+00
4.498281967785453528e-01,-1.103882944008994366e-01,-1.199999999999999956e+00
4.508044733173758312e-01,-1.102264432438068292e-01,-1.199999999999999956e+00
4.517807498562063095e-01,-1.100645920867142358e-01,-1.199999999999999956e+00
4.527570263950367879e-01,-1.099027409296216423e-01,-1.199999999999999956e+00
4.537333029338673218e-01,-1.097408897725290350e-01,-1.199999999999999956e+00
4.547095794726978002e-01,-1.095790386154364415e-01,-1.199999999999999956e+00
4.556858560115282786e-01,-1.094171874583438481e-01,-1.199999999999999956e+00
4.566621325503587570e-01,-1.092553363012512546e-01,-1.199999999999999956e+00
4.576384090891892353e-01,-1.090934851441586473e-01,-1.199999999999999956e+00
4.586146856280197137e-01,-1.089316339870660538e-01,-1.199999999999999956e+00
4.595909621668502476e-01,-1.087697828299734604e-01,-1.199999999999999956e+00
4.605672387056807260e-01,-1.086079316728808530e-01,-1.199999999999999956e+00
4.615435152445112044e-01,-1.084460805157882596e-01,-1.199999999999999956e+00
4.625197917833416827e-01,-1.082842293586956661e-01,-1.199999999999999956e+00
4.634960683221721611e-01,-1.081223782016030588e-01,-1.199999999999999956e+00
4.644723448610026395e-01,-1.079605270445104653e-01,-1.199999999999999956e+00
4.654486213998331734e-01,-1.077986758874178719e-01,-1.199999999999999956e+00
4.664248979386636518e-01,-1.076368247303252645e-01,-1.199999999999999956e+00
4.674011744774941302e-01,-1.074749735732326711e-01,-1.199999999999999956e+00
4.683774510163246085e-01,-1.073131224161400776e-01,-1.199999999999999956e+00
4.693537275551550869e-01,-1.071512712590474842e-01,-1.199999999999999956e+00
4.703300040939855653e-01,-1.069894201019548768e-01,-1.199999999999999956e+00
4.713062806328160992e-01,-1.068275689448622834e-01,-1.199999999999999956e+00
4.722825571716465776e-01,-1.066657177877696899e-01,-1.199999999999999956e+00
4.732588337104770559e-01,-1.065038666306770826e-01,-1.199999999999999956e+00
4.742351102493075343e-01,-1.063420154735844891e-01,-1.199999999999999956e+00
4.752113867881380127e-01,-1.061801643164918957e-01,-1.199999999999999956e+00
4.761876633269684911e-01,-1.060183131593992883e-01,-1.199999999999999956e+00
4.771639398657990250e-01,-1.058564620023066949e-01,-1.199999999999999956e+00
4.781402164046295034e-01,-1.056946108452141014e-01,-1.199999999999999956e+00
4.791164929434599817e-01,-1.055327596881215080e-01,-1.199999999999999956e+00
4.800927694822904601e-01,-1.053709085310289006e-01,-1.199999999999999956e+00
4.810690460211209385e-01,-1.052090573739363072e-01,-1.199999999999999956e+00
4.820453225599514724e-01,-1.050472062168437137e-01,-1.199999999999999956e+00
4.830215990987819508e-01,-1.048853550597511064e-01,-1.199999999999999956e+00
4.839978756376124291e-01,-1.047235039026585129e-01,-1.199999999999999956e+00
4.849741521764429075e-01,-1.045616527455659195e-01,-1.199999999999999956e+00
4.859504287152733859e-01,-1.043998015884733122e-01,-1.199999999999999956e+00
4.869267052541038643e-01,-1.042379504313807187e-01,-1.199999999999999956e+00
4.879029817929343427e-01,-1.040760992742881252e-01,-1.199999999999999956e+00
4.888792583317648766e-01,-1.039142481171955179e-01,-1.199999999999999956e+00
4.898555348705953549e-01,-1.037523969601029245e-01,-1.199999999999999956e+00
4.908318114094258333e-01,-1.035905458030103310e-01,-1.199999999999999956e+00
4.918080879482563117e-01,-1.034286946459177237e-01,-1.199999999999999956e+00
4.927843644870867901e-01,-1.032668434888251302e-01,-1.199999999999999956e+00
4.937606410259173240e-01,-1.031049923317325367e-01,-1.199999999999999956e+00
4.947369175647478023e-01,-1.029431411746399433e-01,-1.199999999999999956e+00
4.957131941035782807e-01,-1.027812900175473360e-01,-1.199999999999999956e+00
4.966894706424087591e-01,-1.026194388604547425e-01,-1.199999999999999956e+00
4.976657471812392375e-01,-1.024575877033621490e-01,-1.199999999999999956e+00
4.986420237200697159e-01,-1.022957365462695556e-01,-1.199999999999999956e+00
4.996183002589002498e-01,-1.021338853891769483e-01,-1.199999999999999956e+00
5.005945767977306726e-01,-1.019720342320843548e-01,-1.199999999999999956e+00
5.015708533365611510e-01,-1.018101830749917613e-01,-1.199999999999999956e+00
5.025471298753917404e-01,-1.016483319178991540e-01,-1.199999999999999956e+00
5.035234064142222188e-01,-1.014864807608065606e-01,-1.199999999999999956e+00
5.044996829530526972e-01,-1.013246296037139671e-01,-1.199999999999999956e+00
5.054759594918831755e-01,-1.011627784466213598e-01,-1.199999999999999956e+00
5.064522360307136539e-01,-1.010009272895287663e-01,-1.199999999999999956e+00
5.074285125695441323e-01,-1.008390761324361729e-01,-1.199999999999999956e+00
5.084047891083746107e-01,-1.006772249753435655e-01,-1.199999999999999956e+00
5.093810656472050891e-01,-1.005153738182509721e-01,-1.199999999999999956e+00
5.103573421860355674e-01,-1.003535226611583786e-01,-1.199999999999999956e+00
5.113336187248660458e-01,-1.001916715040657713e-01,-1.199999999999999956e+00
5.123098952636965242e-01,-1.000298203469731778e-01,-1.199999999999999956e+00
5.132861718025270026e-01,-9.986796918988058436e-02,-1.199999999999999956e+00
5.142624483413575920e-01,-9.970611803278797702e-02,-1.199999999999999956e+00
5.152387248801880704e-01,-9.954426687569538357e-02,-1.199999999999999956e+00
5.162150014190185487e-01,-9.938241571860279011e-02,-1.199999999999999956e+00
5.171912779578490271e-01,-9.922056456151019666e-02,-1.199999999999999956e+00
5.181675544966795055e-01,-9.905871340441758932e-02,-1.199999999999999956e+00
5.191438310355099839e-01,-9.889686224732499586e-02,-1.199999999999999956e+00
5.201118170090575088e-01,-9.870143616736408443e-02,-1.199999999999999956e+00
5.210798029826050337e-01,-9.850601008740317299e-02,-1.199999999999999956e+00
5.220477889561525586e-01,-9.831058400744226156e-02,-1.199999999999999956e+00
5.230157749297000835e-01,-9.811515792748135012e-02,-1.199999999999999956e+00
5.239837609032476085e-01,-9.791973184752043868e-02,-1.199999999999999956e+00
5.249517468767951334e-01,-9.772430576755952725e-02,-1.199999999999999956e+00
5.259197328503426583e-01,-9.752887968759862969e-02,-1.199999999999999956e+00
5.268877188238902942e-01,-9.733345360763771825e-02,-1.199999999999999956e+00
5.278557047974378191e-01,-9.713802752767680682e-02,-1.199999999999999956e+00
5.288236907709853440e-01,-9.694260144771589538e-02,-1.199999999999999956e+00
5.297916767445328690e-01,-9.674717536775498394e-02,-1.199999999999999956e+00
5.307596627180803939e-01,-9.655174928779407251e-02,-1.199999999999999956e+00
5.317276486916279188e-01,-9.635632320783316107e-02,-1.199999999999999956e+00
5.326956346651754437e-01,-9.616089712787224963e-02,-1.199999999999999956e+00
5.336636206387229686e-01,-9.596547104791133820e-02,-1.199999999999999956e+00
5.346316066122704935e-01,-9.577004496795042676e-02,-1.199999999999999956e+00
5.355995925858180184e-01,-9.557461888798951533e-02,-1.199999999999999956e+00
5.365675785593655434e-01,-9.537919280802860389e-02,-1.199999999999999956e+00
5.375355645329130683e-01,-9.518376672806769245e-02,-1.199999999999999956e+00
5.385035505064605932e-01,-9.498834064810679489e-02,-1.199999999999999956e+00
5.394715364800081181e-01,-9.479291456814588346e-02,-1.199999999999999956e+00
5.404395224535556430e-01,-9.459748848818497202e-02,-1.199999999999999956e+00
5.414075084271032789e-01,-9.440206240822406059e-02,-1.199999999999999956e+00
5.423754944006508039e-01,-9.420663632826314915e-02,-1.199999999999999956e+00
5.433434803741983288e-01,-9.401121024830223771e-02,-1.199999999999999956e+00
5.443114663477458537e-01,-9.381578416834132628e-02,-1.199999999999999956e+00
5.452794523212933786e-01,-9.362035808838041484e-02,-1.199999999999999956e+00
5.462474382948409035e-01,-9.342493200841950340e-02,-1.199999999999999956e+00
5.472154242683884284e-01,-9.322950592845859197e-02,-1.199999999999999956e+00
5.481834102419359533e-01,-9.303407984849768053e-02,-1.199999999999999956e+00
5.491513962154834783e-01,-9.283865376853676910e-02,-1.199999999999999956e+00
5.501193821890310032e-01,-9.264322768857585766e-02,-1.199999999999999956e+00
5.510873681625785281e-01,-9.244780160861496010e-02,-1.199999999999999956e+00
5.520553541361260530e-01,-9.225237552865404866e-02,-1.199999999999999956e+00
5.530233401096735779e-01,-9.205694944869313723e-02,-1.199999999999999956e+00
5.539913260832211028e-01,-9.186152336873222579e-02,-1.199999999999999956e+00
5.549593120567686277e-01,-9.166609728877131436e-02,-1.199999999999999956e+00
5.559272980303161527e-01,-9.147067120881040292e-02,-1.199999999999999956e+00
5.568952840038637886e-01,-9.127524512884949148e-02,-1.199999999999999956e+00
5.578632699774113135e-01,-9.107981904888858005e-02,-1.199999999999999956e+00
5.588312559509588384e-01,-9.088439296892766861e-02,-1.199999999999999956e+00
5.597992419245063633e-01,-9.068896688896675717e-02,-1.199999999999999956e+00
5.607672278980538882e-01,-9.049354080900584574e-02,-1.199999999999999956e+00
5.617352138716014132e-01,-9.029811472904493430e-02,-1.199999999999999956e+00
5.627031998451489381e-01,-9.010268864908402286e-02,-1.199999999999999956e+00
5.636711858186964630e-01,-8.990726256912312531e-02,-1.199999999999999956e+00
5.646391717922439879e-01,-8.971183648916221387e-02,-1.199999999999999956e+00
5.656071577657915128e-01,-8.951641040920130243e-02,-1.199999999999999956e+00
5.665751437393390377e-01,-8.932098432924039100e-02,-1.199999999999999956e+00
5.675431297128865626e-01,-8.912555824927947956e-02,-1.199999999999999956e+00
5.685111156864340876e-01,-8.893013216931856812e-02,-1.199999999999999956e+00
5.694791016599816125e-01,-8.873470608935765669e-02,-1.199999999999999956e+00
5.704470876335291374e-01,-8.853928000939674525e-02,-1.199999999999999956e+00
5.714150736070767733e-01,-8.834385392943583382e-02,-1.199999999999999956e+00
5.723830595806242982e-01,-8.814842784947492238e-02,-1.199999999999999956e+00
5.733510455541718231e-01,-8.795300176951401094e-02,-1.199999999999999956e+00
5.743190315277193481e-01,-8.775757568955309951e-02,-1.199999999999999956e+00
5.752870175012668730e-01,-8.756214960959218807e-02,-1.199999999999999956e+00
5.762550034748143979e-01,-8.736672352963129051e-02,-1.199999999999999956e+00
5.772229894483619228e-01,-8.717129744967037908e-02,-1.199999999999999956e+00
5.781909754219094477e-01,-8.697587136970946764e-02,-1.199999999999999956e+00
5.791589613954569726e-01,-8.678044528974855620e-02,-1.199999999999999956e+00
5.801269473690044975e-01,-8.658501920978764477e-02,-1.199999999999999956e+00
5.810949333425520225e-01,-8.638959312982673333e-02,-1.199999999999999956e+00
5.820629193160995474e-01,-8.619416704986582189e-02,-1.199999999999999956e+00
5.830309052896470723e-01,-8.599874096990491046e-02,-1.199999999999999956e+00
5.839988912631945972e-01,-8.580331488994399902e-02,-1.199999999999999956e+00
5.849668772367421221e-01,-8.560788880998308759e-02,-1.199999999999999956e+00
5.859348632102896470e-01,-8.541246273002217615e-02,-1.199999999999999956e+00
5.869028491838372830e-01,-8.521703665006126471e-02,-1.199999999999999956e+00
5.878708351573848079e-01,-8.502161057010036715e-02,-1.199999999999999956e+00
5.888388211309323328e-01,-8.482618449013945572e-02,-1.199999999999999956e+00
5.898068071044798577e-01,-8.463075841017854428e-02,-1.199999999999999956e+00
5.907747930780273826e-01,-8.443533233021763285e-02,-1.199999999999999956e+00
5.917427790515749075e-01,-8.423990625025672141e-02,-1.199999999999999956e+00
5.927107650251224324e-01,-8.404448017029580997e-02,-1.199999999999999956e+00
5.936787509986699574e-01,-8.384905409033489854e-02,-1.199999999999999956e+00
5.946541941865394199e-01,-8.376200904659239499e-02,-1.199999999999999956e+00
5.956296373744089934e-01,-8.367496400284987756e-02,-1.199999999999999956e+00
5.966050805622784559e-01,-8.358791895910737402e-02,-1.199999999999999956e+00
5.975805237501479183e-01,-8.350087391536487047e-02,-1.199999999999999956e+00
5.985559669380174919e-01,-8.341382887162236692e-02,-1.199999999999999956e+00
5.995314101258869544e-01,-8.332678382787984950e-02,-1.199999999999999956e+00
6.005068533137564168e-01,-8.323973878413734595e-02,-1.199999999999999956e+00
6.014822965016259904e-01,-8.315269374039484240e-02,-1.199999999999999956e+00
6.024577396894954529e-01,-8.306564869665233886e-02,-1.199999999999999956e+00
6.034331828773649153e-01,-8.297860365290982143e-02,-1.199999999999999956e+00
6.044086260652344889e-01,-8.289155860916731788e-02,-1.199999999999999956e+00
6.053840692531039513e-01,-8.280451356542481434e-02,-1.199999999999999956e+00
6.063595124409735249e-01,-8.271746852168229691e-02,-1.199999999999999956e+00
6.073349556288429874e-01,-8.263042347793979336e-02,-1.199999999999999956e+00
6.083103988167124498e-01,-8.254337843419728982e-02,-1.199999999999999956e+00
6.092858420045820234e-01,-8.245633339045478627e-02,-1.199999999999999956e+00
6.102612851924514858e-01,-8.236928834671226884e-02,-1.199999999999999956e+00
6.112367283803209483e-01,-8.228224330296976530e-02,-1.199999999999999956e+00
6.122121715681905219e-01,-8.219519825922726175e-02,-1.199999999999999956e+00
6.131876147560599843e-01,-8.210815321548475820e-02,-1.199999999999999956e+00
6.141630579439294468e-01,-8.202110817174224078e-02,-1.199999999999999956e+00
6.151385011317990203e-01,-8.193406312799973723e-02,-1.199999999999999956e+00
6.161139443196684828e-01,-8.184701808425723368e-02,-1.199999999999999956e+00
6.170893875075379453e-01,-8.175997304051471626e-02,-1.199999999999999956e+00
6.180648306954075188e-01,-8.167292799677221271e-02,-1.199999999999999956e+00
6.190402738832769813e-01,-8.158588295302970916e-02,-1.199999999999999956e+00
6.200157170711464438e-01,-8.149883790928720562e-02,-1.199999999999999956e+00
6.209911602590160173e-01,-8.141179286554468819e-02,-1.199999999999999956e+00
6.219666034468854798e-01,-8.132474782180218464e-02,-1.199999999999999956e+00
6.229420466347550533e-01,-8.123770277805968110e-02,-1.199999999999999956e+00
6.239174898226245158e-01,-8.115065773431716367e-02,-1.199999999999999956e+00
6.248929330104939783e-01,-8.106361269057466012e-02,-1.199999999999999956e+00
6.258683761983635518e-01,-8.097656764683215658e-02,-1.199999999999999956e+00
6.268438193862330143e-01,-8.088952260308965303e-02,-1.199999999999999956e+00
6.278192625741024768e-01,-8.080247755934713560e-02,-1.199999999999999956e+00
6.287947057619720503e-01,-8.071543251560463206e-02,-1.199999999999999956e+00
6.297701489498415128e-01,-8.062838747186212851e-02,-1.199999999999999956e+00
6.307455921377109753e-01,-8.054134242811962496e-02,-1.199999999999999956e+00
6.317210353255805488e-01,-8.045429738437710754e-02,-1.199999999999999956e+00
6.326964785134500113e-01,-8.036725234063460399e-02,-1.199999999999999956e+00
6.335447811038352750e-01,-8.036695068040243528e-02,-1.199479166666666652e+00
6.343930836942204277e-01,-8.036664902017026657e-02,-1.198958333333333348e+00
6.352413862846055803e-01,-8.036634735993809786e-02,-1.198437500000000044e+00
6.360896888749908440e-01,-8.036604569970594303e-02,-1.197916666666666519e+00
6.369379914653761077e-01,-8.036574403947377432e-02,-1.197395833333333215e+00
6.377862940557612603e-01,-8.036544237924160561e-02,-1.196874999999999911e+00
6.386345966461464130e-01,-8.036514071900943690e-02,-1.196354166666666607e+00
6.394828992365316767e-01,-8.036483905877726819e-02,-1.195833333333333304e+00
6.403312018269169403e-01,-8.036453739854509948e-02,-1.195312500000000000e+00
6.411795044173020930e-01,-8.036423573831293077e-02,-1.194791666666666696e+00
6.420278070076872456e-01,-8.036393407808077594e-02,-1.194270833333333393e+00
6.428761095980725093e-01,-8.036363241784860723e-02,-1.193749999999999867e+00
6.437244121884577730e-01,-8.036333075761643852e-02,-1.193229166666666563e+00
6.445727147788429257e-01,-8.036302909738426981e-02,-1.192708333333333259e+00
6.454210173692280783e-01,-8.036272743715210110e-02,-1.192187499999999956e+00
6.462693199596133420e-01,-8.036242577691993239e-02,-1.191666666666666652e+00
6.471176225499986057e-01,-8.036212411668776368e-02,-1.191145833333333348e+00
6.479659251403837583e-01,-8.036182245645560884e-02,-1.190625000000000044e+00
6.488142277307689110e-01,-8.036152079622344013e-02,-1.190104166666666519e+00
6.496625303211541747e-01,-8.036121913599127142e-02,-1.189583333333333215e+00
6.505108329115394383e-01,-8.036091747575910271e-02,-1.189062499999999911e+00
6.513591355019245910e-01,-8.036061581552693400e-02,-1.188541666666666607e+00
6.522074380923097436e-01,-8.036031415529476529e-02,-1.188020833333333304e+00
6.530557406826950073e-01,-8.036001249506261046e-02,-1.187500000000000000e+00
6.539040432730802710e-01,-8.035971083483044175e-02,-1.186979166666666696e+00
6.547523458634654236e-01,-8.035940917459827304e-02,-1.186458333333333171e+00
6.556006484538505763e-01,-8.035910751436610433e-02,-1.185937499999999867e+00
6.564489510442358400e-01,-8.035880585413393562e-02,-1.185416666666666563e+00
6.572972536346211037e-01,-8.035850419390176691e-02,-1.184895833333333259e+00
6.581455562250062563e-01,-8.035820253366959820e-02,-1.184374999999999956e+00
6.589938588153914090e-01,-8.035790087343744337e-02,-1.183854166666666652e+00
6.598421614057766726e-01,-8.035759921320527466e-02,-1.183333333333333348e+00
6.606904639961619363e-01,-8.035729755297310595e-02,-1.182812500000000044e+00
6.615387665865470890e-01,-8.035699589274093724e-02,-1.182291666666666519e+00
6.623870691769322416e-01,-8.035669423250876853e-02,-1.181770833333333215e+00
6.632353717673175053e-01,-8.035639257227659982e-02,-1.181249999999999911e+00
6.640836743577027690e-01,-8.035609091204443111e-02,-1.180729166666666607e+00
6.649319769480879216e-01,-8.035578925181227627e-02,-1.180208333333333304e+00
6.657802795384730743e-01,-8.035548759158010756e-02,-1.179687500000000000e+00
6.666285821288583380e-01,-8.035518593134793885e-02,-1.179166666666666696e+00
6.674768847192436017e-01,-8.035488427111577014e-02,-1.178645833333333171e+00
6.683251873096287543e-01,-8.035458261088360143e-02,-1.178124999999999867e+00
6.691734899000139070e-01,-8.035428095065143272e-02,-1.177604166666666563e+00
6.700217924903991706e-01,-8.035397929041926401e-02,-1.177083333333333259e+00
6.708700950807844343e-01,-8.035367763018710918e-02,-1.176562499999999956e+00
6.717183976711695870e-01,-8.035337596995494047e-02,-1.176041666666666652e+00
6.725667002615547396e-01,-8.035307430972277176e-02,-1.175520833333333348e+00
6.734150028519400033e-01,-8.035277264949060305e-02,-1.174999999999999822e+00
6.742633054423252670e-01,-8.035247098925843434e-02,-1.174479166666666519e+00
6.751116080327104196e-01,-8.035216932902626563e-02,-1.173958333333333215e+00
6.759599106230955723e-01,-8.035186766879409692e-02,-1.173437499999999911e+00
6.768082132134808360e-01,-8.035156600856194209e-02,-1.172916666666666607e+00
6.776565158038660996e-01,-8.035126434832977338e-02,-1.172395833333333304e+00
6.785048183942512523e-01,-8.035096268809760467e-02,-1.171875000000000000e+00
6.793531209846364050e-01,-8.035066102786543596e-02,-1.171354166666666696e+00
6.802014235750216686e-01,-8.035035936763326725e-02,-1.170833333333333171e+00
6.810497261654069323e-01,-8.035005770740109854e-02,-1.170312499999999867e+00
6.818980287557920850e-01,-8.034975604716892983e-02,-1.169791666666666563e+00
6.827463313461772376e-01,-8.034945438693677500e-02,-1.169270833333333259e+00
6.835946339365625013e-01,-8.034915272670460629e-02,-1.168749999999999956e+00
6.844429365269477650e-01,-8.034885106647243758e-02,-1.168229166666666652e+00
6.852912391173329176e-01,-8.034854940624026887e-02,-1.167708333333333348e+00
6.861395417077180703e-01,-8.034824774600810016e-02,-1.167187499999999822e+00
6.869878442981033340e-01,-8.034794608577593145e-02,-1.166666666666666519e+00
6.878361468884885976e-01,-8.034764442554376274e-02,-1.166145833333333215e+00
6.886844494788737503e-01,-8.034734276531160790e-02,-1.165624999999999911e+00
6.895327520692589029e-01,-8.034704110507943919e-02,-1.165104166666666607e+00
6.903810546596441666e-01,-8.034673944484727048e-02,-1.164583333333333304e+00
6.912293572500294303e-01,-8.034643778461510177e-02,-1.164062500000000000e+00
6.920776598404145830e-01,-8.034613612438293306e-02,-1.163541666666666696e+00
6.929259624307997356e-01,-8.034583446415076435e-02,-1.163020833333333171e+00
6.937742650211849993e-01,-8.034553280391859564e-02,-1.162499999999999867e+00
6.946225676115702630e-01,-8.034523114368644081e-02,-1.161979166666666563e+00
6.954708702019554156e-01,-8.034492948345427210e-02,-1.161458333333333259e+00
6.963191727923405683e-01,-8.034462782322210339e-02,-1.160937499999999956e+00
6.971674753827258320e-01,-8.034432616298993468e-02,-1.160416666666666652e+00
6.980157779731110956e-01,-8.034402450275776597e-02,-1.159895833333333348e+00
6.988640805634962483e-01,-8.034372284252559726e-02,-1.159374999999999822e+00
6.997123831538814009e-01,-8.034342118229344243e-02,-1.158854166666666519e+00
7.005606857442666646e-01,-8.034311952206127372e-02,-1.158333333333333215e+00
7.014089883346519283e-01,-8.034281786182910501e-02,-1.157812499999999911e+00
7.022572909250370810e-01,-8.034251620159693630e-02,-1.157291666666666607e+00
7.031055935154222336e-01,-8.034221454136476759e-02,-1.156770833333333304e+00
7.039538961058074973e-01,-8.034191288113259888e-02,-1.156250000000000000e+00
7.048021986961927610e-01,-8.034161122090043017e-02,-1.155729166666666696e+00
7.056505012865779136e-01,-8.034130956066827534e-02,-1.155208333333333171e+00
7.064988038769630663e-01,-8.034100790043610663e-02,-1.154687499999999867e+00
7.073471064673483300e-01,-8.034070624020393792e-02,-1.154166666666666563e+00
7.081954090577335936e-01,-8.034040457997176921e-02,-1.153645833333333259e+00
7.090437116481187463e-01,-8.034010291973960050e-02,-1.153124999999999956e+00
7.098920142385038989e-01,-8.033980125950743179e-02,-1.152604166666666652e+00
7.107403168288891626e-01,-8.033949959927526308e-02,-1.152083333333333348e+00
7.115886194192744263e-01,-8.033919793904310824e-02,-1.151562499999999822e+00
7.124369220096595789e-01,-8.033889627881093953e-02,-1.151041666666666519e+00
7.132852246000447316e-01,-8.033859461857877082e-02,-1.150520833333333215e+00
7.141335271904299953e-01,-8.033829295834660211e-02,-1.149999999999999911e+00
7.146564703441528055e-01,-8.037883450080816894e-02,-1.149156626506024015e+00
7.151794134978755046e-01,-8.041937604326973577e-02,-1.148313253012048119e+00
7.157023566515983148e-01,-8.045991758573130259e-02,-1.147469879518072222e+00
7.162252998053211250e-01,-8.050045912819286942e-02,-1.146626506024096326e+00
7.167482429590438242e-01,-8.054100067065443624e-02,-1.145783132530120429e+00
7.172711861127666344e-01,-8.058154221311600307e-02,-1.144939759036144533e+00
7.177941292664894446e-01,-8.062208375557756990e-02,-1.144096385542168637e+00
7.183170724202121438e-01,-8.066262529803913672e-02,-1.143253012048192740e+00
7.188400155739349540e-01,-8.070316684050070355e-02,-1.142409638554216844e+00
7.193629587276577642e-01,-8.074370838296227038e-02,-1.141566265060240948e+00
7.198859018813804633e-01,-8.078424992542382332e-02,-1.140722891566265051e+00
7.204088450351032735e-01,-8.082479146788539015e-02,-1.139879518072289155e+00
7.209317881888259727e-01,-8.086533301034695698e-02,-1.139036144578313259e+00
7.214547313425487829e-01,-8.090587455280852380e-02,-1.138192771084337362e+00
7.219776744962715931e-01,-8.094641609527009063e-02,-1.137349397590361466e+00
7.225006176499942923e-01,-8.098695763773165746e-02,-1.136506024096385570e+00
7.230235608037171025e-01,-8.102749918019322428e-02,-1.135662650602409673e+00
7.235465039574399126e-01,-8.106804072265479111e-02,-1.134819277108433777e+00
7.240694471111626118e-01,-8.110858226511635793e-02,-1.133975903614457881e+00
7.245923902648854220e-01,-8.114912380757792476e-02,-1.133132530120481984e+00
7.251153334186082322e-01,-8.118966535003949159e-02,-1.132289156626506088e+00
7.256382765723309314e-01,-8.123020689250105841e-02,-1.131445783132529970e+00
7.261612197260537416e-01,-8.127074843496262524e-02,-1.130602409638554073e+00
7.266841628797765518e-01,-8.131128997742419207e-02,-1.129759036144578177e+00
7.272071060334992509e-01,-8.135183151988575889e-02,-1.128915662650602281e+00
7.277300491872220611e-01,-8.139237306234732572e-02,-1.128072289156626384e+00
7.282529923409448713e-01,-8.143291460480889254e-02,-1.127228915662650488e+00
7.287759354946675705e-01,-8.147345614727045937e-02,-1.126385542168674592e+00
7.292988786483903807e-01,-8.151399768973202620e-02,-1.125542168674698695e+00
7.298218218021131909e-01,-8.155453923219359302e-02,-1.124698795180722799e+00
7.303447649558358901e-01,-8.159508077465515985e-02,-1.123855421686746903e+00
7.308677081095587003e-01,-8.163562231711671280e-02,-1.123012048192771006e+00
7.313906512632813994e-01,-8.167616385957827962e-02,-1.122168674698795110e+00
7.319135944170042096e-01,-8.171670540203984645e-02,-1.121325301204819214e+00
7.324365375707270198e-01,-8.175724694450141328e-02,-1.120481927710843317e+00
7.329594807244497190e-01,-8.179778848696298010e-02,-1.119638554216867421e+00
7.334824238781725292e-01,-8.183833002942454693e-02,-1.118795180722891525e+00
7.340053670318953394e-01,-8.187887157188611376e-02,-1.117951807228915628e+00
7.345283101856180386e-01,-8.191941311434768058e-02,-1.117108433734939732e+00
7.350512533393408487e-01,-8.195995465680924741e-02,-1.116265060240963836e+00
7.355741964930636589e-01,-8.200049619927081423e-02,-1.115421686746987939e+00
7.360971396467863581e-01,-8.204103774173238106e-02,-1.114578313253012043e+00
7.366200828005091683e-01,-8.208157928419394789e-02,-1.113734939759036147e+00
7.371430259542319785e-01,-8.212212082665551471e-02,-1.112891566265060250e+00
7.376659691079546777e-01,-8.216266236911708154e-02,-1.112048192771084354e+00
7.381889122616774879e-01,-8.220320391157864837e-02,-1.111204819277108458e+00
7.387118554154002981e-01,-8.224374545404021519e-02,-1.110361445783132561e+00
7.392347985691229972e-01,-8.228428699650178202e-02,-1.109518072289156665e+00
7.397577417228458074e-01,-8.232482853896334885e-02,-1.108674698795180769e+00
7.402806848765686176e-01,-8.236537008142491567e-02,-1.107831325301204872e+00
7.408036280302913168e-01,-8.240591162388648250e-02,-1.106987951807228976e+00
7.413265711840141270e-01,-8.244645316634804932e-02,-1.106144578313253080e+00
7.418495143377368262e-01,-8.248699470880960227e-02,-1.105301204819277183e+00
7.423724574914596364e-01,-8.252753625127116910e-02,-1.104457831325301287e+00
7.428954006451824466e-01,-8.256807779373273593e-02,-1.103614457831325391e+00
7.434183437989051457e-01,-8.260861933619430275e-02,-1.102771084337349494e+00
7.439412869526279559e-01,-8.264916087865586958e-02,-1.101927710843373598e+00
7.444642301063507661e-01,-8.268970242111743640e-02,-1.101084337349397702e+00
7.449871732600734653e-01,-8.273024396357900323e-02,-1.100240963855421805e+00
7.455101164137962755e-01,-8.277078550604057006e-02,-1.099397590361445909e+00
7.460330595675190857e-01,-8.281132704850213688e-02,-1.098554216867469790e+00
7.465560027212417848e-01,-8.285186859096370371e-02,-1.097710843373493894e+00
7.470789458749645950e-01,-8.289241013342527054e-02,-1.096867469879517998e+00
7.476018890286874052e-01,-8.293295167588683736e-02,-1.096024096385542101e+00
7.481248321824101044e-01,-8.297349321834840419e-02,-1.095180722891566205e+00
7.486477753361329146e-01,-8.301403476080997101e-02,-1.094337349397590309e+00
7.491707184898557248e-01,-8.305457630327153784e-02,-1.093493975903614412e+00
7.496936616435784240e-01,-8.309511784573310467e-02,-1.092650602409638516e+00
7.502166047973012342e-01,-8.313565938819467149e-02,-1.091807228915662620e+00
7.507395479510239333e-01,-8.317620093065623832e-02,-1.090963855421686723e+00
7.512624911047467435e-01,-8.321674247311780515e-02,-1.090120481927710827e+00
7.517854342584695537e-01,-8.325728401557937197e-02,-1.089277108433734931e+00
7.523083774121923639e-01,-8.329782555804092492e-02,-1.088433734939759034e+00
7.528313205659150631e-01,-8.333836710050249175e-02,-1.087590361445783138e+00
7.533542637196378733e-01,-8.337890864296405857e-02,-1.086746987951807242e+00
7.538772068733605725e-01,-8.341945018542562540e-02,-1.085903614457831345e+00
7.544001500270833827e-01,-8.345999172788719223e-02,-1.085060240963855449e+00
7.549230931808061928e-01,-8.350053327034875905e-02,-1.084216867469879553e+00
7.554460363345288920e-01,-8.354107481281032588e-02,-1.083373493975903656e+00
7.559689794882517022e-01,-8.358161635527189270e-02,-1.082530120481927760e+00
7.564919226419745124e-01,-8.362215789773345953e-02,-1.081686746987951864e+00
7.570148657956972116e-01,-8.366269944019502636e-02,-1.080843373493975967e+00
7.575378089494200218e-01,-8.370324098265659318e-02,-1.080000000000000071e+00
7.582795147394609803e-01,-8.388633082488902715e-02,-1.079357798165137661e+00
7.590212205295020498e-01,-8.406942066712146111e-02,-1.078715596330275250e+00
7.597629263195430083e-01,-8.425251050935389507e-02,-1.078073394495412840e+00
7.605046321095840778e-01,-8.443560035158632904e-02,-1.077431192660550430e+00
7.612463378996250363e-01,-8.461869019381876300e-02,-1.076788990825688241e+00
7.619880436896661058e-01,-8.480178003605119696e-02,-1.076146788990825831e+00
7.627297494797070643e-01,-8.498486987828364481e-02,-1.075504587155963421e+00
7.634714552697481338e-01,-8.516795972051607877e-02,-1.074862385321101010e+00
7.642131610597890923e-01,-8.535104956274851273e-02,-1.074220183486238600e+00
7.649548668498301618e-01,-8.553413940498094670e-02,-1.073577981651376190e+00
7.656965726398711203e-01,-8.571722924721338066e-02,-1.072935779816513779e+00
7.664382784299121898e-01,-8.590031908944581462e-02,-1.072293577981651369e+00
7.671799842199531483e-01,-8.608340893167824859e-02,-1.071651376146788959e+00
7.679216900099941068e-01,-8.626649877391068255e-02,-1.071009174311926770e+00
7.686633958000351763e-01,-8.644958861614311652e-02,-1.070366972477064360e+00
7.694051015900761348e-01,-8.663267845837555048e-02,-1.069724770642201950e+00
7.701468073801172043e-01,-8.681576830060798444e-02,-1.069082568807339539e+00
7.708885131701581628e-01,-8.699885814284041841e-02,-1.068440366972477129e+00
7.716302189601992323e-01,-8.718194798507285237e-02,-1.067798165137614719e+00
7.723719247502401908e-01,-8.736503782730528633e-02,-1.067155963302752308e+00
7.731136305402812603e-01,-8.754812766953773417e-02,-1.066513761467889898e+00
7.738553363303222188e-01,-8.773121751177016814e-02,-1.065871559633027488e+00
7.745970421203632883e-01,-8.791430735400260210e-02,-1.065229357798165299e+00
7.753387479104042468e-01,-8.809739719623503607e-02,-1.064587155963302889e+00
7.760804537004452053e-01,-8.828048703846747003e-02,-1.063944954128440479e+00
7.768221594904862748e-01,-8.846357688069990399e-02,-1.063302752293578068e+00
7.775638652805272333e-01,-8.864666672293233796e-02,-1.062660550458715658e+00
7.783055710705683028e-01,-8.882975656516477192e-02,-1.062018348623853248e+00
7.790472768606092613e-01,-8.901284640739720588e-02,-1.061376146788990837e+00
7.797889826506503308e-01,-8.919593624962963985e-02,-1.060733944954128427e+00
7.805306884406912893e-01,-8.937902609186207381e-02,-1.060091743119266017e+00
7.812723942307323588e-01,-8.956211593409450777e-02,-1.059449541284403828e+00
7.820141000207733173e-01,-8.974520577632694174e-02,-1.058807339449541418e+00
7.827558058108143868e-01,-8.992829561855938958e-02,-1.058165137614679008e+00
7.834975116008553453e-01,-9.011138546079182354e-02,-1.057522935779816597e+00
7.842392173908963038e-01,-9.029447530302425751e-02,-1.056880733944954187e+00
7.849809231809373733e-01,-9.047756514525669147e-02,-1.056238532110091777e+00
7.857226289709783318e-01,-9.066065498748912543e-02,-1.055596330275229366e+00
7.864643347610194013e-01,-9.084374482972155940e-02,-1.054954128440366956e+00
7.872060405510603598e-01,-9.102683467195399336e-02,-1.054311926605504546e+00
7.879477463411014293e-01,-9.120992451418642732e-02,-1.053669724770642357e+00
7.886894521311423878e-01,-9.139301435641886129e-02,-1.053027522935779947e+00
7.894311579211834573e-01,-9.157610419865129525e-02,-1.052385321100917537e+00
7.901728637112244158e-01,-9.175919404088372922e-02,-1.051743119266055126e+00
7.909145695012654853e-01,-9.194228388311616318e-02,-1.051100917431192716e+00
7.916562752913064438e-01,-9.212537372534859714e-02,-1.050458715596330306e+00
7.923979810813475133e-01,-9.230846356758104498e-02,-1.049816513761467895e+00
7.931396868713884718e-01,-9.249155340981346507e-02,-1.049174311926605485e+00
7.938813926614294303e-01,-9.267464325204591291e-02,-1.048532110091743075e+00
7.946230984514704998e-01,-9.285773309427834687e-02,-1.047889908256880886e+00
7.953648042415114583e-01,-9.304082293651078084e-02,-1.047247706422018476e+00
7.961065100315525278e-01,-9.322391277874321480e-02,-1.046605504587156066e+00
7.968482158215934863e-01,-9.340700262097564877e-02,-1.045963302752293655e+00
7.975899216116345558e-01,-9.359009246320808273e-02,-1.045321100917431245e+00
7.983316274016755143e-01,-9.377318230544051669e-02,-1.044678899082568835e+00
7.990733331917165838e-01,-9.395627214767295066e-02,-1.044036697247706424e+00
7.998150389817575423e-01,-9.413936198990538462e-02,-1.043394495412844014e+00
8.005567447717986118e-01,-9.432245183213781858e-02,-1.042752293577981604e+00
8.012984505618395703e-01,-9.450554167437025255e-02,-1.042110091743119415e+00
8.020401563518806398e-01,-9.468863151660270039e-02,-1.041467889908257005e+00
8.027818621419215983e-01,-9.487172135883512047e-02,-1.040825688073394595e+00
8.035235679319625568e-01,-9.505481120106756832e-02,-1.040183486238532184e+00
8.042652737220036263e-01,-9.523790104329998840e-02,-1.039541284403669774e+00
8.050069795120445848e-01,-9.542099088553243624e-02,-1.038899082568807364e+00
8.057486853020856543e-01,-9.560408072776487021e-02,-1.038256880733944953e+00
8.064903910921266128e-01,-9.578717056999730417e-02,-1.037614678899082543e+00
8.072320968821676823e-01,-9.597026041222973813e-02,-1.036972477064220133e+00
8.079738026722086408e-01,-9.615335025446217210e-02,-1.036330275229357945e+00
8.087155084622497103e-01,-9.633644009669460606e-02,-1.035688073394495534e+00
8.094572142522906688e-01,-9.651952993892704002e-02,-1.035045871559633124e+00
8.101989200423317383e-01,-9.670261978115947399e-02,-1.034403669724770714e+00
8.109406258323726968e-01,-9.688570962339190795e-02,-1.033761467889908303e+00
8.116823316224137663e-01,-9.706879946562434192e-02,-1.033119266055045893e+00
8.124240374124547248e-01,-9.725188930785677588e-02,-1.032477064220183482e+00
8.131657432024956833e-01,-9.743497915008922372e-02,-1.031834862385321072e+00
8.139074489925367528e-01,-9.761806899232165768e-02,-1.031192660550458662e+00
8.146491547825777113e-01,-9.780115883455409165e-02,-1.030550458715596251e+00
8.153908605726187808e-01,-9.798424867678652561e-02,-1.029908256880734063e+00
8.161325663626597393e-01,-9.816733851901895958e-02,-1.029266055045871653e+00
8.168742721527008088e-01,-9.835042836125139354e-02,-1.028623853211009243e+00
8.176159779427417673e-01,-9.853351820348382750e-02,-1.027981651376146832e+00
8.183576837327828368e-01,-9.871660804571626147e-02,-1.027339449541284422e+00
8.190993895228237953e-01,-9.889969788794869543e-02,-1.026697247706422012e+00
8.198410953128648648e-01,-9.908278773018112939e-02,-1.026055045871559601e+00
8.205828011029058233e-01,-9.926587757241356336e-02,-1.025412844036697191e+00
8.213245068929468928e-01,-9.944896741464599732e-02,-1.024770642201835003e+00
8.220662126829878513e-01,-9.963205725687843128e-02,-1.024128440366972592e+00
8.228079184730288098e-01,-9.981514709911087913e-02,-1.023486238532110182e+00
8.235496242630698793e-01,-9.999823694134329921e-02,-1.022844036697247772e+00
8.242913300531108378e-01,-1.001813267835757471e-01,-1.022201834862385361e+00
8.250330358431519073e-01,-1.003644166258081810e-01,-1.021559633027522951e+00
8.257747416331928658e-01,-1.005475064680406150e-01,-1.020917431192660541e+00
8.265164474232339353e-01,-1.007305963102730489e-01,-1.020275229357798130e+00
8.272581532132748938e-01,-1.009136861525054829e-01,-1.019633027522935720e+00
8.279998590033159633e-01,-1.010967759947379169e-01,-1.018990825688073310e+00
8.287415647933569218e-01,-1.012798658369703508e-01,-1.018348623853211121e+00
8.294832705833978803e-01,-1.014629556792027848e-01,-1.017706422018348711e+00
8.302249763734389498e-01,-1.016460455214352188e-01,-1.017064220183486301e+00
8.309666821634799083e-01,-1.018291353636676527e-01,-1.016422018348623890e+00
8.317083879535209778e-01,-1.020122252059000867e-01,-1.015779816513761480e+00
8.324500937435619363e-01,-1.021953150481325345e-01,-1.015137614678899070e+00
8.331917995336030058e-01,-1.023784048903649546e-01,-1.014495412844036659e+00
8.339335053236439643e-01,-1.025614947325974025e-01,-1.013853211009174249e+00
8.346752111136850338e-01,-1.027445845748298225e-01,-1.013211009174311839e+00
8.354169169037259923e-01,-1.029276744170622704e-01,-1.012568807339449650e+00
8.361586226937670618e-01,-1.031107642592947043e-01,-1.011926605504587240e+00
8.369003284838080203e-01,-1.032938541015271383e-01,-1.011284403669724830e+00
8.376420342738490898e-01,-1.034769439437595723e-01,-1.010642201834862419e+00
8.383837400638900483e-01,-1.036600337859920062e-01,-1.010000000000000009e+00
8.390609971902863728e-01,-1.039338231924973599e-01,-1.009318181818181781e+00
8.397382543166828084e-01,-1.042076125990027136e-01,-1.008636363636363553e+00
8.404155114430791329e-01,-1.044814020055080672e-01,-1.007954545454545547e+00
8.410927685694754574e-01,-1.047551914120134209e-01,-1.007272727272727320e+00
8.417700256958718930e-01,-1.050289808185187607e-01,-1.006590909090909092e+00
8.424472828222682175e-01,-1.053027702250241143e-01,-1.005909090909090864e+00
8.431245399486645420e-01,-1.055765596315294680e-01,-1.005227272727272636e+00
8.438017970750609775e-01,-1.058503490380348216e-01,-1.004545454545454630e+00
8.444790542014573020e-01,-1.061241384445401753e-01,-1.003863636363636402e+00
8.451563113278537376e-01,-1.063979278510455290e-01,-1.003181818181818175e+00
8.458335684542500621e-01,-1.066717172575508826e-01,-1.002499999999999947e+00
8.465108255806463866e-01,-1.069455066640562363e-01,-1.001818181818181719e+00
8.471880827070428222e-01,-1.072192960705615900e-01,-1.001136363636363713e+00
8.478653398334391467e-01,-1.074930854770669297e-01,-1.000454545454545485e+00
8.485425969598354712e-01,-1.077668748835722834e-01,-9.997727272727272574e-01
8.492198540862319067e-01,-1.080406642900776371e-01,-9.990909090909091406e-01
8.498971112126282312e-01,-1.083144536965829907e-01,-9.984090909090909127e-01
8.505743683390245558e-01,-1.085882431030883444e-01,-9.977272727272726849e-01
8.512516254654209913e-01,-1.088620325095936980e-01,-9.970454545454545681e-01
8.519288825918173158e-01,-1.091358219160990517e-01,-9.963636363636363402e-01
8.526061397182136403e-01,-1.094096113226044054e-01,-9.956818181818182234e-01
8.532833968446100759e-01,-1.096834007291097451e-01,-9.949999999999999956e-01
8.539606539710064004e-01,-1.099571901356150988e-01,-9.943181818181817677e-01
8.546379110974027249e-01,-1.102309795421204525e-01,-9.936363636363636509e-01
8.553151682237991604e-01,-1.105047689486258061e-01,-9.929545454545454231e-01
8.559924253501954849e-01,-1.107785583551311598e-01,-9.922727272727273062e-01
8.566696824765918095e-01,-1.110523477616365134e-01,-9.915909090909090784e-01
8.573469396029882450e-01,-1.113261371681418671e-01,-9.909090909090908506e-01
8.580241967293845695e-01,-1.115999265746472208e-01,-9.902272727272727337e-01
8.587014538557810051e-01,-1.118737159811525606e-01,-9.895454545454545059e-01
8.593787109821773296e-01,-1.121475053876579142e-01,-9.888636363636363891e-01
8.600559681085736541e-01,-1.124212947941632679e-01,-9.881818181818181612e-01
8.607332252349700896e-01,-1.126950842006686215e-01,-9.875000000000000444e-01
8.614104823613664141e-01,-1.129688736071739752e-01,-9.868181818181818166e-01
8.620877394877627387e-01,-1.132426630136793289e-01,-9.861363636363635887e-01
8.627649966141591742e-01,-1.135164524201846825e-01,-9.854545454545454719e-01
8.634422537405554987e-01,-1.137902418266900362e-01,-9.847727272727272441e-01
8.641195108669518232e-01,-1.140640312331953898e-01,-9.840909090909091272e-01
8.647967679933482588e-01,-1.143378206397007435e-01,-9.834090909090908994e-01
8.654740251197445833e-01,-1.146116100462060972e-01,-9.827272727272726716e-01
8.661512822461409078e-01,-1.148853994527114369e-01,-9.820454545454545547e-01
8.668285393725373433e-01,-1.151591888592167906e-01,-9.813636363636363269e-01
8.675057964989336678e-01,-1.154329782657221443e-01,-9.806818181818182101e-01
8.681830536253301034e-01,-1.157067676722274979e-01,-9.799999999999999822e-01
8.688603107517264279e-01,-1.159805570787328516e-01,-9.793181818181817544e-01
8.695375678781227524e-01,-1.162543464852382052e-01,-9.786363636363636376e-01
8.702148250045191880e-01,-1.165281358917435589e-01,-9.779545454545454097e-01
8.708920821309155125e-01,-1.168019252982488987e-01,-9.772727272727272929e-01
8.715693392573118370e-01,-1.170757147047542523e-01,-9.765909090909090651e-01
8.722465963837082725e-01,-1.173495041112596060e-01,-9.759090909090908372e-01
8.729238535101045970e-01,-1.176232935177649597e-01,-9.752272727272727204e-01
8.736011106365009216e-01,-1.178970829242703133e-01,-9.745454545454544926e-01
8.742783677628973571e-01,-1.181708723307756670e-01,-9.738636363636363757e-01
8.749556248892936816e-01,-1.184446617372810207e-01,-9.731818181818181479e-01
8.756328820156900061e-01,-1.187184511437863743e-01,-9.724999999999999201e-01
8.763101391420864417e-01,-1.189922405502917280e-01,-9.718181818181818032e-01
8.769873962684827662e-01,-1.192660299567970816e-01,-9.711363636363635754e-01
8.776646533948790907e-01,-1.195398193633024353e-01,-9.704545454545454586e-01
8.783419105212755262e-01,-1.198136087698077751e-01,-9.697727272727272307e-01
8.790191676476718508e-01,-1.200873981763131287e-01,-9.690909090909091139e-01
8.796964247740681753e-01,-1.203611875828184824e-01,-9.684090909090908861e-01
8.803736819004646108e-01,-1.206349769893238361e-01,-9.677272727272726582e-01
8.810509390268609353e-01,-1.209087663958291897e-01,-9.670454545454545414e-01
8.817281961532573709e-01,-1.211825558023345434e-01,-9.663636363636363136e-01
8.824054532796536954e-01,-1.214563452088398832e-01,-9.656818181818181968e-01
8.830827104060500199e-01,-1.217301346153452368e-01,-9.649999999999999689e-01
8.837599675324464554e-01,-1.220039240218505905e-01,-9.643181818181817411e-01
8.844372246588427799e-01,-1.222777134283559441e-01,-9.636363636363636243e-01
8.851144817852391045e-01,-1.225515028348612978e-01,-9.629545454545453964e-01
8.857917389116355400e-01,-1.228252922413666515e-01,-9.622727272727272796e-01
8.864689960380318645e-01,-1.230990816478720051e-01,-9.615909090909090517e-01
8.871462531644281890e-01,-1.233728710543773588e-01,-9.609090909090908239e-01
8.878235102908246246e-01,-1.236466604608827125e-01,-9.602272727272727071e-01
8.885007674172209491e-01,-1.239204498673880661e-01,-9.595454545454544792e-01
8.891780245436172736e-01,-1.241942392738934198e-01,-9.588636363636363624e-01
8.898552816700137091e-01,-1.244680286803987596e-01,-9.581818181818181346e-01
8.905325387964100337e-01,-1.247418180869041132e-01,-9.574999999999999067e-01
8.912097959228063582e-01,-1.250156074934094530e-01,-9.568181818181817899e-01
8.918870530492027937e-01,-1.252893968999148067e-01,-9.561363636363635621e-01
8.925643101755991182e-01,-1.255631863064201603e-01,-9.554545454545454453e-01
8.932415673019955538e-01,-1.258369757129255140e-01,-9.547727272727272174e-01
8.939188244283918783e-01,-1.261107651194308676e-01,-9.540909090909091006e-01
8.945960815547882028e-01,-1.263845545259362213e-01,-9.534090909090908728e-01
8.952733386811846383e-01,-1.266583439324415750e-01,-9.527272727272726449e-01
8.959505958075809628e-01,-1.269321333389469286e-01,-9.520454545454545281e-01
8.966278529339772874e-01,-1.272059227454522823e-01,-9.513636363636363003e-01
8.973051100603737229e-01,-1.274797121519576359e-01,-9.506818181818181834e-01
8.979823671867700474e-01,-1.277535015584629896e-01,-9.499999999999999556e-01
8.984887159882731789e-01,-1.279595745245344363e-01,-9.491695205479451225e-01
8.989950647897763103e-01,-1.281656474906058552e-01,-9.483390410958904004e-01
8.995014135912794417e-01,-1.283717204566773018e-01,-9.475085616438355673e-01
9.000077623927826842e-01,-1.285777934227487485e-01,-9.466780821917807343e-01
9.005141111942858156e-01,-1.287838663888201951e-01,-9.458476027397260122e-01
9.010204599957889471e-01,-1.289899393548916140e-01,-9.450171232876711791e-01
9.015268087972920785e-01,-1.291960123209630606e-01,-9.441866438356163460e-01
9.020331575987952100e-01,-1.294020852870345073e-01,-9.433561643835616239e-01
9.025395064002983414e-01,-1.296081582531059262e-01,-9.425256849315067909e-01
9.030458552018015839e-01,-1.298142312191773728e-01,-9.416952054794520688e-01
9.035522040033047153e-01,-1.300203041852488195e-01,-9.408647260273972357e-01
9.040585528048078467e-01,-1.302263771513202661e-01,-9.400342465753424026e-01
9.045649016063109782e-01,-1.304324501173916850e-01,-9.392037671232876805e-01
9.050712504078141096e-01,-1.306385230834631317e-01,-9.383732876712328475e-01
9.055775992093172411e-01,-1.308445960495345783e-01,-9.375428082191780144e-01
9.060839480108204835e-01,-1.310506690156059972e-01,-9.367123287671232923e-01
9.065902968123236150e-01,-1.312567419816774439e-01,-9.358818493150684592e-01
9.070966456138267464e-01,-1.314628149477488905e-01,-9.350513698630136261e-01
9.076029944153298779e-01,-1.316688879138203372e-01,-9.342208904109589040e-01
9.081093432168330093e-01,-1.318749608798917561e-01,-9.333904109589040710e-01
9.086156920183361407e-01,-1.320810338459632027e-01,-9.325599315068492379e-01
9.091220408198393832e-01,-1.322871068120346494e-01,-9.317294520547945158e-01
9.096283896213425146e-01,-1.324931797781060683e-01,-9.308989726027396827e-01
9.101347384228456461e-01,-1.326992527441775149e-01,-9.300684931506849606e-01
9.106410872243487775e-01,-1.329053257102489616e-01,-9.292380136986301276e-01
9.111474360258519090e-01,-1.331113986763204082e-01,-9.284075342465752945e-01
9.116537848273550404e-01,-1.333174716423918271e-01,-9.275770547945205724e-01
9.121601336288582829e-01,-1.335235446084632738e-01,-9.267465753424657393e-01
9.126664824303614143e-01,-1.337296175745347204e-01,-9.259160958904109062e-01
9.131728312318645457e-01,-1.339356905406061393e-01,-9.250856164383561842e-01
9.136791800333676772e-01,-1.341417635066775860e-01,-9.242551369863013511e-01
9.141855288348708086e-01,-1.343478364727490326e-01,-9.234246575342465180e-01
9.146918776363739401e-01,-1.345539094388204793e-01,-9.225941780821917959e-01
9.151982264378771825e-01,-1.347599824048918982e-01,-9.217636986301369628e-01
9.157045752393803140e-01,-1.349660553709633448e-01,-9.209332191780821297e-01
9.162109240408834454e-01,-1.351721283370347915e-01,-9.201027397260274077e-01
9.167172728423865768e-01,-1.353782013031062104e-01,-9.192722602739725746e-01
9.172236216438897083e-01,-1.355842742691776570e-01,-9.184417808219178525e-01
9.177299704453928397e-01,-1.357903472352491037e-01,-9.176113013698630194e-01
9.182363192468960822e-01,-1.359964202013205226e-01,-9.167808219178081863e-01
9.187426680483992136e-01,-1.362024931673919692e-01,-9.159503424657534643e-01
9.192490168499023451e-01,-1.364085661334634159e-01,-9.151198630136986312e-01
9.197553656514054765e-01,-1.366146390995348625e-01,-9.142893835616437981e-01
9.202617144529086080e-01,-1.368207120656062814e-01,-9.134589041095890760e-01
9.207680632544117394e-01,-1.370267850316777281e-01,-9.126284246575342429e-01
9.212744120559149819e-01,-1.372328579977491747e-01,-9.117979452054794098e-01
9.217807608574181133e-01,-1.374389309638205936e-01,-9.109674657534246878e-01
9.222871096589212447e-01,-1.376450039298920403e-01,-9.101369863013698547e-01
9.227934584604243762e-01,-1.378510768959634869e-01,-9.093065068493150216e-01
9.232998072619275076e-01,-1.380571498620349336e-01,-9.084760273972602995e-01
9.238061560634306391e-01,-1.382632228281063524e-01,-9.076455479452054664e-01
9.243125048649338815e-01,-1.384692957941777991e-01,-9.068150684931506333e-01
9.248188536664370130e-01,-1.386753687602492457e-01,-9.059845890410959113e-01
9.253252024679401444e-01,-1.388814417263206646e-01,-9.051541095890410782e-01
9.258315512694432758e-01,-1.390875146923921113e-01,-9.043236301369863561e-01
9.263379000709464073e-01,-1.392935876584635579e-01,-9.034931506849315230e-01
9.268442488724495387e-01,-1.394996606245350046e-01,-9.026626712328766899e-01
9.273505976739527812e-01,-1.397057335906064235e-01,-9.018321917808219679e-01
9.278569464754559126e-01,-1.399118065566778701e-01,-9.010017123287671348e-01
9.283632952769590441e-01,-1.401178795227493168e-01,-9.001712328767123017e-01
9.288696440784621755e-01,-1.403239524888207357e-01,-8.993407534246575796e-01
9.293759928799653069e-01,-1.405300254548921823e-01,-8.985102739726027465e-01
9.298823416814684384e-01,-1.407360984209636290e-01,-8.976797945205479135e-01
9.303886904829716809e-01,-1.409421713870350756e-01,-8.968493150684931914e-01
9.308950392844748123e-01,-1.411482443531064945e-01,-8.960188356164383583e-01
9.314013880859779437e-01,-1.413543173191779412e-01,-8.951883561643836362e-01
9.319077368874810752e-01,-1.415603902852493878e-01,-8.943578767123288031e-01
9.324140856889842066e-01,-1.417664632513208067e-01,-8.935273972602739700e-01
9.329204344904873381e-01,-1.419725362173922534e-01,-8.926969178082192480e-01
9.334267832919904695e-01,-1.421786091834637000e-01,-8.918664383561644149e-01
9.339331320934937120e-01,-1.423846821495351467e-01,-8.910359589041095818e-01
9.344394808949968434e-01,-1.425907551156065656e-01,-8.902054794520548597e-01
9.349458296964999748e-01,-1.427968280816780122e-01,-8.893750000000000266e-01
9.356648792827174654e-01,-1.428886711454912528e-01,-8.886953125000000009e-01
9.363839288689349560e-01,-1.429805142093045212e-01,-8.880156249999999751e-01
9.371029784551524466e-01,-1.430723572731177617e-01,-8.873359375000000604e-01
9.378220280413699372e-01,-1.431642003369310023e-01,-8.866562500000000346e-01
9.385410776275874278e-01,-1.432560434007442707e-01,-8.859765625000000089e-01
9.392601272138050295e-01,-1.433478864645575113e-01,-8.852968749999999831e-01
9.399791768000225201e-01,-1.434397295283707519e-01,-8.846171875000000684e-01
9.406982263862400107e-01,-1.435315725921840202e-01,-8.839375000000000426e-01
9.414172759724575013e-01,-1.436234156559972608e-01,-8.832578125000000169e-01
9.421363255586749919e-01,-1.437152587198105014e-01,-8.825781249999999911e-01
9.428553751448924825e-01,-1.438071017836237697e-01,-8.818984374999999654e-01
9.435744247311099731e-01,-1.438989448474370103e-01,-8.812187500000000506e-01
9.442934743173274637e-01,-1.439907879112502509e-01,-8.805390625000000249e-01
9.450125239035449543e-01,-1.440826309750635192e-01,-8.798593749999999991e-01
9.457315734897624449e-01,-1.441744740388767598e-01,-8.791796874999999734e-01
9.464506230759799355e-01,-1.442663171026900004e-01,-8.785000000000000586e-01
9.471696726621974260e-01,-1.443581601665032688e-01,-8.778203125000000329e-01
9.478887222484150277e-01,-1.444500032303165094e-01,-8.771406250000000071e-01
9.486077718346325183e-01,-1.445418462941297499e-01,-8.764609374999999813e-01
9.493268214208500089e-01,-1.446336893579430183e-01,-8.757812499999999556e-01
9.500458710070674995e-01,-1.447255324217562589e-01,-8.751015625000000409e-01
9.507649205932849901e-01,-1.448173754855694995e-01,-8.744218750000000151e-01
9.514839701795024807e-01,-1.449092185493827678e-01,-8.737421874999999893e-01
9.522030197657199713e-01,-1.450010616131960084e-01,-8.730624999999999636e-01
9.529220693519374619e-01,-1.450929046770092490e-01,-8.723828125000000488e-01
9.536411189381549525e-01,-1.451847477408225173e-01,-8.717031250000000231e-01
9.543601685243724431e-01,-1.452765908046357579e-01,-8.710234374999999973e-01
9.550792181105899337e-01,-1.453684338684489985e-01,-8.703437499999999716e-01
9.557982676968075353e-01,-1.454602769322622668e-01,-8.696640625000000568e-01
9.565173172830250259e-01,-1.455521199960755074e-01,-8.689843750000000311e-01
9.572363668692425165e-01,-1.456439630598887480e-01,-8.683046875000000053e-01
9.579554164554600071e-01,-1.457358061237020164e-01,-8.676249999999999796e-01
9.586744660416774977e-01,-1.458276491875152570e-01,-8.669453124999999538e-01
9.593935156278949883e-01,-1.459194922513284975e-01,-8.662656250000000391e-01
9.601125652141124789e-01,-1.460113353151417659e-01,-8.655859375000000133e-01
9.608316148003299695e-01,-1.461031783789550065e-01,-8.649062499999999876e-01
9.615506643865474601e-01,-1.461950214427682471e-01,-8.642265624999999618e-01
9.622697139727649507e-01,-1.462868645065815154e-01,-8.635468750000000471e-01
9.629887635589824413e-01,-1.463787075703947560e-01,-8.628671875000000213e-01
9.637078131451999319e-01,-1.464705506342079966e-01,-8.621874999999999956e-01
9.644268627314175335e-01,-1.465623936980212649e-01,-8.615078124999999698e-01
9.651459123176350241e-01,-1.466542367618345055e-01,-8.608281249999999440e-01
9.658649619038525147e-01,-1.467460798256477461e-01,-8.601484375000000293e-01
9.665840114900700053e-01,-1.468379228894610145e-01,-8.594687500000000036e-01
9.673030610762874959e-01,-1.469297659532742550e-01,-8.587890624999999778e-01
9.680221106625049865e-01,-1.470216090170875234e-01,-8.581093749999999520e-01
9.687411602487224771e-01,-1.471134520809007640e-01,-8.574296875000000373e-01
9.694602098349399677e-01,-1.472052951447140046e-01,-8.567500000000000115e-01
9.701792594211574583e-01,-1.472971382085272729e-01,-8.560703124999999858e-01
9.708983090073749489e-01,-1.473889812723405135e-01,-8.553906249999999600e-01
9.716173585935924395e-01,-1.474808243361537541e-01,-8.547109374999999343e-01
9.723364081798100411e-01,-1.475726673999670224e-01,-8.540312500000000195e-01
9.730554577660275317e-01,-1.476645104637802630e-01,-8.533515624999999938e-01
9.737745073522450223e-01,-1.477563535275935036e-01,-8.526718749999999680e-01
9.744935569384625129e-01,-1.478481965914067719e-01,-8.519921874999999423e-01
9.752126065246800035e-01,-1.479400396552200125e-01,-8.513125000000000275e-01
9.759316561108974941e-01,-1.480318827190332531e-01,-8.506328125000000018e-01
9.766507056971149847e-01,-1.481237257828465215e-01,-8.499531249999999760e-01
9.773697552833324753e-01,-1.482155688466597621e-01,-8.492734374999999503e-01
9.780888048695499659e-01,-1.483074119104730026e-01,-8.485937500000000355e-01
9.788078544557674565e-01,-1.483992549742862710e-01,-8.479140625000000098e-01
9.795269040419849471e-01,-1.484910980380995116e-01,-8.472343749999999840e-01
9.802459536282024377e-01,-1.485829411019127522e-01,-8.465546874999999583e-01
9.809650032144200393e-01,-1.486747841657260205e-01,-8.458749999999999325e-01
9.816840528006375299e-01,-1.487666272295392611e-01,-8.451953125000000178e-01
9.824031023868550205e-01,-1.488584702933525017e-01,-8.445156249999999920e-01
9.831221519730725111e-01,-1.489503133571657700e-01,-8.438359374999999662e-01
9.838412015592900017e-01,-1.490421564209790106e-01,-8.431562499999999405e-01
9.845602511455074923e-01,-1.491339994847922512e-01,-8.424765624999999147e-01
9.852793007317249829e-01,-1.492258425486055196e-01,-8.417968750000000000e-01
9.859983503179424735e-01,-1.493176856124187601e-01,-8.411171874999999742e-01
9.867173999041599641e-01,-1.494095286762320007e-01,-8.404374999999999485e-01
9.874364494903774547e-01,-1.495013717400452691e-01,-8.397578124999999227e-01
9.881554990765950564e-01,-1.495932148038585097e-01,-8.390781250000000080e-01
9.888745486628125470e-01,-1.496850578676717503e-01,-8.383984374999999822e-01
9.895935982490300376e-01,-1.497769009314850186e-01,-8.377187499999999565e-01
9.903126478352475281e-01,-1.498687439952982592e-01,-8.370390624999999307e-01
9.910316974214650187e-01,-1.499605870591114998e-01,-8.363593750000000160e-01
9.917507470076825093e-01,-1.500524301229247681e-01,-8.356796874999999902e-01
9.924697965938999999e-01,-1.501442731867380087e-01,-8.349999999999999645e-01
9.930840532725124792e-01,-1.501614570951025907e-01,-8.342119565217390731e-01
9.936983099511249584e-01,-1.501786410034672004e-01,-8.334239130434781817e-01
9.943125666297374377e-01,-1.501958249118317823e-01,-8.326358695652174013e-01
9.949268233083498059e-01,-1.502130088201963920e-01,-8.318478260869565100e-01
9.955410799869622851e-01,-1.502301927285609739e-01,-8.310597826086956186e-01
9.961553366655747643e-01,-1.502473766369255836e-01,-8.302717391304347272e-01
9.967695933441872436e-01,-1.502645605452901656e-01,-8.294836956521738358e-01
9.973838500227997228e-01,-1.502817444536547475e-01,-8.286956521739130554e-01
9.979981067014122020e-01,-1.502989283620193572e-01,-8.279076086956521641e-01
9.986123633800246813e-01,-1.503161122703839392e-01,-8.271195652173912727e-01
9.992266200586370495e-01,-1.503332961787485489e-01,-8.263315217391303813e-01
9.998408767372495287e-01,-1.503504800871131308e-01,-8.255434782608694899e-01
1.000455133415862008e+00,-1.503676639954777405e-01,-8.247554347826087096e-01
1.001069390094474487e+00,-1.503848479038423225e-01,-8.239673913043478182e-01
1.001683646773086966e+00,-1.504020318122069322e-01,-8.231793478260869268e-01
1.002297903451699446e+00,-1.504192157205715141e-01,-8.223913043478260354e-01
1.002912160130311925e+00,-1.504363996289360961e-01,-8.216032608695651440e-01
1.003526416808924404e+00,-1.504535835373007058e-01,-8.208152173913043637e-01
1.004140673487536883e+00,-1.504707674456652877e-01,-8.200271739130434723e-01
1.004754930166149363e+00,-1.504879513540298974e-01,-8.192391304347825809e-01
1.005369186844761620e+00,-1.505051352623944794e-01,-8.184510869565216895e-01
1.005983443523374099e+00,-1.505223191707590891e-01,-8.176630434782607981e-01
1.006597700201986578e+00,-1.505395030791236710e-01,-8.168750000000000178e-01
1.007211956880599057e+00,-1.505566869874882530e-01,-8.160869565217391264e-01
1.007826213559211537e+00,-1.505738708958528627e-01,-8.152989130434782350e-01
1.008440470237824016e+00,-1.505910548042174446e-01,-8.145108695652173436e-01
1.009054726916436495e+00,-1.506082387125820543e-01,-8.137228260869564522e-01
1.009668983595048974e+00,-1.506254226209466363e-01,-8.129347826086956719e-01
1.010283240273661454e+00,-1.506426065293112460e-01,-8.121467391304347805e-01
1.010897496952273933e+00,-1.506597904376758279e-01,-8.113586956521738891e-01
1.011511753630886412e+00,-1.506769743460404098e-01,-8.105706521739129977e-01
1.012126010309498891e+00,-1.506941582544050195e-01,-8.097826086956521063e-01
1.012740266988111371e+00,-1.507113421627696015e-01,-8.089945652173913260e-01
1.013354523666723850e+00,-1.507285260711342112e-01,-8.082065217391304346e-01
1.013968780345336107e+00,-1.507457099794987931e-01,-8.074184782608695432e-01
1.014583037023948586e+00,-1.507628938878634028e-01,-8.066304347826086518e-01
1.015197293702561065e+00,-1.507800777962279848e-01,-8.058423913043478715e-01
1.015811550381173545e+00,-1.507972617045925945e-01,-8.050543478260869801e-01
1.016425807059786024e+00,-1.508144456129571764e-01,-8.042663043478260887e-01
1.017040063738398503e+00,-1.508316295213217584e-01,-8.034782608695651973e-01
1.017654320417010982e+00,-1.508488134296863681e-01,-8.026902173913043059e-01
1.018268577095623462e+00,-1.508659973380509500e-01,-8.019021739130435256e-01
1.018882833774235941e+00,-1.508831812464155597e-01,-8.011141304347826342e-01
1.019497090452848420e+00,-1.509003651547801417e-01,-8.003260869565217428e-01
1.020111347131460899e+00,-1.509175490631447514e-01,-7.995380434782608514e-01
1.020725603810073379e+00,-1.509347329715093333e-01,-7.987499999999999600e-01
1.021339860488685858e+00,-1.509519168798739153e-01,-7.979619565217390686e-01
1.021954117167298337e+00,-1.509691007882385250e-01,-7.971739130434782883e-01
1.022568373845910594e+00,-1.509862846966031069e-01,-7.963858695652173969e-01
1.023182630524523073e+00,-1.510034686049677166e-01,-7.955978260869565055e-01
1.023796887203135553e+00,-1.510206525133322986e-01,-7.948097826086956141e-01
1.024411143881748032e+00,-1.510378364216969083e-01,-7.940217391304348338e-01
1.025025400560360511e+00,-1.510550203300614902e-01,-7.932336956521739424e-01
1.025639657238972990e+00,-1.510722042384260722e-01,-7.924456521739130510e-01
1.026253913917585470e+00,-1.510893881467906819e-01,-7.916576086956521596e-01
1.026868170596197949e+00,-1.511065720551552638e-01,-7.908695652173912682e-01
1.027482427274810428e+00,-1.511237559635198735e-01,-7.900815217391304879e-01
1.028096683953422907e+00,-1.511409398718844554e-01,-7.892934782608695965e-01
1.028710940632035387e+00,-1.511581237802490651e-01,-7.885054347826087051e-01
1.029325197310647866e+00,-1.511753076886136471e-01,-7.877173913043478137e-01
1.029939453989260345e+00,-1.511924915969782568e-01,-7.869293478260869223e-01
1.030553710667872824e+00,-1.512096755053428387e-01,-7.861413043478261420e-01
1.031167967346485081e+00,-1.512268594137074207e-01,-7.853532608695652506e-01
1.031782224025097561e+00,-1.512440433220720304e-01,-7.845652173913043592e-01
1.032396480703710040e+00,-1.512612272304366123e-01,-7.837771739130434678e-01
1.033010737382322519e+00,-1.512784111388012220e-01,-7.829891304347825765e-01
1.033624994060934998e+00,-1.512955950471658040e-01,-7.822010869565217961e-01
1.034239250739547478e+00,-1.513127789555304137e-01,-7.814130434782609047e-01
1.034853507418159957e+00,-1.513299628638949956e-01,-7.806250000000000133e-01
1.035467764096772436e+00,-1.513471467722596053e-01,-7.798369565217391219e-01
1.036082020775384915e+00,-1.513643306806242150e-01,-7.790489130434782306e-01
1.036696277453997395e+00,-1.513815145889888247e-01,-7.782608695652174502e-01
1.037310534132609874e+00,-1.513986984973534344e-01,-7.774728260869565588e-01
1.037924790811222353e+00,-1.514158824057180441e-01,-7.766847826086956674e-01
1.038539047489834832e+00,-1.514330663140826538e-01,-7.758967391304347760e-01
1.039153304168447089e+00,-1.514502502224472635e-01,-7.751086956521738847e-01
1.039767560847059569e+00,-1.514674341308118732e-01,-7.743206521739131043e-01
1.040381817525672048e+00,-1.514846180391764829e-01,-7.735326086956522129e-01
1.040996074204284527e+00,-1.515018019475410926e-01,-7.727445652173913215e-01
1.041610330882897006e+00,-1.515189858559057023e-01,-7.719565217391304301e-01
1.042224587561509486e+00,-1.515361697642703120e-01,-7.711684782608695388e-01
1.042838844240121965e+00,-1.515533536726349217e-01,-7.703804347826086474e-01
1.043453100918734444e+00,-1.515705375809995314e-01,-7.695923913043478670e-01
1.044067357597346923e+00,-1.515877214893641411e-01,-7.688043478260869756e-01
1.044681614275959403e+00,-1.516049053977287508e-01,-7.680163043478260843e-01
1.045295870954571882e+00,-1.516220893060933606e-01,-7.672282608695651929e-01
1.045910127633184361e+00,-1.516392732144579425e-01,-7.664402173913043015e-01
1.046524384311796840e+00,-1.516564571228225522e-01,-7.656521739130435211e-01
1.047138640990409320e+00,-1.516736410311871619e-01,-7.648641304347826297e-01
1.047752897669021577e+00,-1.516908249395517716e-01,-7.640760869565217384e-01
1.048367154347634056e+00,-1.517080088479163813e-01,-7.632880434782608470e-01
1.048981411026246535e+00,-1.517251927562809910e-01,-7.624999999999999556e-01
1.049595667704859014e+00,-1.517423766646456007e-01,-7.617119565217391752e-01
1.050209924383471494e+00,-1.517595605730102104e-01,-7.609239130434782838e-01
1.050824181062083973e+00,-1.517767444813748201e-01,-7.601358695652173925e-01
1.051438437740696452e+00,-1.517939283897394298e-01,-7.593478260869565011e-01
1.052052694419308931e+00,-1.518111122981040395e-01,-7.585597826086956097e-01
1.052666951097921411e+00,-1.518282962064686492e-01,-7.577717391304347183e-01
1.053281207776533890e+00,-1.518454801148332589e-01,-7.569836956521739380e-01
1.053895464455146369e+00,-1.518626640231978686e-01,-7.561956521739130466e-01
1.054509721133758848e+00,-1.518798479315624783e-01,-7.554076086956521552e-01
1.055123977812371328e+00,-1.518970318399270880e-01,-7.546195652173912638e-01
1.055738234490983807e+00,-1.519142157482916977e-01,-7.538315217391303724e-01
1.056352491169596064e+00,-1.519313996566563074e-01,-7.530434782608695921e-01
1.056966747848208543e+00,-1.519485835650209171e-01,-7.522554347826087007e-01
1.057581004526821022e+00,-1.519657674733855268e-01,-7.514673913043478093e-01
1.058195261205433502e+00,-1.519829513817501365e-01,-7.506793478260869179e-01
1.058809517884045981e+00,-1.520001352901147462e-01,-7.498913043478260265e-01
1.059423774562658460e+00,-1.520173191984793559e-01,-7.491032608695652462e-01
1.060038031241270939e+00,-1.520345031068439656e-01,-7.483152173913043548e-01
1.060652287919883419e+00,-1.520516870152085753e-01,-7.475271739130434634e-01
1.061266544598495898e+00,-1.520688709235731850e-01,-7.467391304347825720e-01
1.061880801277108377e+00,-1.520860548319377947e-01,-7.459510869565216806e-01
1.062495057955720856e+00,-1.521032387403024044e-01,-7.451630434782607892e-01
1.063109314634333336e+00,-1.521204226486670141e-01,-7.443750000000000089e-01
1.063723571312945815e+00,-1.521376065570316238e-01,-7.435869565217391175e-01
1.064337827991558294e+00,-1.521547904653962335e-01,-7.427989130434782261e-01
1.064952084670170551e+00,-1.521719743737608432e-01,-7.420108695652173347e-01
1.065566341348783030e+00,-1.521891582821254529e-01,-7.412228260869564433e-01
1.066180598027395510e+00,-1.522063421904900626e-01,-7.404347826086956630e-01
1.066794854706007989e+00,-1.522235260988546446e-01,-7.396467391304347716e-01
1.067409111384620468e+00,-1.522407100072192543e-01,-7.388586956521738802e-01
1.068023368063232947e+00,-1.522578939155838640e-01,-7.380706521739129888e-01
1.068637624741845427e+00,-1.522750778239484737e-01,-7.372826086956520975e-01
1.069251881420457906e+00,-1.522922617323130834e-01,-7.364945652173913171e-01
1.069866138099070385e+00,-1.523094456406776931e-01,-7.357065217391304257e-01
1.070480394777682864e+00,-1.523266295490423028e-01,-7.349184782608695343e-01
1.071094651456295344e+00,-1.523438134574069125e-01,-7.341304347826086429e-01
1.071708908134907823e+00,-1.523609973657715222e-01,-7.333423913043477516e-01
1.072323164813520302e+00,-1.523781812741361319e-01,-7.325543478260868602e-01
1.072937421492132781e+00,-1.523953651825007416e-01,-7.317663043478260798e-01
1.073551678170745038e+00,-1.524125490908653513e-01,-7.309782608695651884e-01
1.074165934849357518e+00,-1.524297329992299610e-01,-7.301902173913042970e-01
1.074780191527969997e+00,-1.524469169075945707e-01,-7.294021739130434057e-01
1.075394448206582476e+00,-1.524641008159591804e-01,-7.286141304347825143e-01
1.076008704885194955e+00,-1.524812847243237901e-01,-7.278260869565217339e-01
1.076622961563807435e+00,-1.524984686326883998e-01,-7.270380434782608425e-01
1.077237218242419914e+00,-1.525156525410530095e-01,-7.262499999999999512e-01
1.077927642679571640e+00,-1.526771654155693048e-01,-7.255528846153845857e-01
1.078618067116723145e+00,-1.528386782900856278e-01,-7.248557692307692202e-01
1.079308491553874871e+00,-1.530001911646019230e-01,-7.241586538461537437e-01
1.079998915991026598e+00,-1.531617040391182460e-01,-7.234615384615383782e-01
1.080689340428178324e+00,-1.533232169136345413e-01,-7.227644230769230127e-01
1.081379764865329829e+00,-1.534847297881508643e-01,-7.220673076923076472e-01
1.082070189302481555e+00,-1.536462426626671596e-01,-7.213701923076922817e-01
1.082760613739633282e+00,-1.538077555371834826e-01,-7.206730769230769162e-01
1.083451038176785008e+00,-1.539692684116997778e-01,-7.199759615384615508e-01
1.084141462613936513e+00,-1.541307812862160731e-01,-7.192788461538460743e-01
1.084831887051088239e+00,-1.542922941607323961e-01,-7.185817307692307088e-01
1.085522311488239966e+00,-1.544538070352486914e-01,-7.178846153846153433e-01
1.086212735925391470e+00,-1.546153199097650144e-01,-7.171874999999999778e-01
1.086903160362543197e+00,-1.547768327842813096e-01,-7.164903846153846123e-01
1.087593584799694924e+00,-1.549383456587976327e-01,-7.157932692307691358e-01
1.088284009236846650e+00,-1.550998585333139279e-01,-7.150961538461537703e-01
1.088974433673998155e+00,-1.552613714078302509e-01,-7.143990384615384048e-01
1.089664858111149881e+00,-1.554228842823465462e-01,-7.137019230769230393e-01
1.090355282548301608e+00,-1.555843971568628692e-01,-7.130048076923076739e-01
1.091045706985453334e+00,-1.557459100313791645e-01,-7.123076923076923084e-01
1.091736131422604839e+00,-1.559074229058954597e-01,-7.116105769230769429e-01
1.092426555859756565e+00,-1.560689357804117827e-01,-7.109134615384614664e-01
1.093116980296908292e+00,-1.562304486549280780e-01,-7.102163461538461009e-01
1.093807404734060018e+00,-1.563919615294444010e-01,-7.095192307692307354e-01
1.094497829171211523e+00,-1.565534744039606962e-01,-7.088221153846153699e-01
1.095188253608363249e+00,-1.567149872784770193e-01,-7.081250000000000044e-01
1.095878678045514976e+00,-1.568765001529933145e-01,-7.074278846153845279e-01
1.096569102482666480e+00,-1.570380130275096375e-01,-7.067307692307691624e-01
1.097259526919818207e+00,-1.571995259020259328e-01,-7.060336538461537970e-01
1.097949951356969933e+00,-1.573610387765422280e-01,-7.053365384615384315e-01
1.098640375794121660e+00,-1.575225516510585511e-01,-7.046394230769230660e-01
1.099330800231273164e+00,-1.576840645255748463e-01,-7.039423076923077005e-01
1.100021224668424891e+00,-1.578455774000911693e-01,-7.032451923076923350e-01
1.100711649105576617e+00,-1.580070902746074646e-01,-7.025480769230768585e-01
1.101402073542728344e+00,-1.581686031491237876e-01,-7.018509615384614930e-01
1.102092497979879848e+00,-1.583301160236400829e-01,-7.011538461538461275e-01
1.102782922417031575e+00,-1.584916288981564059e-01,-7.004567307692307621e-01
1.103473346854183301e+00,-1.586531417726727011e-01,-6.997596153846153966e-01
1.104163771291334806e+00,-1.588146546471890241e-01,-6.990624999999999201e-01
1.104854195728486532e+00,-1.589761675217053194e-01,-6.983653846153845546e-01
1.105544620165638259e+00,-1.591376803962216147e-01,-6.976682692307691891e-01
1.106235044602789985e+00,-1.592991932707379377e-01,-6.969711538461538236e-01
1.106925469039941490e+00,-1.594607061452542329e-01,-6.962740384615384581e-01
1.107615893477093216e+00,-1.596222190197705559e-01,-6.955769230769230926e-01
1.108306317914244943e+00,-1.597837318942868512e-01,-6.948798076923077272e-01
1.108996742351396669e+00,-1.599452447688031742e-01,-6.941826923076922506e-01
1.109687166788548174e+00,-1.601067576433194695e-01,-6.934855769230768852e-01
1.110377591225699900e+00,-1.602682705178357925e-01,-6.927884615384615197e-01
1.111068015662851627e+00,-1.604297833923520877e-01,-6.920913461538461542e-01
1.111758440100003353e+00,-1.605912962668683830e-01,-6.913942307692307887e-01
1.112448864537154858e+00,-1.607528091413847060e-01,-6.906971153846153122e-01
1.113139288974306584e+00,-1.609143220159010013e-01,-6.899999999999999467e-01
1.113829713411458311e+00,-1.610758348904173243e-01,-6.893028846153845812e-01
1.114520137848609815e+00,-1.612373477649336195e-01,-6.886057692307692157e-01
1.115210562285761542e+00,-1.613988606394499425e-01,-6.879086538461538503e-01
1.115900986722913268e+00,-1.615603735139662378e-01,-6.872115384615384848e-01
1.116591411160064995e+00,-1.617218863884825608e-01,-6.865144230769231193e-01
1.117281835597216499e+00,-1.618833992629988561e-01,-6.858173076923076428e-01
1.117972260034368226e+00,-1.620449121375151513e-01,-6.851201923076922773e-01
1.118662684471519952e+00,-1.622064250120314743e-01,-6.844230769230769118e-01
1.119353108908671679e+00,-1.623679378865477696e-01,-6.837259615384615463e-01
1.120043533345823183e+00,-1.625294507610640926e-01,-6.830288461538461808e-01
1.120733957782974910e+00,-1.626909636355803879e-01,-6.823317307692307043e-01
1.121424382220126637e+00,-1.628524765100967109e-01,-6.816346153846153388e-01
1.122114806657278141e+00,-1.630139893846130061e-01,-6.809374999999999734e-01
1.122805231094429868e+00,-1.631755022591293292e-01,-6.802403846153846079e-01
1.123495655531581594e+00,-1.633370151336456244e-01,-6.795432692307692424e-01
1.124186079968733321e+00,-1.634985280081619474e-01,-6.788461538461538769e-01
1.124876504405884825e+00,-1.636600408826782427e-01,-6.781490384615385114e-01
1.125566928843036552e+00,-1.638215537571945379e-01,-6.774519230769230349e-01
1.126257353280188278e+00,-1.639830666317108609e-01,-6.767548076923076694e-01
1.126947777717340005e+00,-1.641445795062271562e-01,-6.760576923076923039e-01
1.127638202154491509e+00,-1.643060923807434792e-01,-6.753605769230769384e-01
1.128328626591643236e+00,-1.644676052552597745e-01,-6.746634615384615730e-01
1.129019051028794962e+00,-1.646291181297760975e-01,-6.739663461538460965e-01
1.129709475465946689e+00,-1.647906310042923927e-01,-6.732692307692307310e-01
1.130399899903098193e+00,-1.649521438788087158e-01,-6.725721153846153655e-01
1.131090324340249920e+00,-1.651136567533250110e-01,-6.718750000000000000e-01
1.131940928373560196e+00,-1.651967533757447981e-01,-6.713571428571428745e-01
1.132791532406870250e+00,-1.652798499981646130e-01,-6.708392857142857491e-01
1.133642136440180526e+00,-1.653629466205844001e-01,-6.703214285714286236e-01
1.134492740473490580e+00,-1.654460432430042149e-01,-6.698035714285713871e-01
1.135343344506800856e+00,-1.655291398654240020e-01,-6.692857142857142616e-01
1.136193948540111132e+00,-1.656122364878438169e-01,-6.687678571428571361e-01
1.137044552573421186e+00,-1.656953331102636040e-01,-6.682500000000000107e-01
1.137895156606731462e+00,-1.657784297326834189e-01,-6.677321428571428852e-01
1.138745760640041738e+00,-1.658615263551032060e-01,-6.672142857142857597e-01
1.139596364673351792e+00,-1.659446229775230208e-01,-6.666964285714285232e-01
1.140446968706662068e+00,-1.660277195999428079e-01,-6.661785714285713977e-01
1.141297572739972122e+00,-1.661108162223625950e-01,-6.656607142857142723e-01
1.142148176773282398e+00,-1.661939128447824099e-01,-6.651428571428571468e-01
1.142998780806592674e+00,-1.662770094672021970e-01,-6.646250000000000213e-01
1.143849384839902728e+00,-1.663601060896220118e-01,-6.641071428571428958e-01
1.144699988873213004e+00,-1.664432027120417990e-01,-6.635892857142857704e-01
1.145550592906523280e+00,-1.665262993344616138e-01,-6.630714285714285339e-01
1.146401196939833333e+00,-1.666093959568814009e-01,-6.625535714285714084e-01
1.147251800973143609e+00,-1.666924925793012158e-01,-6.620357142857142829e-01
1.148102405006453663e+00,-1.667755892017210029e-01,-6.615178571428571574e-01
1.148953009039763939e+00,-1.668586858241408177e-01,-6.610000000000000320e-01
1.149803613073074215e+00,-1.669417824465606048e-01,-6.604821428571429065e-01
1.150654217106384269e+00,-1.670248790689804197e-01,-6.599642857142856700e-01
1.151504821139694545e+00,-1.671079756914002068e-01,-6.594464285714285445e-01
1.152355425173004599e+00,-1.671910723138199939e-01,-6.589285714285714191e-01
1.153206029206314875e+00,-1.672741689362398088e-01,-6.584107142857142936e-01
1.154056633239625151e+00,-1.673572655586595959e-01,-6.578928571428571681e-01
1.154907237272935205e+00,-1.674403621810794107e-01,-6.573750000000000426e-01
1.155757841306245481e+00,-1.675234588034991978e-01,-6.568571428571429172e-01
1.156608445339555757e+00,-1.676065554259190127e-01,-6.563392857142856807e-01
1.157459049372865811e+00,-1.676896520483387998e-01,-6.558214285714285552e-01
1.158309653406176087e+00,-1.677727486707586146e-01,-6.553035714285714297e-01
1.159160257439486141e+00,-1.678558452931784017e-01,-6.547857142857143042e-01
1.160010861472796417e+00,-1.679389419155982166e-01,-6.542678571428571788e-01
1.160861465506106693e+00,-1.680220385380180037e-01,-6.537500000000000533e-01
1.161712069539416747e+00,-1.681051351604377908e-01,-6.532321428571428168e-01
1.162562673572727023e+00,-1.681882317828576057e-01,-6.527142857142856913e-01
1.163413277606037299e+00,-1.682713284052773928e-01,-6.521964285714285658e-01
1.164263881639347353e+00,-1.683544250276972076e-01,-6.516785714285714404e-01
1.165114485672657629e+00,-1.684375216501169947e-01,-6.511607142857143149e-01
1.165965089705967683e+00,-1.685206182725368096e-01,-6.506428571428571894e-01
1.166815693739277959e+00,-1.686037148949565967e-01,-6.501250000000000639e-01
1.167666297772588235e+00,-1.686868115173764116e-01,-6.496071428571428275e-01
1.168516901805898289e+00,-1.687699081397961987e-01,-6.490892857142857020e-01
1.169367505839208565e+00,-1.688530047622160135e-01,-6.485714285714285765e-01
1.170218109872518619e+00,-1.689361013846358006e-01,-6.480535714285714510e-01
1.171068713905828895e+00,-1.690191980070555877e-01,-6.475357142857143256e-01
1.171919317939139171e+00,-1.691022946294754026e-01,-6.470178571428572001e-01
1.172769921972449225e+00,-1.691853912518951897e-01,-6.465000000000000746e-01
1.173620526005759501e+00,-1.692684878743150045e-01,-6.459821428571428381e-01
1.174471130039069777e+00,-1.693515844967347916e-01,-6.454642857142857126e-01
1.175321734072379831e+00,-1.694346811191546065e-01,-6.449464285714285872e-01
1.176172338105690107e+00,-1.695177777415743936e-01,-6.444285714285714617e-01
1.177022942139000161e+00,-1.696008743639942085e-01,-6.439107142857143362e-01
1.177873546172310437e+00,-1.696839709864139956e-01,-6.433928571428572107e-01
1.178724150205620713e+00,-1.697670676088338104e-01,-6.428749999999999742e-01
1.179574754238930767e+00,-1.698501642312535975e-01,-6.423571428571428488e-01
1.180425358272241043e+00,-1.699332608536733846e-01,-6.418392857142857233e-01
1.181275962305551319e+00,-1.700163574760931995e-01,-6.413214285714285978e-01
1.182126566338861373e+00,-1.700994540985129866e-01,-6.408035714285714723e-01
1.182977170372171649e+00,-1.701825507209328014e-01,-6.402857142857143469e-01
1.183827774405481703e+00,-1.702656473433525885e-01,-6.397678571428572214e-01
1.184678378438791979e+00,-1.703487439657724034e-01,-6.392499999999999849e-01
1.185528982472102255e+00,-1.704318405881921905e-01,-6.387321428571428594e-01
1.186379586505412309e+00,-1.705149372106120054e-01,-6.382142857142857340e-01
1.187230190538722585e+00,-1.705980338330317925e-01,-6.376964285714286085e-01
1.188080794572032639e+00,-1.706811304554516073e-01,-6.371785714285714830e-01
1.188931398605342915e+00,-1.707642270778713944e-01,-6.366607142857143575e-01
1.189782002638653191e+00,-1.708473237002912093e-01,-6.361428571428571210e-01
1.190632606671963245e+00,-1.709304203227109964e-01,-6.356249999999999956e-01
1.191483210705273521e+00,-1.710135169451307835e-01,-6.351071428571428701e-01
1.192333814738583797e+00,-1.710966135675505984e-01,-6.345892857142857446e-01
1.193184418771893851e+00,-1.711797101899703855e-01,-6.340714285714286191e-01
1.194035022805204127e+00,-1.712628068123902003e-01,-6.335535714285714937e-01
1.194885626838514181e+00,-1.713459034348099874e-01,-6.330357142857143682e-01
1.195736230871824457e+00,-1.714290000572298023e-01,-6.325178571428571317e-01
1.196586834905134733e+00,-1.715120966796495894e-01,-6.320000000000000062e-01
1.197437438938444787e+00,-1.715951933020694042e-01,-6.314821428571428807e-01
1.198288042971755063e+00,-1.716782899244891913e-01,-6.309642857142857553e-01
1.199138647005065117e+00,-1.717613865469090062e-01,-6.304464285714286298e-01
1.199989251038375393e+00,-1.718444831693287933e-01,-6.299285714285715043e-01
1.200839855071685669e+00,-1.719275797917486082e-01,-6.294107142857143788e-01
1.201690459104995723e+00,-1.720106764141683953e-01,-6.288928571428571423e-01
1.202541063138305999e+00,-1.720937730365881824e-01,-6.283750000000000169e-01
1.203391667171616275e+00,-1.721768696590079972e-01,-6.278571428571428914e-01
1.204242271204926329e+00,-1.722599662814277843e-01,-6.273392857142857659e-01
1.205092875238236605e+00,-1.723430629038475992e-01,-6.268214285714286405e-01
1.205943479271546881e+00,-1.724261595262673863e-01,-6.263035714285715150e-01
1.206794083304856935e+00,-1.725092561486872011e-01,-6.257857142857142785e-01
1.207644687338167211e+00,-1.725923527711069883e-01,-6.252678571428571530e-01
1.208495291371477265e+00,-1.726754493935268031e-01,-6.247500000000000275e-01
1.209345895404787541e+00,-1.727585460159465902e-01,-6.242321428571429021e-01
1.210196499438097817e+00,-1.728416426383663773e-01,-6.237142857142857766e-01
1.211047103471407871e+00,-1.729247392607861922e-01,-6.231964285714286511e-01
1.211897707504718147e+00,-1.730078358832059793e-01,-6.226785714285715256e-01
1.212748311538028201e+00,-1.730909325056257941e-01,-6.221607142857142891e-01
1.213598915571338477e+00,-1.731740291280455812e-01,-6.216428571428571637e-01
1.214449519604648753e+00,-1.732571257504653961e-01,-6.211250000000000382e-01
1.215300123637958807e+00,-1.733402223728851832e-01,-6.206071428571429127e-01
1.216150727671269083e+00,-1.734233189953049981e-01,-6.200892857142857872e-01
1.217001331704579137e+00,-1.735064156177247852e-01,-6.195714285714286618e-01
1.217851935737889413e+00,-1.735895122401446000e-01,-6.190535714285714253e-01
1.218702539771199689e+00,-1.736726088625643871e-01,-6.185357142857142998e-01
1.219553143804509743e+00,-1.737557054849842020e-01,-6.180178571428571743e-01
1.220403747837820019e+00,-1.738388021074039891e-01,-6.175000000000000488e-01
1.221044769369754368e+00,-1.738005527889462665e-01,-6.167447916666667362e-01
1.221685790901688939e+00,-1.737623034704885439e-01,-6.159895833333334236e-01
1.222326812433623289e+00,-1.737240541520308212e-01,-6.152343750000000000e-01
1.222967833965557860e+00,-1.736858048335730986e-01,-6.144791666666666874e-01
1.223608855497492209e+00,-1.736475555151153760e-01,-6.137239583333333748e-01
1.224249877029426781e+00,-1.736093061966576534e-01,-6.129687500000000622e-01
1.224890898561361130e+00,-1.735710568781999308e-01,-6.122135416666667496e-01
1.225531920093295479e+00,-1.735328075597422082e-01,-6.114583333333333259e-01
1.226172941625230051e+00,-1.734945582412844856e-01,-6.107031250000000133e-01
1.226813963157164400e+00,-1.734563089228267629e-01,-6.099479166666667007e-01
1.227454984689098971e+00,-1.734180596043690403e-01,-6.091927083333333881e-01
1.228096006221033321e+00,-1.733798102859113177e-01,-6.084375000000000755e-01
1.228737027752967892e+00,-1.733415609674535951e-01,-6.076822916666666519e-01
1.229378049284902241e+00,-1.733033116489958725e-01,-6.069270833333333393e-01
1.230019070816836591e+00,-1.732650623305381499e-01,-6.061718750000000266e-01
1.230660092348771162e+00,-1.732268130120804273e-01,-6.054166666666667140e-01
1.231301113880705511e+00,-1.731885636936227046e-01,-6.046614583333334014e-01
1.231942135412640082e+00,-1.731503143751649820e-01,-6.039062500000000888e-01
1.232583156944574432e+00,-1.731120650567072594e-01,-6.031510416666666652e-01
1.233224178476509003e+00,-1.730738157382495368e-01,-6.023958333333333526e-01
1.233865200008443352e+00,-1.730355664197918142e-01,-6.016406250000000400e-01
1.234506221540377702e+00,-1.729973171013340916e-01,-6.008854166666667274e-01
1.235147243072312273e+00,-1.729590677828763690e-01,-6.001302083333334147e-01
1.235788264604246622e+00,-1.729208184644186463e-01,-5.993749999999999911e-01
1.236429286136181194e+00,-1.728825691459609237e-01,-5.986197916666666785e-01
1.237070307668115543e+00,-1.728443198275032011e-01,-5.978645833333333659e-01
1.237711329200050114e+00,-1.728060705090454785e-01,-5.971093750000000533e-01
1.238352350731984464e+00,-1.727678211905877559e-01,-5.963541666666667407e-01
1.238993372263918813e+00,-1.727295718721300333e-01,-5.955989583333333171e-01
1.239634393795853384e+00,-1.726913225536723107e-01,-5.948437500000000044e-01
1.240275415327787734e+00,-1.726530732352145880e-01,-5.940885416666666918e-01
1.240916436859722305e+00,-1.726148239167568654e-01,-5.933333333333333792e-01
1.241557458391656654e+00,-1.725765745982991428e-01,-5.925781250000000666e-01
1.242198479923591226e+00,-1.725383252798414202e-01,-5.918229166666666430e-01
1.242839501455525575e+00,-1.725000759613836976e-01,-5.910677083333333304e-01
1.243480522987459924e+00,-1.724618266429259750e-01,-5.903125000000000178e-01
1.244121544519394496e+00,-1.724235773244682801e-01,-5.895572916666667052e-01
1.244762566051328845e+00,-1.723853280060105575e-01,-5.888020833333333925e-01
1.245403587583263416e+00,-1.723470786875528349e-01,-5.880468749999999689e-01
1.246044609115197765e+00,-1.723088293690951123e-01,-5.872916666666666563e-01
1.246685630647132337e+00,-1.722705800506373897e-01,-5.865364583333333437e-01
1.247326652179066686e+00,-1.722323307321796670e-01,-5.857812500000000311e-01
1.247967673711001257e+00,-1.721940814137219444e-01,-5.850260416666667185e-01
1.248608695242935607e+00,-1.721558320952642218e-01,-5.842708333333332948e-01
1.249249716774869956e+00,-1.721175827768064992e-01,-5.835156249999999822e-01
1.249890738306804527e+00,-1.720793334583487766e-01,-5.827604166666666696e-01
1.250531759838738877e+00,-1.720410841398910540e-01,-5.820052083333333570e-01
1.251172781370673448e+00,-1.720028348214333314e-01,-5.812500000000000444e-01
1.251813802902607797e+00,-1.719645855029756087e-01,-5.804947916666666208e-01
1.252454824434542369e+00,-1.719263361845178861e-01,-5.797395833333333082e-01
1.253095845966476718e+00,-1.718880868660601635e-01,-5.789843749999999956e-01
1.253736867498411067e+00,-1.718498375476024409e-01,-5.782291666666666829e-01
1.254377889030345639e+00,-1.718115882291447183e-01,-5.774739583333333703e-01
1.255018910562279988e+00,-1.717733389106869957e-01,-5.767187499999999467e-01
1.255659932094214559e+00,-1.717350895922292731e-01,-5.759635416666666341e-01
1.256300953626148909e+00,-1.716968402737715504e-01,-5.752083333333333215e-01
1.256941975158083480e+00,-1.716585909553138278e-01,-5.744531250000000089e-01
1.257582996690017829e+00,-1.716203416368561052e-01,-5.736979166666666963e-01
1.258224018221952178e+00,-1.715820923183983826e-01,-5.729427083333333837e-01
1.258865039753886750e+00,-1.715438429999406600e-01,-5.721874999999999600e-01
1.259506061285821099e+00,-1.715055936814829374e-01,-5.714322916666666474e-01
1.260147082817755670e+00,-1.714673443630252148e-01,-5.706770833333333348e-01
1.260788104349690020e+00,-1.714290950445674921e-01,-5.699218750000000222e-01
1.261429125881624591e+00,-1.713908457261097695e-01,-5.691666666666667096e-01
1.262070147413558940e+00,-1.713525964076520469e-01,-5.684114583333332860e-01
1.262711168945493290e+00,-1.713143470891943243e-01,-5.676562499999999734e-01
1.263352190477427861e+00,-1.712760977707366017e-01,-5.669010416666666607e-01
1.263993212009362210e+00,-1.712378484522788791e-01,-5.661458333333333481e-01
1.264634233541296782e+00,-1.711995991338211565e-01,-5.653906250000000355e-01
1.265275255073231131e+00,-1.711613498153634338e-01,-5.646354166666666119e-01
1.265916276605165702e+00,-1.711231004969057112e-01,-5.638802083333332993e-01
1.266557298137100052e+00,-1.710848511784479886e-01,-5.631249999999999867e-01
1.267187564733879057e+00,-1.710753370530942175e-01,-5.623591549295774428e-01
1.267817831330658063e+00,-1.710658229277404740e-01,-5.615933098591548989e-01
1.268448097927437068e+00,-1.710563088023867029e-01,-5.608274647887323550e-01
1.269078364524216074e+00,-1.710467946770329595e-01,-5.600616197183098111e-01
1.269708631120995079e+00,-1.710372805516791883e-01,-5.592957746478872672e-01
1.270338897717774085e+00,-1.710277664263254171e-01,-5.585299295774648343e-01
1.270969164314553090e+00,-1.710182523009716737e-01,-5.577640845070422904e-01
1.271599430911332096e+00,-1.710087381756179026e-01,-5.569982394366197465e-01
1.272229697508111101e+00,-1.709992240502641592e-01,-5.562323943661972026e-01
1.272859964104890107e+00,-1.709897099249103880e-01,-5.554665492957746586e-01
1.273490230701669113e+00,-1.709801957995566168e-01,-5.547007042253521147e-01
1.274120497298448340e+00,-1.709706816742028734e-01,-5.539348591549295708e-01
1.274750763895227346e+00,-1.709611675488491023e-01,-5.531690140845070269e-01
1.275381030492006351e+00,-1.709516534234953589e-01,-5.524031690140844830e-01
1.276011297088785357e+00,-1.709421392981415877e-01,-5.516373239436619391e-01
1.276641563685564362e+00,-1.709326251727878165e-01,-5.508714788732393952e-01
1.277271830282343368e+00,-1.709231110474340731e-01,-5.501056338028168513e-01
1.277902096879122373e+00,-1.709135969220803020e-01,-5.493397887323944184e-01
1.278532363475901379e+00,-1.709040827967265308e-01,-5.485739436619718745e-01
1.279162630072680384e+00,-1.708945686713727874e-01,-5.478080985915493306e-01
1.279792896669459390e+00,-1.708850545460190162e-01,-5.470422535211267867e-01
1.280423163266238396e+00,-1.708755404206652728e-01,-5.462764084507042428e-01
1.281053429863017401e+00,-1.708660262953115017e-01,-5.455105633802816989e-01
1.281683696459796407e+00,-1.708565121699577305e-01,-5.447447183098591550e-01
1.282313963056575412e+00,-1.708469980446039871e-01,-5.439788732394366111e-01
1.282944229653354418e+00,-1.708374839192502159e-01,-5.432130281690140672e-01
1.283574496250133423e+00,-1.708279697938964725e-01,-5.424471830985915233e-01
1.284204762846912429e+00,-1.708184556685427014e-01,-5.416813380281689794e-01
1.284835029443691434e+00,-1.708089415431889302e-01,-5.409154929577464355e-01
1.285465296040470440e+00,-1.707994274178351868e-01,-5.401496478873240026e-01
1.286095562637249445e+00,-1.707899132924814156e-01,-5.393838028169014587e-01
1.286725829234028451e+00,-1.707803991671276722e-01,-5.386179577464789148e-01
1.287356095830807456e+00,-1.707708850417739010e-01,-5.378521126760563709e-01
1.287986362427586462e+00,-1.707613709164201299e-01,-5.370862676056338270e-01
1.288616629024365468e+00,-1.707518567910663865e-01,-5.363204225352112831e-01
1.289246895621144695e+00,-1.707423426657126153e-01,-5.355545774647887391e-01
1.289877162217923701e+00,-1.707328285403588719e-01,-5.347887323943661952e-01
1.290507428814702706e+00,-1.707233144150051007e-01,-5.340228873239436513e-01
1.291137695411481712e+00,-1.707138002896513296e-01,-5.332570422535211074e-01
1.291767962008260717e+00,-1.707042861642975862e-01,-5.324911971830985635e-01
1.292398228605039723e+00,-1.706947720389438150e-01,-5.317253521126761306e-01
1.293028495201818728e+00,-1.706852579135900716e-01,-5.309595070422535867e-01
1.293658761798597734e+00,-1.706757437882363004e-01,-5.301936619718310428e-01
1.294289028395376739e+00,-1.706662296628825293e-01,-5.294278169014084989e-01
1.294919294992155745e+00,-1.706567155375287859e-01,-5.286619718309859550e-01
1.295549561588934750e+00,-1.706472014121750147e-01,-5.278961267605634111e-01
1.296179828185713756e+00,-1.706376872868212713e-01,-5.271302816901408672e-01
1.296810094782492762e+00,-1.706281731614675001e-01,-5.263644366197183233e-01
1.297440361379271767e+00,-1.706186590361137290e-01,-5.255985915492957794e-01
1.298070627976050773e+00,-1.706091449107599856e-01,-5.248327464788732355e-01
1.298700894572829778e+00,-1.705996307854062144e-01,-5.240669014084506916e-01
1.299331161169608784e+00,-1.705901166600524710e-01,-5.233010563380281477e-01
1.299961427766387789e+00,-1.705806025346986998e-01,-5.225352112676056038e-01
1.300591694363166795e+00,-1.705710884093449287e-01,-5.217693661971831709e-01
1.301221960959945800e+00,-1.705615742839911853e-01,-5.210035211267606270e-01
1.301852227556724806e+00,-1.705520601586374141e-01,-5.202376760563380831e-01
1.302482494153503811e+00,-1.705425460332836429e-01,-5.194718309859155392e-01
1.303112760750282817e+00,-1.705330319079298995e-01,-5.187059859154929953e-01
1.303743027347061822e+00,-1.705235177825761284e-01,-5.179401408450704514e-01
1.304373293943841050e+00,-1.705140036572223849e-01,-5.171742957746479075e-01
1.305003560540620056e+00,-1.705044895318686138e-01,-5.164084507042253636e-01
1.305633827137399061e+00,-1.704949754065148426e-01,-5.156426056338028197e-01
1.306264093734178067e+00,-1.704854612811610992e-01,-5.148767605633802757e-01
1.306894360330957072e+00,-1.704759471558073280e-01,-5.141109154929577318e-01
1.307524626927736078e+00,-1.704664330304535846e-01,-5.133450704225352990e-01
1.308154893524515083e+00,-1.704569189050998135e-01,-5.125792253521127551e-01
1.308785160121294089e+00,-1.704474047797460423e-01,-5.118133802816902111e-01
1.309415426718073094e+00,-1.704378906543922989e-01,-5.110475352112676672e-01
1.310045693314852100e+00,-1.704283765290385277e-01,-5.102816901408451233e-01
1.310675959911631105e+00,-1.704188624036847843e-01,-5.095158450704225794e-01
1.311306226508410111e+00,-1.704093482783310132e-01,-5.087500000000000355e-01
1.312132146451527204e+00,-1.703386926811973068e-01,-5.082062500000000815e-01
1.312958066394644518e+00,-1.702680370840635726e-01,-5.076625000000000165e-01
1.313783986337761611e+00,-1.701973814869298662e-01,-5.071187500000000625e-01
1.314609906280878926e+00,-1.701267258897961321e-01,-5.065749999999999975e-01
1.315435826223996019e+00,-1.700560702926624257e-01,-5.060312500000000435e-01
1.316261746167113333e+00,-1.699854146955286915e-01,-5.054874999999999785e-01
1.317087666110230426e+00,-1.699147590983949851e-01,-5.049437500000000245e-01
1.317913586053347741e+00,-1.698441035012612510e-01,-5.044000000000000705e-01
1.318739505996464834e+00,-1.697734479041275446e-01,-5.038562500000000055e-01
1.319565425939582148e+00,-1.697027923069938105e-01,-5.033125000000000515e-01
1.320391345882699241e+00,-1.696321367098601041e-01,-5.027687499999999865e-01
1.321217265825816556e+00,-1.695614811127263699e-01,-5.022250000000000325e-01
1.322043185768933649e+00,-1.694908255155926635e-01,-5.016812500000000785e-01
1.322869105712050963e+00,-1.694201699184589294e-01,-5.011375000000000135e-01
1.323695025655168056e+00,-1.693495143213252230e-01,-5.005937500000000595e-01
1.324520945598285371e+00,-1.692788587241914888e-01,-5.000499999999999945e-01
1.325346865541402464e+00,-1.692082031270577824e-01,-4.995062500000000405e-01
1.326172785484519778e+00,-1.691375475299240483e-01,-4.989625000000000310e-01
1.326998705427636871e+00,-1.690668919327903419e-01,-4.984187500000000215e-01
1.327824625370754186e+00,-1.689962363356566077e-01,-4.978750000000000120e-01
1.328650545313871278e+00,-1.689255807385229013e-01,-4.973312500000000025e-01
1.329476465256988593e+00,-1.688549251413891672e-01,-4.967875000000000485e-01
1.330302385200105686e+00,-1.687842695442554608e-01,-4.962437500000000390e-01
1.331128305143223001e+00,-1.687136139471217267e-01,-4.957000000000000295e-01
1.331954225086340093e+00,-1.686429583499880203e-01,-4.951562500000000200e-01
1.332780145029457186e+00,-1.685723027528542861e-01,-4.946125000000000105e-01
1.333606064972574501e+00,-1.685016471557205797e-01,-4.940687500000000010e-01
1.334431984915691594e+00,-1.684309915585868456e-01,-4.935249999999999915e-01
1.335257904858808908e+00,-1.683603359614531392e-01,-4.929812500000000375e-01
1.336083824801926001e+00,-1.682896803643194050e-01,-4.924375000000000280e-01
1.336909744745043316e+00,-1.682190247671856986e-01,-4.918937500000000185e-01
1.337735664688160409e+00,-1.681483691700519645e-01,-4.913500000000000090e-01
1.338561584631277723e+00,-1.680777135729182581e-01,-4.908062499999999995e-01
1.339387504574394816e+00,-1.680070579757845239e-01,-4.902624999999999900e-01
1.340213424517512131e+00,-1.679364023786508175e-01,-4.897187500000000360e-01
1.341039344460629223e+00,-1.678657467815170834e-01,-4.891750000000000265e-01
1.341865264403746538e+00,-1.677950911843833770e-01,-4.886312500000000170e-01
1.342691184346863631e+00,-1.677244355872496429e-01,-4.880875000000000075e-01
1.343517104289980946e+00,-1.676537799901159365e-01,-4.875437499999999980e-01
1.344343024233098038e+00,-1.675831243929822023e-01,-4.869999999999999885e-01
1.345168944176215353e+00,-1.675124687958484959e-01,-4.864562500000000345e-01
1.345994864119332446e+00,-1.674418131987147618e-01,-4.859125000000000250e-01
1.346820784062449761e+00,-1.673711576015810554e-01,-4.853687500000000155e-01
1.347646704005566853e+00,-1.673005020044473212e-01,-4.848250000000000060e-01
1.348472623948684168e+00,-1.672298464073136148e-01,-4.842812499999999964e-01
1.349298543891801261e+00,-1.671591908101798807e-01,-4.837374999999999869e-01
1.350124463834918576e+00,-1.670885352130461743e-01,-4.831937500000000330e-01
1.350950383778035668e+00,-1.670178796159124401e-01,-4.826500000000000234e-01
1.351776303721152983e+00,-1.669472240187787337e-01,-4.821062500000000139e-01
1.352602223664270076e+00,-1.668765684216449996e-01,-4.815625000000000044e-01
1.353428143607387169e+00,-1.668059128245112932e-01,-4.810187499999999949e-01
1.354254063550504483e+00,-1.667352572273775868e-01,-4.804749999999999854e-01
1.355079983493621576e+00,-1.666646016302438527e-01,-4.799312499999999759e-01
1.355905903436738891e+00,-1.665939460331101463e-01,-4.793875000000000219e-01
1.356731823379855983e+00,-1.665232904359764121e-01,-4.788437500000000124e-01
1.357557743322973298e+00,-1.664526348388427057e-01,-4.783000000000000029e-01
1.358383663266090391e+00,-1.663819792417089716e-01,-4.777562499999999934e-01
1.359209583209207706e+00,-1.663113236445752652e-01,-4.772124999999999839e-01
1.360035503152324798e+00,-1.662406680474415310e-01,-4.766687499999999744e-01
1.360861423095442113e+00,-1.661700124503078246e-01,-4.761250000000000204e-01
1.361687343038559206e+00,-1.660993568531740905e-01,-4.755812500000000109e-01
1.362513262981676521e+00,-1.660287012560403841e-01,-4.750375000000000014e-01
1.363339182924793613e+00,-1.659580456589066499e-01,-4.744937499999999919e-01
1.364165102867910928e+00,-1.658873900617729436e-01,-4.739499999999999824e-01
1.364991022811028021e+00,-1.658167344646392094e-01,-4.734062499999999729e-01
1.365816942754145336e+00,-1.657460788675055030e-01,-4.728624999999999634e-01
1.366642862697262428e+00,-1.656754232703717689e-01,-4.723187500000000094e-01
1.367468782640379743e+00,-1.656047676732380625e-01,-4.717749999999999999e-01
1.368294702583496836e+00,-1.655341120761043283e-01,-4.712312499999999904e-01
1.369120622526614151e+00,-1.654634564789706219e-01,-4.706874999999999809e-01
1.369946542469731243e+00,-1.653928008818368878e-01,-4.701437499999999714e-01
1.370772462412848558e+00,-1.653221452847031814e-01,-4.696000000000000174e-01
1.371598382355965651e+00,-1.652514896875694472e-01,-4.690562500000000079e-01
1.372424302299082965e+00,-1.651808340904357408e-01,-4.685124999999999984e-01
1.373250222242200058e+00,-1.651101784933020067e-01,-4.679687499999999889e-01
1.374076142185317373e+00,-1.650395228961683003e-01,-4.674249999999999794e-01
1.374902062128434466e+00,-1.649688672990345661e-01,-4.668812499999999699e-01
1.375727982071551558e+00,-1.648982117019008597e-01,-4.663374999999999604e-01
1.376553902014668873e+00,-1.648275561047671256e-01,-4.657937500000000064e-01
1.377379821957785966e+00,-1.647569005076334192e-01,-4.652499999999999969e-01
1.378205741900903281e+00,-1.646862449104996851e-01,-4.647062499999999874e-01
1.379031661844020373e+00,-1.646155893133659787e-01,-4.641624999999999779e-01
1.379857581787137688e+00,-1.645449337162322445e-01,-4.636187499999999684e-01
1.380683501730254781e+00,-1.644742781190985381e-01,-4.630750000000000144e-01
1.381509421673372096e+00,-1.644036225219648040e-01,-4.625312499999999494e-01
1.382335341616489188e+00,-1.643329669248310976e-01,-4.619874999999999954e-01
1.383161261559606503e+00,-1.642623113276973634e-01,-4.614437499999999859e-01
1.383987181502723596e+00,-1.641916557305636570e-01,-4.608999999999999764e-01
1.384813101445840910e+00,-1.641210001334299229e-01,-4.603562499999999669e-01
1.385639021388958003e+00,-1.640503445362962165e-01,-4.598124999999999574e-01
1.386464941332075318e+00,-1.639796889391624823e-01,-4.592687500000000034e-01
1.387290861275192411e+00,-1.639090333420287759e-01,-4.587249999999999939e-01
1.388116781218309725e+00,-1.638383777448950418e-01,-4.581812499999999844e-01
1.388942701161426818e+00,-1.637677221477613354e-01,-4.576374999999999749e-01
1.389768621104544133e+00,-1.636970665506276013e-01,-4.570937499999999654e-01
1.390594541047661226e+00,-1.636264109534938949e-01,-4.565499999999999559e-01
1.391420460990778540e+00,-1.635557553563601607e-01,-4.560062499999999464e-01
1.392246380933895633e+00,-1.634850997592264543e-01,-4.554624999999999924e-01
1.393072300877012726e+00,-1.634144441620927202e-01,-4.549187499999999829e-01
1.393898220820130041e+00,-1.633437885649590138e-01,-4.543749999999999734e-01
1.394550292100467104e+00,-1.632529275192626805e-01,-4.536301369863013355e-01
1.395202363380804389e+00,-1.631620664735663195e-01,-4.528852739726026977e-01
1.395854434661141452e+00,-1.630712054278699863e-01,-4.521404109589040599e-01
1.396506505941478515e+00,-1.629803443821736531e-01,-4.513955479452054775e-01
1.397158577221815579e+00,-1.628894833364772921e-01,-4.506506849315068397e-01
1.397810648502152864e+00,-1.627986222907809588e-01,-4.499058219178082019e-01
1.398462719782489927e+00,-1.627077612450846256e-01,-4.491609589041095640e-01
1.399114791062826990e+00,-1.626169001993882646e-01,-4.484160958904109262e-01
1.399766862343164053e+00,-1.625260391536919313e-01,-4.476712328767122884e-01
1.400418933623501339e+00,-1.624351781079955981e-01,-4.469263698630137061e-01
1.401071004903838402e+00,-1.623443170622992371e-01,-4.461815068493150682e-01
1.401723076184175465e+00,-1.622534560166029038e-01,-4.454366438356164304e-01
1.402375147464512750e+00,-1.621625949709065706e-01,-4.446917808219177926e-01
1.403027218744849813e+00,-1.620717339252102096e-01,-4.439469178082191547e-01
1.403679290025186877e+00,-1.619808728795138764e-01,-4.432020547945205169e-01
1.404331361305523940e+00,-1.618900118338175431e-01,-4.424571917808218791e-01
1.404983432585861225e+00,-1.617991507881211821e-01,-4.417123287671232967e-01
1.405635503866198288e+00,-1.617082897424248489e-01,-4.409674657534246589e-01
1.406287575146535351e+00,-1.616174286967284879e-01,-4.402226027397260211e-01
1.406939646426872415e+00,-1.615265676510321546e-01,-4.394777397260273832e-01
1.407591717707209700e+00,-1.614357066053358214e-01,-4.387328767123287454e-01
1.408243788987546763e+00,-1.613448455596394604e-01,-4.379880136986301076e-01
1.408895860267883826e+00,-1.612539845139431272e-01,-4.372431506849314697e-01
1.409547931548221111e+00,-1.611631234682467939e-01,-4.364982876712328874e-01
1.410200002828558175e+00,-1.610722624225504329e-01,-4.357534246575342496e-01
1.410852074108895238e+00,-1.609814013768540997e-01,-4.350085616438356118e-01
1.411504145389232301e+00,-1.608905403311577664e-01,-4.342636986301369739e-01
1.412156216669569586e+00,-1.607996792854614054e-01,-4.335188356164383361e-01
1.412808287949906649e+00,-1.607088182397650722e-01,-4.327739726027396983e-01
1.413460359230243713e+00,-1.606179571940687389e-01,-4.320291095890410604e-01
1.414112430510580776e+00,-1.605270961483723779e-01,-4.312842465753424781e-01
1.414764501790918061e+00,-1.604362351026760447e-01,-4.305393835616438403e-01
1.415416573071255124e+00,-1.603453740569797115e-01,-4.297945205479452024e-01
1.416068644351592187e+00,-1.602545130112833505e-01,-4.290496575342465646e-01
1.416720715631929473e+00,-1.601636519655870172e-01,-4.283047945205479268e-01
1.417372786912266536e+00,-1.600727909198906840e-01,-4.275599315068492889e-01
1.418024858192603599e+00,-1.599819298741943230e-01,-4.268150684931507066e-01
1.418676929472940662e+00,-1.598910688284979897e-01,-4.260702054794520688e-01
1.419329000753277947e+00,-1.598002077828016565e-01,-4.253253424657534310e-01
1.419981072033615010e+00,-1.597093467371052955e-01,-4.245804794520547931e-01
1.420633143313952074e+00,-1.596184856914089623e-01,-4.238356164383561553e-01
1.421285214594289137e+00,-1.595276246457126290e-01,-4.230907534246575175e-01
1.421937285874626422e+00,-1.594367636000162680e-01,-4.223458904109589351e-01
1.422589357154963485e+00,-1.593459025543199348e-01,-4.216010273972602973e-01
1.423241428435300548e+00,-1.592550415086236015e-01,-4.208561643835616595e-01
1.423893499715637834e+00,-1.591641804629272405e-01,-4.201113013698630216e-01
1.424545570995974897e+00,-1.590733194172309073e-01,-4.193664383561643838e-01
1.425197642276311960e+00,-1.589824583715345740e-01,-4.186215753424657460e-01
1.425849713556649023e+00,-1.588915973258382131e-01,-4.178767123287671081e-01
1.426501784836986308e+00,-1.588007362801418798e-01,-4.171318493150685258e-01
1.427153856117323372e+00,-1.587098752344455466e-01,-4.163869863013698880e-01
1.427805927397660435e+00,-1.586190141887491856e-01,-4.156421232876712502e-01
1.428457998677997498e+00,-1.585281531430528523e-01,-4.148972602739726123e-01
1.429110069958334783e+00,-1.584372920973565191e-01,-4.141523972602739745e-01
1.429762141238671846e+00,-1.583464310516601581e-01,-4.134075342465753367e-01
1.430414212519008910e+00,-1.582555700059638248e-01,-4.126626712328766988e-01
1.431066283799346195e+00,-1.581647089602674638e-01,-4.119178082191781165e-01
1.431718355079683258e+00,-1.580738479145711306e-01,-4.111729452054794787e-01
1.432370426360020321e+00,-1.579829868688747974e-01,-4.104280821917808408e-01
1.433022497640357384e+00,-1.578921258231784364e-01,-4.096832191780822030e-01
1.433674568920694670e+00,-1.578012647774821031e-01,-4.089383561643835652e-01
1.434326640201031733e+00,-1.577104037317857699e-01,-4.081934931506849273e-01
1.434978711481368796e+00,-1.576195426860894089e-01,-4.074486301369862895e-01
1.435630782761706081e+00,-1.575286816403930756e-01,-4.067037671232877072e-01
1.436282854042043144e+00,-1.574378205946967424e-01,-4.059589041095890694e-01
1.436934925322380208e+00,-1.573469595490003814e-01,-4.052140410958904315e-01
1.437586996602717271e+00,-1.572560985033040482e-01,-4.044691780821917937e-01
1.438239067883054556e+00,-1.571652374576077149e-01,-4.037243150684931559e-01
1.438891139163391619e+00,-1.570743764119113539e-01,-4.029794520547945180e-01
1.439543210443728682e+00,-1.569835153662150207e-01,-4.022345890410958802e-01
1.440195281724065746e+00,-1.568926543205186874e-01,-4.014897260273972979e-01
1.440847353004403031e+00,-1.568017932748223264e-01,-4.007448630136986600e-01
1.441499424284740094e+00,-1.567109322291259932e-01,-4.000000000000000222e-01
1.442211876597803810e+00,-1.566259837198965554e-01,-3.993117088607595067e-01
1.442924328910867526e+00,-1.565410352106671177e-01,-3.986234177215189911e-01
1.443636781223931020e+00,-1.564560867014376522e-01,-3.979351265822784756e-01
1.444349233536994737e+00,-1.563711381922082144e-01,-3.972468354430380155e-01
1.445061685850058453e+00,-1.562861896829787767e-01,-3.965585443037975000e-01
1.445774138163122169e+00,-1.562012411737493389e-01,-3.958702531645569844e-01
1.446486590476185663e+00,-1.561162926645199012e-01,-3.951819620253164689e-01
1.447199042789249379e+00,-1.560313441552904357e-01,-3.944936708860759533e-01
1.447911495102313095e+00,-1.559463956460609979e-01,-3.938053797468354378e-01
1.448623947415376811e+00,-1.558614471368315602e-01,-3.931170886075949777e-01
1.449336399728440528e+00,-1.557764986276021224e-01,-3.924287974683544622e-01
1.450048852041504022e+00,-1.556915501183726847e-01,-3.917405063291139466e-01
1.450761304354567738e+00,-1.556066016091432469e-01,-3.910522151898734311e-01
1.451473756667631454e+00,-1.555216530999137814e-01,-3.903639240506329156e-01
1.452186208980695170e+00,-1.554367045906843436e-01,-3.896756329113924000e-01
1.452898661293758886e+00,-1.553517560814549059e-01,-3.889873417721519400e-01
1.453611113606822380e+00,-1.552668075722254681e-01,-3.882990506329114244e-01
1.454323565919886097e+00,-1.551818590629960304e-01,-3.876107594936709089e-01
1.455036018232949813e+00,-1.550969105537665649e-01,-3.869224683544303933e-01
1.455748470546013529e+00,-1.550119620445371271e-01,-3.862341772151898778e-01
1.456460922859077023e+00,-1.549270135353076894e-01,-3.855458860759493622e-01
1.457173375172140739e+00,-1.548420650260782516e-01,-3.848575949367089022e-01
1.457885827485204455e+00,-1.547571165168488139e-01,-3.841693037974683866e-01
1.458598279798268171e+00,-1.546721680076193484e-01,-3.834810126582278711e-01
1.459310732111331887e+00,-1.545872194983899106e-01,-3.827927215189873555e-01
1.460023184424395382e+00,-1.545022709891604729e-01,-3.821044303797468400e-01
1.460735636737459098e+00,-1.544173224799310351e-01,-3.814161392405063244e-01
1.461448089050522814e+00,-1.543323739707015974e-01,-3.807278481012658644e-01
1.462160541363586530e+00,-1.542474254614721318e-01,-3.800395569620253489e-01
1.462872993676650246e+00,-1.541624769522426941e-01,-3.793512658227848333e-01
1.463585445989713740e+00,-1.540775284430132563e-01,-3.786629746835443178e-01
1.464297898302777456e+00,-1.539925799337838186e-01,-3.779746835443038022e-01
1.465010350615841173e+00,-1.539076314245543808e-01,-3.772863924050632867e-01
1.465722802928904889e+00,-1.538226829153249431e-01,-3.765981012658228266e-01
1.466435255241968383e+00,-1.537377344060954776e-01,-3.759098101265823111e-01
1.467147707555032099e+00,-1.536527858968660398e-01,-3.752215189873417955e-01
1.467860159868095815e+00,-1.535678373876366021e-01,-3.745332278481012800e-01
1.468572612181159531e+00,-1.534828888784071643e-01,-3.738449367088607644e-01
1.469285064494223247e+00,-1.533979403691777266e-01,-3.731566455696202489e-01
1.469997516807286742e+00,-1.533129918599482611e-01,-3.724683544303797889e-01
1.470709969120350458e+00,-1.532280433507188233e-01,-3.717800632911392733e-01
1.471422421433414174e+00,-1.531430948414893856e-01,-3.710917721518987578e-01
1.472134873746477890e+00,-1.530581463322599478e-01,-3.704034810126582422e-01
1.472847326059541606e+00,-1.529731978230305101e-01,-3.697151898734177267e-01
1.473559778372605100e+00,-1.528882493138010445e-01,-3.690268987341772111e-01
1.474272230685668816e+00,-1.528033008045716068e-01,-3.683386075949367511e-01
1.474984682998732533e+00,-1.527183522953421690e-01,-3.676503164556962355e-01
1.475697135311796249e+00,-1.526334037861127313e-01,-3.669620253164557200e-01
1.476409587624859743e+00,-1.525484552768832935e-01,-3.662737341772152044e-01
1.477122039937923459e+00,-1.524635067676538558e-01,-3.655854430379746889e-01
1.477834492250987175e+00,-1.523785582584243903e-01,-3.648971518987341733e-01
1.478546944564050891e+00,-1.522936097491949525e-01,-3.642088607594936578e-01
1.479259396877114607e+00,-1.522086612399655148e-01,-3.635205696202531978e-01
1.479971849190178101e+00,-1.521237127307360770e-01,-3.628322784810126822e-01
1.480684301503241818e+00,-1.520387642215066393e-01,-3.621439873417721667e-01
1.481396753816305534e+00,-1.519538157122771738e-01,-3.614556962025316511e-01
1.482109206129369250e+00,-1.518688672030477360e-01,-3.607674050632911356e-01
1.482821658442432966e+00,-1.517839186938182983e-01,-3.600791139240506755e-01
1.483534110755496460e+00,-1.516989701845888605e-01,-3.593908227848101600e-01
1.484246563068560176e+00,-1.516140216753594228e-01,-3.587025316455696444e-01
1.484959015381623892e+00,-1.515290731661299573e-01,-3.580142405063291289e-01
1.485671467694687609e+00,-1.514441246569005195e-01,-3.573259493670886133e-01
1.486383920007751103e+00,-1.513591761476710817e-01,-3.566376582278480978e-01
1.487096372320814819e+00,-1.512742276384416440e-01,-3.559493670886075822e-01
1.487808824633878535e+00,-1.511892791292122062e-01,-3.552610759493671222e-01
1.488521276946942251e+00,-1.511043306199827407e-01,-3.545727848101266066e-01
1.489233729260005967e+00,-1.510193821107533030e-01,-3.538844936708860911e-01
1.489946181573069461e+00,-1.509344336015238652e-01,-3.531962025316455756e-01
1.490658633886133178e+00,-1.508494850922944275e-01,-3.525079113924050600e-01
1.491371086199196894e+00,-1.507645365830649897e-01,-3.518196202531646000e-01
1.492083538512260610e+00,-1.506795880738355520e-01,-3.511313291139240844e-01
1.492795990825324104e+00,-1.505946395646060865e-01,-3.504430379746835689e-01
1.493508443138387820e+00,-1.505096910553766487e-01,-3.497547468354430533e-01
1.494220895451451536e+00,-1.504247425461472110e-01,-3.490664556962025378e-01
1.494933347764515252e+00,-1.503397940369177732e-01,-3.483781645569620222e-01
1.495645800077578969e+00,-1.502548455276883355e-01,-3.476898734177215067e-01
1.496358252390642463e+00,-1.501698970184588700e-01,-3.470015822784810466e-01
1.497070704703706179e+00,-1.500849485092294322e-01,-3.463132911392405311e-01
1.497783157016769895e+00,-1.499999999999999944e-01,-3.456250000000000155e-01
1.498495609329833389e+00,-1.499999999999999944e-01,-3.449367088607595000e-01
1.499208061642896883e+00,-1.499999999999999944e-01,-3.442484177215189844e-01
1.499920513955960599e+00,-1.499999999999999944e-01,-3.435601265822784689e-01
1.500632966269024093e+00,-1.499999999999999944e-01,-3.428718354430380089e-01
1.501345418582087587e+00,-1.499999999999999944e-01,-3.421835443037974933e-01
1.502057870895151082e+00,-1.499999999999999944e-01,-3.414952531645569778e-01
1.502770323208214798e+00,-1.499999999999999944e-01,-3.408069620253164622e-01
1.503482775521278292e+00,-1.499999999999999944e-01,-3.401186708860759467e-01
1.504195227834341786e+00,-1.499999999999999944e-01,-3.394303797468354311e-01
1.504907680147405280e+00,-1.499999999999999944e-01,-3.387420886075949711e-01
1.505620132460468996e+00,-1.499999999999999944e-01,-3.380537974683544555e-01
1.506332584773532490e+00,-1.499999999999999944e-01,-3.373655063291139400e-01
1.507045037086595984e+00,-1.499999999999999944e-01,-3.366772151898734244e-01
1.507757489399659478e+00,-1.499999999999999944e-01,-3.359889240506329089e-01
1.508469941712722973e+00,-1.499999999999999944e-01,-3.353006329113923933e-01
1.509182394025786689e+00,-1.499999999999999944e-01,-3.346123417721519333e-01
1.509894846338850183e+00,-1.499999999999999944e-01,-3.339240506329114178e-01
1.510607298651913677e+00,-1.499999999999999944e-01,-3.332357594936709022e-01
1.511319750964977171e+00,-1.499999999999999944e-01,-3.325474683544303867e-01
1.512032203278040887e+00,-1.499999999999999944e-01,-3.318591772151898711e-01
1.512744655591104381e+00,-1.499999999999999944e-01,-3.311708860759493556e-01
1.513457107904167875e+00,-1.499999999999999944e-01,-3.304825949367088955e-01
1.514169560217231369e+00,-1.499999999999999944e-01,-3.297943037974683800e-01
1.514882012530294864e+00,-1.499999999999999944e-01,-3.291060126582278644e-01
1.515594464843358580e+00,-1.499999999999999944e-01,-3.284177215189873489e-01
1.516306917156422074e+00,-1.499999999999999944e-01,-3.277294303797468333e-01
1.517019369469485568e+00,-1.499999999999999944e-01,-3.270411392405063178e-01
1.517731821782549062e+00,-1.499999999999999944e-01,-3.263528481012658577e-01
1.518444274095612778e+00,-1.499999999999999944e-01,-3.256645569620253422e-01
1.519156726408676272e+00,-1.499999999999999944e-01,-3.249762658227848267e-01
1.519869178721739766e+00,-1.499999999999999944e-01,-3.242879746835443111e-01
1.520581631034803261e+00,-1.499999999999999944e-01,-3.235996835443037956e-01
1.521294083347866977e+00,-1.499999999999999944e-01,-3.229113924050632800e-01
1.522006535660930471e+00,-1.499999999999999944e-01,-3.222231012658228200e-01
1.522718987973993965e+00,-1.499999999999999944e-01,-3.215348101265823044e-01
1.523431440287057459e+00,-1.499999999999999944e-01,-3.208465189873417889e-01
1.524143892600120953e+00,-1.499999999999999944e-01,-3.201582278481012733e-01
1.524856344913184669e+00,-1.499999999999999944e-01,-3.194699367088607578e-01
1.525568797226248163e+00,-1.499999999999999944e-01,-3.187816455696202422e-01
1.526281249539311657e+00,-1.499999999999999944e-01,-3.180933544303797822e-01
1.526993701852375152e+00,-1.499999999999999944e-01,-3.174050632911392666e-01
1.527706154165438868e+00,-1.499999999999999944e-01,-3.167167721518987511e-01
1.528418606478502362e+00,-1.499999999999999944e-01,-3.160284810126582355e-01
1.529131058791565856e+00,-1.499999999999999944e-01,-3.153401898734177200e-01
1.529843511104629350e+00,-1.499999999999999944e-01,-3.146518987341772045e-01
1.530555963417692844e+00,-1.499999999999999944e-01,-3.139636075949367444e-01
1.531268415730756560e+00,-1.499999999999999944e-01,-3.132753164556962289e-01
1.531980868043820054e+00,-1.499999999999999944e-01,-3.125870253164557133e-01
1.532693320356883548e+00,-1.499999999999999944e-01,-3.118987341772151978e-01
1.533405772669947043e+00,-1.499999999999999944e-01,-3.112104430379746822e-01
1.534118224983010759e+00,-1.499999999999999944e-01,-3.105221518987341667e-01
1.534830677296074253e+00,-1.499999999999999944e-01,-3.098338607594937066e-01
1.535543129609137747e+00,-1.499999999999999944e-01,-3.091455696202531911e-01
1.536255581922201241e+00,-1.499999999999999944e-01,-3.084572784810126755e-01
1.536968034235264957e+00,-1.499999999999999944e-01,-3.077689873417721600e-01
1.537680486548328451e+00,-1.499999999999999944e-01,-3.070806962025316444e-01
1.538392938861391945e+00,-1.499999999999999944e-01,-3.063924050632911289e-01
1.539105391174455439e+00,-1.499999999999999944e-01,-3.057041139240506133e-01
1.539817843487518934e+00,-1.499999999999999944e-01,-3.050158227848101533e-01
1.540530295800582650e+00,-1.499999999999999944e-01,-3.043275316455696378e-01
1.541242748113646144e+00,-1.499999999999999944e-01,-3.036392405063291222e-01
1.541955200426709638e+00,-1.499999999999999944e-01,-3.029509493670886067e-01
1.542667652739773132e+00,-1.499999999999999944e-01,-3.022626582278480911e-01
1.543380105052836848e+00,-1.499999999999999944e-01,-3.015743670886076311e-01
1.544092557365900342e+00,-1.499999999999999944e-01,-3.008860759493671155e-01
1.544805009678963836e+00,-1.499999999999999944e-01,-3.001977848101266000e-01
1.545517461992027330e+00,-1.499999999999999944e-01,-2.995094936708860844e-01
1.546229914305091047e+00,-1.499999999999999944e-01,-2.988212025316455689e-01
1.546942366618154541e+00,-1.499999999999999944e-01,-2.981329113924050533e-01
1.547654818931218035e+00,-1.499999999999999944e-01,-2.974446202531645378e-01
1.548367271244281529e+00,-1.499999999999999944e-01,-2.967563291139240778e-01
1.549079723557345023e+00,-1.499999999999999944e-01,-2.960680379746835622e-01
1.549792175870408739e+00,-1.499999999999999944e-01,-2.953797468354430467e-01
1.550504628183472233e+00,-1.499999999999999944e-01,-2.946914556962025311e-01
1.551217080496535727e+00,-1.499999999999999944e-01,-2.940031645569620156e-01
1.551929532809599221e+00,-1.499999999999999944e-01,-2.933148734177215555e-01
1.552641985122662938e+00,-1.499999999999999944e-01,-2.926265822784810400e-01
1.553354437435726432e+00,-1.499999999999999944e-01,-2.919382911392405244e-01
1.554066889748789926e+00,-1.499999999999999944e-01,-2.912500000000000089e-01
1.554779342061853642e+00,-1.499999999999999944e-01,-2.905617088607594933e-01
1.555491794374917358e+00,-1.499999999999999944e-01,-2.898734177215189778e-01
1.556204246687980852e+00,-1.499999999999999944e-01,-2.891851265822784622e-01
1.556916699001044568e+00,-1.499999999999999944e-01,-2.884968354430380022e-01
1.557629151314108285e+00,-1.499999999999999944e-01,-2.878085443037974867e-01
1.558341603627172001e+00,-1.499999999999999944e-01,-2.871202531645569711e-01
1.559054055940235717e+00,-1.499999999999999944e-01,-2.864319620253164556e-01
1.559766508253299211e+00,-1.499999999999999944e-01,-2.857436708860759400e-01
1.560478960566362927e+00,-1.499999999999999944e-01,-2.850553797468354245e-01
1.561191412879426643e+00,-1.499999999999999944e-01,-2.843670886075949644e-01
1.561903865192490359e+00,-1.499999999999999944e-01,-2.836787974683544489e-01
1.562616317505554075e+00,-1.499999999999999944e-01,-2.829905063291139333e-01
1.563328769818617570e+00,-1.499999999999999944e-01,-2.823022151898734178e-01
1.564041222131681286e+00,-1.499999999999999944e-01,-2.816139240506329022e-01
1.564753674444745002e+00,-1.499999999999999944e-01,-2.809256329113923867e-01
1.565466126757808718e+00,-1.499999999999999944e-01,-2.802373417721519266e-01
1.566178579070872434e+00,-1.499999999999999944e-01,-2.795490506329114111e-01
1.566891031383935928e+00,-1.499999999999999944e-01,-2.788607594936708955e-01
1.567603483696999644e+00,-1.499999999999999944e-01,-2.781724683544303800e-01
1.568315936010063361e+00,-1.499999999999999944e-01,-2.774841772151898645e-01
1.569028388323127077e+00,-1.499999999999999944e-01,-2.767958860759493489e-01
1.569740840636190793e+00,-1.499999999999999944e-01,-2.761075949367088889e-01
1.570453292949254287e+00,-1.499999999999999944e-01,-2.754193037974683733e-01
1.571165745262318003e+00,-1.499999999999999944e-01,-2.747310126582278578e-01
1.571878197575381719e+00,-1.499999999999999944e-01,-2.740427215189873422e-01
1.572590649888445435e+00,-1.499999999999999944e-01,-2.733544303797468267e-01
1.573303102201509152e+00,-1.499999999999999944e-01,-2.726661392405063111e-01
1.574015554514572646e+00,-1.499999999999999944e-01,-2.719778481012658511e-01
1.574728006827636362e+00,-1.499999999999999944e-01,-2.712895569620253355e-01
1.575440459140700078e+00,-1.499999999999999944e-01,-2.706012658227848200e-01
1.576152911453763794e+00,-1.499999999999999944e-01,-2.699129746835443044e-01
1.576865363766827510e+00,-1.499999999999999944e-01,-2.692246835443037889e-01
1.577577816079891004e+00,-1.499999999999999944e-01,-2.685363924050632733e-01
1.578290268392954721e+00,-1.499999999999999944e-01,-2.678481012658228133e-01
1.579002720706018437e+00,-1.499999999999999944e-01,-2.671598101265822978e-01
1.579715173019082153e+00,-1.499999999999999944e-01,-2.664715189873417822e-01
1.580427625332145869e+00,-1.499999999999999944e-01,-2.657832278481012667e-01
1.581140077645209363e+00,-1.499999999999999944e-01,-2.650949367088607511e-01
1.581852529958273079e+00,-1.499999999999999944e-01,-2.644066455696202356e-01
1.582564982271336795e+00,-1.499999999999999944e-01,-2.637183544303797755e-01
1.583277434584400511e+00,-1.499999999999999944e-01,-2.630300632911392600e-01
1.583989886897464228e+00,-1.499999999999999944e-01,-2.623417721518987444e-01
1.584702339210527722e+00,-1.499999999999999944e-01,-2.616534810126582289e-01
1.585414791523591438e+00,-1.499999999999999944e-01,-2.609651898734177133e-01
1.586127243836655154e+00,-1.499999999999999944e-01,-2.602768987341771978e-01
1.586839696149718870e+00,-1.499999999999999944e-01,-2.595886075949367378e-01
1.587552148462782364e+00,-1.499999999999999944e-01,-2.589003164556962222e-01
1.588264600775846080e+00,-1.499999999999999944e-01,-2.582120253164557067e-01
1.588977053088909797e+00,-1.499999999999999944e-01,-2.575237341772151911e-01
1.589689505401973513e+00,-1.499999999999999944e-01,-2.568354430379746756e-01
1.590401957715037229e+00,-1.499999999999999944e-01,-2.561471518987341600e-01
1.591114410028100723e+00,-1.499999999999999944e-01,-2.554588607594936445e-01
1.591826862341164439e+00,-1.499999999999999944e-01,-2.547705696202531844e-01
1.592539314654228155e+00,-1.499999999999999944e-01,-2.540822784810126689e-01
1.593251766967291871e+00,-1.499999999999999944e-01,-2.533939873417721533e-01
1.593964219280355588e+00,-1.499999999999999944e-01,-2.527056962025316378e-01
1.594676671593419082e+00,-1.499999999999999944e-01,-2.520174050632911222e-01
1.595389123906482798e+00,-1.499999999999999944e-01,-2.513291139240506622e-01
1.596101576219546514e+00,-1.499999999999999944e-01,-2.506408227848101467e-01
1.596814028532610230e+00,-1.499999999999999944e-01,-2.499525316455696311e-01
1.597526480845673946e+00,-1.499999999999999944e-01,-2.492642405063291156e-01
1.598238933158737440e+00,-1.499999999999999944e-01,-2.485759493670886000e-01
1.598951385471801157e+00,-1.499999999999999944e-01,-2.478876582278481122e-01
1.599663837784864873e+00,-1.499999999999999944e-01,-2.471993670886075967e-01
1.600376290097928589e+00,-1.499999999999999944e-01,-2.465110759493671089e-01
1.601088742410992305e+00,-1.499999999999999944e-01,-2.458227848101265933e-01
1.601801194724055799e+00,-1.499999999999999944e-01,-2.451344936708860778e-01
1.602513647037119515e+00,-1.499999999999999944e-01,-2.444462025316455622e-01
1.603226099350183231e+00,-1.499999999999999944e-01,-2.437579113924050744e-01
1.603938551663246947e+00,-1.499999999999999944e-01,-2.430696202531645589e-01
1.604651003976310664e+00,-1.499999999999999944e-01,-2.423813291139240433e-01
1.605363456289374158e+00,-1.499999999999999944e-01,-2.416930379746835555e-01
1.606075908602437874e+00,-1.499999999999999944e-01,-2.410047468354430400e-01
1.606788360915501590e+00,-1.499999999999999944e-01,-2.403164556962025245e-01
1.607500813228565306e+00,-1.499999999999999944e-01,-2.396281645569620089e-01
1.608213265541629022e+00,-1.499999999999999944e-01,-2.389398734177215211e-01
1.608925717854692516e+00,-1.499999999999999944e-01,-2.382515822784810056e-01
1.609638170167756233e+00,-1.499999999999999944e-01,-2.375632911392405178e-01
1.610350622480819949e+00,-1.499999999999999944e-01,-2.368750000000000022e-01
1.611063074793883665e+00,-1.499999999999999944e-01,-2.361867088607594867e-01
1.611775527106947381e+00,-1.499999999999999944e-01,-2.354984177215189989e-01
1.612487979420010875e+00,-1.499999999999999944e-01,-2.348101265822784833e-01
1.613200431733074591e+00,-1.499999999999999944e-01,-2.341218354430379678e-01
1.613912884046138307e+00,-1.499999999999999944e-01,-2.334335443037974800e-01
1.614625336359202024e+00,-1.499999999999999944e-01,-2.327452531645569644e-01
1.615337788672265740e+00,-1.499999999999999944e-01,-2.320569620253164489e-01
1.616050240985329234e+00,-1.499999999999999944e-01,-2.313686708860759611e-01
1.616762693298392950e+00,-1.499999999999999944e-01,-2.306803797468354456e-01
1.617475145611456666e+00,-1.499999999999999944e-01,-2.299920886075949300e-01
1.618187597924520382e+00,-1.499999999999999944e-01,-2.293037974683544422e-01
1.618900050237584098e+00,-1.499999999999999944e-01,-2.286155063291139267e-01
1.619612502550647593e+00,-1.499999999999999944e-01,-2.279272151898734111e-01
1.620324954863711309e+00,-1.499999999999999944e-01,-2.272389240506329233e-01
1.621037407176775025e+00,-1.499999999999999944e-01,-2.265506329113924078e-01
1.621749859489838741e+00,-1.499999999999999944e-01,-2.258623417721518922e-01
1.622462311802902457e+00,-1.499999999999999944e-01,-2.251740506329114044e-01
1.623174764115965951e+00,-1.499999999999999944e-01,-2.244857594936708889e-01
1.623887216429029667e+00,-1.499999999999999944e-01,-2.237974683544303733e-01
1.624599668742093383e+00,-1.499999999999999944e-01,-2.231091772151898855e-01
1.625312121055157100e+00,-1.499999999999999944e-01,-2.224208860759493700e-01
1.626024573368220816e+00,-1.499999999999999944e-01,-2.217325949367088544e-01
1.626737025681284310e+00,-1.499999999999999944e-01,-2.210443037974683667e-01
1.627449477994348026e+00,-1.499999999999999944e-01,-2.203560126582278511e-01
1.628161930307411742e+00,-1.499999999999999944e-01,-2.196677215189873356e-01
1.628874382620475458e+00,-1.499999999999999944e-01,-2.189794303797468200e-01
1.629586834933539174e+00,-1.499999999999999944e-01,-2.182911392405063322e-01
1.630299287246602669e+00,-1.499999999999999944e-01,-2.176028481012658167e-01
1.631011739559666385e+00,-1.499999999999999944e-01,-2.169145569620253289e-01
1.631724191872730101e+00,-1.499999999999999944e-01,-2.162262658227848133e-01
1.632436644185793817e+00,-1.499999999999999944e-01,-2.155379746835442978e-01
1.633149096498857533e+00,-1.499999999999999944e-01,-2.148496835443037822e-01
1.633861548811921027e+00,-1.499999999999999944e-01,-2.141613924050632944e-01
1.634574001124984743e+00,-1.499999999999999944e-01,-2.134731012658227789e-01
1.635286453438048460e+00,-1.499999999999999944e-01,-2.127848101265822911e-01
1.635998905751112176e+00,-1.499999999999999944e-01,-2.120965189873417756e-01
1.636711358064175892e+00,-1.499999999999999944e-01,-2.114082278481012600e-01
1.637423810377239386e+00,-1.499999999999999944e-01,-2.107199367088607445e-01
1.638136262690303102e+00,-1.499999999999999944e-01,-2.100316455696202567e-01
1.638848715003366818e+00,-1.499999999999999944e-01,-2.093433544303797411e-01
1.639561167316430534e+00,-1.499999999999999944e-01,-2.086550632911392533e-01
1.640273619629494029e+00,-1.499999999999999944e-01,-2.079667721518987378e-01
1.640986071942557745e+00,-1.499999999999999944e-01,-2.072784810126582222e-01
1.641698524255621461e+00,-1.499999999999999944e-01,-2.065901898734177344e-01
1.642410976568685177e+00,-1.499999999999999944e-01,-2.059018987341772189e-01
1.643123428881748893e+00,-1.499999999999999944e-01,-2.052136075949367033e-01
1.643835881194812387e+00,-1.499999999999999944e-01,-2.045253164556962155e-01
1.644548333507876103e+00,-1.499999999999999944e-01,-2.038370253164557000e-01
1.645260785820939820e+00,-1.499999999999999944e-01,-2.031487341772151844e-01
1.645973238134003536e+00,-1.499999999999999944e-01,-2.024604430379746689e-01
1.646685690447067252e+00,-1.499999999999999944e-01,-2.017721518987341811e-01
1.647398142760130746e+00,-1.499999999999999944e-01,-2.010838607594936656e-01
1.648110595073194462e+00,-1.499999999999999944e-01,-2.003955696202531778e-01
1.648823047386258178e+00,-1.499999999999999944e-01,-1.997072784810126622e-01
1.649535499699321894e+00,-1.499999999999999944e-01,-1.990189873417721467e-01
1.650247952012385610e+00,-1.499999999999999944e-01,-1.983306962025316311e-01
1.650960404325449105e+00,-1.499999999999999944e-01,-1.976424050632911433e-01
1.651672856638512821e+00,-1.499999999999999944e-01,-1.969541139240506278e-01
1.652385308951576537e+00,-1.499999999999999944e-01,-1.962658227848101400e-01
1.653097761264640253e+00,-1.499999999999999944e-01,-1.955775316455696244e-01
1.653810213577703969e+00,-1.499999999999999944e-01,-1.948892405063291089e-01
1.654522665890767463e+00,-1.499999999999999944e-01,-1.942009493670885933e-01
1.655235118203831179e+00,-1.499999999999999944e-01,-1.935126582278481056e-01
1.655947570516894896e+00,-1.499999999999999944e-01,-1.928243670886075900e-01
1.656660022829958612e+00,-1.499999999999999944e-01,-1.921360759493671022e-01
1.657372475143022328e+00,-1.499999999999999944e-01,-1.914477848101265867e-01
1.658084927456085822e+00,-1.499999999999999944e-01,-1.907594936708860711e-01
1.658797379769149538e+00,-1.499999999999999944e-01,-1.900712025316455556e-01
1.659509832082213254e+00,-1.499999999999999944e-01,-1.893829113924050678e-01
1.660222284395276970e+00,-1.499999999999999944e-01,-1.886946202531645522e-01
1.660934736708340687e+00,-1.499999999999999944e-01,-1.880063291139240367e-01
1.661647189021404181e+00,-1.499999999999999944e-01,-1.873180379746835489e-01
1.662359641334467897e+00,-1.499999999999999944e-01,-1.866297468354430333e-01
1.663072093647531613e+00,-1.499999999999999944e-01,-1.859414556962025178e-01
1.663784545960595329e+00,-1.499999999999999944e-01,-1.852531645569620022e-01
1.664496998273659045e+00,-1.499999999999999944e-01,-1.845648734177215144e-01
1.665209450586722539e+00,-1.499999999999999944e-01,-1.838765822784809989e-01
1.665921902899786256e+00,-1.499999999999999944e-01,-1.831882911392405111e-01
1.666634355212849972e+00,-1.499999999999999944e-01,-1.824999999999999956e-01
1.667346807525913466e+00,-1.499999999999999944e-01,-1.818117088607594800e-01
1.668059259838976960e+00,-1.499999999999999944e-01,-1.811234177215189922e-01
1.668771712152040676e+00,-1.499999999999999944e-01,-1.804351265822784767e-01
1.669484164465104170e+00,-1.499999999999999944e-01,-1.797468354430379611e-01
1.670196616778167664e+00,-1.499999999999999944e-01,-1.790585443037974733e-01
1.670909069091231158e+00,-1.499999999999999944e-01,-1.783702531645569578e-01
1.671621521404294874e+00,-1.499999999999999944e-01,-1.776819620253164422e-01
1.672333973717358369e+00,-1.499999999999999944e-01,-1.769936708860759544e-01
1.673046426030421863e+00,-1.499999999999999944e-01,-1.763053797468354389e-01
1.673758878343485357e+00,-1.499999999999999944e-01,-1.756170886075949233e-01
1.674471330656549073e+00,-1.499999999999999944e-01,-1.749287974683544356e-01
1.675183782969612567e+00,-1.499999999999999944e-01,-1.742405063291139200e-01
1.675896235282676061e+00,-1.499999999999999944e-01,-1.735522151898734045e-01
1.676608687595739555e+00,-1.499999999999999944e-01,-1.728639240506329167e-01
1.677321139908803049e+00,-1.499999999999999944e-01,-1.721756329113924011e-01
1.678033592221866765e+00,-1.499999999999999944e-01,-1.714873417721518856e-01
1.678746044534930260e+00,-1.499999999999999944e-01,-1.707990506329113978e-01
1.679458496847993754e+00,-1.499999999999999944e-01,-1.701107594936708822e-01
1.680170949161057248e+00,-1.499999999999999944e-01,-1.694224683544303667e-01
1.680883401474120964e+00,-1.499999999999999944e-01,-1.687341772151898789e-01
1.681595853787184458e+00,-1.499999999999999944e-01,-1.680458860759493633e-01
1.682308306100247952e+00,-1.499999999999999944e-01,-1.673575949367088478e-01
1.683020758413311446e+00,-1.499999999999999944e-01,-1.666693037974683600e-01
1.683733210726374940e+00,-1.499999999999999944e-01,-1.659810126582278444e-01
1.684445663039438656e+00,-1.499999999999999944e-01,-1.652927215189873289e-01
1.685158115352502151e+00,-1.499999999999999944e-01,-1.646044303797468134e-01
1.685870567665565645e+00,-1.499999999999999944e-01,-1.639161392405063256e-01
1.686583019978629139e+00,-1.499999999999999944e-01,-1.632278481012658100e-01
1.687295472291692855e+00,-1.499999999999999944e-01,-1.625395569620253222e-01
1.688007924604756349e+00,-1.499999999999999944e-01,-1.618512658227848067e-01
1.688720376917819843e+00,-1.499999999999999944e-01,-1.611629746835442911e-01
1.689432829230883337e+00,-1.499999999999999944e-01,-1.604746835443037756e-01
1.690145281543947053e+00,-1.499999999999999944e-01,-1.597863924050632878e-01
1.690857733857010547e+00,-1.499999999999999944e-01,-1.590981012658227722e-01
1.691570186170074042e+00,-1.499999999999999944e-01,-1.584098101265822844e-01
1.692282638483137536e+00,-1.499999999999999944e-01,-1.577215189873417689e-01
1.692995090796201030e+00,-1.499999999999999944e-01,-1.570332278481012533e-01
1.693707543109264746e+00,-1.499999999999999944e-01,-1.563449367088607378e-01
1.694419995422328240e+00,-1.499999999999999944e-01,-1.556566455696202500e-01
1.695132447735391734e+00,-1.499999999999999944e-01,-1.549683544303797345e-01
1.695844900048455228e+00,-1.499999999999999944e-01,-1.542800632911392467e-01
1.696557352361518944e+00,-1.499999999999999944e-01,-1.535917721518987311e-01
1.697269804674582439e+00,-1.499999999999999944e-01,-1.529034810126582156e-01
1.697982256987645933e+00,-1.499999999999999944e-01,-1.522151898734177278e-01
1.698694709300709427e+00,-1.499999999999999944e-01,-1.515268987341772122e-01
1.699407161613772921e+00,-1.499999999999999944e-01,-1.508386075949366967e-01
1.700119613926836637e+00,-1.499999999999999944e-01,-1.501503164556962089e-01
1.700832066239900131e+00,-1.499999999999999944e-01,-1.494620253164556933e-01
1.701544518552963625e+00,-1.499999999999999944e-01,-1.487737341772151778e-01
1.702256970866027119e+00,-1.499999999999999944e-01,-1.480854430379746622e-01
1.702969423179090835e+00,-1.499999999999999944e-01,-1.473971518987341744e-01
1.703681875492154330e+00,-1.499999999999999944e-01,-1.467088607594936589e-01
1.704394327805217824e+00,-1.499999999999999944e-01,-1.460205696202531711e-01
1.705106780118281318e+00,-1.499999999999999944e-01,-1.453322784810126556e-01
1.705819232431345034e+00,-1.499999999999999944e-01,-1.446439873417721400e-01
1.706531684744408528e+00,-1.499999999999999944e-01,-1.439556962025316245e-01
1.707244137057472022e+00,-1.499999999999999944e-01,-1.432674050632911367e-01
1.707956589370535516e+00,-1.499999999999999944e-01,-1.425791139240506211e-01
1.708669041683599010e+00,-1.499999999999999944e-01,-1.418908227848101333e-01
1.709381493996662726e+00,-1.499999999999999944e-01,-1.412025316455696178e-01
1.710093946309726221e+00,-1.499999999999999944e-01,-1.405142405063291022e-01
1.710806398622789715e+00,-1.499999999999999944e-01,-1.398259493670885867e-01
1.711518850935853209e+00,-1.499999999999999944e-01,-1.391376582278480989e-01
1.712231303248916925e+00,-1.499999999999999944e-01,-1.384493670886075833e-01
1.712943755561980419e+00,-1.499999999999999944e-01,-1.377610759493670956e-01
1.713656207875043913e+00,-1.499999999999999944e-01,-1.370727848101265800e-01
1.714368660188107407e+00,-1.499999999999999944e-01,-1.363844936708860645e-01
1.715081112501171123e+00,-1.499999999999999944e-01,-1.356962025316455489e-01
1.715793564814234617e+00,-1.499999999999999944e-01,-1.350079113924050611e-01
1.716506017127298112e+00,-1.499999999999999944e-01,-1.343196202531645456e-01
1.717218469440361606e+00,-1.499999999999999944e-01,-1.336313291139240300e-01
1.717930921753425100e+00,-1.499999999999999944e-01,-1.329430379746835422e-01
1.718643374066488816e+00,-1.499999999999999944e-01,-1.322547468354430267e-01
1.719355826379552310e+00,-1.499999999999999944e-01,-1.315664556962025111e-01
1.720068278692615804e+00,-1.499999999999999944e-01,-1.308781645569619956e-01
1.720780731005679298e+00,-1.499999999999999944e-01,-1.301898734177215078e-01
1.721493183318743014e+00,-1.499999999999999944e-01,-1.295015822784809922e-01
1.722205635631806508e+00,-1.499999999999999944e-01,-1.288132911392405044e-01
1.722918087944870003e+00,-1.499999999999999944e-01,-1.281249999999999889e-01
