x,y,z
4.825300515485470010e-02,1.310143097243830074e-02,-2.999999999999999889e-01
4.825300515485470010e-02,1.310143097243830074e-02,-2.999999999999999889e-01
4.825300515485470010e-02,1.310143097243830074e-02,-3.009999999999999898e-01
4.825300515485470010e-02,1.310143097243830074e-02,-3.019999999999999907e-01
4.825300515485470010e-02,1.310143097243830074e-02,-3.029999999999999916e-01
4.825300515485470010e-02,1.310143097243830074e-02,-3.039999999999999925e-01
4.825300515485470010e-02,1.310143097243830074e-02,-3.049999999999999933e-01
4.825300515485470010e-02,1.310143097243830074e-02,-3.059999999999999942e-01
4.825300515485470010e-02,1.310143097243830074e-02,-3.069999999999999951e-01
4.825300515485470010e-02,1.310143097243830074e-02,-3.079999999999999960e-01
4.825300515485470010e-02,1.310143097243830074e-02,-3.089999999999999969e-01
4.825300515485470010e-02,1.310143097243830074e-02,-3.099999999999999978e-01
4.825300515485470010e-02,1.310143097243830074e-02,-3.109999999999999987e-01
4.825300515485470010e-02,1.310143097243830074e-02,-3.119999999999999996e-01
4.825300515485470010e-02,1.310143097243830074e-02,-3.130000000000000004e-01
4.825300515485470010e-02,1.310143097243830074e-02,-3.140000000000000013e-01
4.825300515485470010e-02,1.310143097243830074e-02,-3.150000000000000022e-01
4.825300515485470010e-02,1.310143097243830074e-02,-3.160000000000000031e-01
4.825300515485470010e-02,1.310143097243830074e-02,-3.170000000000000040e-01
4.825300515485470010e-02,1.310143097243830074e-02,-3.180000000000000049e-01
4.825300515485470010e-02,1.310143097243830074e-02,-3.190000000000000058e-01
4.825300515485470010e-02,1.310143097243830074e-02,-3.200000000000000067e-01
4.825300515485470010e-02,1.310143097243830074e-02,-3.210000000000000075e-01
4.825300515485470010e-02,1.310143097243830074e-02,-3.220000000000000084e-01
4.825300515485470010e-02,1.310143097243830074e-02,-3.230000000000000093e-01
4.825300515485470010e-02,1.310143097243830074e-02,-3.240000000000000102e-01
4.825300515485470010e-02,1.310143097243830074e-02,-3.249999999999999556e-01
4.825300515485470010e-02,1.310143097243830074e-02,-3.260000000000000120e-01
4.825300515485470010e-02,1.310143097243830074e-02,-3.269999999999999574e-01
4.825300515485470010e-02,1.310143097243830074e-02,-3.279999999999999583e-01
4.825300515485470010e-02,1.310143097243830074e-02,-3.289999999999999591e-01
4.825300515485470010e-02,1.310143097243830074e-02,-3.299999999999999600e-01
4.825300515485470010e-02,1.310143097243830074e-02,-3.309999999999999609e-01
4.825300515485470010e-02,1.310143097243830074e-02,-3.319999999999999618e-01
4.825300515485470010e-02,1.310143097243830074e-02,-3.329999999999999627e-01
4.825300515485470010e-02,1.310143097243830074e-02,-3.339999999999999636e-01
4.825300515485470010e-02,1.310143097243830074e-02,-3.349999999999999645e-01
4.825300515485470010e-02,1.310143097243830074e-02,-3.359999999999999654e-01
4.825300515485470010e-02,1.310143097243830074e-02,-3.369999999999999662e-01
4.825300515485470010e-02,1.310143097243830074e-02,-3.379999999999999671e-01
4.825300515485470010e-02,1.310143097243830074e-02,-3.389999999999999680e-01
4.825300515485470010e-02,1.310143097243830074e-02,-3.399999999999999689e-01
4.825300515485470010e-02,1.310143097243830074e-02,-3.409999999999999698e-01
4.825300515485470010e-02,1.310143097243830074e-02,-3.419999999999999707e-01
4.825300515485470010e-02,1.310143097243830074e-02,-3.429999999999999716e-01
4.825300515485470010e-02,1.310143097243830074e-02,-3.439999999999999725e-01
4.825300515485470010e-02,1.310143097243830074e-02,-3.449999999999999734e-01
4.825300515485470010e-02,1.310143097243830074e-02,-3.459999999999999742e-01
4.825300515485470010e-02,1.310143097243830074e-02,-3.469999999999999751e-01
4.825300515485470010e-02,1.310143097243830074e-02,-3.479999999999999760e-01
4.825300515485470010e-02,1.310143097243830074e-02,-3.489999999999999769e-01
4.825300515485470010e-02,1.310143097243830074e-02,-3.499999999999999778e-01
4.825300515485470010e-02,1.310143097243830074e-02,-3.509999999999999787e-01
4.825300515485470010e-02,1.310143097243830074e-02,-3.519999999999999796e-01
4.825300515485470010e-02,1.310143097243830074e-02,-3.529999999999999805e-01
4.825300515485470010e-02,1.310143097243830074e-02,-3.539999999999999813e-01
4.825300515485470010e-02,1.310143097243830074e-02,-3.549999999999999822e-01
4.825300515485470010e-02,1.310143097243830074e-02,-3.559999999999999831e-01
4.825300515485470010e-02,1.310143097243830074e-02,-3.569999999999999840e-01
4.825300515485470010e-02,1.310143097243830074e-02,-3.579999999999999849e-01
4.825300515485470010e-02,1.310143097243830074e-02,-3.589999999999999858e-01
4.825300515485470010e-02,1.310143097243830074e-02,-3.599999999999999867e-01
4.825300515485470010e-02,1.310143097243830074e-02,-3.609999999999999876e-01
4.825300515485470010e-02,1.310143097243830074e-02,-3.619999999999999885e-01
4.825300515485470010e-02,1.310143097243830074e-02,-3.629999999999999893e-01
4.825300515485470010e-02,1.310143097243830074e-02,-3.639999999999999902e-01
4.825300515485470010e-02,1.310143097243830074e-02,-3.649999999999999911e-01
4.825300515485470010e-02,1.310143097243830074e-02,-3.659999999999999920e-01
4.825300515485470010e-02,1.310143097243830074e-02,-3.669999999999999929e-01
4.825300515485470010e-02,1.310143097243830074e-02,-3.679999999999999938e-01
4.825300515485470010e-02,1.310143097243830074e-02,-3.689999999999999947e-01
4.825300515485470010e-02,1.310143097243830074e-02,-3.699999999999999956e-01
4.825300515485470010e-02,1.310143097243830074e-02,-3.709999999999999964e-01
4.825300515485470010e-02,1.310143097243830074e-02,-3.719999999999999973e-01
4.825300515485470010e-02,1.310143097243830074e-02,-3.729999999999999982e-01
4.825300515485470010e-02,1.310143097243830074e-02,-3.739999999999999991e-01
4.825300515485470010e-02,1.310143097243830074e-02,-3.750000000000000000e-01
4.825300515485470010e-02,1.310143097243830074e-02,-3.760000000000000009e-01
4.825300515485470010e-02,1.310143097243830074e-02,-3.770000000000000018e-01
4.825300515485470010e-02,1.310143097243830074e-02,-3.780000000000000027e-01
4.825300515485470010e-02,1.310143097243830074e-02,-3.790000000000000036e-01
4.825300515485470010e-02,1.310143097243830074e-02,-3.800000000000000044e-01
4.825300515485470010e-02,1.310143097243830074e-02,-3.810000000000000053e-01
4.825300515485470010e-02,1.310143097243830074e-02,-3.820000000000000062e-01
4.825300515485470010e-02,1.310143097243830074e-02,-3.830000000000000071e-01
4.825300515485470010e-02,1.310143097243830074e-02,-3.840000000000000080e-01
4.825300515485470010e-02,1.310143097243830074e-02,-3.849999999999999534e-01
4.825300515485470010e-02,1.310143097243830074e-02,-3.860000000000000098e-01
4.825300515485470010e-02,1.310143097243830074e-02,-3.870000000000000107e-01
4.825300515485470010e-02,1.310143097243830074e-02,-3.879999999999999560e-01
4.825300515485470010e-02,1.310143097243830074e-02,-3.890000000000000124e-01
4.825300515485470010e-02,1.310143097243830074e-02,-3.899999999999999578e-01
4.825300515485470010e-02,1.310143097243830074e-02,-3.909999999999999587e-01
4.825300515485470010e-02,1.310143097243830074e-02,-3.920000000000000151e-01
4.825300515485470010e-02,1.310143097243830074e-02,-3.929999999999999605e-01
4.825300515485470010e-02,1.310143097243830074e-02,-3.940000000000000169e-01
4.825300515485470010e-02,1.310143097243830074e-02,-3.949999999999999623e-01
4.825300515485470010e-02,1.310143097243830074e-02,-3.959999999999999631e-01
4.825300515485470010e-02,1.310143097243830074e-02,-3.970000000000000195e-01
4.825300515485470010e-02,1.310143097243830074e-02,-3.979999999999999649e-01
4.825300515485470010e-02,1.310143097243830074e-02,-3.989999999999999658e-01
4.825300515485470010e-02,1.310143097243830074e-02,-3.999999999999999667e-01
4.825300515485470010e-02,1.310143097243830074e-02,-4.009999999999999676e-01
4.825300515485470010e-02,1.310143097243830074e-02,-4.019999999999999685e-01
4.825300515485470010e-02,1.310143097243830074e-02,-4.029999999999999694e-01
4.825300515485470010e-02,1.310143097243830074e-02,-4.039999999999999702e-01
4.825300515485470010e-02,1.310143097243830074e-02,-4.049999999999999711e-01
4.825300515485470010e-02,1.310143097243830074e-02,-4.059999999999999720e-01
4.825300515485470010e-02,1.310143097243830074e-02,-4.069999999999999729e-01
4.825300515485470010e-02,1.310143097243830074e-02,-4.079999999999999738e-01
4.825300515485470010e-02,1.310143097243830074e-02,-4.089999999999999747e-01
4.825300515485470010e-02,1.310143097243830074e-02,-4.099999999999999756e-01
4.825300515485470010e-02,1.310143097243830074e-02,-4.109999999999999765e-01
4.825300515485470010e-02,1.310143097243830074e-02,-4.119999999999999774e-01
4.825300515485470010e-02,1.310143097243830074e-02,-4.129999999999999782e-01
4.825300515485470010e-02,1.310143097243830074e-02,-4.139999999999999791e-01
4.825300515485470010e-02,1.310143097243830074e-02,-4.149999999999999800e-01
4.825300515485470010e-02,1.310143097243830074e-02,-4.159999999999999809e-01
4.825300515485470010e-02,1.310143097243830074e-02,-4.169999999999999818e-01
4.825300515485470010e-02,1.310143097243830074e-02,-4.179999999999999827e-01
4.825300515485470010e-02,1.310143097243830074e-02,-4.189999999999999836e-01
4.825300515485470010e-02,1.310143097243830074e-02,-4.199999999999999845e-01
4.825300515485470010e-02,1.310143097243830074e-02,-4.209999999999999853e-01
4.825300515485470010e-02,1.310143097243830074e-02,-4.219999999999999862e-01
4.825300515485470010e-02,1.310143097243830074e-02,-4.229999999999999871e-01
4.825300515485470010e-02,1.310143097243830074e-02,-4.239999999999999880e-01
4.825300515485470010e-02,1.310143097243830074e-02,-4.249999999999999889e-01
4.825300515485470010e-02,1.310143097243830074e-02,-4.259999999999999898e-01
4.825300515485470010e-02,1.310143097243830074e-02,-4.269999999999999352e-01
4.825300515485470010e-02,1.310143097243830074e-02,-4.279999999999999361e-01
4.825300515485470010e-02,1.310143097243830074e-02,-4.289999999999999925e-01
4.825300515485470010e-02,1.310143097243830074e-02,-4.299999999999999378e-01
4.825300515485470010e-02,1.310143097243830074e-02,-4.309999999999999387e-01
4.825300515485470010e-02,1.310143097243830074e-02,-4.319999999999999396e-01
4.825300515485470010e-02,1.310143097243830074e-02,-4.329999999999999405e-01
4.825300515485470010e-02,1.310143097243830074e-02,-4.339999999999999414e-01
4.825300515485470010e-02,1.310143097243830074e-02,-4.349999999999999423e-01
4.825300515485470010e-02,1.310143097243830074e-02,-4.359999999999999432e-01
4.825300515485470010e-02,1.310143097243830074e-02,-4.369999999999999440e-01
4.825300515485470010e-02,1.310143097243830074e-02,-4.379999999999999449e-01
4.825300515485470010e-02,1.310143097243830074e-02,-4.389999999999999458e-01
4.825300515485470010e-02,1.310143097243830074e-02,-4.399999999999999467e-01
4.825300515485470010e-02,1.310143097243830074e-02,-4.409999999999999476e-01
4.825300515485470010e-02,1.310143097243830074e-02,-4.419999999999999485e-01
4.825300515485470010e-02,1.310143097243830074e-02,-4.429999999999999494e-01
4.825300515485470010e-02,1.310143097243830074e-02,-4.439999999999999503e-01
4.825300515485470010e-02,1.310143097243830074e-02,-4.449999999999999512e-01
4.825300515485470010e-02,1.310143097243830074e-02,-4.459999999999999520e-01
4.825300515485470010e-02,1.310143097243830074e-02,-4.469999999999999529e-01
4.825300515485470010e-02,1.310143097243830074e-02,-4.479999999999999538e-01
4.825300515485470010e-02,1.310143097243830074e-02,-4.489999999999999547e-01
4.825300515485470010e-02,1.310143097243830074e-02,-4.499999999999999556e-01
4.825300515485470010e-02,1.310143097243830074e-02,-4.509999999999999565e-01
4.825300515485470010e-02,1.310143097243830074e-02,-4.519999999999999574e-01
4.825300515485470010e-02,1.310143097243830074e-02,-4.529999999999999583e-01
4.825300515485470010e-02,1.310143097243830074e-02,-4.539999999999999591e-01
4.825300515485470010e-02,1.310143097243830074e-02,-4.549999999999999600e-01
4.825300515485470010e-02,1.310143097243830074e-02,-4.559999999999999609e-01
4.825300515485470010e-02,1.310143097243830074e-02,-4.569999999999999618e-01
4.825300515485470010e-02,1.310143097243830074e-02,-4.579999999999999627e-01
4.825300515485470010e-02,1.310143097243830074e-02,-4.589999999999999636e-01
4.825300515485470010e-02,1.310143097243830074e-02,-4.599999999999999645e-01
4.825300515485470010e-02,1.310143097243830074e-02,-4.609999999999999654e-01
4.825300515485470010e-02,1.310143097243830074e-02,-4.619999999999999662e-01
4.825300515485470010e-02,1.310143097243830074e-02,-4.629999999999999671e-01
4.825300515485470010e-02,1.310143097243830074e-02,-4.639999999999999680e-01
4.825300515485470010e-02,1.310143097243830074e-02,-4.649999999999999689e-01
4.825300515485470010e-02,1.310143097243830074e-02,-4.659999999999999698e-01
4.825300515485470010e-02,1.310143097243830074e-02,-4.669999999999999707e-01
4.825300515485470010e-02,1.310143097243830074e-02,-4.679999999999999716e-01
4.825300515485470010e-02,1.310143097243830074e-02,-4.689999999999999725e-01
4.825300515485470010e-02,1.310143097243830074e-02,-4.699999999999999734e-01
4.825300515485470010e-02,1.310143097243830074e-02,-4.709999999999999742e-01
4.825300515485470010e-02,1.310143097243830074e-02,-4.719999999999999751e-01
4.825300515485470010e-02,1.310143097243830074e-02,-4.729999999999999760e-01
4.825300515485470010e-02,1.310143097243830074e-02,-4.739999999999999769e-01
4.825300515485470010e-02,1.310143097243830074e-02,-4.749999999999999778e-01
4.825300515485470010e-02,1.310143097243830074e-02,-4.759999999999999787e-01
4.825300515485470010e-02,1.310143097243830074e-02,-4.769999999999999796e-01
4.825300515485470010e-02,1.310143097243830074e-02,-4.779999999999999805e-01
4.825300515485470010e-02,1.310143097243830074e-02,-4.789999999999999813e-01
4.825300515485470010e-02,1.310143097243830074e-02,-4.799999999999999822e-01
4.825300515485470010e-02,1.310143097243830074e-02,-4.809999999999999831e-01
4.825300515485470010e-02,1.310143097243830074e-02,-4.819999999999999840e-01
4.825300515485470010e-02,1.310143097243830074e-02,-4.829999999999999849e-01
4.825300515485470010e-02,1.310143097243830074e-02,-4.839999999999999858e-01
4.825300515485470010e-02,1.310143097243830074e-02,-4.849999999999999867e-01
4.825300515485470010e-02,1.310143097243830074e-02,-4.859999999999999876e-01
4.825300515485470010e-02,1.310143097243830074e-02,-4.869999999999999885e-01
4.825300515485470010e-02,1.310143097243830074e-02,-4.879999999999999893e-01
4.825300515485470010e-02,1.310143097243830074e-02,-4.889999999999999902e-01
4.825300515485470010e-02,1.310143097243830074e-02,-4.899999999999999911e-01
4.825300515485470010e-02,1.310143097243830074e-02,-4.909999999999999920e-01
4.825300515485470010e-02,1.310143097243830074e-02,-4.919999999999999929e-01
4.825300515485470010e-02,1.310143097243830074e-02,-4.929999999999999938e-01
4.825300515485470010e-02,1.310143097243830074e-02,-4.939999999999999947e-01
4.825300515485470010e-02,1.310143097243830074e-02,-4.949999999999999956e-01
4.825300515485470010e-02,1.310143097243830074e-02,-4.959999999999999964e-01
4.825300515485470010e-02,1.310143097243830074e-02,-4.969999999999999973e-01
4.825300515485470010e-02,1.310143097243830074e-02,-4.979999999999999982e-01
4.825300515485470010e-02,1.310143097243830074e-02,-4.989999999999999991e-01
4.825300515485470010e-02,1.310143097243830074e-02,-4.999999999999999445e-01
4.825300515485470010e-02,1.310143097243830074e-02,-5.010000000000000009e-01
4.825300515485470010e-02,1.310143097243830074e-02,-5.020000000000000018e-01
4.825300515485470010e-02,1.310143097243830074e-02,-5.030000000000000027e-01
4.825300515485470010e-02,1.310143097243830074e-02,-5.040000000000000036e-01
4.825300515485470010e-02,1.310143097243830074e-02,-5.049999999999998934e-01
4.825300515485470010e-02,1.310143097243830074e-02,-5.060000000000000053e-01
4.825300515485470010e-02,1.310143097243830074e-02,-5.070000000000000062e-01
4.825300515485470010e-02,1.310143097243830074e-02,-5.080000000000000071e-01
4.825300515485470010e-02,1.310143097243830074e-02,-5.090000000000000080e-01
4.825300515485470010e-02,1.310143097243830074e-02,-5.100000000000000089e-01
4.825300515485470010e-02,1.310143097243830074e-02,-5.109999999999998987e-01
4.825300515485470010e-02,1.310143097243830074e-02,-5.120000000000000107e-01
4.825300515485470010e-02,1.310143097243830074e-02,-5.130000000000000115e-01
4.825300515485470010e-02,1.310143097243830074e-02,-5.140000000000000124e-01
4.825300515485470010e-02,1.310143097243830074e-02,-5.149999999999999023e-01
4.825300515485470010e-02,1.310143097243830074e-02,-5.160000000000000142e-01
4.825300515485470010e-02,1.310143097243830074e-02,-5.169999999999999041e-01
4.825300515485470010e-02,1.310143097243830074e-02,-5.180000000000000160e-01
4.825300515485470010e-02,1.310143097243830074e-02,-5.190000000000000169e-01
4.825300515485470010e-02,1.310143097243830074e-02,-5.200000000000000178e-01
4.825300515485470010e-02,1.310143097243830074e-02,-5.209999999999999076e-01
4.825300515485470010e-02,1.310143097243830074e-02,-5.220000000000000195e-01
4.825300515485470010e-02,1.310143097243830074e-02,-5.229999999999999094e-01
4.825300515485470010e-02,1.310143097243830074e-02,-5.239999999999999103e-01
4.825300515485470010e-02,1.310143097243830074e-02,-5.249999999999999112e-01
4.825300515485470010e-02,1.310143097243830074e-02,-5.260000000000000231e-01
4.825300515485470010e-02,1.310143097243830074e-02,-5.269999999999999130e-01
4.825300515485470010e-02,1.310143097243830074e-02,-5.280000000000000249e-01
4.825300515485470010e-02,1.310143097243830074e-02,-5.289999999999999147e-01
4.825300515485470010e-02,1.310143097243830074e-02,-5.300000000000000266e-01
4.825300515485470010e-02,1.310143097243830074e-02,-5.309999999999999165e-01
4.825300515485470010e-02,1.310143097243830074e-02,-5.320000000000000284e-01
4.825300515485470010e-02,1.310143097243830074e-02,-5.329999999999999183e-01
4.825300515485470010e-02,1.310143097243830074e-02,-5.339999999999999192e-01
4.825300515485470010e-02,1.310143097243830074e-02,-5.349999999999999201e-01
4.825300515485470010e-02,1.310143097243830074e-02,-5.360000000000000320e-01
4.825300515485470010e-02,1.310143097243830074e-02,-5.369999999999999218e-01
4.825300515485470010e-02,1.310143097243830074e-02,-5.380000000000000338e-01
4.825300515485470010e-02,1.310143097243830074e-02,-5.389999999999999236e-01
4.825300515485470010e-02,1.310143097243830074e-02,-5.399999999999999245e-01
4.825300515485470010e-02,1.310143097243830074e-02,-5.409999999999999254e-01
4.825300515485470010e-02,1.310143097243830074e-02,-5.420000000000000373e-01
4.825300515485470010e-02,1.310143097243830074e-02,-5.429999999999999272e-01
4.825300515485470010e-02,1.310143097243830074e-02,-5.439999999999999281e-01
4.825300515485470010e-02,1.310143097243830074e-02,-5.449999999999999289e-01
4.825300515485470010e-02,1.310143097243830074e-02,-5.459999999999999298e-01
4.825300515485470010e-02,1.310143097243830074e-02,-5.469999999999999307e-01
4.825300515485470010e-02,1.310143097243830074e-02,-5.480000000000000426e-01
4.825300515485470010e-02,1.310143097243830074e-02,-5.489999999999999325e-01
4.825300515485470010e-02,1.310143097243830074e-02,-5.499999999999999334e-01
4.825300515485470010e-02,1.310143097243830074e-02,-5.509999999999999343e-01
4.825300515485470010e-02,1.310143097243830074e-02,-5.520000000000000462e-01
4.825300515485470010e-02,1.310143097243830074e-02,-5.529999999999999361e-01
4.825300515485470010e-02,1.310143097243830074e-02,-5.539999999999999369e-01
4.825300515485470010e-02,1.310143097243830074e-02,-5.549999999999999378e-01
4.825300515485470010e-02,1.310143097243830074e-02,-5.559999999999999387e-01
4.825300515485470010e-02,1.310143097243830074e-02,-5.569999999999999396e-01
4.825300515485470010e-02,1.310143097243830074e-02,-5.580000000000000515e-01
4.825300515485470010e-02,1.310143097243830074e-02,-5.589999999999999414e-01
4.825300515485470010e-02,1.310143097243830074e-02,-5.599999999999999423e-01
4.825300515485470010e-02,1.310143097243830074e-02,-5.609999999999999432e-01
4.825300515485470010e-02,1.310143097243830074e-02,-5.619999999999999440e-01
4.825300515485470010e-02,1.310143097243830074e-02,-5.629999999999999449e-01
4.825300515485470010e-02,1.310143097243830074e-02,-5.639999999999999458e-01
4.825300515485470010e-02,1.310143097243830074e-02,-5.649999999999999467e-01
4.825300515485470010e-02,1.310143097243830074e-02,-5.659999999999999476e-01
4.825300515485470010e-02,1.310143097243830074e-02,-5.669999999999999485e-01
4.825300515485470010e-02,1.310143097243830074e-02,-5.679999999999999494e-01
4.825300515485470010e-02,1.310143097243830074e-02,-5.689999999999999503e-01
4.825300515485470010e-02,1.310143097243830074e-02,-5.699999999999999512e-01
4.825300515485470010e-02,1.310143097243830074e-02,-5.709999999999999520e-01
4.825300515485470010e-02,1.310143097243830074e-02,-5.719999999999999529e-01
4.825300515485470010e-02,1.310143097243830074e-02,-5.729999999999999538e-01
4.825300515485470010e-02,1.310143097243830074e-02,-5.739999999999999547e-01
4.825300515485470010e-02,1.310143097243830074e-02,-5.749999999999999556e-01
4.825300515485470010e-02,1.310143097243830074e-02,-5.759999999999999565e-01
4.825300515485470010e-02,1.310143097243830074e-02,-5.769999999999999574e-01
4.825300515485470010e-02,1.310143097243830074e-02,-5.779999999999999583e-01
4.825300515485470010e-02,1.310143097243830074e-02,-5.789999999999999591e-01
4.825300515485470010e-02,1.310143097243830074e-02,-5.799999999999999600e-01
4.825300515485470010e-02,1.310143097243830074e-02,-5.809999999999999609e-01
4.825300515485470010e-02,1.310143097243830074e-02,-5.819999999999999618e-01
4.825300515485470010e-02,1.310143097243830074e-02,-5.829999999999999627e-01
4.825300515485470010e-02,1.310143097243830074e-02,-5.839999999999999636e-01
4.825300515485470010e-02,1.310143097243830074e-02,-5.849999999999999645e-01
4.825300515485470010e-02,1.310143097243830074e-02,-5.859999999999999654e-01
4.825300515485470010e-02,1.310143097243830074e-02,-5.869999999999999662e-01
4.825300515485470010e-02,1.310143097243830074e-02,-5.879999999999999671e-01
4.825300515485470010e-02,1.310143097243830074e-02,-5.889999999999999680e-01
4.825300515485470010e-02,1.310143097243830074e-02,-5.899999999999999689e-01
4.825300515485470010e-02,1.310143097243830074e-02,-5.909999999999999698e-01
4.825300515485470010e-02,1.310143097243830074e-02,-5.919999999999998597e-01
4.825300515485470010e-02,1.310143097243830074e-02,-5.929999999999999716e-01
4.825300515485470010e-02,1.310143097243830074e-02,-5.939999999999999725e-01
4.825300515485470010e-02,1.310143097243830074e-02,-5.949999999999999734e-01
4.825300515485470010e-02,1.310143097243830074e-02,-5.959999999999999742e-01
4.825300515485470010e-02,1.310143097243830074e-02,-5.969999999999999751e-01
4.825300515485470010e-02,1.310143097243830074e-02,-5.979999999999999760e-01
4.825300515485470010e-02,1.310143097243830074e-02,-5.989999999999999769e-01
4.825300515485470010e-02,1.310143097243830074e-02,-5.999999999999999778e-01
4.825300515485470010e-02,1.310143097243830074e-02,-6.009999999999999787e-01
4.825300515485470010e-02,1.310143097243830074e-02,-6.019999999999998685e-01
4.825300515485470010e-02,1.310143097243830074e-02,-6.029999999999999805e-01
4.825300515485470010e-02,1.310143097243830074e-02,-6.039999999999998703e-01
4.825300515485470010e-02,1.310143097243830074e-02,-6.049999999999999822e-01
4.825300515485470010e-02,1.310143097243830074e-02,-6.059999999999999831e-01
4.825300515485470010e-02,1.310143097243830074e-02,-6.069999999999999840e-01
4.825300515485470010e-02,1.310143097243830074e-02,-6.079999999999999849e-01
4.825300515485470010e-02,1.310143097243830074e-02,-6.089999999999999858e-01
4.825300515485470010e-02,1.310143097243830074e-02,-6.099999999999999867e-01
4.825300515485470010e-02,1.310143097243830074e-02,-6.109999999999999876e-01
4.825300515485470010e-02,1.310143097243830074e-02,-6.119999999999998774e-01
4.825300515485470010e-02,1.310143097243830074e-02,-6.129999999999999893e-01
4.825300515485470010e-02,1.310143097243830074e-02,-6.139999999999998792e-01
4.825300515485470010e-02,1.310143097243830074e-02,-6.149999999999999911e-01
4.825300515485470010e-02,1.310143097243830074e-02,-6.159999999999998810e-01
4.825300515485470010e-02,1.310143097243830074e-02,-6.169999999999999929e-01
4.825300515485470010e-02,1.310143097243830074e-02,-6.179999999999999938e-01
4.825300515485470010e-02,1.310143097243830074e-02,-6.189999999999999947e-01
4.825300515485470010e-02,1.310143097243830074e-02,-6.199999999999999956e-01
4.825300515485470010e-02,1.310143097243830074e-02,-6.209999999999999964e-01
4.825300515485470010e-02,1.310143097243830074e-02,-6.219999999999998863e-01
4.825300515485470010e-02,1.310143097243830074e-02,-6.229999999999999982e-01
4.825300515485470010e-02,1.310143097243830074e-02,-6.239999999999998881e-01
4.825300515485470010e-02,1.310143097243830074e-02,-6.250000000000000000e-01
4.825300515485470010e-02,1.310143097243830074e-02,-6.259999999999998899e-01
4.825300515485470010e-02,1.310143097243830074e-02,-6.270000000000000018e-01
4.825300515485470010e-02,1.310143097243830074e-02,-6.280000000000000027e-01
4.825300515485470010e-02,1.310143097243830074e-02,-6.290000000000000036e-01
4.825300515485470010e-02,1.310143097243830074e-02,-6.299999999999998934e-01
4.825300515485470010e-02,1.310143097243830074e-02,-6.310000000000000053e-01
4.825300515485470010e-02,1.310143097243830074e-02,-6.319999999999998952e-01
4.825300515485470010e-02,1.310143097243830074e-02,-6.330000000000000071e-01
4.825300515485470010e-02,1.310143097243830074e-02,-6.339999999999998970e-01
4.825300515485470010e-02,1.310143097243830074e-02,-6.350000000000000089e-01
4.825300515485470010e-02,1.310143097243830074e-02,-6.359999999999998987e-01
4.825300515485470010e-02,1.310143097243830074e-02,-6.370000000000000107e-01
4.825300515485470010e-02,1.310143097243830074e-02,-6.379999999999999005e-01
4.825300515485470010e-02,1.310143097243830074e-02,-6.390000000000000124e-01
4.825300515485470010e-02,1.310143097243830074e-02,-6.399999999999999023e-01
4.825300515485470010e-02,1.310143097243830074e-02,-6.410000000000000142e-01
4.825300515485470010e-02,1.310143097243830074e-02,-6.419999999999999041e-01
4.825300515485470010e-02,1.310143097243830074e-02,-6.430000000000000160e-01
4.825300515485470010e-02,1.310143097243830074e-02,-6.439999999999999059e-01
4.825300515485470010e-02,1.310143097243830074e-02,-6.449999999999999067e-01
4.825300515485470010e-02,1.310143097243830074e-02,-6.459999999999999076e-01
4.825300515485470010e-02,1.310143097243830074e-02,-6.470000000000000195e-01
4.825300515485470010e-02,1.310143097243830074e-02,-6.479999999999999094e-01
4.825300515485470010e-02,1.310143097243830074e-02,-6.490000000000000213e-01
4.825300515485470010e-02,1.310143097243830074e-02,-6.499999999999999112e-01
4.825300515485470010e-02,1.310143097243830074e-02,-6.510000000000000231e-01
4.825300515485470010e-02,1.310143097243830074e-02,-6.519999999999999130e-01
4.825300515485470010e-02,1.310143097243830074e-02,-6.530000000000000249e-01
4.825300515485470010e-02,1.310143097243830074e-02,-6.539999999999999147e-01
4.825300515485470010e-02,1.310143097243830074e-02,-6.549999999999999156e-01
4.825300515485470010e-02,1.310143097243830074e-02,-6.559999999999999165e-01
4.825300515485470010e-02,1.310143097243830074e-02,-6.569999999999999174e-01
4.825300515485470010e-02,1.310143097243830074e-02,-6.579999999999999183e-01
4.825300515485470010e-02,1.310143097243830074e-02,-6.590000000000000302e-01
4.825300515485470010e-02,1.310143097243830074e-02,-6.599999999999999201e-01
4.825300515485470010e-02,1.310143097243830074e-02,-6.610000000000000320e-01
4.825300515485470010e-02,1.310143097243830074e-02,-6.619999999999999218e-01
4.825300515485470010e-02,1.310143097243830074e-02,-6.630000000000000338e-01
4.825300515485470010e-02,1.310143097243830074e-02,-6.639999999999999236e-01
4.825300515485470010e-02,1.310143097243830074e-02,-6.649999999999999245e-01
4.825300515485470010e-02,1.310143097243830074e-02,-6.659999999999999254e-01
4.825300515485470010e-02,1.310143097243830074e-02,-6.669999999999999263e-01
4.825300515485470010e-02,1.310143097243830074e-02,-6.679999999999999272e-01
4.825300515485470010e-02,1.310143097243830074e-02,-6.689999999999999281e-01
4.825300515485470010e-02,1.310143097243830074e-02,-6.699999999999999289e-01
4.825300515485470010e-02,1.310143097243830074e-02,-6.710000000000000409e-01
4.825300515485470010e-02,1.310143097243830074e-02,-6.719999999999999307e-01
4.825300515485470010e-02,1.310143097243830074e-02,-6.730000000000000426e-01
4.825300515485470010e-02,1.310143097243830074e-02,-6.739999999999999325e-01
4.825300515485470010e-02,1.310143097243830074e-02,-6.749999999999999334e-01
4.825300515485470010e-02,1.310143097243830074e-02,-6.759999999999999343e-01
4.825300515485470010e-02,1.310143097243830074e-02,-6.769999999999999352e-01
4.825300515485470010e-02,1.310143097243830074e-02,-6.779999999999999361e-01
4.825300515485470010e-02,1.310143097243830074e-02,-6.789999999999999369e-01
4.825300515485470010e-02,1.310143097243830074e-02,-6.799999999999999378e-01
4.825300515485470010e-02,1.310143097243830074e-02,-6.809999999999999387e-01
4.825300515485470010e-02,1.310143097243830074e-02,-6.819999999999999396e-01
4.825300515485470010e-02,1.310143097243830074e-02,-6.830000000000000515e-01
4.825300515485470010e-02,1.310143097243830074e-02,-6.839999999999999414e-01
4.825300515485470010e-02,1.310143097243830074e-02,-6.849999999999999423e-01
4.825300515485470010e-02,1.310143097243830074e-02,-6.859999999999999432e-01
4.825300515485470010e-02,1.310143097243830074e-02,-6.869999999999999440e-01
4.825300515485470010e-02,1.310143097243830074e-02,-6.879999999999999449e-01
4.825300515485470010e-02,1.310143097243830074e-02,-6.889999999999999458e-01
4.825300515485470010e-02,1.310143097243830074e-02,-6.899999999999999467e-01
4.825300515485470010e-02,1.310143097243830074e-02,-6.909999999999999476e-01
4.825300515485470010e-02,1.310143097243830074e-02,-6.919999999999999485e-01
4.825300515485470010e-02,1.310143097243830074e-02,-6.929999999999999494e-01
4.825300515485470010e-02,1.310143097243830074e-02,-6.939999999999999503e-01
4.825300515485470010e-02,1.310143097243830074e-02,-6.949999999999999512e-01
4.825300515485470010e-02,1.310143097243830074e-02,-6.959999999999999520e-01
4.825300515485470010e-02,1.310143097243830074e-02,-6.969999999999999529e-01
4.825300515485470010e-02,1.310143097243830074e-02,-6.979999999999999538e-01
4.825300515485470010e-02,1.310143097243830074e-02,-6.989999999999999547e-01
4.825300515485470010e-02,1.310143097243830074e-02,-6.999999999999999556e-01
4.825300515485470010e-02,1.310143097243830074e-02,-7.009999999999999565e-01
4.825300515485470010e-02,1.310143097243830074e-02,-7.019999999999999574e-01
4.825300515485470010e-02,1.310143097243830074e-02,-7.029999999999999583e-01
4.825300515485470010e-02,1.310143097243830074e-02,-7.039999999999999591e-01
4.825300515485470010e-02,1.310143097243830074e-02,-7.049999999999998490e-01
4.825300515485470010e-02,1.310143097243830074e-02,-7.059999999999999609e-01
4.825300515485470010e-02,1.310143097243830074e-02,-7.069999999999999618e-01
4.825300515485470010e-02,1.310143097243830074e-02,-7.079999999999999627e-01
4.825300515485470010e-02,1.310143097243830074e-02,-7.089999999999999636e-01
4.825300515485470010e-02,1.310143097243830074e-02,-7.099999999999999645e-01
4.825300515485470010e-02,1.310143097243830074e-02,-7.109999999999999654e-01
4.825300515485470010e-02,1.310143097243830074e-02,-7.119999999999999662e-01
4.825300515485470010e-02,1.310143097243830074e-02,-7.129999999999999671e-01
4.825300515485470010e-02,1.310143097243830074e-02,-7.139999999999999680e-01
4.825300515485470010e-02,1.310143097243830074e-02,-7.149999999999998579e-01
4.825300515485470010e-02,1.310143097243830074e-02,-7.159999999999999698e-01
4.825300515485470010e-02,1.310143097243830074e-02,-7.169999999999998597e-01
4.825300515485470010e-02,1.310143097243830074e-02,-7.179999999999999716e-01
4.825300515485470010e-02,1.310143097243830074e-02,-7.189999999999999725e-01
4.825300515485470010e-02,1.310143097243830074e-02,-7.199999999999999734e-01
4.825300515485470010e-02,1.310143097243830074e-02,-7.209999999999999742e-01
4.825300515485470010e-02,1.310143097243830074e-02,-7.219999999999999751e-01
4.825300515485470010e-02,1.310143097243830074e-02,-7.229999999999999760e-01
4.825300515485470010e-02,1.310143097243830074e-02,-7.239999999999999769e-01
4.825300515485470010e-02,1.310143097243830074e-02,-7.249999999999998668e-01
4.825300515485470010e-02,1.310143097243830074e-02,-7.259999999999999787e-01
4.825300515485470010e-02,1.310143097243830074e-02,-7.269999999999998685e-01
4.825300515485470010e-02,1.310143097243830074e-02,-7.279999999999999805e-01
4.825300515485470010e-02,1.310143097243830074e-02,-7.289999999999998703e-01
4.825300515485470010e-02,1.310143097243830074e-02,-7.299999999999999822e-01
4.825300515485470010e-02,1.310143097243830074e-02,-7.309999999999999831e-01
4.825300515485470010e-02,1.310143097243830074e-02,-7.319999999999999840e-01
4.825300515485470010e-02,1.310143097243830074e-02,-7.329999999999999849e-01
4.825300515485470010e-02,1.310143097243830074e-02,-7.339999999999999858e-01
4.825300515485470010e-02,1.310143097243830074e-02,-7.349999999999998757e-01
4.825300515485470010e-02,1.310143097243830074e-02,-7.359999999999999876e-01
4.825300515485470010e-02,1.310143097243830074e-02,-7.369999999999998774e-01
4.825300515485470010e-02,1.310143097243830074e-02,-7.379999999999999893e-01
4.825300515485470010e-02,1.310143097243830074e-02,-7.389999999999998792e-01
4.825300515485470010e-02,1.310143097243830074e-02,-7.399999999999999911e-01
4.825300515485470010e-02,1.310143097243830074e-02,-7.409999999999998810e-01
4.825300515485470010e-02,1.310143097243830074e-02,-7.419999999999999929e-01
4.825300515485470010e-02,1.310143097243830074e-02,-7.429999999999999938e-01
4.825300515485470010e-02,1.310143097243830074e-02,-7.439999999999999947e-01
4.825300515485470010e-02,1.310143097243830074e-02,-7.449999999999998845e-01
4.825300515485470010e-02,1.310143097243830074e-02,-7.459999999999999964e-01
4.825300515485470010e-02,1.310143097243830074e-02,-7.469999999999998863e-01
4.825300515485470010e-02,1.310143097243830074e-02,-7.479999999999998872e-01
4.825300515485470010e-02,1.310143097243830074e-02,-7.489999999999998881e-01
4.825300515485470010e-02,1.310143097243830074e-02,-7.500000000000000000e-01
4.825300515485470010e-02,1.310143097243830074e-02,-7.509999999999998899e-01
4.825300515485470010e-02,1.310143097243830074e-02,-7.520000000000000018e-01
4.825300515485470010e-02,1.310143097243830074e-02,-7.529999999999998916e-01
4.825300515485470010e-02,1.310143097243830074e-02,-7.540000000000000036e-01
4.825300515485470010e-02,1.310143097243830074e-02,-7.549999999999998934e-01
4.825300515485470010e-02,1.310143097243830074e-02,-7.560000000000000053e-01
4.825300515485470010e-02,1.310143097243830074e-02,-7.569999999999998952e-01
4.825300515485470010e-02,1.310143097243830074e-02,-7.579999999999998961e-01
4.825300515485470010e-02,1.310143097243830074e-02,-7.589999999999998970e-01
4.825300515485470010e-02,1.310143097243830074e-02,-7.600000000000000089e-01
4.825300515485470010e-02,1.310143097243830074e-02,-7.609999999999998987e-01
4.825300515485470010e-02,1.310143097243830074e-02,-7.620000000000000107e-01
4.825300515485470010e-02,1.310143097243830074e-02,-7.629999999999999005e-01
4.825300515485470010e-02,1.310143097243830074e-02,-7.640000000000000124e-01
4.825300515485470010e-02,1.310143097243830074e-02,-7.649999999999999023e-01
4.825300515485470010e-02,1.310143097243830074e-02,-7.660000000000000142e-01
4.825300515485470010e-02,1.310143097243830074e-02,-7.669999999999999041e-01
4.825300515485470010e-02,1.310143097243830074e-02,-7.679999999999999050e-01
4.825300515485470010e-02,1.310143097243830074e-02,-7.689999999999999059e-01
4.825300515485470010e-02,1.310143097243830074e-02,-7.699999999999999067e-01
4.825300515485470010e-02,1.310143097243830074e-02,-7.709999999999999076e-01
4.825300515485470010e-02,1.310143097243830074e-02,-7.720000000000000195e-01
4.825300515485470010e-02,1.310143097243830074e-02,-7.729999999999999094e-01
4.825300515485470010e-02,1.310143097243830074e-02,-7.740000000000000213e-01
4.825300515485470010e-02,1.310143097243830074e-02,-7.749999999999999112e-01
4.825300515485470010e-02,1.310143097243830074e-02,-7.760000000000000231e-01
4.825300515485470010e-02,1.310143097243830074e-02,-7.769999999999999130e-01
4.825300515485470010e-02,1.310143097243830074e-02,-7.779999999999999138e-01
4.825300515485470010e-02,1.310143097243830074e-02,-7.789999999999999147e-01
4.825300515485470010e-02,1.310143097243830074e-02,-7.799999999999999156e-01
4.825300515485470010e-02,1.310143097243830074e-02,-7.809999999999999165e-01
4.825300515485470010e-02,1.310143097243830074e-02,-7.819999999999999174e-01
4.825300515485470010e-02,1.310143097243830074e-02,-7.829999999999999183e-01
4.825300515485470010e-02,1.310143097243830074e-02,-7.840000000000000302e-01
4.825300515485470010e-02,1.310143097243830074e-02,-7.849999999999999201e-01
4.825300515485470010e-02,1.310143097243830074e-02,-7.860000000000000320e-01
4.825300515485470010e-02,1.310143097243830074e-02,-7.869999999999999218e-01
4.825300515485470010e-02,1.310143097243830074e-02,-7.879999999999999227e-01
4.825300515485470010e-02,1.310143097243830074e-02,-7.889999999999999236e-01
4.825300515485470010e-02,1.310143097243830074e-02,-7.899999999999999245e-01
4.825300515485470010e-02,1.310143097243830074e-02,-7.909999999999999254e-01
4.825300515485470010e-02,1.310143097243830074e-02,-7.919999999999999263e-01
4.825300515485470010e-02,1.310143097243830074e-02,-7.929999999999999272e-01
4.825300515485470010e-02,1.310143097243830074e-02,-7.939999999999999281e-01
4.825300515485470010e-02,1.310143097243830074e-02,-7.949999999999999289e-01
4.825300515485470010e-02,1.310143097243830074e-02,-7.960000000000000409e-01
4.825300515485470010e-02,1.310143097243830074e-02,-7.969999999999999307e-01
4.825300515485470010e-02,1.310143097243830074e-02,-7.979999999999999316e-01
4.825300515485470010e-02,1.310143097243830074e-02,-7.989999999999999325e-01
4.825300515485470010e-02,1.310143097243830074e-02,-7.999999999999999334e-01
4.825300515485470010e-02,1.310143097243830074e-02,-8.009999999999999343e-01
4.825300515485470010e-02,1.310143097243830074e-02,-8.020000000000000462e-01
4.825300515485470010e-02,1.310143097243830074e-02,-8.029999999999999361e-01
4.825300515485470010e-02,1.310143097243830074e-02,-8.040000000000000480e-01
4.825300515485470010e-02,1.310143097243830074e-02,-8.049999999999999378e-01
4.825300515485470010e-02,1.310143097243830074e-02,-8.060000000000000497e-01
4.825300515485470010e-02,1.310143097243830074e-02,-8.069999999999999396e-01
4.825300515485470010e-02,1.310143097243830074e-02,-8.079999999999998295e-01
4.825300515485470010e-02,1.310143097243830074e-02,-8.089999999999999414e-01
4.825300515485470010e-02,1.310143097243830074e-02,-8.099999999999998312e-01
4.825300515485470010e-02,1.310143097243830074e-02,-8.109999999999999432e-01
4.825300515485470010e-02,1.310143097243830074e-02,-8.119999999999998330e-01
4.825300515485470010e-02,1.310143097243830074e-02,-8.129999999999999449e-01
4.825300515485470010e-02,1.310143097243830074e-02,-8.140000000000000568e-01
4.825300515485470010e-02,1.310143097243830074e-02,-8.149999999999999467e-01
4.825300515485470010e-02,1.310143097243830074e-02,-8.160000000000000586e-01
4.825300515485470010e-02,1.310143097243830074e-02,-8.169999999999999485e-01
4.825300515485470010e-02,1.310143097243830074e-02,-8.179999999999998384e-01
4.825300515485470010e-02,1.310143097243830074e-02,-8.189999999999999503e-01
4.825300515485470010e-02,1.310143097243830074e-02,-8.199999999999998401e-01
4.825300515485470010e-02,1.310143097243830074e-02,-8.209999999999999520e-01
4.825300515485470010e-02,1.310143097243830074e-02,-8.219999999999998419e-01
4.825300515485470010e-02,1.310143097243830074e-02,-8.229999999999999538e-01
4.825300515485470010e-02,1.310143097243830074e-02,-8.239999999999998437e-01
4.825300515485470010e-02,1.310143097243830074e-02,-8.249999999999999556e-01
4.825300515485470010e-02,1.310143097243830074e-02,-8.260000000000000675e-01
4.825300515485470010e-02,1.310143097243830074e-02,-8.269999999999999574e-01
4.825300515485470010e-02,1.310143097243830074e-02,-8.279999999999998472e-01
4.825300515485470010e-02,1.310143097243830074e-02,-8.289999999999999591e-01
4.825300515485470010e-02,1.310143097243830074e-02,-8.299999999999998490e-01
4.825300515485470010e-02,1.310143097243830074e-02,-8.309999999999999609e-01
4.825300515485470010e-02,1.310143097243830074e-02,-8.319999999999998508e-01
4.825300515485470010e-02,1.310143097243830074e-02,-8.329999999999999627e-01
4.825300515485470010e-02,1.310143097243830074e-02,-8.339999999999998526e-01
4.825300515485470010e-02,1.310143097243830074e-02,-8.349999999999999645e-01
4.825300515485470010e-02,1.310143097243830074e-02,-8.359999999999998543e-01
4.825300515485470010e-02,1.310143097243830074e-02,-8.369999999999999662e-01
4.825300515485470010e-02,1.310143097243830074e-02,-8.379999999999998561e-01
4.825300515485470010e-02,1.310143097243830074e-02,-8.389999999999999680e-01
4.825300515485470010e-02,1.310143097243830074e-02,-8.399999999999998579e-01
4.825300515485470010e-02,1.310143097243830074e-02,-8.409999999999999698e-01
4.825300515485470010e-02,1.310143097243830074e-02,-8.419999999999998597e-01
4.825300515485470010e-02,1.310143097243830074e-02,-8.429999999999999716e-01
4.825300515485470010e-02,1.310143097243830074e-02,-8.439999999999998614e-01
4.825300515485470010e-02,1.310143097243830074e-02,-8.449999999999999734e-01
4.825300515485470010e-02,1.310143097243830074e-02,-8.459999999999998632e-01
4.825300515485470010e-02,1.310143097243830074e-02,-8.469999999999999751e-01
4.825300515485470010e-02,1.310143097243830074e-02,-8.479999999999998650e-01
4.825300515485470010e-02,1.310143097243830074e-02,-8.489999999999999769e-01
4.825300515485470010e-02,1.310143097243830074e-02,-8.499999999999998668e-01
4.825300515485470010e-02,1.310143097243830074e-02,-8.509999999999999787e-01
4.825300515485470010e-02,1.310143097243830074e-02,-8.519999999999998685e-01
4.825300515485470010e-02,1.310143097243830074e-02,-8.529999999999999805e-01
4.825300515485470010e-02,1.310143097243830074e-02,-8.539999999999998703e-01
4.825300515485470010e-02,1.310143097243830074e-02,-8.549999999999999822e-01
4.825300515485470010e-02,1.310143097243830074e-02,-8.559999999999998721e-01
4.825300515485470010e-02,1.310143097243830074e-02,-8.569999999999999840e-01
4.825300515485470010e-02,1.310143097243830074e-02,-8.579999999999998739e-01
4.825300515485470010e-02,1.310143097243830074e-02,-8.589999999999999858e-01
4.825300515485470010e-02,1.310143097243830074e-02,-8.599999999999998757e-01
4.825300515485470010e-02,1.310143097243830074e-02,-8.609999999999999876e-01
4.825300515485470010e-02,1.310143097243830074e-02,-8.619999999999998774e-01
4.825300515485470010e-02,1.310143097243830074e-02,-8.629999999999999893e-01
4.825300515485470010e-02,1.310143097243830074e-02,-8.639999999999998792e-01
4.825300515485470010e-02,1.310143097243830074e-02,-8.649999999999999911e-01
4.825300515485470010e-02,1.310143097243830074e-02,-8.659999999999998810e-01
4.825300515485470010e-02,1.310143097243830074e-02,-8.669999999999999929e-01
4.825300515485470010e-02,1.310143097243830074e-02,-8.679999999999998828e-01
4.825300515485470010e-02,1.310143097243830074e-02,-8.689999999999999947e-01
4.825300515485470010e-02,1.310143097243830074e-02,-8.699999999999998845e-01
4.825300515485470010e-02,1.310143097243830074e-02,-8.709999999999999964e-01
4.825300515485470010e-02,1.310143097243830074e-02,-8.719999999999998863e-01
4.825300515485470010e-02,1.310143097243830074e-02,-8.729999999999999982e-01
4.825300515485470010e-02,1.310143097243830074e-02,-8.739999999999998881e-01
4.825300515485470010e-02,1.310143097243830074e-02,-8.750000000000000000e-01
4.825300515485470010e-02,1.310143097243830074e-02,-8.759999999999998899e-01
4.825300515485470010e-02,1.310143097243830074e-02,-8.770000000000000018e-01
4.825300515485470010e-02,1.310143097243830074e-02,-8.779999999999998916e-01
4.825300515485470010e-02,1.310143097243830074e-02,-8.789999999999997815e-01
4.825300515485470010e-02,1.310143097243830074e-02,-8.799999999999998934e-01
4.825300515485470010e-02,1.310143097243830074e-02,-8.810000000000000053e-01
4.825300515485470010e-02,1.310143097243830074e-02,-8.819999999999998952e-01
4.825300515485470010e-02,1.310143097243830074e-02,-8.830000000000000071e-01
4.825300515485470010e-02,1.310143097243830074e-02,-8.839999999999998970e-01
4.825300515485470010e-02,1.310143097243830074e-02,-8.850000000000000089e-01
4.825300515485470010e-02,1.310143097243830074e-02,-8.859999999999998987e-01
4.825300515485470010e-02,1.310143097243830074e-02,-8.870000000000000107e-01
4.825300515485470010e-02,1.310143097243830074e-02,-8.879999999999999005e-01
4.825300515485470010e-02,1.310143097243830074e-02,-8.889999999999997904e-01
4.825300515485470010e-02,1.310143097243830074e-02,-8.899999999999999023e-01
4.825300515485470010e-02,1.310143097243830074e-02,-8.910000000000000142e-01
4.825300515485470010e-02,1.310143097243830074e-02,-8.919999999999999041e-01
4.825300515485470010e-02,1.310143097243830074e-02,-8.930000000000000160e-01
4.825300515485470010e-02,1.310143097243830074e-02,-8.939999999999999059e-01
4.825300515485470010e-02,1.310143097243830074e-02,-8.950000000000000178e-01
4.825300515485470010e-02,1.310143097243830074e-02,-8.959999999999999076e-01
4.825300515485470010e-02,1.310143097243830074e-02,-8.970000000000000195e-01
4.825300515485470010e-02,1.310143097243830074e-02,-8.979999999999999094e-01
4.825300515485470010e-02,1.310143097243830074e-02,-8.989999999999997993e-01
4.825300515485470010e-02,1.310143097243830074e-02,-8.999999999999999112e-01
4.825300515485470010e-02,1.310143097243830074e-02,-9.010000000000000231e-01
4.825300515485470010e-02,1.310143097243830074e-02,-9.019999999999999130e-01
4.825300515485470010e-02,1.310143097243830074e-02,-9.029999999999998028e-01
4.825300515485470010e-02,1.310143097243830074e-02,-9.039999999999999147e-01
4.825300515485470010e-02,1.310143097243830074e-02,-9.050000000000000266e-01
4.825300515485470010e-02,1.310143097243830074e-02,-9.059999999999999165e-01
4.825300515485470010e-02,1.310143097243830074e-02,-9.070000000000000284e-01
4.825300515485470010e-02,1.310143097243830074e-02,-9.079999999999999183e-01
4.825300515485470010e-02,1.310143097243830074e-02,-9.089999999999998082e-01
4.825300515485470010e-02,1.310143097243830074e-02,-9.099999999999999201e-01
4.825300515485470010e-02,1.310143097243830074e-02,-9.110000000000000320e-01
4.825300515485470010e-02,1.310143097243830074e-02,-9.119999999999999218e-01
4.825300515485470010e-02,1.310143097243830074e-02,-9.129999999999998117e-01
4.825300515485470010e-02,1.310143097243830074e-02,-9.139999999999999236e-01
4.825300515485470010e-02,1.310143097243830074e-02,-9.150000000000000355e-01
4.825300515485470010e-02,1.310143097243830074e-02,-9.159999999999999254e-01
4.825300515485470010e-02,1.310143097243830074e-02,-9.170000000000000373e-01
4.825300515485470010e-02,1.310143097243830074e-02,-9.179999999999999272e-01
4.825300515485470010e-02,1.310143097243830074e-02,-9.189999999999998170e-01
4.825300515485470010e-02,1.310143097243830074e-02,-9.199999999999999289e-01
4.825300515485470010e-02,1.310143097243830074e-02,-9.210000000000000409e-01
4.825300515485470010e-02,1.310143097243830074e-02,-9.219999999999999307e-01
4.825300515485470010e-02,1.310143097243830074e-02,-9.229999999999998206e-01
4.825300515485470010e-02,1.310143097243830074e-02,-9.239999999999999325e-01
4.825300515485470010e-02,1.310143097243830074e-02,-9.250000000000000444e-01
4.825300515485470010e-02,1.310143097243830074e-02,-9.259999999999999343e-01
4.825300515485470010e-02,1.310143097243830074e-02,-9.270000000000000462e-01
4.825300515485470010e-02,1.310143097243830074e-02,-9.279999999999999361e-01
4.825300515485470010e-02,1.310143097243830074e-02,-9.289999999999998259e-01
4.825300515485470010e-02,1.310143097243830074e-02,-9.299999999999999378e-01
4.825300515485470010e-02,1.310143097243830074e-02,-9.310000000000000497e-01
4.825300515485470010e-02,1.310143097243830074e-02,-9.319999999999999396e-01
4.825300515485470010e-02,1.310143097243830074e-02,-9.329999999999998295e-01
4.825300515485470010e-02,1.310143097243830074e-02,-9.339999999999999414e-01
4.825300515485470010e-02,1.310143097243830074e-02,-9.350000000000000533e-01
4.825300515485470010e-02,1.310143097243830074e-02,-9.359999999999999432e-01
4.825300515485470010e-02,1.310143097243830074e-02,-9.369999999999998330e-01
4.825300515485470010e-02,1.310143097243830074e-02,-9.379999999999999449e-01
4.825300515485470010e-02,1.310143097243830074e-02,-9.389999999999998348e-01
4.825300515485470010e-02,1.310143097243830074e-02,-9.399999999999999467e-01
4.825300515485470010e-02,1.310143097243830074e-02,-9.410000000000000586e-01
4.825300515485470010e-02,1.310143097243830074e-02,-9.419999999999999485e-01
4.825300515485470010e-02,1.310143097243830074e-02,-9.429999999999998384e-01
4.825300515485470010e-02,1.310143097243830074e-02,-9.439999999999999503e-01
4.825300515485470010e-02,1.310143097243830074e-02,-9.449999999999998401e-01
4.825300515485470010e-02,1.310143097243830074e-02,-9.459999999999999520e-01
4.825300515485470010e-02,1.310143097243830074e-02,-9.469999999999998419e-01
4.825300515485470010e-02,1.310143097243830074e-02,-9.479999999999999538e-01
4.825300515485470010e-02,1.310143097243830074e-02,-9.489999999999998437e-01
4.825300515485470010e-02,1.310143097243830074e-02,-9.499999999999999556e-01
4.825300515485470010e-02,1.310143097243830074e-02,-9.510000000000000675e-01
4.825300515485470010e-02,1.310143097243830074e-02,-9.519999999999999574e-01
4.825300515485470010e-02,1.310143097243830074e-02,-9.529999999999998472e-01
4.825300515485470010e-02,1.310143097243830074e-02,-9.539999999999999591e-01
4.825300515485470010e-02,1.310143097243830074e-02,-9.549999999999998490e-01
4.825300515485470010e-02,1.310143097243830074e-02,-9.559999999999999609e-01
4.825300515485470010e-02,1.310143097243830074e-02,-9.569999999999998508e-01
4.825300515485470010e-02,1.310143097243830074e-02,-9.579999999999999627e-01
4.825300515485470010e-02,1.310143097243830074e-02,-9.589999999999998526e-01
4.825300515485470010e-02,1.310143097243830074e-02,-9.599999999999999645e-01
4.825300515485470010e-02,1.310143097243830074e-02,-9.609999999999998543e-01
4.825300515485470010e-02,1.310143097243830074e-02,-9.619999999999999662e-01
4.825300515485470010e-02,1.310143097243830074e-02,-9.629999999999998561e-01
4.825300515485470010e-02,1.310143097243830074e-02,-9.639999999999999680e-01
4.825300515485470010e-02,1.310143097243830074e-02,-9.649999999999998579e-01
4.825300515485470010e-02,1.310143097243830074e-02,-9.659999999999999698e-01
4.825300515485470010e-02,1.310143097243830074e-02,-9.669999999999998597e-01
4.825300515485470010e-02,1.310143097243830074e-02,-9.679999999999999716e-01
4.825300515485470010e-02,1.310143097243830074e-02,-9.689999999999998614e-01
4.825300515485470010e-02,1.310143097243830074e-02,-9.699999999999999734e-01
4.825300515485470010e-02,1.310143097243830074e-02,-9.709999999999998632e-01
4.825300515485470010e-02,1.310143097243830074e-02,-9.719999999999999751e-01
4.825300515485470010e-02,1.310143097243830074e-02,-9.729999999999998650e-01
4.825300515485470010e-02,1.310143097243830074e-02,-9.739999999999999769e-01
4.825300515485470010e-02,1.310143097243830074e-02,-9.749999999999998668e-01
4.825300515485470010e-02,1.310143097243830074e-02,-9.759999999999999787e-01
4.825300515485470010e-02,1.310143097243830074e-02,-9.769999999999998685e-01
4.825300515485470010e-02,1.310143097243830074e-02,-9.779999999999999805e-01
4.825300515485470010e-02,1.310143097243830074e-02,-9.789999999999998703e-01
4.825300515485470010e-02,1.310143097243830074e-02,-9.799999999999997602e-01
4.825300515485470010e-02,1.310143097243830074e-02,-9.809999999999998721e-01
4.825300515485470010e-02,1.310143097243830074e-02,-9.819999999999999840e-01
4.825300515485470010e-02,1.310143097243830074e-02,-9.829999999999998739e-01
4.825300515485470010e-02,1.310143097243830074e-02,-9.839999999999999858e-01
4.825300515485470010e-02,1.310143097243830074e-02,-9.849999999999998757e-01
4.825300515485470010e-02,1.310143097243830074e-02,-9.859999999999999876e-01
4.825300515485470010e-02,1.310143097243830074e-02,-9.869999999999998774e-01
4.825300515485470010e-02,1.310143097243830074e-02,-9.879999999999999893e-01
4.825300515485470010e-02,1.310143097243830074e-02,-9.889999999999998792e-01
4.825300515485470010e-02,1.310143097243830074e-02,-9.899999999999997691e-01
4.825300515485470010e-02,1.310143097243830074e-02,-9.909999999999998810e-01
4.825300515485470010e-02,1.310143097243830074e-02,-9.919999999999999929e-01
4.825300515485470010e-02,1.310143097243830074e-02,-9.929999999999998828e-01
4.825300515485470010e-02,1.310143097243830074e-02,-9.939999999999999947e-01
4.825300515485470010e-02,1.310143097243830074e-02,-9.949999999999998845e-01
4.825300515485470010e-02,1.310143097243830074e-02,-9.959999999999999964e-01
4.825300515485470010e-02,1.310143097243830074e-02,-9.969999999999998863e-01
4.825300515485470010e-02,1.310143097243830074e-02,-9.979999999999999982e-01
4.825300515485470010e-02,1.310143097243830074e-02,-9.989999999999998881e-01
4.825300515485470010e-02,1.310143097243830074e-02,-9.999999999999997780e-01
4.825300515485470010e-02,1.310143097243830074e-02,-1.000999999999999890e+00
4.825300515485470010e-02,1.310143097243830074e-02,-1.002000000000000002e+00
4.825300515485470010e-02,1.310143097243830074e-02,-1.002999999999999892e+00
4.825300515485470010e-02,1.310143097243830074e-02,-1.003999999999999782e+00
4.825300515485470010e-02,1.310143097243830074e-02,-1.004999999999999893e+00
4.825300515485470010e-02,1.310143097243830074e-02,-1.006000000000000005e+00
4.825300515485470010e-02,1.310143097243830074e-02,-1.006999999999999895e+00
4.825300515485470010e-02,1.310143097243830074e-02,-1.008000000000000007e+00
4.825300515485470010e-02,1.310143097243830074e-02,-1.008999999999999897e+00
4.825300515485470010e-02,1.310143097243830074e-02,-1.009999999999999787e+00
4.825300515485470010e-02,1.310143097243830074e-02,-1.010999999999999899e+00
4.825300515485470010e-02,1.310143097243830074e-02,-1.012000000000000011e+00
4.825300515485470010e-02,1.310143097243830074e-02,-1.012999999999999901e+00
4.825300515485470010e-02,1.310143097243830074e-02,-1.013999999999999790e+00
4.825300515485470010e-02,1.310143097243830074e-02,-1.014999999999999902e+00
4.825300515485470010e-02,1.310143097243830074e-02,-1.016000000000000014e+00
4.825300515485470010e-02,1.310143097243830074e-02,-1.016999999999999904e+00
4.825300515485470010e-02,1.310143097243830074e-02,-1.018000000000000016e+00
4.825300515485470010e-02,1.310143097243830074e-02,-1.018999999999999906e+00
4.825300515485470010e-02,1.310143097243830074e-02,-1.019999999999999796e+00
4.825300515485470010e-02,1.310143097243830074e-02,-1.020999999999999908e+00
4.825300515485470010e-02,1.310143097243830074e-02,-1.022000000000000020e+00
4.825300515485470010e-02,1.310143097243830074e-02,-1.022999999999999909e+00
4.825300515485470010e-02,1.310143097243830074e-02,-1.023999999999999799e+00
4.825300515485470010e-02,1.310143097243830074e-02,-1.024999999999999911e+00
4.825300515485470010e-02,1.310143097243830074e-02,-1.026000000000000023e+00
4.825300515485470010e-02,1.310143097243830074e-02,-1.026999999999999913e+00
4.825300515485470010e-02,1.310143097243830074e-02,-1.027999999999999803e+00
4.825300515485470010e-02,1.310143097243830074e-02,-1.028999999999999915e+00
4.825300515485470010e-02,1.310143097243830074e-02,-1.029999999999999805e+00
4.825300515485470010e-02,1.310143097243830074e-02,-1.030999999999999917e+00
4.825300515485470010e-02,1.310143097243830074e-02,-1.032000000000000028e+00
4.825300515485470010e-02,1.310143097243830074e-02,-1.032999999999999918e+00
4.825300515485470010e-02,1.310143097243830074e-02,-1.033999999999999808e+00
4.825300515485470010e-02,1.310143097243830074e-02,-1.034999999999999920e+00
4.825300515485470010e-02,1.310143097243830074e-02,-1.036000000000000032e+00
4.825300515485470010e-02,1.310143097243830074e-02,-1.036999999999999922e+00
4.825300515485470010e-02,1.310143097243830074e-02,-1.037999999999999812e+00
4.825300515485470010e-02,1.310143097243830074e-02,-1.038999999999999924e+00
4.825300515485470010e-02,1.310143097243830074e-02,-1.039999999999999813e+00
4.825300515485470010e-02,1.310143097243830074e-02,-1.040999999999999925e+00
4.825300515485470010e-02,1.310143097243830074e-02,-1.042000000000000037e+00
4.825300515485470010e-02,1.310143097243830074e-02,-1.042999999999999927e+00
4.825300515485470010e-02,1.310143097243830074e-02,-1.043999999999999817e+00
4.825300515485470010e-02,1.310143097243830074e-02,-1.044999999999999929e+00
4.825300515485470010e-02,1.310143097243830074e-02,-1.046000000000000041e+00
4.825300515485470010e-02,1.310143097243830074e-02,-1.046999999999999931e+00
4.825300515485470010e-02,1.310143097243830074e-02,-1.047999999999999821e+00
4.825300515485470010e-02,1.310143097243830074e-02,-1.048999999999999932e+00
4.825300515485470010e-02,1.310143097243830074e-02,-1.049999999999999822e+00
4.825300515485470010e-02,1.310143097243830074e-02,-1.050999999999999934e+00
4.825300515485470010e-02,1.310143097243830074e-02,-1.052000000000000046e+00
4.825300515485470010e-02,1.310143097243830074e-02,-1.052999999999999936e+00
4.825300515485470010e-02,1.310143097243830074e-02,-1.053999999999999826e+00
4.825300515485470010e-02,1.310143097243830074e-02,-1.054999999999999938e+00
4.825300515485470010e-02,1.310143097243830074e-02,-1.056000000000000050e+00
4.825300515485470010e-02,1.310143097243830074e-02,-1.056999999999999940e+00
4.825300515485470010e-02,1.310143097243830074e-02,-1.057999999999999829e+00
4.825300515485470010e-02,1.310143097243830074e-02,-1.058999999999999941e+00
4.825300515485470010e-02,1.310143097243830074e-02,-1.059999999999999831e+00
4.825300515485470010e-02,1.310143097243830074e-02,-1.060999999999999943e+00
4.825300515485470010e-02,1.310143097243830074e-02,-1.061999999999999833e+00
4.825300515485470010e-02,1.310143097243830074e-02,-1.062999999999999945e+00
4.825300515485470010e-02,1.310143097243830074e-02,-1.063999999999999835e+00
4.825300515485470010e-02,1.310143097243830074e-02,-1.064999999999999947e+00
4.825300515485470010e-02,1.310143097243830074e-02,-1.066000000000000059e+00
4.825300515485470010e-02,1.310143097243830074e-02,-1.066999999999999948e+00
4.825300515485470010e-02,1.310143097243830074e-02,-1.067999999999999838e+00
4.825300515485470010e-02,1.310143097243830074e-02,-1.068999999999999950e+00
4.825300515485470010e-02,1.310143097243830074e-02,-1.069999999999999840e+00
4.825300515485470010e-02,1.310143097243830074e-02,-1.070999999999999952e+00
4.825300515485470010e-02,1.310143097243830074e-02,-1.071999999999999842e+00
4.825300515485470010e-02,1.310143097243830074e-02,-1.072999999999999954e+00
4.825300515485470010e-02,1.310143097243830074e-02,-1.073999999999999844e+00
4.825300515485470010e-02,1.310143097243830074e-02,-1.074999999999999956e+00
4.825300515485470010e-02,1.310143097243830074e-02,-1.076000000000000068e+00
4.825300515485470010e-02,1.310143097243830074e-02,-1.076999999999999957e+00
4.825300515485470010e-02,1.310143097243830074e-02,-1.077999999999999847e+00
4.825300515485470010e-02,1.310143097243830074e-02,-1.078999999999999959e+00
4.825300515485470010e-02,1.310143097243830074e-02,-1.079999999999999849e+00
4.825300515485470010e-02,1.310143097243830074e-02,-1.080999999999999961e+00
4.825300515485470010e-02,1.310143097243830074e-02,-1.081999999999999851e+00
4.825300515485470010e-02,1.310143097243830074e-02,-1.082999999999999963e+00
4.825300515485470010e-02,1.310143097243830074e-02,-1.083999999999999853e+00
4.825300515485470010e-02,1.310143097243830074e-02,-1.084999999999999964e+00
4.825300515485470010e-02,1.310143097243830074e-02,-1.085999999999999854e+00
4.825300515485470010e-02,1.310143097243830074e-02,-1.086999999999999966e+00
4.825300515485470010e-02,1.310143097243830074e-02,-1.087999999999999856e+00
4.825300515485470010e-02,1.310143097243830074e-02,-1.088999999999999968e+00
4.825300515485470010e-02,1.310143097243830074e-02,-1.089999999999999858e+00
4.825300515485470010e-02,1.310143097243830074e-02,-1.090999999999999970e+00
4.825300515485470010e-02,1.310143097243830074e-02,-1.091999999999999860e+00
4.825300515485470010e-02,1.310143097243830074e-02,-1.092999999999999972e+00
4.825300515485470010e-02,1.310143097243830074e-02,-1.093999999999999861e+00
4.825300515485470010e-02,1.310143097243830074e-02,-1.094999999999999973e+00
4.825300515485470010e-02,1.310143097243830074e-02,-1.095999999999999863e+00
4.825300515485470010e-02,1.310143097243830074e-02,-1.096999999999999975e+00
4.825300515485470010e-02,1.310143097243830074e-02,-1.097999999999999865e+00
4.825300515485470010e-02,1.310143097243830074e-02,-1.098999999999999977e+00
4.825300515485470010e-02,1.310143097243830074e-02,-1.099999999999999867e+00
4.825300515485470010e-02,1.310143097243830074e-02,-1.100999999999999979e+00
4.825300515485470010e-02,1.310143097243830074e-02,-1.101999999999999869e+00
4.825300515485470010e-02,1.310143097243830074e-02,-1.102999999999999980e+00
4.825300515485470010e-02,1.310143097243830074e-02,-1.103999999999999870e+00
4.825300515485470010e-02,1.310143097243830074e-02,-1.104999999999999760e+00
4.825300515485470010e-02,1.310143097243830074e-02,-1.105999999999999872e+00
4.825300515485470010e-02,1.310143097243830074e-02,-1.106999999999999984e+00
4.825300515485470010e-02,1.310143097243830074e-02,-1.107999999999999874e+00
4.825300515485470010e-02,1.310143097243830074e-02,-1.108999999999999986e+00
4.825300515485470010e-02,1.310143097243830074e-02,-1.109999999999999876e+00
4.825300515485470010e-02,1.310143097243830074e-02,-1.110999999999999988e+00
4.825300515485470010e-02,1.310143097243830074e-02,-1.111999999999999877e+00
4.825300515485470010e-02,1.310143097243830074e-02,-1.112999999999999989e+00
4.825300515485470010e-02,1.310143097243830074e-02,-1.113999999999999879e+00
4.825300515485470010e-02,1.310143097243830074e-02,-1.114999999999999769e+00
4.825300515485470010e-02,1.310143097243830074e-02,-1.115999999999999881e+00
4.825300515485470010e-02,1.310143097243830074e-02,-1.116999999999999993e+00
4.825300515485470010e-02,1.310143097243830074e-02,-1.117999999999999883e+00
4.825300515485470010e-02,1.310143097243830074e-02,-1.118999999999999995e+00
4.825300515485470010e-02,1.310143097243830074e-02,-1.119999999999999885e+00
4.825300515485470010e-02,1.310143097243830074e-02,-1.120999999999999996e+00
4.825300515485470010e-02,1.310143097243830074e-02,-1.121999999999999886e+00
4.825300515485470010e-02,1.310143097243830074e-02,-1.122999999999999998e+00
4.825300515485470010e-02,1.310143097243830074e-02,-1.123999999999999888e+00
4.825300515485470010e-02,1.310143097243830074e-02,-1.124999999999999778e+00
4.825300515485470010e-02,1.310143097243830074e-02,-1.125999999999999890e+00
4.825300515485470010e-02,1.310143097243830074e-02,-1.127000000000000002e+00
4.825300515485470010e-02,1.310143097243830074e-02,-1.127999999999999892e+00
4.825300515485470010e-02,1.310143097243830074e-02,-1.128999999999999782e+00
4.825300515485470010e-02,1.310143097243830074e-02,-1.129999999999999893e+00
4.825300515485470010e-02,1.310143097243830074e-02,-1.131000000000000005e+00
4.825300515485470010e-02,1.310143097243830074e-02,-1.131999999999999895e+00
4.825300515485470010e-02,1.310143097243830074e-02,-1.133000000000000007e+00
4.825300515485470010e-02,1.310143097243830074e-02,-1.133999999999999897e+00
4.825300515485470010e-02,1.310143097243830074e-02,-1.134999999999999787e+00
4.825300515485470010e-02,1.310143097243830074e-02,-1.135999999999999899e+00
4.825300515485470010e-02,1.310143097243830074e-02,-1.137000000000000011e+00
4.825300515485470010e-02,1.310143097243830074e-02,-1.137999999999999901e+00
4.825300515485470010e-02,1.310143097243830074e-02,-1.138999999999999790e+00
4.825300515485470010e-02,1.310143097243830074e-02,-1.139999999999999902e+00
4.825300515485470010e-02,1.310143097243830074e-02,-1.141000000000000014e+00
4.825300515485470010e-02,1.310143097243830074e-02,-1.141999999999999904e+00
4.825300515485470010e-02,1.310143097243830074e-02,-1.143000000000000016e+00
4.825300515485470010e-02,1.310143097243830074e-02,-1.143999999999999906e+00
4.825300515485470010e-02,1.310143097243830074e-02,-1.144999999999999796e+00
4.825300515485470010e-02,1.310143097243830074e-02,-1.145999999999999908e+00
4.825300515485470010e-02,1.310143097243830074e-02,-1.147000000000000020e+00
4.825300515485470010e-02,1.310143097243830074e-02,-1.147999999999999909e+00
4.825300515485470010e-02,1.310143097243830074e-02,-1.148999999999999799e+00
4.825300515485470010e-02,1.310143097243830074e-02,-1.149999999999999911e+00
4.825300515485470010e-02,1.310143097243830074e-02,-1.151000000000000023e+00
4.825300515485470010e-02,1.310143097243830074e-02,-1.151999999999999913e+00
4.825300515485470010e-02,1.310143097243830074e-02,-1.152999999999999803e+00
4.825300515485470010e-02,1.310143097243830074e-02,-1.153999999999999915e+00
4.825300515485470010e-02,1.310143097243830074e-02,-1.154999999999999805e+00
4.825300515485470010e-02,1.310143097243830074e-02,-1.155999999999999917e+00
4.825300515485470010e-02,1.310143097243830074e-02,-1.157000000000000028e+00
4.825300515485470010e-02,1.310143097243830074e-02,-1.157999999999999918e+00
4.825300515485470010e-02,1.310143097243830074e-02,-1.158999999999999808e+00
4.825300515485470010e-02,1.310143097243830074e-02,-1.159999999999999920e+00
4.825300515485470010e-02,1.310143097243830074e-02,-1.161000000000000032e+00
4.825300515485470010e-02,1.310143097243830074e-02,-1.161999999999999922e+00
4.825300515485470010e-02,1.310143097243830074e-02,-1.162999999999999812e+00
4.825300515485470010e-02,1.310143097243830074e-02,-1.163999999999999924e+00
4.825300515485470010e-02,1.310143097243830074e-02,-1.164999999999999813e+00
4.825300515485470010e-02,1.310143097243830074e-02,-1.165999999999999925e+00
4.825300515485470010e-02,1.310143097243830074e-02,-1.167000000000000037e+00
4.825300515485470010e-02,1.310143097243830074e-02,-1.167999999999999927e+00
4.825300515485470010e-02,1.310143097243830074e-02,-1.168999999999999817e+00
4.825300515485470010e-02,1.310143097243830074e-02,-1.169999999999999929e+00
4.825300515485470010e-02,1.310143097243830074e-02,-1.171000000000000041e+00
4.825300515485470010e-02,1.310143097243830074e-02,-1.171999999999999931e+00
4.825300515485470010e-02,1.310143097243830074e-02,-1.172999999999999821e+00
4.825300515485470010e-02,1.310143097243830074e-02,-1.173999999999999932e+00
4.825300515485470010e-02,1.310143097243830074e-02,-1.174999999999999822e+00
4.825300515485470010e-02,1.310143097243830074e-02,-1.175999999999999934e+00
4.825300515485470010e-02,1.310143097243830074e-02,-1.177000000000000046e+00
4.825300515485470010e-02,1.310143097243830074e-02,-1.177999999999999936e+00
4.825300515485470010e-02,1.310143097243830074e-02,-1.178999999999999826e+00
4.825300515485470010e-02,1.310143097243830074e-02,-1.179999999999999938e+00
4.825300515485470010e-02,1.310143097243830074e-02,-1.181000000000000050e+00
4.825300515485470010e-02,1.310143097243830074e-02,-1.181999999999999940e+00
4.825300515485470010e-02,1.310143097243830074e-02,-1.182999999999999829e+00
4.825300515485470010e-02,1.310143097243830074e-02,-1.183999999999999941e+00
4.825300515485470010e-02,1.310143097243830074e-02,-1.184999999999999831e+00
4.825300515485470010e-02,1.310143097243830074e-02,-1.185999999999999943e+00
4.825300515485470010e-02,1.310143097243830074e-02,-1.186999999999999833e+00
4.825300515485470010e-02,1.310143097243830074e-02,-1.187999999999999945e+00
4.825300515485470010e-02,1.310143097243830074e-02,-1.188999999999999835e+00
4.825300515485470010e-02,1.310143097243830074e-02,-1.189999999999999947e+00
4.825300515485470010e-02,1.310143097243830074e-02,-1.191000000000000059e+00
4.825300515485470010e-02,1.310143097243830074e-02,-1.191999999999999948e+00
4.825300515485470010e-02,1.310143097243830074e-02,-1.192999999999999838e+00
4.825300515485470010e-02,1.310143097243830074e-02,-1.193999999999999950e+00
4.825300515485470010e-02,1.310143097243830074e-02,-1.194999999999999840e+00
4.825300515485470010e-02,1.310143097243830074e-02,-1.195999999999999730e+00
4.825300515485470010e-02,1.310143097243830074e-02,-1.196999999999999842e+00
4.825300515485470010e-02,1.310143097243830074e-02,-1.197999999999999954e+00
4.825300515485470010e-02,1.310143097243830074e-02,-1.198999999999999844e+00
4.825300515485470010e-02,1.310143097243830074e-02,-1.199999999999999956e+00
4.919914251083224582e-02,1.335832177581944627e-02,-1.199999999999999956e+00
5.014527986680978461e-02,1.361521257920059007e-02,-1.199999999999999956e+00
5.109141722278733033e-02,1.387210338258173560e-02,-1.199999999999999956e+00
5.203755457876486912e-02,1.412899418596288113e-02,-1.199999999999999956e+00
5.298369193474241484e-02,1.438588498934402667e-02,-1.199999999999999956e+00
5.392982929071996057e-02,1.464277579272517046e-02,-1.199999999999999956e+00
5.487596664669749935e-02,1.489966659610631600e-02,-1.199999999999999956e+00
5.582210400267504508e-02,1.515655739948746153e-02,-1.199999999999999956e+00
5.676824135865259080e-02,1.541344820286860706e-02,-1.199999999999999956e+00
5.771437871463012959e-02,1.567033900624975259e-02,-1.199999999999999956e+00
5.866051607060767531e-02,1.592722980963089813e-02,-1.199999999999999956e+00
5.960665342658522103e-02,1.618412061301204019e-02,-1.199999999999999956e+00
6.055279078256275982e-02,1.644101141639318572e-02,-1.199999999999999956e+00
6.149892813854030554e-02,1.669790221977433126e-02,-1.199999999999999956e+00
6.244506549451785127e-02,1.695479302315547679e-02,-1.199999999999999956e+00
6.339120285049539005e-02,1.721168382653662232e-02,-1.199999999999999956e+00
6.433734020647292884e-02,1.746857462991776785e-02,-1.199999999999999956e+00
6.528347756245048150e-02,1.772546543329891339e-02,-1.199999999999999956e+00
6.622961491842802029e-02,1.798235623668005545e-02,-1.199999999999999956e+00
6.717575227440555907e-02,1.823924704006120445e-02,-1.199999999999999956e+00
6.812188963038309786e-02,1.849613784344234652e-02,-1.199999999999999956e+00
6.906802698636065052e-02,1.875302864682349205e-02,-1.199999999999999956e+00
7.001416434233818931e-02,1.900991945020463758e-02,-1.199999999999999956e+00
7.096030169831574197e-02,1.926681025358578311e-02,-1.199999999999999956e+00
7.190643905429328075e-02,1.952370105696692865e-02,-1.199999999999999956e+00
7.285257641027081954e-02,1.978059186034807071e-02,-1.199999999999999956e+00
7.379871376624835833e-02,2.003748266372921624e-02,-1.199999999999999956e+00
7.474485112222591099e-02,2.029437346711036178e-02,-1.199999999999999956e+00
7.569098847820344977e-02,2.055126427049150731e-02,-1.199999999999999956e+00
7.663712583418100244e-02,2.080815507387265284e-02,-1.199999999999999956e+00
7.758326319015854122e-02,2.106504587725379837e-02,-1.199999999999999956e+00
7.852940054613608001e-02,2.132193668063494391e-02,-1.199999999999999956e+00
7.947553790211361879e-02,2.157882748401608597e-02,-1.199999999999999956e+00
8.042167525809115758e-02,2.183571828739723497e-02,-1.199999999999999956e+00
8.136781261406871024e-02,2.209260909077837703e-02,-1.199999999999999956e+00
8.231394997004626291e-02,2.234949989415952257e-02,-1.199999999999999956e+00
8.326008732602380169e-02,2.260639069754066810e-02,-1.199999999999999956e+00
8.420622468200134048e-02,2.286328150092181016e-02,-1.199999999999999956e+00
8.515236203797887926e-02,2.312017230430295917e-02,-1.199999999999999956e+00
8.609849939395641805e-02,2.337706310768410470e-02,-1.199999999999999956e+00
8.704463674993397071e-02,2.363395391106525023e-02,-1.199999999999999956e+00
8.799077410591150950e-02,2.389084471444639229e-02,-1.199999999999999956e+00
8.893691146188906216e-02,2.414773551782754130e-02,-1.199999999999999956e+00
8.988304881786660094e-02,2.440462632120868336e-02,-1.199999999999999956e+00
9.082918617384413973e-02,2.466151712458982889e-02,-1.199999999999999956e+00
9.177532352982167851e-02,2.491840792797097442e-02,-1.199999999999999956e+00
9.272146088579923118e-02,2.517529873135211649e-02,-1.199999999999999956e+00
9.366759824177676996e-02,2.543218953473326549e-02,-1.199999999999999956e+00
9.461373559775432263e-02,2.568908033811440755e-02,-1.199999999999999956e+00
9.555987295373186141e-02,2.594597114149555309e-02,-1.199999999999999956e+00
9.650601030970940020e-02,2.620286194487669862e-02,-1.199999999999999956e+00
9.747107041280649031e-02,2.646489056432546616e-02,-1.199999999999999956e+00
9.843613051590358043e-02,2.672691918377423023e-02,-1.199999999999999956e+00
9.940119061900067055e-02,2.698894780322299777e-02,-1.199999999999999956e+00
1.003662507220977607e-01,2.725097642267176185e-02,-1.199999999999999956e+00
1.013313108251948647e-01,2.751300504212052939e-02,-1.199999999999999956e+00
1.022963709282919548e-01,2.777503366156929346e-02,-1.199999999999999956e+00
1.032614310313890449e-01,2.803706228101806100e-02,-1.199999999999999956e+00
1.042264911344861350e-01,2.829909090046682507e-02,-1.199999999999999956e+00
1.051915512375832251e-01,2.856111951991559261e-02,-1.199999999999999956e+00
1.061566113406803152e-01,2.882314813936436015e-02,-1.199999999999999956e+00
1.071216714437774054e-01,2.908517675881312423e-02,-1.199999999999999956e+00
1.080867315468745093e-01,2.934720537826189177e-02,-1.199999999999999956e+00
1.090517916499715995e-01,2.960923399771065584e-02,-1.199999999999999956e+00
1.100168517530686896e-01,2.987126261715942338e-02,-1.199999999999999956e+00
1.109819118561657797e-01,3.013329123660819092e-02,-1.199999999999999956e+00
1.119469719592628698e-01,3.039531985605695499e-02,-1.199999999999999956e+00
1.129120320623599599e-01,3.065734847550571907e-02,-1.199999999999999956e+00
1.138770921654570500e-01,3.091937709495448661e-02,-1.199999999999999956e+00
1.148421522685541402e-01,3.118140571440325415e-02,-1.199999999999999956e+00
1.158072123716512303e-01,3.144343433385202169e-02,-1.199999999999999956e+00
1.167722724747483343e-01,3.170546295330078229e-02,-1.199999999999999956e+00
1.177373325778454105e-01,3.196749157274954983e-02,-1.199999999999999956e+00
1.187023926809425145e-01,3.222952019219831737e-02,-1.199999999999999956e+00
1.196674527840396046e-01,3.249154881164708492e-02,-1.199999999999999956e+00
1.206325128871366947e-01,3.275357743109584552e-02,-1.199999999999999956e+00
1.215975729902337849e-01,3.301560605054461306e-02,-1.199999999999999956e+00
1.225626330933308750e-01,3.327763466999338060e-02,-1.199999999999999956e+00
1.235276931964279651e-01,3.353966328944214814e-02,-1.199999999999999956e+00
1.244927532995250552e-01,3.380169190889091568e-02,-1.199999999999999956e+00
1.254578134026221592e-01,3.406372052833968322e-02,-1.199999999999999956e+00
1.264228735057192354e-01,3.432574914778844383e-02,-1.199999999999999956e+00
1.273879336088163394e-01,3.458777776723721137e-02,-1.199999999999999956e+00
1.283529937119134434e-01,3.484980638668597891e-02,-1.199999999999999956e+00
1.293180538150105197e-01,3.511183500613473951e-02,-1.199999999999999956e+00
1.302831139181075959e-01,3.537386362558350705e-02,-1.199999999999999956e+00
1.312481740212046999e-01,3.563589224503227459e-02,-1.199999999999999956e+00
1.322132341243018039e-01,3.589792086448104214e-02,-1.199999999999999956e+00
1.331782942273988801e-01,3.615994948392980968e-02,-1.199999999999999956e+00
1.341433543304959841e-01,3.642197810337857722e-02,-1.199999999999999956e+00
1.351084144335930604e-01,3.668400672282733782e-02,-1.199999999999999956e+00
1.360734745366901643e-01,3.694603534227610536e-02,-1.199999999999999956e+00
1.370385346397872683e-01,3.720806396172487290e-02,-1.199999999999999956e+00
1.380035947428843446e-01,3.747009258117363351e-02,-1.199999999999999956e+00
1.389686548459814208e-01,3.773212120062240105e-02,-1.199999999999999956e+00
1.399337149490785248e-01,3.799414982007116859e-02,-1.199999999999999956e+00
1.408987750521756288e-01,3.825617843951993613e-02,-1.199999999999999956e+00
1.418638351552727050e-01,3.851820705896870367e-02,-1.199999999999999956e+00
1.428288952583698090e-01,3.878023567841747121e-02,-1.199999999999999956e+00
1.437939553614668853e-01,3.904226429786623181e-02,-1.199999999999999956e+00
1.447590154645639893e-01,3.930429291731499936e-02,-1.199999999999999956e+00
1.457051528205415281e-01,3.956118372069614142e-02,-1.199999999999999956e+00
1.466512901765190946e-01,3.981807452407729042e-02,-1.199999999999999956e+00
1.475974275324966334e-01,4.007496532745843248e-02,-1.199999999999999956e+00
1.485435648884741722e-01,4.033185613083958149e-02,-1.199999999999999956e+00
1.494897022444517387e-01,4.058874693422072355e-02,-1.199999999999999956e+00
1.504358396004292775e-01,4.084563773760187255e-02,-1.199999999999999956e+00
1.513819769564068440e-01,4.110252854098301462e-02,-1.199999999999999956e+00
1.523281143123843828e-01,4.135941934436415668e-02,-1.199999999999999956e+00
1.532742516683619216e-01,4.161631014774530568e-02,-1.199999999999999956e+00
1.542203890243394881e-01,4.187320095112644774e-02,-1.199999999999999956e+00
1.551665263803170269e-01,4.213009175450759675e-02,-1.199999999999999956e+00
1.561126637362945657e-01,4.238698255788873881e-02,-1.199999999999999956e+00
1.570588010922721323e-01,4.264387336126988781e-02,-1.199999999999999956e+00
1.580049384482496710e-01,4.290076416465102987e-02,-1.199999999999999956e+00
1.589510758042272376e-01,4.315765496803217194e-02,-1.199999999999999956e+00
1.598972131602047764e-01,4.341454577141332094e-02,-1.199999999999999956e+00
1.608433505161823152e-01,4.367143657479446300e-02,-1.199999999999999956e+00
1.617894878721598817e-01,4.392832737817561201e-02,-1.199999999999999956e+00
1.627356252281374205e-01,4.418521818155675407e-02,-1.199999999999999956e+00
1.636817625841149870e-01,4.444210898493790307e-02,-1.199999999999999956e+00
1.646278999400925258e-01,4.469899978831904513e-02,-1.199999999999999956e+00
1.655740372960700646e-01,4.495589059170018720e-02,-1.199999999999999956e+00
1.665201746520476034e-01,4.521278139508133620e-02,-1.199999999999999956e+00
1.674663120080251699e-01,4.546967219846247826e-02,-1.199999999999999956e+00
1.684124493640027087e-01,4.572656300184362727e-02,-1.199999999999999956e+00
1.693585867199802752e-01,4.598345380522476933e-02,-1.199999999999999956e+00
1.703047240759578140e-01,4.624034460860591833e-02,-1.199999999999999956e+00
1.712508614319353528e-01,4.649723541198706039e-02,-1.199999999999999956e+00
1.721969987879129194e-01,4.675412621536820246e-02,-1.199999999999999956e+00
1.731431361438904581e-01,4.701101701874935146e-02,-1.199999999999999956e+00
1.740892734998680247e-01,4.726790782213050046e-02,-1.199999999999999956e+00
1.750354108558455635e-01,4.752479862551164252e-02,-1.199999999999999956e+00
1.759815482118231023e-01,4.778168942889278459e-02,-1.199999999999999956e+00
1.769276855678006688e-01,4.803858023227393359e-02,-1.199999999999999956e+00
1.778738229237782076e-01,4.829547103565507565e-02,-1.199999999999999956e+00
1.788199602797557464e-01,4.855236183903621772e-02,-1.199999999999999956e+00
1.797660976357333129e-01,4.880925264241736672e-02,-1.199999999999999956e+00
1.807122349917108517e-01,4.906614344579850878e-02,-1.199999999999999956e+00
1.816583723476883905e-01,4.932303424917965778e-02,-1.199999999999999956e+00
1.826045097036659570e-01,4.957992505256079985e-02,-1.199999999999999956e+00
1.835506470596434958e-01,4.983681585594194885e-02,-1.199999999999999956e+00
1.844967844156210623e-01,5.009370665932309091e-02,-1.199999999999999956e+00
1.854429217715986011e-01,5.035059746270423991e-02,-1.199999999999999956e+00
1.863890591275761399e-01,5.060748826608538198e-02,-1.199999999999999956e+00
1.873351964835537065e-01,5.086437906946653098e-02,-1.199999999999999956e+00
1.882813338395312452e-01,5.112126987284767304e-02,-1.199999999999999956e+00
1.892274711955088118e-01,5.137816067622881511e-02,-1.199999999999999956e+00
1.901736085514863506e-01,5.163505147960996411e-02,-1.199999999999999956e+00
1.911197459074638894e-01,5.189194228299110617e-02,-1.199999999999999956e+00
1.920658832634414559e-01,5.214883308637224824e-02,-1.199999999999999956e+00
1.930120206194189947e-01,5.240572388975339724e-02,-1.199999999999999956e+00
1.939770807225160709e-01,5.266775250920216478e-02,-1.199999999999999956e+00
1.949421408256131472e-01,5.292978112865093232e-02,-1.199999999999999956e+00
1.959072009287102234e-01,5.319180974809969292e-02,-1.199999999999999956e+00
1.968722610318073274e-01,5.345383836754846046e-02,-1.199999999999999956e+00
1.978373211349044036e-01,5.371586698699722801e-02,-1.199999999999999956e+00
1.988023812380014799e-01,5.397789560644599555e-02,-1.199999999999999956e+00
1.997674413410985561e-01,5.423992422589476309e-02,-1.199999999999999956e+00
2.007325014441956323e-01,5.450195284534352369e-02,-1.199999999999999956e+00
2.016975615472927086e-01,5.476398146479229123e-02,-1.199999999999999956e+00
2.026626216503897848e-01,5.502601008424105877e-02,-1.199999999999999956e+00
2.036276817534868888e-01,5.528803870368982631e-02,-1.199999999999999956e+00
2.045927418565839651e-01,5.555006732313859386e-02,-1.199999999999999956e+00
2.055578019596810413e-01,5.581209594258735446e-02,-1.199999999999999956e+00
2.065228620627781175e-01,5.607412456203612200e-02,-1.199999999999999956e+00
2.074879221658751938e-01,5.633615318148488954e-02,-1.199999999999999956e+00
2.084529822689722700e-01,5.659818180093365708e-02,-1.199999999999999956e+00
2.094180423720693462e-01,5.686021042038242462e-02,-1.199999999999999956e+00
2.103831024751664502e-01,5.712223903983118523e-02,-1.199999999999999956e+00
2.113481625782635265e-01,5.738426765927995277e-02,-1.199999999999999956e+00
2.123132226813606027e-01,5.764629627872872031e-02,-1.199999999999999956e+00
2.132782827844576790e-01,5.790832489817748785e-02,-1.199999999999999956e+00
2.142433428875547552e-01,5.817035351762625539e-02,-1.199999999999999956e+00
2.152084029906518314e-01,5.843238213707501599e-02,-1.199999999999999956e+00
2.161734630937489077e-01,5.869441075652378353e-02,-1.199999999999999956e+00
2.171385231968460117e-01,5.895643937597255108e-02,-1.199999999999999956e+00
2.181035832999430879e-01,5.921846799542131862e-02,-1.199999999999999956e+00
2.190686434030401641e-01,5.948049661487007922e-02,-1.199999999999999956e+00
2.200337035061372404e-01,5.974252523431884676e-02,-1.199999999999999956e+00
2.209987636092343166e-01,6.000455385376761430e-02,-1.199999999999999956e+00
2.219638237123313929e-01,6.026658247321638184e-02,-1.199999999999999956e+00
2.229288838154284691e-01,6.052861109266514938e-02,-1.199999999999999956e+00
2.238939439185255731e-01,6.079063971211391693e-02,-1.199999999999999956e+00
2.248590040216226216e-01,6.105266833156268447e-02,-1.199999999999999956e+00
2.258240641247197256e-01,6.131469695101144507e-02,-1.199999999999999956e+00
2.267891242278168018e-01,6.157672557046021261e-02,-1.199999999999999956e+00
2.277541843309138780e-01,6.183875418990898015e-02,-1.199999999999999956e+00
2.287192444340109543e-01,6.210078280935774769e-02,-1.199999999999999956e+00
2.296843045371080305e-01,6.236281142880650830e-02,-1.199999999999999956e+00
2.306493646402051345e-01,6.262484004825527584e-02,-1.199999999999999956e+00
2.316144247433021830e-01,6.288686866770404338e-02,-1.199999999999999956e+00
2.325794848463992870e-01,6.314889728715281092e-02,-1.199999999999999956e+00
2.335445449494963632e-01,6.341092590660157846e-02,-1.199999999999999956e+00
2.345096050525934395e-01,6.367295452605034600e-02,-1.199999999999999956e+00
2.354746651556905157e-01,6.393498314549911354e-02,-1.199999999999999956e+00
2.364397252587875919e-01,6.419701176494788109e-02,-1.199999999999999956e+00
2.374047853618846959e-01,6.445904038439663475e-02,-1.199999999999999956e+00
2.383698454649817444e-01,6.472106900384540229e-02,-1.199999999999999956e+00
2.393349055680788484e-01,6.498309762329416983e-02,-1.199999999999999956e+00
2.402999656711759247e-01,6.524512624274293737e-02,-1.199999999999999956e+00
2.412650257742730009e-01,6.550715486219170491e-02,-1.199999999999999956e+00
2.422111631302505397e-01,6.576404566557285392e-02,-1.199999999999999956e+00
2.431573004862281062e-01,6.602093646895398904e-02,-1.199999999999999956e+00
2.441034378422056450e-01,6.627782727233513804e-02,-1.199999999999999956e+00
2.450495751981831838e-01,6.653471807571628704e-02,-1.199999999999999956e+00
2.459957125541607503e-01,6.679160887909743605e-02,-1.199999999999999956e+00
2.469418499101382891e-01,6.704849968247857117e-02,-1.199999999999999956e+00
2.478879872661158279e-01,6.730539048585972017e-02,-1.199999999999999956e+00
2.488341246220933944e-01,6.756228128924086918e-02,-1.199999999999999956e+00
2.497802619780709332e-01,6.781917209262200430e-02,-1.199999999999999956e+00
2.507263993340484998e-01,6.807606289600315330e-02,-1.199999999999999956e+00
2.516725366900260386e-01,6.833295369938430230e-02,-1.199999999999999956e+00
2.526186740460035773e-01,6.858984450276543743e-02,-1.199999999999999956e+00
2.535648114019811161e-01,6.884673530614658643e-02,-1.199999999999999956e+00
2.545109487579586549e-01,6.910362610952773543e-02,-1.199999999999999956e+00
2.554570861139362492e-01,6.936051691290888443e-02,-1.199999999999999956e+00
2.564032234699137880e-01,6.961740771629001956e-02,-1.199999999999999956e+00
2.573493608258913268e-01,6.987429851967116856e-02,-1.199999999999999956e+00
2.582954981818688656e-01,7.013118932305231756e-02,-1.199999999999999956e+00
2.592416355378464043e-01,7.038808012643345269e-02,-1.199999999999999956e+00
2.601877728938239986e-01,7.064497092981460169e-02,-1.199999999999999956e+00
2.611339102498015374e-01,7.090186173319575069e-02,-1.199999999999999956e+00
2.620800476057790762e-01,7.115875253657689969e-02,-1.199999999999999956e+00
2.630261849617566150e-01,7.141564333995803482e-02,-1.199999999999999956e+00
2.639723223177341538e-01,7.167253414333918382e-02,-1.199999999999999956e+00
2.649184596737116926e-01,7.192942494672033282e-02,-1.199999999999999956e+00
2.658645970296892869e-01,7.218631575010146795e-02,-1.199999999999999956e+00
2.668107343856668257e-01,7.244320655348261695e-02,-1.199999999999999956e+00
2.677568717416443644e-01,7.270009735686376595e-02,-1.199999999999999956e+00
2.687030090976219032e-01,7.295698816024490108e-02,-1.199999999999999956e+00
2.696491464535994420e-01,7.321387896362605008e-02,-1.199999999999999956e+00
2.705952838095769808e-01,7.347076976700719908e-02,-1.199999999999999956e+00
2.715414211655545751e-01,7.372766057038834808e-02,-1.199999999999999956e+00
2.724875585215321139e-01,7.398455137376948321e-02,-1.199999999999999956e+00
2.734336958775096527e-01,7.424144217715063221e-02,-1.199999999999999956e+00
2.743798332334871914e-01,7.449833298053178121e-02,-1.199999999999999956e+00
2.753259705894647302e-01,7.475522378391291634e-02,-1.199999999999999956e+00
2.762721079454423245e-01,7.501211458729406534e-02,-1.199999999999999956e+00
2.772182453014198633e-01,7.526900539067521434e-02,-1.199999999999999956e+00
2.781643826573974021e-01,7.552589619405636334e-02,-1.199999999999999956e+00
2.791105200133749409e-01,7.578278699743749847e-02,-1.199999999999999956e+00
2.800566573693524797e-01,7.603967780081864747e-02,-1.199999999999999956e+00
2.810027947253300740e-01,7.629656860419979647e-02,-1.199999999999999956e+00
2.819489320813075572e-01,7.655345940758093159e-02,-1.199999999999999956e+00
2.828950694372851515e-01,7.681035021096208060e-02,-1.199999999999999956e+00
2.838412067932626903e-01,7.706724101434322960e-02,-1.199999999999999956e+00
2.847873441492402291e-01,7.732413181772437860e-02,-1.199999999999999956e+00
2.857334815052177679e-01,7.758102262110551373e-02,-1.199999999999999956e+00
2.866796188611953067e-01,7.783791342448666273e-02,-1.199999999999999956e+00
2.876257562171729010e-01,7.809480422786781173e-02,-1.199999999999999956e+00
2.885718935731504398e-01,7.835169503124894685e-02,-1.199999999999999956e+00
2.895180309291279785e-01,7.860858583463009586e-02,-1.199999999999999956e+00
2.904922976936195056e-01,7.880476411891874922e-02,-1.199999999999999956e+00
2.914665644581110882e-01,7.900094240320740258e-02,-1.199999999999999956e+00
2.924408312226026152e-01,7.919712068749604206e-02,-1.199999999999999956e+00
2.934150979870941978e-01,7.939329897178469542e-02,-1.199999999999999956e+00
2.943893647515857248e-01,7.958947725607334878e-02,-1.199999999999999956e+00
2.953636315160773074e-01,7.978565554036200214e-02,-1.199999999999999956e+00
2.963378982805688344e-01,7.998183382465065550e-02,-1.199999999999999956e+00
2.973121650450604170e-01,8.017801210893929498e-02,-1.199999999999999956e+00
2.982864318095519440e-01,8.037419039322794834e-02,-1.199999999999999956e+00
2.992606985740435266e-01,8.057036867751660170e-02,-1.199999999999999956e+00
3.002349653385350536e-01,8.076654696180525506e-02,-1.199999999999999956e+00
3.012092321030266362e-01,8.096272524609390842e-02,-1.199999999999999956e+00
3.021834988675181632e-01,8.115890353038254790e-02,-1.199999999999999956e+00
3.031577656320097458e-01,8.135508181467120126e-02,-1.199999999999999956e+00
3.041320323965012729e-01,8.155126009895985462e-02,-1.199999999999999956e+00
3.051062991609928554e-01,8.174743838324850798e-02,-1.199999999999999956e+00
3.060805659254843825e-01,8.194361666753716134e-02,-1.199999999999999956e+00
3.070548326899759650e-01,8.213979495182581470e-02,-1.199999999999999956e+00
3.080290994544674921e-01,8.233597323611445418e-02,-1.199999999999999956e+00
3.090033662189590746e-01,8.253215152040310754e-02,-1.199999999999999956e+00
3.099776329834506017e-01,8.272832980469176090e-02,-1.199999999999999956e+00
3.109518997479421842e-01,8.292450808898041426e-02,-1.199999999999999956e+00
3.119261665124337113e-01,8.312068637326906761e-02,-1.199999999999999956e+00
3.129004332769252938e-01,8.331686465755770710e-02,-1.199999999999999956e+00
3.138747000414168209e-01,8.351304294184636046e-02,-1.199999999999999956e+00
3.148489668059084035e-01,8.370922122613501382e-02,-1.199999999999999956e+00
3.158232335703999305e-01,8.390539951042366718e-02,-1.199999999999999956e+00
3.167975003348915131e-01,8.410157779471232053e-02,-1.199999999999999956e+00
3.177717670993830401e-01,8.429775607900096002e-02,-1.199999999999999956e+00
3.187460338638746227e-01,8.449393436328961338e-02,-1.199999999999999956e+00
3.197203006283661497e-01,8.469011264757826674e-02,-1.199999999999999956e+00
3.206945673928577323e-01,8.488629093186692010e-02,-1.199999999999999956e+00
3.216688341573492593e-01,8.508246921615557345e-02,-1.199999999999999956e+00
3.226431009218408419e-01,8.527864750044422681e-02,-1.199999999999999956e+00
3.236173676863323689e-01,8.547482578473286630e-02,-1.199999999999999956e+00
3.245916344508239515e-01,8.567100406902151966e-02,-1.199999999999999956e+00
3.255659012153154785e-01,8.586718235331017302e-02,-1.199999999999999956e+00
3.265401679798070611e-01,8.606336063759882637e-02,-1.199999999999999956e+00
3.275144347442985882e-01,8.625953892188747973e-02,-1.199999999999999956e+00
3.284887015087901707e-01,8.645571720617611922e-02,-1.199999999999999956e+00
3.294629682732816978e-01,8.665189549046477258e-02,-1.199999999999999956e+00
3.304372350377732803e-01,8.684807377475342594e-02,-1.199999999999999956e+00
3.314115018022648074e-01,8.704425205904207929e-02,-1.199999999999999956e+00
3.323857685667563899e-01,8.724043034333073265e-02,-1.199999999999999956e+00
3.333600353312479170e-01,8.743660862761937214e-02,-1.199999999999999956e+00
3.343343020957394995e-01,8.763278691190802550e-02,-1.199999999999999956e+00
3.353085688602310266e-01,8.782896519619667886e-02,-1.199999999999999956e+00
3.362828356247226091e-01,8.802514348048533221e-02,-1.199999999999999956e+00
3.372571023892141362e-01,8.822132176477398557e-02,-1.199999999999999956e+00
3.382313691537057188e-01,8.841750004906262506e-02,-1.199999999999999956e+00
3.392056359181972458e-01,8.861367833335127842e-02,-1.199999999999999956e+00
3.401799026826888284e-01,8.880985661763993178e-02,-1.199999999999999956e+00
3.411541694471803554e-01,8.900603490192858513e-02,-1.199999999999999956e+00
3.421284362116719380e-01,8.920221318621723849e-02,-1.199999999999999956e+00
3.431027029761634650e-01,8.939839147050587798e-02,-1.199999999999999956e+00
3.440769697406550476e-01,8.959456975479453134e-02,-1.199999999999999956e+00
3.450512365051465746e-01,8.979074803908318470e-02,-1.199999999999999956e+00
3.460255032696381572e-01,8.998692632337183805e-02,-1.199999999999999956e+00
3.469997700341296842e-01,9.018310460766049141e-02,-1.199999999999999956e+00
3.479740367986212668e-01,9.037928289194913090e-02,-1.199999999999999956e+00
3.489483035631127938e-01,9.057546117623778426e-02,-1.199999999999999956e+00
3.499225703276043764e-01,9.077163946052643761e-02,-1.199999999999999956e+00
3.508968370920959035e-01,9.096781774481509097e-02,-1.199999999999999956e+00
3.518711038565874860e-01,9.116399602910374433e-02,-1.199999999999999956e+00
3.528453706210790131e-01,9.136017431339238382e-02,-1.199999999999999956e+00
3.538196373855705401e-01,9.155635259768103718e-02,-1.199999999999999956e+00
3.547939041500621227e-01,9.175253088196969053e-02,-1.199999999999999956e+00
3.557681709145537052e-01,9.194870916625834389e-02,-1.199999999999999956e+00
3.567424376790452323e-01,9.214488745054699725e-02,-1.199999999999999956e+00
3.577167044435367593e-01,9.234106573483563674e-02,-1.199999999999999956e+00
3.586909712080283419e-01,9.253724401912429010e-02,-1.199999999999999956e+00
3.596652379725199244e-01,9.273342230341294345e-02,-1.199999999999999956e+00
3.606395047370114515e-01,9.292960058770159681e-02,-1.199999999999999956e+00
3.616137715015029785e-01,9.312577887199025017e-02,-1.199999999999999956e+00
3.625880382659945611e-01,9.332195715627890353e-02,-1.199999999999999956e+00
3.635623050304861437e-01,9.351813544056754302e-02,-1.199999999999999956e+00
3.645365717949776707e-01,9.371431372485619637e-02,-1.199999999999999956e+00
3.655108385594691978e-01,9.391049200914484973e-02,-1.199999999999999956e+00
3.664851053239607803e-01,9.410667029343350309e-02,-1.199999999999999956e+00
3.674593720884523629e-01,9.430284857772214258e-02,-1.199999999999999956e+00
3.684336388529438899e-01,9.449902686201080981e-02,-1.199999999999999956e+00
3.694079056174354170e-01,9.469520514629944929e-02,-1.199999999999999956e+00
3.703821723819269995e-01,9.489138343058810265e-02,-1.199999999999999956e+00
3.713507494782394835e-01,9.504313055489975459e-02,-1.199999999999999956e+00
3.723193265745519676e-01,9.519487767921139265e-02,-1.199999999999999956e+00
3.732879036708644516e-01,9.534662480352304459e-02,-1.199999999999999956e+00
3.742564807671769356e-01,9.549837192783468265e-02,-1.199999999999999956e+00
3.752250578634894751e-01,9.565011905214633459e-02,-1.199999999999999956e+00
3.761936349598019591e-01,9.580186617645797265e-02,-1.199999999999999956e+00
3.771622120561144431e-01,9.595361330076962458e-02,-1.199999999999999956e+00
3.781307891524269271e-01,9.610536042508126264e-02,-1.199999999999999956e+00
3.790993662487394111e-01,9.625710754939291458e-02,-1.199999999999999956e+00
3.800679433450518951e-01,9.640885467370455264e-02,-1.199999999999999956e+00
3.810365204413643792e-01,9.656060179801620458e-02,-1.199999999999999956e+00
3.820050975376768632e-01,9.671234892232784264e-02,-1.199999999999999956e+00
3.829736746339894027e-01,9.686409604663949457e-02,-1.199999999999999956e+00
3.839422517303018867e-01,9.701584317095113263e-02,-1.199999999999999956e+00
3.849108288266143707e-01,9.716759029526278457e-02,-1.199999999999999956e+00
3.858794059229268547e-01,9.731933741957442263e-02,-1.199999999999999956e+00
3.868479830192393387e-01,9.747108454388607457e-02,-1.199999999999999956e+00
3.878165601155518227e-01,9.762283166819771263e-02,-1.199999999999999956e+00
3.887851372118643067e-01,9.777457879250936457e-02,-1.199999999999999956e+00
3.897537143081767907e-01,9.792632591682100263e-02,-1.199999999999999956e+00
3.907222914044893303e-01,9.807807304113265456e-02,-1.199999999999999956e+00
3.916908685008018143e-01,9.822982016544429262e-02,-1.199999999999999956e+00
3.926594455971142983e-01,9.838156728975594456e-02,-1.199999999999999956e+00
3.936280226934267823e-01,9.853331441406758262e-02,-1.199999999999999956e+00
3.945965997897392663e-01,9.868506153837923456e-02,-1.199999999999999956e+00
3.955651768860517503e-01,9.883680866269087262e-02,-1.199999999999999956e+00
3.965337539823642343e-01,9.898855578700252456e-02,-1.199999999999999956e+00
3.975023310786767183e-01,9.914030291131416261e-02,-1.199999999999999956e+00
3.984709081749892023e-01,9.929205003562581455e-02,-1.199999999999999956e+00
3.994394852713016864e-01,9.944379715993745261e-02,-1.199999999999999956e+00
4.004080623676142259e-01,9.959554428424910455e-02,-1.199999999999999956e+00
4.013766394639267099e-01,9.974729140856074261e-02,-1.199999999999999956e+00
4.023452165602391939e-01,9.989903853287239455e-02,-1.199999999999999956e+00
4.033137936565516779e-01,1.000507856571840326e-01,-1.199999999999999956e+00
4.042823707528641619e-01,1.002025327814956845e-01,-1.199999999999999956e+00
4.052509478491766459e-01,1.003542799058073226e-01,-1.199999999999999956e+00
4.062195249454891299e-01,1.005060270301189745e-01,-1.199999999999999956e+00
4.071881020418016695e-01,1.006577741544306126e-01,-1.199999999999999956e+00
4.081566791381141535e-01,1.008095212787422645e-01,-1.199999999999999956e+00
4.091252562344266375e-01,1.009612684030539026e-01,-1.199999999999999956e+00
4.100938333307391215e-01,1.011130155273655545e-01,-1.199999999999999956e+00
4.110624104270516055e-01,1.012647626516771926e-01,-1.199999999999999956e+00
4.120309875233640895e-01,1.014165097759888445e-01,-1.199999999999999956e+00
4.129995646196765735e-01,1.015682569003004826e-01,-1.199999999999999956e+00
4.139681417159890575e-01,1.017200040246121345e-01,-1.199999999999999956e+00
4.149367188123015415e-01,1.018717511489237726e-01,-1.199999999999999956e+00
4.159052959086140255e-01,1.020234982732354245e-01,-1.199999999999999956e+00
4.168738730049265651e-01,1.021752453975470765e-01,-1.199999999999999956e+00
4.178424501012390491e-01,1.023269925218587145e-01,-1.199999999999999956e+00
4.188110271975515331e-01,1.024787396461703526e-01,-1.199999999999999956e+00
4.197796042938640171e-01,1.026304867704820045e-01,-1.199999999999999956e+00
4.207481813901765011e-01,1.027822338947936565e-01,-1.199999999999999956e+00
4.217167584864889851e-01,1.029339810191052945e-01,-1.199999999999999956e+00
4.226853355828014691e-01,1.030857281434169465e-01,-1.199999999999999956e+00
4.236539126791139531e-01,1.032374752677285984e-01,-1.199999999999999956e+00
4.246224897754264371e-01,1.033892223920402365e-01,-1.199999999999999956e+00
4.255910668717389767e-01,1.035409695163518884e-01,-1.199999999999999956e+00
4.265596439680514607e-01,1.036927166406635403e-01,-1.199999999999999956e+00
4.275282210643639447e-01,1.038444637649751784e-01,-1.199999999999999956e+00
4.284967981606764287e-01,1.039962108892868303e-01,-1.199999999999999956e+00
4.294653752569889127e-01,1.041479580135984684e-01,-1.199999999999999956e+00
4.304339523533013967e-01,1.042997051379101203e-01,-1.199999999999999956e+00
4.314025294496138807e-01,1.044514522622217723e-01,-1.199999999999999956e+00
4.323711065459263647e-01,1.046031993865334103e-01,-1.199999999999999956e+00
4.333396836422388487e-01,1.047549465108450623e-01,-1.199999999999999956e+00
4.343082607385513327e-01,1.049066936351567142e-01,-1.199999999999999956e+00
4.352768378348638723e-01,1.050584407594683523e-01,-1.199999999999999956e+00
4.362454149311763563e-01,1.052101878837800042e-01,-1.199999999999999956e+00
4.372139920274888403e-01,1.053619350080916561e-01,-1.199999999999999956e+00
4.381825691238013243e-01,1.055136821324032942e-01,-1.199999999999999956e+00
4.391511462201138083e-01,1.056654292567149461e-01,-1.199999999999999956e+00
4.401197233164262923e-01,1.058171763810265981e-01,-1.199999999999999956e+00
4.410883004127387763e-01,1.059689235053382361e-01,-1.199999999999999956e+00
4.420568775090512603e-01,1.061206706296498881e-01,-1.199999999999999956e+00
4.430254546053637443e-01,1.062724177539615400e-01,-1.199999999999999956e+00
4.439940317016762839e-01,1.064241648782731781e-01,-1.199999999999999956e+00
4.449626087979887679e-01,1.065759120025848300e-01,-1.199999999999999956e+00
4.459311858943012519e-01,1.067276591268964681e-01,-1.199999999999999956e+00
4.468997629906137359e-01,1.068794062512081200e-01,-1.199999999999999956e+00
4.478683400869262199e-01,1.070311533755197719e-01,-1.199999999999999956e+00
4.488369171832387039e-01,1.071829004998314100e-01,-1.199999999999999956e+00
4.498054942795511879e-01,1.073346476241430619e-01,-1.199999999999999956e+00
4.507740713758636719e-01,1.074863947484547139e-01,-1.199999999999999956e+00
4.517426484721761559e-01,1.076381418727663519e-01,-1.199999999999999956e+00
4.527112255684886399e-01,1.077898889970780039e-01,-1.199999999999999956e+00
4.536798026648011239e-01,1.079416361213896558e-01,-1.199999999999999956e+00
4.546483797611136080e-01,1.080933832457012939e-01,-1.199999999999999956e+00
4.556169568574261475e-01,1.082451303700129458e-01,-1.199999999999999956e+00
4.565855339537386315e-01,1.083968774943245977e-01,-1.199999999999999956e+00
4.575541110500511155e-01,1.085486246186362358e-01,-1.199999999999999956e+00
4.585226881463635995e-01,1.087003717429478877e-01,-1.199999999999999956e+00
4.594912652426760835e-01,1.088521188672595397e-01,-1.199999999999999956e+00
4.604598423389885675e-01,1.090038659915711777e-01,-1.199999999999999956e+00
4.614284194353010515e-01,1.091556131158828297e-01,-1.199999999999999956e+00
4.623969965316135355e-01,1.093073602401944677e-01,-1.199999999999999956e+00
4.633655736279260196e-01,1.094591073645061197e-01,-1.199999999999999956e+00
4.643341507242385591e-01,1.096108544888177716e-01,-1.199999999999999956e+00
4.653027278205510431e-01,1.097626016131294097e-01,-1.199999999999999956e+00
4.662713049168635271e-01,1.099143487374410616e-01,-1.199999999999999956e+00
4.672398820131760111e-01,1.100660958617527135e-01,-1.199999999999999956e+00
4.682084591094884951e-01,1.102178429860643516e-01,-1.199999999999999956e+00
4.691770362058009791e-01,1.103695901103760035e-01,-1.199999999999999956e+00
4.700915841213101354e-01,1.107682547539978191e-01,-1.199999999999999956e+00
4.710061320368192361e-01,1.111669193976196346e-01,-1.199999999999999956e+00
4.719206799523283924e-01,1.115655840412414501e-01,-1.199999999999999956e+00
4.728352278678375487e-01,1.119642486848632518e-01,-1.199999999999999956e+00
4.737497757833466494e-01,1.123629133284850673e-01,-1.199999999999999956e+00
4.746643236988558057e-01,1.127615779721068828e-01,-1.199999999999999956e+00
4.755788716143649064e-01,1.131602426157286984e-01,-1.199999999999999956e+00
4.764934195298740627e-01,1.135589072593505139e-01,-1.199999999999999956e+00
4.774079674453832189e-01,1.139575719029723294e-01,-1.199999999999999956e+00
4.783225153608923197e-01,1.143562365465941449e-01,-1.199999999999999956e+00
4.792370632764014760e-01,1.147549011902159466e-01,-1.199999999999999956e+00
4.801516111919106322e-01,1.151535658338377621e-01,-1.199999999999999956e+00
4.810661591074197330e-01,1.155522304774595777e-01,-1.199999999999999956e+00
4.819807070229288892e-01,1.159508951210813932e-01,-1.199999999999999956e+00
4.828952549384379900e-01,1.163495597647032087e-01,-1.199999999999999956e+00
4.838098028539471462e-01,1.167482244083250242e-01,-1.199999999999999956e+00
4.847243507694563025e-01,1.171468890519468398e-01,-1.199999999999999956e+00
4.856388986849654033e-01,1.175455536955686553e-01,-1.199999999999999956e+00
4.865534466004745595e-01,1.179442183391904569e-01,-1.199999999999999956e+00
4.874679945159837158e-01,1.183428829828122725e-01,-1.199999999999999956e+00
4.883825424314928165e-01,1.187415476264340880e-01,-1.199999999999999956e+00
4.892970903470019728e-01,1.191402122700559035e-01,-1.199999999999999956e+00
4.902116382625110735e-01,1.195388769136777191e-01,-1.199999999999999956e+00
4.911261861780202298e-01,1.199375415572995346e-01,-1.199999999999999956e+00
4.920407340935293861e-01,1.203362062009213501e-01,-1.199999999999999956e+00
4.929552820090384868e-01,1.207348708445431518e-01,-1.199999999999999956e+00
4.938698299245476431e-01,1.211335354881649673e-01,-1.199999999999999956e+00
4.947843778400567993e-01,1.215322001317867828e-01,-1.199999999999999956e+00
4.956989257555659001e-01,1.219308647754085984e-01,-1.199999999999999956e+00
4.966134736710750563e-01,1.223295294190304139e-01,-1.199999999999999956e+00
4.975280215865841571e-01,1.227281940626522294e-01,-1.199999999999999956e+00
4.984425695020933134e-01,1.231268587062740449e-01,-1.199999999999999956e+00
4.993571174176024696e-01,1.235255233498958605e-01,-1.199999999999999956e+00
5.002716653331116259e-01,1.239241879935176621e-01,-1.199999999999999956e+00
5.011862132486206711e-01,1.243228526371394776e-01,-1.199999999999999956e+00
5.021007611641298274e-01,1.247215172807612932e-01,-1.199999999999999956e+00
5.030153090796389836e-01,1.251201819243831226e-01,-1.199999999999999956e+00
5.039298569951481399e-01,1.255188465680049104e-01,-1.199999999999999956e+00
5.048444049106572962e-01,1.259175112116267259e-01,-1.199999999999999956e+00
5.057589528261664524e-01,1.263161758552485414e-01,-1.199999999999999956e+00
5.066735007416754977e-01,1.267148404988703569e-01,-1.199999999999999956e+00
5.075880486571846539e-01,1.271135051424921725e-01,-1.199999999999999956e+00
5.085025965726938102e-01,1.275121697861139880e-01,-1.199999999999999956e+00
5.094171444882029665e-01,1.279108344297358035e-01,-1.199999999999999956e+00
5.103316924037121227e-01,1.283094990733576191e-01,-1.199999999999999956e+00
5.112462403192211680e-01,1.287081637169794346e-01,-1.199999999999999956e+00
5.121607882347303242e-01,1.291068283606012501e-01,-1.199999999999999956e+00
5.130753361502394805e-01,1.295054930042230656e-01,-1.199999999999999956e+00
5.139898840657486367e-01,1.299041576478448812e-01,-1.199999999999999956e+00
5.149044319812577930e-01,1.303028222914666967e-01,-1.199999999999999956e+00
5.158189798967669493e-01,1.307014869350885122e-01,-1.199999999999999956e+00
5.167335278122759945e-01,1.311001515787103000e-01,-1.199999999999999956e+00
5.176480757277851508e-01,1.314988162223321155e-01,-1.199999999999999956e+00
5.185626236432943070e-01,1.318974808659539311e-01,-1.199999999999999956e+00
5.194771715588034633e-01,1.322961455095757466e-01,-1.199999999999999956e+00
5.203917194743126196e-01,1.326948101531975621e-01,-1.199999999999999956e+00
5.213062673898216648e-01,1.330934747968193776e-01,-1.199999999999999956e+00
5.222208153053308211e-01,1.334921394404411932e-01,-1.199999999999999956e+00
5.231353632208399773e-01,1.338908040840630087e-01,-1.199999999999999956e+00
5.240324301470158375e-01,1.343326987886718227e-01,-1.199999999999999956e+00
5.249294970731918086e-01,1.347745934932806366e-01,-1.199999999999999956e+00
5.258265639993676688e-01,1.352164881978894784e-01,-1.199999999999999956e+00
5.267236309255435289e-01,1.356583829024982923e-01,-1.199999999999999956e+00
5.276206978517195001e-01,1.361002776071071063e-01,-1.199999999999999956e+00
5.285177647778953602e-01,1.365421723117159203e-01,-1.199999999999999956e+00
5.294148317040713314e-01,1.369840670163247620e-01,-1.199999999999999956e+00
5.303118986302471916e-01,1.374259617209335760e-01,-1.199999999999999956e+00
5.312089655564230517e-01,1.378678564255423900e-01,-1.199999999999999956e+00
5.321060324825990229e-01,1.383097511301512039e-01,-1.199999999999999956e+00
5.330030994087748830e-01,1.387516458347600179e-01,-1.199999999999999956e+00
5.339001663349507432e-01,1.391935405393688596e-01,-1.199999999999999956e+00
5.347972332611267143e-01,1.396354352439776736e-01,-1.199999999999999956e+00
5.356943001873025745e-01,1.400773299485864876e-01,-1.199999999999999956e+00
5.365913671134784346e-01,1.405192246531953015e-01,-1.199999999999999956e+00
5.374884340396544058e-01,1.409611193578041433e-01,-1.199999999999999956e+00
5.383855009658302659e-01,1.414030140624129572e-01,-1.199999999999999956e+00
5.392825678920061261e-01,1.418449087670217712e-01,-1.199999999999999956e+00
5.401796348181820973e-01,1.422868034716305852e-01,-1.199999999999999956e+00
5.410767017443579574e-01,1.427286981762393991e-01,-1.199999999999999956e+00
5.419737686705339286e-01,1.431705928808482409e-01,-1.199999999999999956e+00
5.428708355967097887e-01,1.436124875854570548e-01,-1.199999999999999956e+00
5.437679025228856489e-01,1.440543822900658688e-01,-1.199999999999999956e+00
5.446649694490616200e-01,1.444962769946746828e-01,-1.199999999999999956e+00
5.455620363752374802e-01,1.449381716992835245e-01,-1.199999999999999956e+00
5.464591033014133403e-01,1.453800664038923385e-01,-1.199999999999999956e+00
5.473561702275893115e-01,1.458219611085011524e-01,-1.199999999999999956e+00
5.482532371537651716e-01,1.462638558131099664e-01,-1.199999999999999956e+00
5.491503040799410318e-01,1.467057505177187804e-01,-1.199999999999999956e+00
5.500473710061170030e-01,1.471476452223276221e-01,-1.199999999999999956e+00
5.509444379322928631e-01,1.475895399269364361e-01,-1.199999999999999956e+00
5.518415048584688343e-01,1.480314346315452501e-01,-1.199999999999999956e+00
5.527385717846446944e-01,1.484733293361540640e-01,-1.199999999999999956e+00
5.536356387108205546e-01,1.489152240407629058e-01,-1.199999999999999956e+00
5.545327056369965257e-01,1.493571187453717197e-01,-1.199999999999999956e+00
5.554297725631723859e-01,1.497990134499805337e-01,-1.199999999999999956e+00
5.563268394893482460e-01,1.502409081545893477e-01,-1.199999999999999956e+00
5.572239064155242172e-01,1.506828028591981616e-01,-1.199999999999999956e+00
5.581209733417000773e-01,1.511246975638069756e-01,-1.199999999999999956e+00
5.590180402678759375e-01,1.515665922684158173e-01,-1.199999999999999956e+00
5.599151071940519087e-01,1.520084869730246313e-01,-1.199999999999999956e+00
5.608121741202277688e-01,1.524503816776334453e-01,-1.199999999999999956e+00
5.617092410464037400e-01,1.528922763822422870e-01,-1.199999999999999956e+00
5.626063079725796001e-01,1.533341710868511010e-01,-1.199999999999999956e+00
5.635033748987554603e-01,1.537760657914599149e-01,-1.199999999999999956e+00
5.644004418249314314e-01,1.542179604960687289e-01,-1.199999999999999956e+00
5.652975087511072916e-01,1.546598552006775429e-01,-1.199999999999999956e+00
5.661945756772831517e-01,1.551017499052863569e-01,-1.199999999999999956e+00
5.670916426034591229e-01,1.555436446098951986e-01,-1.199999999999999956e+00
5.679887095296349830e-01,1.559855393145040126e-01,-1.199999999999999956e+00
5.689191457712577948e-01,1.563272472954103931e-01,-1.199999999999999956e+00
5.698495820128806066e-01,1.566689552763167737e-01,-1.199999999999999956e+00
5.707800182545034184e-01,1.570106632572231542e-01,-1.199999999999999956e+00
5.717104544961262302e-01,1.573523712381295070e-01,-1.199999999999999956e+00
5.726408907377490420e-01,1.576940792190358875e-01,-1.199999999999999956e+00
5.735713269793718538e-01,1.580357871999422681e-01,-1.199999999999999956e+00
5.745017632209946656e-01,1.583774951808486486e-01,-1.199999999999999956e+00
5.754321994626175885e-01,1.587192031617550292e-01,-1.199999999999999956e+00
5.763626357042404003e-01,1.590609111426614097e-01,-1.199999999999999956e+00
5.772930719458632121e-01,1.594026191235677903e-01,-1.199999999999999956e+00
5.782235081874860239e-01,1.597443271044741431e-01,-1.199999999999999956e+00
5.791539444291088357e-01,1.600860350853805236e-01,-1.199999999999999956e+00
5.800843806707316475e-01,1.604277430662869042e-01,-1.199999999999999956e+00
5.810148169123544593e-01,1.607694510471932847e-01,-1.199999999999999956e+00
5.819452531539772711e-01,1.611111590280996653e-01,-1.199999999999999956e+00
5.828756893956000829e-01,1.614528670090060458e-01,-1.199999999999999956e+00
5.838061256372228947e-01,1.617945749899124264e-01,-1.199999999999999956e+00
5.847365618788457065e-01,1.621362829708187792e-01,-1.199999999999999956e+00
5.856669981204685183e-01,1.624779909517251597e-01,-1.199999999999999956e+00
5.865974343620913301e-01,1.628196989326315403e-01,-1.199999999999999956e+00
5.875278706037141419e-01,1.631614069135379208e-01,-1.199999999999999956e+00
5.884583068453369536e-01,1.635031148944443014e-01,-1.199999999999999956e+00
5.893887430869597654e-01,1.638448228753506819e-01,-1.199999999999999956e+00
5.903191793285826883e-01,1.641865308562570624e-01,-1.199999999999999956e+00
5.912496155702055001e-01,1.645282388371634152e-01,-1.199999999999999956e+00
5.921800518118283119e-01,1.648699468180697958e-01,-1.199999999999999956e+00
5.931104880534511237e-01,1.652116547989761763e-01,-1.199999999999999956e+00
5.940409242950739355e-01,1.655533627798825569e-01,-1.199999999999999956e+00
5.949713605366967473e-01,1.658950707607889374e-01,-1.199999999999999956e+00
5.959017967783195591e-01,1.662367787416953180e-01,-1.199999999999999956e+00
5.968322330199423709e-01,1.665784867226016985e-01,-1.199999999999999956e+00
5.977626692615651827e-01,1.669201947035080513e-01,-1.199999999999999956e+00
5.986931055031879945e-01,1.672619026844144319e-01,-1.199999999999999956e+00
5.996235417448108063e-01,1.676036106653208124e-01,-1.199999999999999956e+00
6.005539779864336181e-01,1.679453186462271930e-01,-1.199999999999999956e+00
6.014844142280564299e-01,1.682870266271335735e-01,-1.199999999999999956e+00
6.024148504696792417e-01,1.686287346080399541e-01,-1.199999999999999956e+00
6.033452867113020535e-01,1.689704425889463346e-01,-1.199999999999999956e+00
6.042757229529249763e-01,1.693121505698526874e-01,-1.199999999999999956e+00
6.052061591945477881e-01,1.696538585507590680e-01,-1.199999999999999956e+00
6.061365954361705999e-01,1.699955665316654485e-01,-1.199999999999999956e+00
6.070670316777934117e-01,1.703372745125718291e-01,-1.199999999999999956e+00
6.079974679194162235e-01,1.706789824934782096e-01,-1.199999999999999956e+00
6.089279041610390353e-01,1.710206904743845902e-01,-1.199999999999999956e+00
6.098583404026618471e-01,1.713623984552909707e-01,-1.199999999999999956e+00
6.107887766442846589e-01,1.717041064361973235e-01,-1.199999999999999956e+00
6.117192128859074707e-01,1.720458144171037040e-01,-1.199999999999999956e+00
6.126496491275302825e-01,1.723875223980100846e-01,-1.199999999999999956e+00
6.135800853691530943e-01,1.727292303789164651e-01,-1.199999999999999956e+00
6.145105216107759061e-01,1.730709383598228457e-01,-1.199999999999999956e+00
6.154409578523987179e-01,1.734126463407292262e-01,-1.199999999999999956e+00
6.163713940940215297e-01,1.737543543216356068e-01,-1.199999999999999956e+00
6.173018303356443415e-01,1.740960623025419873e-01,-1.199999999999999956e+00
6.182322665772672643e-01,1.744377702834483401e-01,-1.199999999999999956e+00
6.191627028188900761e-01,1.747794782643547207e-01,-1.199999999999999956e+00
6.200931390605128879e-01,1.751211862452611012e-01,-1.199999999999999956e+00
6.210235753021356997e-01,1.754628942261674818e-01,-1.199999999999999956e+00
6.219540115437585115e-01,1.758046022070738623e-01,-1.199999999999999956e+00
6.228844477853813233e-01,1.761463101879802151e-01,-1.199999999999999956e+00
6.238148840270041351e-01,1.764880181688865957e-01,-1.199999999999999956e+00
6.247453202686269469e-01,1.768297261497929762e-01,-1.199999999999999956e+00
6.256757565102497587e-01,1.771714341306993568e-01,-1.199999999999999956e+00
6.266061927518725705e-01,1.775131421116057373e-01,-1.199999999999999956e+00
6.275366289934953823e-01,1.778548500925121179e-01,-1.199999999999999956e+00
6.284670652351181941e-01,1.781965580734184984e-01,-1.199999999999999956e+00
6.293975014767410059e-01,1.785382660543248790e-01,-1.199999999999999956e+00
6.303279377183638177e-01,1.788799740352312317e-01,-1.199999999999999956e+00
6.312583739599866295e-01,1.792216820161376123e-01,-1.199999999999999956e+00
6.321888102016095523e-01,1.795633899970439928e-01,-1.199999999999999956e+00
6.331192464432323641e-01,1.799050979779503734e-01,-1.199999999999999956e+00
6.340496826848551759e-01,1.802468059588567539e-01,-1.199999999999999956e+00
6.349801189264779877e-01,1.805885139397631345e-01,-1.199999999999999956e+00
6.359105551681007995e-01,1.809302219206694873e-01,-1.199999999999999956e+00
6.368409914097236113e-01,1.812719299015758678e-01,-1.199999999999999956e+00
6.377714276513464231e-01,1.816136378824822484e-01,-1.199999999999999956e+00
6.387018638929692349e-01,1.819553458633886289e-01,-1.199999999999999956e+00
6.396323001345920467e-01,1.822970538442950095e-01,-1.199999999999999956e+00
6.405700874781724563e-01,1.825829273818224685e-01,-1.199999999999999956e+00
6.415078748217527549e-01,1.828688009193498998e-01,-1.199999999999999956e+00
6.424456621653331645e-01,1.831546744568773588e-01,-1.199999999999999956e+00
6.433834495089135741e-01,1.834405479944048178e-01,-1.199999999999999956e+00
6.443212368524938727e-01,1.837264215319322769e-01,-1.199999999999999956e+00
6.452590241960742823e-01,1.840122950694597082e-01,-1.199999999999999956e+00
6.461968115396546919e-01,1.842981686069871672e-01,-1.199999999999999956e+00
6.471345988832349905e-01,1.845840421445146262e-01,-1.199999999999999956e+00
6.480723862268154001e-01,1.848699156820420575e-01,-1.199999999999999956e+00
6.490101735703958097e-01,1.851557892195695165e-01,-1.199999999999999956e+00
6.499479609139761083e-01,1.854416627570969756e-01,-1.199999999999999956e+00
6.508857482575565179e-01,1.857275362946244068e-01,-1.199999999999999956e+00
6.518235356011369275e-01,1.860134098321518659e-01,-1.199999999999999956e+00
6.527613229447172261e-01,1.862992833696793249e-01,-1.199999999999999956e+00
6.536991102882976357e-01,1.865851569072067839e-01,-1.199999999999999956e+00
6.546368976318780453e-01,1.868710304447342152e-01,-1.199999999999999956e+00
6.555746849754583438e-01,1.871569039822616742e-01,-1.199999999999999956e+00
6.565124723190387535e-01,1.874427775197891333e-01,-1.199999999999999956e+00
6.574502596626191631e-01,1.877286510573165645e-01,-1.199999999999999956e+00
6.583880470061994616e-01,1.880145245948440236e-01,-1.199999999999999956e+00
6.593258343497798712e-01,1.883003981323714826e-01,-1.199999999999999956e+00
6.602636216933602809e-01,1.885862716698989416e-01,-1.199999999999999956e+00
6.612014090369405794e-01,1.888721452074263729e-01,-1.199999999999999956e+00
6.621391963805209890e-01,1.891580187449538319e-01,-1.199999999999999956e+00
6.630769837241013986e-01,1.894438922824812910e-01,-1.199999999999999956e+00
6.640147710676816972e-01,1.897297658200087223e-01,-1.199999999999999956e+00
6.649525584112621068e-01,1.900156393575361813e-01,-1.199999999999999956e+00
6.658903457548425164e-01,1.903015128950636403e-01,-1.199999999999999956e+00
6.668281330984228150e-01,1.905873864325910994e-01,-1.199999999999999956e+00
6.677659204420032246e-01,1.908732599701185306e-01,-1.199999999999999956e+00
6.687037077855836342e-01,1.911591335076459897e-01,-1.199999999999999956e+00
6.696414951291639328e-01,1.914450070451734487e-01,-1.199999999999999956e+00
6.705792824727443424e-01,1.917308805827008800e-01,-1.199999999999999956e+00
6.715170698163247520e-01,1.920167541202283390e-01,-1.199999999999999956e+00
6.724548571599050506e-01,1.923026276577557980e-01,-1.199999999999999956e+00
6.733926445034854602e-01,1.925885011952832293e-01,-1.199999999999999956e+00
6.743304318470658698e-01,1.928743747328106883e-01,-1.199999999999999956e+00
6.752682191906461684e-01,1.931602482703381474e-01,-1.199999999999999956e+00
6.762060065342265780e-01,1.934461218078655786e-01,-1.199999999999999956e+00
6.771437938778069876e-01,1.937319953453930377e-01,-1.199999999999999956e+00
6.780815812213872862e-01,1.940178688829204967e-01,-1.199999999999999956e+00
6.790193685649676958e-01,1.943037424204479557e-01,-1.199999999999999956e+00
6.799571559085481054e-01,1.945896159579753870e-01,-1.199999999999999956e+00
6.808949432521284040e-01,1.948754894955028460e-01,-1.199999999999999956e+00
6.818327305957088136e-01,1.951613630330303051e-01,-1.199999999999999956e+00
6.827705179392892232e-01,1.954472365705577364e-01,-1.199999999999999956e+00
6.837083052828695218e-01,1.957331101080851954e-01,-1.199999999999999956e+00
6.846460926264499314e-01,1.960189836456126544e-01,-1.199999999999999956e+00
6.855838799700303410e-01,1.963048571831401135e-01,-1.199999999999999956e+00
6.865216673136106396e-01,1.965907307206675447e-01,-1.199999999999999956e+00
6.874594546571910492e-01,1.968766042581950038e-01,-1.199999999999999956e+00
6.883972420007714588e-01,1.971624777957224628e-01,-1.199999999999999956e+00
6.893350293443517574e-01,1.974483513332498941e-01,-1.199999999999999956e+00
6.902728166879321670e-01,1.977342248707773531e-01,-1.199999999999999956e+00
6.912106040315125766e-01,1.980200984083048121e-01,-1.199999999999999956e+00
6.921483913750928751e-01,1.983059719458322712e-01,-1.199999999999999956e+00
6.930861787186732847e-01,1.985918454833597024e-01,-1.199999999999999956e+00
6.940239660622536944e-01,1.988777190208871615e-01,-1.199999999999999956e+00
6.949617534058339929e-01,1.991635925584146205e-01,-1.199999999999999956e+00
6.958995407494144025e-01,1.994494660959420518e-01,-1.199999999999999956e+00
6.968373280929948121e-01,1.997353396334695108e-01,-1.199999999999999956e+00
6.977751154365751107e-01,2.000212131709969698e-01,-1.199999999999999956e+00
6.987129027801555203e-01,2.003070867085244011e-01,-1.199999999999999956e+00
6.996506901237359299e-01,2.005929602460518602e-01,-1.199999999999999956e+00
7.005884774673162285e-01,2.008788337835793192e-01,-1.199999999999999956e+00
7.015262648108966381e-01,2.011647073211067782e-01,-1.199999999999999956e+00
7.024640521544770477e-01,2.014505808586342095e-01,-1.199999999999999956e+00
7.034018394980573463e-01,2.017364543961616685e-01,-1.199999999999999956e+00
7.043396268416377559e-01,2.020223279336891276e-01,-1.199999999999999956e+00
7.052774141852181655e-01,2.023082014712165588e-01,-1.199999999999999956e+00
7.062152015287984641e-01,2.025940750087440179e-01,-1.199999999999999956e+00
7.071529888723788737e-01,2.028799485462714769e-01,-1.199999999999999956e+00
7.080907762159592833e-01,2.031658220837989359e-01,-1.199999999999999956e+00
7.090285635595395819e-01,2.034516956213263672e-01,-1.199999999999999956e+00
7.099663509031199915e-01,2.037375691588538262e-01,-1.199999999999999956e+00
7.109041382467004011e-01,2.040234426963812853e-01,-1.199999999999999956e+00
7.118419255902806997e-01,2.043093162339087165e-01,-1.199999999999999956e+00
7.127797129338611093e-01,2.045951897714361756e-01,-1.199999999999999956e+00
7.137175002774415189e-01,2.048810633089636346e-01,-1.199999999999999956e+00
7.146552876210218175e-01,2.051669368464910659e-01,-1.199999999999999956e+00
7.155930749646022271e-01,2.054528103840185249e-01,-1.199999999999999956e+00
7.165308623081826367e-01,2.057386839215459839e-01,-1.199999999999999956e+00
7.174686496517629353e-01,2.060245574590734430e-01,-1.199999999999999956e+00
7.184064369953433449e-01,2.063104309966008743e-01,-1.199999999999999956e+00
7.193442243389237545e-01,2.065963045341283333e-01,-1.199999999999999956e+00
7.202820116825040531e-01,2.068821780716557923e-01,-1.199999999999999956e+00
7.212197990260844627e-01,2.071680516091832236e-01,-1.199999999999999956e+00
7.221575863696648723e-01,2.074539251467106826e-01,-1.199999999999999956e+00
7.230953737132451709e-01,2.077397986842381417e-01,-1.199999999999999956e+00
7.240331610568255805e-01,2.080256722217656007e-01,-1.199999999999999956e+00
7.249709484004059901e-01,2.083115457592930320e-01,-1.199999999999999956e+00
7.259087357439862886e-01,2.085974192968204910e-01,-1.199999999999999956e+00
7.268465230875666983e-01,2.088832928343479500e-01,-1.199999999999999956e+00
7.277843104311471079e-01,2.091691663718753813e-01,-1.199999999999999956e+00
7.287220977747274064e-01,2.094550399094028403e-01,-1.199999999999999956e+00
7.296598851183078160e-01,2.097409134469302994e-01,-1.199999999999999956e+00
7.305976724618882256e-01,2.100267869844577306e-01,-1.199999999999999956e+00
7.315354598054685242e-01,2.103126605219851897e-01,-1.199999999999999956e+00
7.324732471490489338e-01,2.105985340595126487e-01,-1.199999999999999956e+00
7.334110344926293434e-01,2.108844075970401077e-01,-1.199999999999999956e+00
7.343488218362096420e-01,2.111702811345675390e-01,-1.199999999999999956e+00
7.352866091797900516e-01,2.114561546720949980e-01,-1.199999999999999956e+00
7.362668304666876162e-01,2.115905106354021847e-01,-1.199999999999999956e+00
7.372470517535851808e-01,2.117248665987093714e-01,-1.199999999999999956e+00
7.382272730404826344e-01,2.118592225620165581e-01,-1.199999999999999956e+00
7.392074943273801990e-01,2.119935785253237448e-01,-1.199999999999999956e+00
7.401877156142777636e-01,2.121279344886309315e-01,-1.199999999999999956e+00
7.411679369011752172e-01,2.122622904519381182e-01,-1.199999999999999956e+00
7.421481581880727818e-01,2.123966464152453049e-01,-1.199999999999999956e+00
7.431283794749703464e-01,2.125310023785524915e-01,-1.199999999999999956e+00
7.441086007618679110e-01,2.126653583418596782e-01,-1.199999999999999956e+00
7.450888220487654756e-01,2.127997143051668649e-01,-1.199999999999999956e+00
7.460690433356629292e-01,2.129340702684740516e-01,-1.199999999999999956e+00
7.470492646225604938e-01,2.130684262317812383e-01,-1.199999999999999956e+00
7.480294859094580584e-01,2.132027821950884250e-01,-1.199999999999999956e+00
7.490097071963555120e-01,2.133371381583956117e-01,-1.199999999999999956e+00
7.499899284832530766e-01,2.134714941217027984e-01,-1.199999999999999956e+00
7.509701497701506412e-01,2.136058500850099851e-01,-1.199999999999999956e+00
7.519503710570482058e-01,2.137402060483171717e-01,-1.199999999999999956e+00
7.529305923439457704e-01,2.138745620116243584e-01,-1.199999999999999956e+00
7.539108136308432240e-01,2.140089179749315451e-01,-1.199999999999999956e+00
7.548910349177407886e-01,2.141432739382387318e-01,-1.199999999999999956e+00
7.558712562046383532e-01,2.142776299015459462e-01,-1.199999999999999956e+00
7.568514774915358068e-01,2.144119858648531329e-01,-1.199999999999999956e+00
7.578316987784333714e-01,2.145463418281603196e-01,-1.199999999999999956e+00
7.588119200653309360e-01,2.146806977914675063e-01,-1.199999999999999956e+00
7.597921413522285006e-01,2.148150537547746930e-01,-1.199999999999999956e+00
7.607723626391260652e-01,2.149494097180818797e-01,-1.199999999999999956e+00
7.617525839260235188e-01,2.150837656813890664e-01,-1.199999999999999956e+00
7.627328052129210834e-01,2.152181216446962531e-01,-1.199999999999999956e+00
7.637130264998186480e-01,2.153524776080034397e-01,-1.199999999999999956e+00
7.646932477867161015e-01,2.154868335713106264e-01,-1.199999999999999956e+00
7.656734690736136661e-01,2.156211895346178131e-01,-1.199999999999999956e+00
7.666536903605112308e-01,2.157555454979249998e-01,-1.199999999999999956e+00
7.676339116474087954e-01,2.158899014612321865e-01,-1.199999999999999956e+00
7.686141329343063600e-01,2.160242574245393732e-01,-1.199999999999999956e+00
7.695943542212038135e-01,2.161586133878465599e-01,-1.199999999999999956e+00
7.705745755081013781e-01,2.162929693511537466e-01,-1.199999999999999956e+00
7.715547967949989427e-01,2.164273253144609332e-01,-1.199999999999999956e+00
7.725350180818963963e-01,2.165616812777681199e-01,-1.199999999999999956e+00
7.735152393687939609e-01,2.166960372410753066e-01,-1.199999999999999956e+00
7.744954606556915255e-01,2.168303932043824933e-01,-1.199999999999999956e+00
7.754756819425890901e-01,2.169647491676896800e-01,-1.199999999999999956e+00
7.764559032294866547e-01,2.170991051309968667e-01,-1.199999999999999956e+00
7.774361245163841083e-01,2.172334610943040534e-01,-1.199999999999999956e+00
7.784163458032816729e-01,2.173678170576112401e-01,-1.199999999999999956e+00
7.793965670901792375e-01,2.175021730209184267e-01,-1.199999999999999956e+00
7.803767883770766911e-01,2.176365289842256134e-01,-1.199999999999999956e+00
7.813570096639742557e-01,2.177708849475328001e-01,-1.199999999999999956e+00
7.823372309508718203e-01,2.179052409108399868e-01,-1.199999999999999956e+00
7.833174522377693849e-01,2.180395968741471735e-01,-1.199999999999999956e+00
7.842976735246669495e-01,2.181739528374543602e-01,-1.199999999999999956e+00
7.852778948115644031e-01,2.183083088007615469e-01,-1.199999999999999956e+00
7.862581160984619677e-01,2.184426647640687336e-01,-1.199999999999999956e+00
7.872383373853595323e-01,2.185770207273759203e-01,-1.199999999999999956e+00
7.882185586722569859e-01,2.187113766906831069e-01,-1.199999999999999956e+00
7.891987799591545505e-01,2.188457326539902936e-01,-1.199999999999999956e+00
7.901790012460521151e-01,2.189800886172974803e-01,-1.199999999999999956e+00
7.911592225329496797e-01,2.191144445806046670e-01,-1.199999999999999956e+00
7.921394438198472443e-01,2.192488005439118537e-01,-1.199999999999999956e+00
7.931196651067446979e-01,2.193831565072190681e-01,-1.199999999999999956e+00
7.940998863936422625e-01,2.195175124705262548e-01,-1.199999999999999956e+00
7.950801076805398271e-01,2.196518684338334415e-01,-1.199999999999999956e+00
7.960603289674372807e-01,2.197862243971406282e-01,-1.199999999999999956e+00
7.970405502543348453e-01,2.199205803604478149e-01,-1.199999999999999956e+00
7.980207715412324099e-01,2.200549363237550016e-01,-1.199999999999999956e+00
7.990009928281299745e-01,2.201892922870621883e-01,-1.199999999999999956e+00
7.999812141150275391e-01,2.203236482503693749e-01,-1.199999999999999956e+00
8.009614354019249927e-01,2.204580042136765616e-01,-1.199999999999999956e+00
8.019416566888225573e-01,2.205923601769837483e-01,-1.199999999999999956e+00
8.029218779757201219e-01,2.207267161402909350e-01,-1.199999999999999956e+00
8.039020992626175754e-01,2.208610721035981217e-01,-1.199999999999999956e+00
8.048823205495151401e-01,2.209954280669053084e-01,-1.199999999999999956e+00
8.058625418364127047e-01,2.211297840302124951e-01,-1.199999999999999956e+00
8.068427631233102693e-01,2.212641399935196818e-01,-1.199999999999999956e+00
8.078229844102078339e-01,2.213984959568268684e-01,-1.199999999999999956e+00
8.088032056971052874e-01,2.215328519201340551e-01,-1.199999999999999956e+00
8.097834269840028520e-01,2.216672078834412418e-01,-1.199999999999999956e+00
8.107636482709004166e-01,2.218015638467484285e-01,-1.199999999999999956e+00
8.117438695577978702e-01,2.219359198100556152e-01,-1.199999999999999956e+00
8.127240908446954348e-01,2.220702757733628019e-01,-1.199999999999999956e+00
8.137043121315929994e-01,2.222046317366699886e-01,-1.199999999999999956e+00
8.146838616610961870e-01,2.222452703942279784e-01,-1.199999999999999956e+00
8.156634111905993745e-01,2.222859090517859404e-01,-1.199999999999999956e+00
8.166429607201025620e-01,2.223265477093439302e-01,-1.199999999999999956e+00
8.176225102496057495e-01,2.223671863669019200e-01,-1.199999999999999956e+00
8.186020597791089370e-01,2.224078250244598820e-01,-1.199999999999999956e+00
8.195816093086120135e-01,2.224484636820178718e-01,-1.199999999999999956e+00
8.205611588381152011e-01,2.224891023395758616e-01,-1.199999999999999956e+00
8.215407083676183886e-01,2.225297409971338236e-01,-1.199999999999999956e+00
8.225202578971215761e-01,2.225703796546918134e-01,-1.199999999999999956e+00
8.234998074266247636e-01,2.226110183122498032e-01,-1.199999999999999956e+00
8.244793569561279512e-01,2.226516569698077652e-01,-1.199999999999999956e+00
8.254589064856311387e-01,2.226922956273657550e-01,-1.199999999999999956e+00
8.264384560151343262e-01,2.227329342849237448e-01,-1.199999999999999956e+00
8.274180055446375137e-01,2.227735729424817068e-01,-1.199999999999999956e+00
8.283975550741407012e-01,2.228142116000396966e-01,-1.199999999999999956e+00
8.293771046036437777e-01,2.228548502575976864e-01,-1.199999999999999956e+00
8.303566541331469653e-01,2.228954889151556484e-01,-1.199999999999999956e+00
8.313362036626501528e-01,2.229361275727136382e-01,-1.199999999999999956e+00
8.323157531921533403e-01,2.229767662302716280e-01,-1.199999999999999956e+00
8.332953027216565278e-01,2.230174048878295900e-01,-1.199999999999999956e+00
8.342748522511597153e-01,2.230580435453875798e-01,-1.199999999999999956e+00
8.352544017806629029e-01,2.230986822029455696e-01,-1.199999999999999956e+00
8.362339513101660904e-01,2.231393208605035317e-01,-1.199999999999999956e+00
8.372135008396692779e-01,2.231799595180615214e-01,-1.199999999999999956e+00
8.381930503691724654e-01,2.232205981756195112e-01,-1.199999999999999956e+00
8.391725998986755419e-01,2.232612368331774733e-01,-1.199999999999999956e+00
8.401521494281787295e-01,2.233018754907354630e-01,-1.199999999999999956e+00
8.411316989576819170e-01,2.233425141482934528e-01,-1.199999999999999956e+00
8.421112484871851045e-01,2.233831528058514149e-01,-1.199999999999999956e+00
8.430907980166882920e-01,2.234237914634094047e-01,-1.199999999999999956e+00
8.440703475461914795e-01,2.234644301209673944e-01,-1.199999999999999956e+00
8.450498970756946671e-01,2.235050687785253565e-01,-1.199999999999999956e+00
8.460294466051978546e-01,2.235457074360833463e-01,-1.199999999999999956e+00
8.470089961347010421e-01,2.235863460936413361e-01,-1.199999999999999956e+00
8.479885456642042296e-01,2.236269847511992981e-01,-1.199999999999999956e+00
8.489680951937073061e-01,2.236676234087572879e-01,-1.199999999999999956e+00
8.499476447232104936e-01,2.237082620663152777e-01,-1.199999999999999956e+00
8.509271942527136812e-01,2.237489007238732397e-01,-1.199999999999999956e+00
8.519067437822168687e-01,2.237895393814312295e-01,-1.199999999999999956e+00
8.528862933117200562e-01,2.238301780389892193e-01,-1.199999999999999956e+00
8.538658428412232437e-01,2.238708166965471813e-01,-1.199999999999999956e+00
8.548453923707264313e-01,2.239114553541051711e-01,-1.199999999999999956e+00
8.558249419002296188e-01,2.239520940116631609e-01,-1.199999999999999956e+00
8.568044914297328063e-01,2.239927326692211229e-01,-1.199999999999999956e+00
8.577840409592359938e-01,2.240333713267791127e-01,-1.199999999999999956e+00
8.587635904887391813e-01,2.240740099843371025e-01,-1.199999999999999956e+00
8.597431400182422578e-01,2.241146486418950645e-01,-1.199999999999999956e+00
8.607226895477454454e-01,2.241552872994530543e-01,-1.199999999999999956e+00
8.617022390772486329e-01,2.241959259570110441e-01,-1.199999999999999956e+00
8.626817886067518204e-01,2.242365646145690061e-01,-1.199999999999999956e+00
8.636613381362550079e-01,2.242772032721269959e-01,-1.199999999999999956e+00
8.646604786563482081e-01,2.243186547028361288e-01,-1.199999999999999956e+00
8.656596191764414083e-01,2.243601061335452340e-01,-1.199999999999999956e+00
8.666587596965347196e-01,2.244015575642543669e-01,-1.199999999999999956e+00
8.676579002166279198e-01,2.244430089949634721e-01,-1.199999999999999956e+00
8.686570407367211200e-01,2.244844604256726051e-01,-1.199999999999999956e+00
8.696561812568143202e-01,2.245259118563817102e-01,-1.199999999999999956e+00
8.706553217769075204e-01,2.245673632870908432e-01,-1.199999999999999956e+00
8.716544622970007206e-01,2.246088147177999483e-01,-1.199999999999999956e+00
8.726536028170940318e-01,2.246502661485090813e-01,-1.199999999999999956e+00
8.736527433371872320e-01,2.246917175792181864e-01,-1.199999999999999956e+00
8.746518838572804322e-01,2.247331690099273194e-01,-1.199999999999999956e+00
8.756510243773736324e-01,2.247746204406364245e-01,-1.199999999999999956e+00
8.766501648974668326e-01,2.248160718713455575e-01,-1.199999999999999956e+00
8.776493054175601438e-01,2.248575233020546904e-01,-1.199999999999999956e+00
8.786484459376533440e-01,2.248989747327637956e-01,-1.199999999999999956e+00
8.796475864577465442e-01,2.249404261634729285e-01,-1.199999999999999956e+00
8.806467269778397444e-01,2.249818775941820337e-01,-1.199999999999999956e+00
8.816458674979329446e-01,2.250233290248911666e-01,-1.199999999999999956e+00
8.826450080180261448e-01,2.250647804556002718e-01,-1.199999999999999956e+00
8.836441485381194560e-01,2.251062318863094047e-01,-1.199999999999999956e+00
8.846432890582126563e-01,2.251476833170185099e-01,-1.199999999999999956e+00
8.856424295783058565e-01,2.251891347477276428e-01,-1.199999999999999956e+00
8.866415700983990567e-01,2.252305861784367480e-01,-1.199999999999999956e+00
8.876407106184922569e-01,2.252720376091458809e-01,-1.199999999999999956e+00
8.886398511385855681e-01,2.253134890398549861e-01,-1.199999999999999956e+00
8.896389916586787683e-01,2.253549404705641190e-01,-1.199999999999999956e+00
8.906381321787719685e-01,2.253963919012732520e-01,-1.199999999999999956e+00
8.916372726988651687e-01,2.254378433319823571e-01,-1.199999999999999956e+00
8.926364132189583689e-01,2.254792947626914901e-01,-1.199999999999999956e+00
8.936355537390515691e-01,2.255207461934005952e-01,-1.199999999999999956e+00
8.946346942591448803e-01,2.255621976241097282e-01,-1.199999999999999956e+00
8.956338347792380805e-01,2.256036490548188334e-01,-1.199999999999999956e+00
8.966329752993312807e-01,2.256451004855279663e-01,-1.199999999999999956e+00
8.976321158194244809e-01,2.256865519162370715e-01,-1.199999999999999956e+00
8.986312563395176811e-01,2.257280033469462044e-01,-1.199999999999999956e+00
8.996303968596108813e-01,2.257694547776553096e-01,-1.199999999999999956e+00
9.006295373797041925e-01,2.258109062083644425e-01,-1.199999999999999956e+00
9.016286778997973927e-01,2.258523576390735754e-01,-1.199999999999999956e+00
9.026278184198905929e-01,2.258938090697826806e-01,-1.199999999999999956e+00
9.036269589399837932e-01,2.259352605004918135e-01,-1.199999999999999956e+00
9.046260994600769934e-01,2.259767119312009187e-01,-1.199999999999999956e+00
9.056252399801703046e-01,2.260181633619100516e-01,-1.199999999999999956e+00
9.066243805002635048e-01,2.260596147926191568e-01,-1.199999999999999956e+00
9.076235210203567050e-01,2.261010662233282897e-01,-1.199999999999999956e+00
9.086226615404499052e-01,2.261425176540373949e-01,-1.199999999999999956e+00
9.096218020605431054e-01,2.261839690847465278e-01,-1.199999999999999956e+00
9.106209425806363056e-01,2.262254205154556330e-01,-1.199999999999999956e+00
9.116200831007296168e-01,2.262668719461647659e-01,-1.199999999999999956e+00
9.126192236208228170e-01,2.263083233768738711e-01,-1.199999999999999956e+00
9.136183641409160172e-01,2.263497748075830041e-01,-1.199999999999999956e+00
9.146102124607905504e-01,2.263243055548909144e-01,-1.199999999999999956e+00
9.156020607806650835e-01,2.262988363021988247e-01,-1.199999999999999956e+00
9.165939091005397277e-01,2.262733670495067351e-01,-1.199999999999999956e+00
9.175857574204142608e-01,2.262478977968146454e-01,-1.199999999999999956e+00
9.185776057402887940e-01,2.262224285441225557e-01,-1.199999999999999956e+00
9.195694540601633271e-01,2.261969592914304383e-01,-1.199999999999999956e+00
9.205613023800378603e-01,2.261714900387383487e-01,-1.199999999999999956e+00
9.215531506999123934e-01,2.261460207860462590e-01,-1.199999999999999956e+00
9.225449990197870376e-01,2.261205515333541693e-01,-1.199999999999999956e+00
9.235368473396615707e-01,2.260950822806620797e-01,-1.199999999999999956e+00
9.245286956595361039e-01,2.260696130279699900e-01,-1.199999999999999956e+00
9.255205439794106370e-01,2.260441437752779004e-01,-1.199999999999999956e+00
9.265123922992851702e-01,2.260186745225858107e-01,-1.199999999999999956e+00
9.275042406191597033e-01,2.259932052698937210e-01,-1.199999999999999956e+00
9.284960889390343475e-01,2.259677360172016314e-01,-1.199999999999999956e+00
9.294879372589088806e-01,2.259422667645095417e-01,-1.199999999999999956e+00
9.304797855787834138e-01,2.259167975118174243e-01,-1.199999999999999956e+00
9.314716338986579469e-01,2.258913282591253346e-01,-1.199999999999999956e+00
9.324634822185324801e-01,2.258658590064332450e-01,-1.199999999999999956e+00
9.334553305384070132e-01,2.258403897537411553e-01,-1.199999999999999956e+00
9.344471788582816574e-01,2.258149205010490657e-01,-1.199999999999999956e+00
9.354390271781561905e-01,2.257894512483569760e-01,-1.199999999999999956e+00
9.364308754980307237e-01,2.257639819956648863e-01,-1.199999999999999956e+00
9.374227238179052568e-01,2.257385127429727967e-01,-1.199999999999999956e+00
9.384145721377797900e-01,2.257130434902807070e-01,-1.199999999999999956e+00
9.394064204576543231e-01,2.256875742375886174e-01,-1.199999999999999956e+00
9.403982687775289673e-01,2.256621049848965277e-01,-1.199999999999999956e+00
9.413901170974035004e-01,2.256366357322044103e-01,-1.199999999999999956e+00
9.423819654172780336e-01,2.256111664795123206e-01,-1.199999999999999956e+00
9.433738137371525667e-01,2.255856972268202310e-01,-1.199999999999999956e+00
9.443656620570270999e-01,2.255602279741281413e-01,-1.199999999999999956e+00
9.453575103769016330e-01,2.255347587214360516e-01,-1.199999999999999956e+00
9.463493586967762772e-01,2.255092894687439620e-01,-1.199999999999999956e+00
9.473412070166508103e-01,2.254838202160518723e-01,-1.199999999999999956e+00
9.483330553365253435e-01,2.254583509633597826e-01,-1.199999999999999956e+00
9.493249036563998766e-01,2.254328817106676930e-01,-1.199999999999999956e+00
9.503167519762744098e-01,2.254074124579756033e-01,-1.199999999999999956e+00
9.513086002961490539e-01,2.253819432052834859e-01,-1.199999999999999956e+00
9.523004486160235871e-01,2.253564739525913962e-01,-1.199999999999999956e+00
9.532922969358981202e-01,2.253310046998993066e-01,-1.199999999999999956e+00
9.542841452557726534e-01,2.253055354472072169e-01,-1.199999999999999956e+00
9.552759935756471865e-01,2.252800661945151273e-01,-1.199999999999999956e+00
9.562678418955217197e-01,2.252545969418230376e-01,-1.199999999999999956e+00
9.572596902153962528e-01,2.252291276891309479e-01,-1.199999999999999956e+00
9.582515385352708970e-01,2.252036584364388583e-01,-1.199999999999999956e+00
9.592433868551454301e-01,2.251781891837467686e-01,-1.199999999999999956e+00
9.602352351750199633e-01,2.251527199310546790e-01,-1.199999999999999956e+00
9.612270834948944964e-01,2.251272506783625893e-01,-1.199999999999999956e+00
9.622189318147690296e-01,2.251017814256704719e-01,-1.199999999999999956e+00
9.632107801346436737e-01,2.250763121729783822e-01,-1.199999999999999956e+00
9.642026284545182069e-01,2.250508429202862926e-01,-1.199999999999999956e+00
9.651944767743927400e-01,2.250253736675942029e-01,-1.199999999999999956e+00
9.661863250942672732e-01,2.249999044149021132e-01,-1.199999999999999956e+00
9.671781734141418063e-01,2.249744351622100236e-01,-1.199999999999999956e+00
9.681700217340163395e-01,2.249489659095179339e-01,-1.199999999999999956e+00
9.691618700538909836e-01,2.249234966568258443e-01,-1.199999999999999956e+00
9.701537183737655168e-01,2.248980274041337546e-01,-1.199999999999999956e+00
9.711455666936400499e-01,2.248725581514416649e-01,-1.199999999999999956e+00
9.721374150135145831e-01,2.248470888987495753e-01,-1.199999999999999956e+00
9.731292633333891162e-01,2.248216196460574579e-01,-1.199999999999999956e+00
9.741211116532636494e-01,2.247961503933653682e-01,-1.199999999999999956e+00
9.751129599731382935e-01,2.247706811406732785e-01,-1.199999999999999956e+00
9.761048082930128267e-01,2.247452118879811889e-01,-1.199999999999999956e+00
9.770966566128873598e-01,2.247197426352890992e-01,-1.199999999999999956e+00
9.780885049327618930e-01,2.246942733825970095e-01,-1.199999999999999956e+00
9.790803532526364261e-01,2.246688041299049199e-01,-1.199999999999999956e+00
9.800722015725109593e-01,2.246433348772128302e-01,-1.199999999999999956e+00
9.810640498923856034e-01,2.246178656245207406e-01,-1.199999999999999956e+00
9.820558982122601366e-01,2.245923963718286509e-01,-1.199999999999999956e+00
9.830477465321346697e-01,2.245669271191365612e-01,-1.199999999999999956e+00
9.840395948520092029e-01,2.245414578664444438e-01,-1.199999999999999956e+00
9.850314431718837360e-01,2.245159886137523542e-01,-1.199999999999999956e+00
9.860232914917583802e-01,2.244905193610602645e-01,-1.199999999999999956e+00
9.870151398116329133e-01,2.244650501083681748e-01,-1.199999999999999956e+00
9.880069881315074465e-01,2.244395808556760852e-01,-1.199999999999999956e+00
9.889988364513819796e-01,2.244141116029839955e-01,-1.199999999999999956e+00
9.899970440213797795e-01,2.243542647384121347e-01,-1.199999999999999956e+00
9.909952515913774684e-01,2.242944178738402738e-01,-1.199999999999999956e+00
9.919934591613752684e-01,2.242345710092684130e-01,-1.199999999999999956e+00
9.929916667313730683e-01,2.241747241446965522e-01,-1.199999999999999956e+00
9.939898743013707572e-01,2.241148772801246913e-01,-1.199999999999999956e+00
9.949880818713685571e-01,2.240550304155528305e-01,-1.199999999999999956e+00
9.959862894413662460e-01,2.239951835509809697e-01,-1.199999999999999956e+00
9.969844970113640459e-01,2.239353366864091088e-01,-1.199999999999999956e+00
9.979827045813618458e-01,2.238754898218372480e-01,-1.199999999999999956e+00
9.989809121513595347e-01,2.238156429572653872e-01,-1.199999999999999956e+00
9.999791197213573346e-01,2.237557960926935263e-01,-1.199999999999999956e+00
1.000977327291355135e+00,2.236959492281216655e-01,-1.199999999999999956e+00
1.001975534861352823e+00,2.236361023635498324e-01,-1.199999999999999956e+00
1.002973742431350512e+00,2.235762554989779716e-01,-1.199999999999999956e+00
1.003971950001348423e+00,2.235164086344061107e-01,-1.199999999999999956e+00
1.004970157571346112e+00,2.234565617698342499e-01,-1.199999999999999956e+00
1.005968365141343801e+00,2.233967149052623891e-01,-1.199999999999999956e+00
1.006966572711341712e+00,2.233368680406905282e-01,-1.199999999999999956e+00
1.007964780281339401e+00,2.232770211761186674e-01,-1.199999999999999956e+00
1.008962987851337090e+00,2.232171743115468066e-01,-1.199999999999999956e+00
1.009961195421335001e+00,2.231573274469749457e-01,-1.199999999999999956e+00
1.010959402991332690e+00,2.230974805824030849e-01,-1.199999999999999956e+00
1.011957610561330378e+00,2.230376337178312240e-01,-1.199999999999999956e+00
1.012955818131328289e+00,2.229777868532593632e-01,-1.199999999999999956e+00
1.013954025701325978e+00,2.229179399886875024e-01,-1.199999999999999956e+00
1.014952233271323667e+00,2.228580931241156415e-01,-1.199999999999999956e+00
1.015950440841321578e+00,2.227982462595437807e-01,-1.199999999999999956e+00
1.016948648411319267e+00,2.227383993949719199e-01,-1.199999999999999956e+00
1.017946855981316956e+00,2.226785525304000590e-01,-1.199999999999999956e+00
1.018945063551314867e+00,2.226187056658281982e-01,-1.199999999999999956e+00
1.019943271121312556e+00,2.225588588012563374e-01,-1.199999999999999956e+00
1.020941478691310245e+00,2.224990119366844765e-01,-1.199999999999999956e+00
1.021939686261308156e+00,2.224391650721126157e-01,-1.199999999999999956e+00
1.022937893831305844e+00,2.223793182075407548e-01,-1.199999999999999956e+00
1.023936101401303533e+00,2.223194713429688940e-01,-1.199999999999999956e+00
1.024934308971301444e+00,2.222596244783970332e-01,-1.199999999999999956e+00
1.025932516541299133e+00,2.221997776138251723e-01,-1.199999999999999956e+00
1.026930724111296822e+00,2.221399307492533393e-01,-1.199999999999999956e+00
1.027928931681294511e+00,2.220800838846814784e-01,-1.199999999999999956e+00
1.028927139251292422e+00,2.220202370201096176e-01,-1.199999999999999956e+00
1.029925346821290111e+00,2.219603901555377568e-01,-1.199999999999999956e+00
1.030923554391287800e+00,2.219005432909658959e-01,-1.199999999999999956e+00
1.031921761961285711e+00,2.218406964263940351e-01,-1.199999999999999956e+00
1.032919969531283400e+00,2.217808495618221742e-01,-1.199999999999999956e+00
1.033918177101281088e+00,2.217210026972503134e-01,-1.199999999999999956e+00
1.034916384671278999e+00,2.216611558326784526e-01,-1.199999999999999956e+00
1.035914592241276688e+00,2.216013089681065917e-01,-1.199999999999999956e+00
1.036912799811274377e+00,2.215414621035347309e-01,-1.199999999999999956e+00
1.037911007381272288e+00,2.214816152389628701e-01,-1.199999999999999956e+00
1.038909214951269977e+00,2.214217683743910092e-01,-1.199999999999999956e+00
1.039894274068875468e+00,2.215222474818911991e-01,-1.199999999999999956e+00
1.040879333186480737e+00,2.216227265893913612e-01,-1.199999999999999956e+00
1.041864392304086229e+00,2.217232056968915510e-01,-1.199999999999999956e+00
1.042849451421691720e+00,2.218236848043917409e-01,-1.199999999999999956e+00
1.043834510539296989e+00,2.219241639118919029e-01,-1.199999999999999956e+00
1.044819569656902480e+00,2.220246430193920928e-01,-1.199999999999999956e+00
1.045804628774507750e+00,2.221251221268922826e-01,-1.199999999999999956e+00
1.046789687892113241e+00,2.222256012343924447e-01,-1.199999999999999956e+00
1.047774747009718732e+00,2.223260803418926346e-01,-1.199999999999999956e+00
1.048759806127324001e+00,2.224265594493928244e-01,-1.199999999999999956e+00
1.049744865244929493e+00,2.225270385568929865e-01,-1.199999999999999956e+00
1.050729924362534984e+00,2.226275176643931764e-01,-1.199999999999999956e+00
1.051714983480140253e+00,2.227279967718933662e-01,-1.199999999999999956e+00
1.052700042597745744e+00,2.228284758793935283e-01,-1.199999999999999956e+00
1.053685101715351236e+00,2.229289549868937181e-01,-1.199999999999999956e+00
1.054670160832956505e+00,2.230294340943938802e-01,-1.199999999999999956e+00
1.055655219950561996e+00,2.231299132018940701e-01,-1.199999999999999956e+00
1.056640279068167487e+00,2.232303923093942599e-01,-1.199999999999999956e+00
1.057625338185772756e+00,2.233308714168944220e-01,-1.199999999999999956e+00
1.058610397303378248e+00,2.234313505243946119e-01,-1.199999999999999956e+00
1.059595456420983517e+00,2.235318296318948017e-01,-1.199999999999999956e+00
1.060580515538589008e+00,2.236323087393949638e-01,-1.199999999999999956e+00
1.061565574656194499e+00,2.237327878468951536e-01,-1.199999999999999956e+00
1.062550633773799769e+00,2.238332669543953435e-01,-1.199999999999999956e+00
1.063535692891405260e+00,2.239337460618955056e-01,-1.199999999999999956e+00
1.064520752009010751e+00,2.240342251693956954e-01,-1.199999999999999956e+00
1.065505811126616020e+00,2.241347042768958853e-01,-1.199999999999999956e+00
1.066490870244221512e+00,2.242351833843960474e-01,-1.199999999999999956e+00
1.067475929361827003e+00,2.243356624918962372e-01,-1.199999999999999956e+00
1.068460988479432272e+00,2.244361415993964270e-01,-1.199999999999999956e+00
1.069446047597037763e+00,2.245366207068965891e-01,-1.199999999999999956e+00
1.070431106714643033e+00,2.246370998143967790e-01,-1.199999999999999956e+00
1.071416165832248524e+00,2.247375789218969688e-01,-1.199999999999999956e+00
1.072401224949854015e+00,2.248380580293971309e-01,-1.199999999999999956e+00
1.073386284067459284e+00,2.249385371368973208e-01,-1.199999999999999956e+00
1.074371343185064775e+00,2.250390162443975106e-01,-1.199999999999999956e+00
1.075356402302670267e+00,2.251394953518976727e-01,-1.199999999999999956e+00
1.076341461420275536e+00,2.252399744593978625e-01,-1.199999999999999956e+00
1.077326520537881027e+00,2.253404535668980524e-01,-1.199999999999999956e+00
1.078311579655486518e+00,2.254409326743982145e-01,-1.199999999999999956e+00
1.079296638773091788e+00,2.255414117818984043e-01,-1.199999999999999956e+00
1.080281697890697279e+00,2.256418908893985942e-01,-1.199999999999999956e+00
1.081266757008302548e+00,2.257423699968987563e-01,-1.199999999999999956e+00
1.082251816125908039e+00,2.258428491043989461e-01,-1.199999999999999956e+00
1.083236875243513531e+00,2.259433282118991082e-01,-1.199999999999999956e+00
1.084221934361118800e+00,2.260438073193992981e-01,-1.199999999999999956e+00
1.085206993478724291e+00,2.261442864268994879e-01,-1.199999999999999956e+00
1.086192052596329782e+00,2.262447655343996500e-01,-1.199999999999999956e+00
1.087177111713935052e+00,2.263452446418998398e-01,-1.199999999999999956e+00
1.088162170831540543e+00,2.264457237494000297e-01,-1.199999999999999956e+00
1.089147229949146034e+00,2.265462028569001918e-01,-1.199999999999999956e+00
1.090132289066751303e+00,2.266466819644003816e-01,-1.199999999999999956e+00
1.091117348184356795e+00,2.267471610719005715e-01,-1.199999999999999956e+00
1.092102407301962286e+00,2.268476401794007336e-01,-1.199999999999999956e+00
1.093087466419567555e+00,2.269481192869009234e-01,-1.199999999999999956e+00
1.094072525537173046e+00,2.270485983944011132e-01,-1.199999999999999956e+00
1.095057584654778315e+00,2.271490775019012753e-01,-1.199999999999999956e+00
1.096042643772383807e+00,2.272495566094014652e-01,-1.199999999999999956e+00
1.097027702889989298e+00,2.273500357169016550e-01,-1.199999999999999956e+00
1.098012762007594567e+00,2.274505148244018171e-01,-1.199999999999999956e+00
1.098997821125200058e+00,2.275509939319020070e-01,-1.199999999999999956e+00
1.099969207312510022e+00,2.276835746859407206e-01,-1.199999999999999956e+00
1.100940593499819986e+00,2.278161554399794064e-01,-1.199999999999999956e+00
1.101911979687129950e+00,2.279487361940181200e-01,-1.199999999999999956e+00
1.102883365874440136e+00,2.280813169480568336e-01,-1.199999999999999956e+00
1.103854752061750100e+00,2.282138977020955473e-01,-1.199999999999999956e+00
1.104826138249060064e+00,2.283464784561342331e-01,-1.199999999999999956e+00
1.105797524436370027e+00,2.284790592101729467e-01,-1.199999999999999956e+00
1.106768910623679991e+00,2.286116399642116603e-01,-1.199999999999999956e+00
1.107740296810989955e+00,2.287442207182503739e-01,-1.199999999999999956e+00
1.108711682998300141e+00,2.288768014722890598e-01,-1.199999999999999956e+00
1.109683069185610105e+00,2.290093822263277734e-01,-1.199999999999999956e+00
1.110654455372920069e+00,2.291419629803664870e-01,-1.199999999999999956e+00
1.111625841560230032e+00,2.292745437344051729e-01,-1.199999999999999956e+00
1.112597227747539996e+00,2.294071244884438865e-01,-1.199999999999999956e+00
1.113568613934849960e+00,2.295397052424826001e-01,-1.199999999999999956e+00
1.114540000122160146e+00,2.296722859965213137e-01,-1.199999999999999956e+00
1.115511386309470110e+00,2.298048667505599996e-01,-1.199999999999999956e+00
1.116482772496780074e+00,2.299374475045987132e-01,-1.199999999999999956e+00
1.117454158684090038e+00,2.300700282586374268e-01,-1.199999999999999956e+00
1.118425544871400001e+00,2.302026090126761404e-01,-1.199999999999999956e+00
1.119396931058709965e+00,2.303351897667148263e-01,-1.199999999999999956e+00
1.120368317246019929e+00,2.304677705207535399e-01,-1.199999999999999956e+00
1.121339703433330115e+00,2.306003512747922535e-01,-1.199999999999999956e+00
1.122311089620640079e+00,2.307329320288309393e-01,-1.199999999999999956e+00
1.123282475807950043e+00,2.308655127828696529e-01,-1.199999999999999956e+00
1.124253861995260007e+00,2.309980935369083666e-01,-1.199999999999999956e+00
1.125225248182569970e+00,2.311306742909470802e-01,-1.199999999999999956e+00
1.126196634369879934e+00,2.312632550449857660e-01,-1.199999999999999956e+00
1.127168020557190120e+00,2.313958357990244796e-01,-1.199999999999999956e+00
1.128139406744500084e+00,2.315284165530631932e-01,-1.199999999999999956e+00
1.129110792931810048e+00,2.316609973071018791e-01,-1.199999999999999956e+00
1.130082179119120012e+00,2.317935780611405927e-01,-1.199999999999999956e+00
1.131053565306429975e+00,2.319261588151793063e-01,-1.199999999999999956e+00
1.132024951493739939e+00,2.320587395692180199e-01,-1.199999999999999956e+00
1.132996337681050125e+00,2.321913203232567058e-01,-1.199999999999999956e+00
1.133967723868360089e+00,2.323239010772954194e-01,-1.199999999999999956e+00
1.134939110055670053e+00,2.324564818313341330e-01,-1.199999999999999956e+00
1.135910496242980017e+00,2.325890625853728466e-01,-1.199999999999999956e+00
1.136881882430289981e+00,2.327216433394115325e-01,-1.199999999999999956e+00
1.137853268617599944e+00,2.328542240934502461e-01,-1.199999999999999956e+00
1.138824654804909908e+00,2.329868048474889597e-01,-1.199999999999999956e+00
1.139796040992220094e+00,2.331193856015276455e-01,-1.199999999999999956e+00
1.140767427179530058e+00,2.332519663555663592e-01,-1.199999999999999956e+00
1.141738813366840022e+00,2.333845471096050728e-01,-1.199999999999999956e+00
1.142710199554149986e+00,2.335171278636437864e-01,-1.199999999999999956e+00
1.143681585741459950e+00,2.336497086176824722e-01,-1.199999999999999956e+00
1.144652971928769913e+00,2.337822893717211858e-01,-1.199999999999999956e+00
1.145624358116080099e+00,2.339148701257598995e-01,-1.199999999999999956e+00
1.146595744303390063e+00,2.340474508797986131e-01,-1.199999999999999956e+00
1.147567130490700027e+00,2.341800316338372989e-01,-1.199999999999999956e+00
1.148538516678009991e+00,2.343126123878760125e-01,-1.199999999999999956e+00
1.149524703075008647e+00,2.341996529517374748e-01,-1.199999999999999956e+00
1.150510889472007303e+00,2.340866935155989370e-01,-1.199999999999999956e+00
1.151497075869006181e+00,2.339737340794603992e-01,-1.199999999999999956e+00
1.152483262266004838e+00,2.338607746433218337e-01,-1.199999999999999956e+00
1.153469448663003494e+00,2.337478152071832960e-01,-1.199999999999999956e+00
1.154455635060002150e+00,2.336348557710447582e-01,-1.199999999999999956e+00
1.155441821457001028e+00,2.335218963349062204e-01,-1.199999999999999956e+00
1.156428007853999684e+00,2.334089368987676827e-01,-1.199999999999999956e+00
1.157414194250998341e+00,2.332959774626291449e-01,-1.199999999999999956e+00
1.158400380647996997e+00,2.331830180264906072e-01,-1.199999999999999956e+00
1.159386567044995653e+00,2.330700585903520694e-01,-1.199999999999999956e+00
1.160372753441994531e+00,2.329570991542135039e-01,-1.199999999999999956e+00
1.161358939838993187e+00,2.328441397180749661e-01,-1.199999999999999956e+00
1.162345126235991843e+00,2.327311802819364284e-01,-1.199999999999999956e+00
1.163331312632990500e+00,2.326182208457978906e-01,-1.199999999999999956e+00
1.164317499029989378e+00,2.325052614096593528e-01,-1.199999999999999956e+00
1.165303685426988034e+00,2.323923019735208151e-01,-1.199999999999999956e+00
1.166289871823986690e+00,2.322793425373822773e-01,-1.199999999999999956e+00
1.167276058220985346e+00,2.321663831012437396e-01,-1.199999999999999956e+00
1.168262244617984003e+00,2.320534236651051740e-01,-1.199999999999999956e+00
1.169248431014982881e+00,2.319404642289666363e-01,-1.199999999999999956e+00
1.170234617411981537e+00,2.318275047928280985e-01,-1.199999999999999956e+00
1.171220803808980193e+00,2.317145453566895608e-01,-1.199999999999999956e+00
1.172206990205978849e+00,2.316015859205510230e-01,-1.199999999999999956e+00
1.173193176602977728e+00,2.314886264844124852e-01,-1.199999999999999956e+00
1.174179362999976384e+00,2.313756670482739475e-01,-1.199999999999999956e+00
1.175165549396975040e+00,2.312627076121354097e-01,-1.199999999999999956e+00
1.176151735793973696e+00,2.311497481759968442e-01,-1.199999999999999956e+00
1.177137922190972352e+00,2.310367887398583064e-01,-1.199999999999999956e+00
1.178124108587971230e+00,2.309238293037197687e-01,-1.199999999999999956e+00
1.179110294984969887e+00,2.308108698675812309e-01,-1.199999999999999956e+00
1.180096481381968543e+00,2.306979104314426932e-01,-1.199999999999999956e+00
1.181082667778967199e+00,2.305849509953041554e-01,-1.199999999999999956e+00
1.182068854175966077e+00,2.304719915591656176e-01,-1.199999999999999956e+00
1.183055040572964733e+00,2.303590321230270521e-01,-1.199999999999999956e+00
1.184041226969963390e+00,2.302460726868885144e-01,-1.199999999999999956e+00
1.185027413366962046e+00,2.301331132507499766e-01,-1.199999999999999956e+00
1.186013599763960702e+00,2.300201538146114388e-01,-1.199999999999999956e+00
1.186999786160959580e+00,2.299071943784729011e-01,-1.199999999999999956e+00
1.187985972557958236e+00,2.297942349423343633e-01,-1.199999999999999956e+00
1.188972158954956893e+00,2.296812755061958256e-01,-1.199999999999999956e+00
1.189958345351955549e+00,2.295683160700572878e-01,-1.199999999999999956e+00
1.190944531748954427e+00,2.294553566339187223e-01,-1.199999999999999956e+00
1.191930718145953083e+00,2.293423971977801845e-01,-1.199999999999999956e+00
1.192916904542951739e+00,2.292294377616416468e-01,-1.199999999999999956e+00
1.193903090939950395e+00,2.291164783255031090e-01,-1.199999999999999956e+00
1.194889277336949274e+00,2.290035188893645712e-01,-1.199999999999999956e+00
1.195875463733947930e+00,2.288905594532260335e-01,-1.199999999999999956e+00
1.196861650130946586e+00,2.287776000170874957e-01,-1.199999999999999956e+00
1.197847836527945242e+00,2.286646405809489579e-01,-1.199999999999999956e+00
1.198834022924943898e+00,2.285516811448103924e-01,-1.199999999999999956e+00
1.199820209321942777e+00,2.284387217086718547e-01,-1.199999999999999956e+00
1.200806395718941433e+00,2.283257622725333169e-01,-1.199999999999999956e+00
1.201792582115940089e+00,2.282128028363947791e-01,-1.199999999999999956e+00
1.202778768512938745e+00,2.280998434002562414e-01,-1.199999999999999956e+00
1.203764954909937623e+00,2.279868839641177036e-01,-1.199999999999999956e+00
1.204751141306936280e+00,2.278739245279791659e-01,-1.199999999999999956e+00
1.205737327703934936e+00,2.277609650918406003e-01,-1.199999999999999956e+00
1.206723514100933592e+00,2.276480056557020626e-01,-1.199999999999999956e+00
1.207709700497932248e+00,2.275350462195635248e-01,-1.199999999999999956e+00
1.208695886894931126e+00,2.274220867834249871e-01,-1.199999999999999956e+00
1.209682073291929782e+00,2.273091273472864493e-01,-1.199999999999999956e+00
1.210668259688928439e+00,2.271961679111479115e-01,-1.199999999999999956e+00
1.211654446085927095e+00,2.270832084750093738e-01,-1.199999999999999956e+00
1.212640632482925973e+00,2.269702490388708360e-01,-1.199999999999999956e+00
1.213626818879924629e+00,2.268572896027322705e-01,-1.199999999999999956e+00
1.214613005276923285e+00,2.267443301665937327e-01,-1.199999999999999956e+00
1.215599191673921942e+00,2.266313707304551950e-01,-1.199999999999999956e+00
1.216585378070920598e+00,2.265184112943166572e-01,-1.199999999999999956e+00
1.217571564467919476e+00,2.264054518581781195e-01,-1.199999999999999956e+00
1.218557750864918132e+00,2.262924924220395817e-01,-1.199999999999999956e+00
1.219543937261916788e+00,2.261795329859010439e-01,-1.199999999999999956e+00
1.220530123658915445e+00,2.260665735497625062e-01,-1.199999999999999956e+00
1.221516310055914323e+00,2.259536141136239407e-01,-1.199999999999999956e+00
1.222502496452912979e+00,2.258406546774854029e-01,-1.199999999999999956e+00
1.223488682849911635e+00,2.257276952413468651e-01,-1.199999999999999956e+00
1.224474869246910291e+00,2.256147358052083274e-01,-1.199999999999999956e+00
1.225461055643908947e+00,2.255017763690697896e-01,-1.199999999999999956e+00
1.226447242040907826e+00,2.253888169329312519e-01,-1.199999999999999956e+00
1.227433428437906482e+00,2.252758574967927141e-01,-1.199999999999999956e+00
1.228419614834905138e+00,2.251628980606541486e-01,-1.199999999999999956e+00
1.229405801231903794e+00,2.250499386245156108e-01,-1.199999999999999956e+00
1.230391987628902672e+00,2.249369791883770731e-01,-1.199999999999999956e+00
1.231378174025901329e+00,2.248240197522385353e-01,-1.199999999999999956e+00
1.232364360422899985e+00,2.247110603160999975e-01,-1.199999999999999956e+00
1.233302550068555714e+00,2.244265098460204166e-01,-1.199999999999999956e+00
1.234240739714211443e+00,2.241419593759408635e-01,-1.199999999999999956e+00
1.235178929359866951e+00,2.238574089058612826e-01,-1.199999999999999956e+00
1.236117119005522680e+00,2.235728584357817295e-01,-1.199999999999999956e+00
1.237055308651178409e+00,2.232883079657021486e-01,-1.199999999999999956e+00
1.237993498296834138e+00,2.230037574956225954e-01,-1.199999999999999956e+00
1.238931687942489868e+00,2.227192070255430145e-01,-1.199999999999999956e+00
1.239869877588145375e+00,2.224346565554634614e-01,-1.199999999999999956e+00
1.240808067233801104e+00,2.221501060853838805e-01,-1.199999999999999956e+00
1.241746256879456833e+00,2.218655556153043273e-01,-1.199999999999999956e+00
1.242684446525112563e+00,2.215810051452247464e-01,-1.199999999999999956e+00
1.243622636170768292e+00,2.212964546751451655e-01,-1.199999999999999956e+00
1.244560825816423799e+00,2.210119042050656124e-01,-1.199999999999999956e+00
1.245499015462079528e+00,2.207273537349860315e-01,-1.199999999999999956e+00
1.246437205107735258e+00,2.204428032649064784e-01,-1.199999999999999956e+00
1.247375394753390987e+00,2.201582527948268975e-01,-1.199999999999999956e+00
1.248313584399046716e+00,2.198737023247473443e-01,-1.199999999999999956e+00
1.249251774044702223e+00,2.195891518546677634e-01,-1.199999999999999956e+00
1.250189963690357953e+00,2.193046013845882103e-01,-1.199999999999999956e+00
1.251128153336013682e+00,2.190200509145086294e-01,-1.199999999999999956e+00
1.252066342981669411e+00,2.187355004444290762e-01,-1.199999999999999956e+00
1.253004532627325140e+00,2.184509499743494954e-01,-1.199999999999999956e+00
1.253942722272980648e+00,2.181663995042699145e-01,-1.199999999999999956e+00
1.254880911918636377e+00,2.178818490341903613e-01,-1.199999999999999956e+00
1.255819101564292106e+00,2.175972985641107804e-01,-1.199999999999999956e+00
1.256757291209947835e+00,2.173127480940312273e-01,-1.199999999999999956e+00
1.257695480855603565e+00,2.170281976239516464e-01,-1.199999999999999956e+00
1.258633670501259294e+00,2.167436471538720932e-01,-1.199999999999999956e+00
1.259571860146914801e+00,2.164590966837925123e-01,-1.199999999999999956e+00
1.260510049792570531e+00,2.161745462137129592e-01,-1.199999999999999956e+00
1.261448239438226260e+00,2.158899957436333783e-01,-1.199999999999999956e+00
1.262386429083881989e+00,2.156054452735537974e-01,-1.199999999999999956e+00
1.263324618729537718e+00,2.153208948034742443e-01,-1.199999999999999956e+00
1.264262808375193226e+00,2.150363443333946634e-01,-1.199999999999999956e+00
1.265200998020848955e+00,2.147517938633151102e-01,-1.199999999999999956e+00
1.266139187666504684e+00,2.144672433932355293e-01,-1.199999999999999956e+00
1.267077377312160413e+00,2.141826929231559762e-01,-1.199999999999999956e+00
1.268015566957816143e+00,2.138981424530763953e-01,-1.199999999999999956e+00
1.268953756603471650e+00,2.136135919829968421e-01,-1.199999999999999956e+00
1.269891946249127379e+00,2.133290415129172612e-01,-1.199999999999999956e+00
1.270830135894783108e+00,2.130444910428376804e-01,-1.199999999999999956e+00
1.271768325540438838e+00,2.127599405727581272e-01,-1.199999999999999956e+00
1.272706515186094567e+00,2.124753901026785463e-01,-1.199999999999999956e+00
1.273644704831750074e+00,2.121908396325989932e-01,-1.199999999999999956e+00
1.274582894477405803e+00,2.119062891625194123e-01,-1.199999999999999956e+00
1.275521084123061533e+00,2.116217386924398591e-01,-1.199999999999999956e+00
1.276459273768717262e+00,2.113371882223602782e-01,-1.199999999999999956e+00
1.277397463414372991e+00,2.110526377522807251e-01,-1.199999999999999956e+00
1.278335653060028498e+00,2.107680872822011442e-01,-1.199999999999999956e+00
1.279273842705684228e+00,2.104835368121215911e-01,-1.199999999999999956e+00
1.280212032351339957e+00,2.101989863420420102e-01,-1.199999999999999956e+00
1.281168985789908454e+00,2.099087448625608365e-01,-1.199999999999999956e+00
1.282125939228477174e+00,2.096185033830796907e-01,-1.199999999999999956e+00
1.283082892667045671e+00,2.093282619035985170e-01,-1.199999999999999956e+00
1.284039846105614391e+00,2.090380204241173712e-01,-1.199999999999999956e+00
1.284996799544182888e+00,2.087477789446361975e-01,-1.199999999999999956e+00
1.285953752982751608e+00,2.084575374651550517e-01,-1.199999999999999956e+00
1.286910706421320105e+00,2.081672959856738780e-01,-1.199999999999999956e+00
1.287867659859888825e+00,2.078770545061927322e-01,-1.199999999999999956e+00
1.288824613298457322e+00,2.075868130267115585e-01,-1.199999999999999956e+00
1.289781566737026042e+00,2.072965715472304127e-01,-1.199999999999999956e+00
1.290738520175594539e+00,2.070063300677492391e-01,-1.199999999999999956e+00
1.291695473614163259e+00,2.067160885882680932e-01,-1.199999999999999956e+00
1.292652427052731756e+00,2.064258471087869196e-01,-1.199999999999999956e+00
1.293609380491300254e+00,2.061356056293057737e-01,-1.199999999999999956e+00
1.294566333929868973e+00,2.058453641498246001e-01,-1.199999999999999956e+00
1.295523287368437471e+00,2.055551226703434542e-01,-1.199999999999999956e+00
1.296480240807006190e+00,2.052648811908622806e-01,-1.199999999999999956e+00
1.297437194245574688e+00,2.049746397113811347e-01,-1.199999999999999956e+00
1.298394147684143407e+00,2.046843982318999611e-01,-1.199999999999999956e+00
1.299351101122711905e+00,2.043941567524188152e-01,-1.199999999999999956e+00
1.300308054561280624e+00,2.041039152729376416e-01,-1.199999999999999956e+00
1.301265007999849121e+00,2.038136737934564957e-01,-1.199999999999999956e+00
1.302221961438417841e+00,2.035234323139753221e-01,-1.199999999999999956e+00
1.303178914876986338e+00,2.032331908344941762e-01,-1.199999999999999956e+00
1.304135868315555058e+00,2.029429493550130026e-01,-1.199999999999999956e+00
1.305092821754123555e+00,2.026527078755318290e-01,-1.199999999999999956e+00
1.306049775192692053e+00,2.023624663960506831e-01,-1.199999999999999956e+00
1.307006728631260772e+00,2.020722249165695095e-01,-1.199999999999999956e+00
1.307963682069829270e+00,2.017819834370883636e-01,-1.199999999999999956e+00
1.308920635508397989e+00,2.014917419576071900e-01,-1.199999999999999956e+00
1.309877588946966487e+00,2.012015004781260441e-01,-1.199999999999999956e+00
1.310834542385535206e+00,2.009112589986448705e-01,-1.199999999999999956e+00
1.311791495824103704e+00,2.006210175191637246e-01,-1.199999999999999956e+00
1.312748449262672423e+00,2.003307760396825510e-01,-1.199999999999999956e+00
1.313705402701240921e+00,2.000405345602014051e-01,-1.199999999999999956e+00
1.314662356139809640e+00,1.997502930807202315e-01,-1.199999999999999956e+00
1.315619309578378138e+00,1.994600516012390856e-01,-1.199999999999999956e+00
1.316576263016946635e+00,1.991698101217579120e-01,-1.199999999999999956e+00
1.317533216455515355e+00,1.988795686422767661e-01,-1.199999999999999956e+00
1.318490169894083852e+00,1.985893271627955925e-01,-1.199999999999999956e+00
1.319447123332652572e+00,1.982990856833144466e-01,-1.199999999999999956e+00
1.320404076771221069e+00,1.980088442038332730e-01,-1.199999999999999956e+00
1.321361030209789789e+00,1.977186027243521271e-01,-1.199999999999999956e+00
1.322317983648358286e+00,1.974283612448709535e-01,-1.199999999999999956e+00
1.323274937086927006e+00,1.971381197653898076e-01,-1.199999999999999956e+00
1.324231890525495503e+00,1.968478782859086340e-01,-1.199999999999999956e+00
1.325188843964064223e+00,1.965576368064274881e-01,-1.199999999999999956e+00
1.326145797402632720e+00,1.962673953269463145e-01,-1.199999999999999956e+00
1.327102750841201440e+00,1.959771538474651686e-01,-1.199999999999999956e+00
1.328059704279769937e+00,1.956869123679839950e-01,-1.199999999999999956e+00
1.328997893925425666e+00,1.954023618979044141e-01,-1.199999999999999956e+00
1.329936083571081396e+00,1.951178114278248610e-01,-1.199999999999999956e+00
1.330874273216736903e+00,1.948332609577452801e-01,-1.199999999999999956e+00
1.331812462862392632e+00,1.945487104876657269e-01,-1.199999999999999956e+00
1.332750652508048361e+00,1.942641600175861460e-01,-1.199999999999999956e+00
1.333688842153704091e+00,1.939796095475065929e-01,-1.199999999999999956e+00
1.334627031799359820e+00,1.936950590774270120e-01,-1.199999999999999956e+00
1.335565221445015327e+00,1.934105086073474589e-01,-1.199999999999999956e+00
1.336503411090671056e+00,1.931259581372678780e-01,-1.199999999999999956e+00
1.337441600736326786e+00,1.928414076671883248e-01,-1.199999999999999956e+00
1.338379790381982515e+00,1.925568571971087439e-01,-1.199999999999999956e+00
1.339317980027638244e+00,1.922723067270291630e-01,-1.199999999999999956e+00
1.340256169673293751e+00,1.919877562569496099e-01,-1.199999999999999956e+00
1.341194359318949481e+00,1.917032057868700290e-01,-1.199999999999999956e+00
1.342132548964605210e+00,1.914186553167904759e-01,-1.199999999999999956e+00
1.343070738610260939e+00,1.911341048467108950e-01,-1.199999999999999956e+00
1.344008928255916668e+00,1.908495543766313418e-01,-1.199999999999999956e+00
1.344947117901572176e+00,1.905650039065517609e-01,-1.199999999999999956e+00
1.345885307547227905e+00,1.902804534364722078e-01,-1.199999999999999956e+00
1.346823497192883634e+00,1.899959029663926269e-01,-1.199999999999999956e+00
1.347761686838539363e+00,1.897113524963130460e-01,-1.199999999999999956e+00
1.348699876484195093e+00,1.894268020262334928e-01,-1.199999999999999956e+00
1.349638066129850600e+00,1.891422515561539119e-01,-1.199999999999999956e+00
1.350576255775506329e+00,1.888577010860743588e-01,-1.199999999999999956e+00
1.351514445421162058e+00,1.885731506159947779e-01,-1.199999999999999956e+00
1.352452635066817788e+00,1.882886001459152248e-01,-1.199999999999999956e+00
1.353390824712473517e+00,1.880040496758356439e-01,-1.199999999999999956e+00
1.354329014358129246e+00,1.877194992057560907e-01,-1.199999999999999956e+00
1.355267204003784753e+00,1.874349487356765098e-01,-1.199999999999999956e+00
1.356205393649440483e+00,1.871503982655969289e-01,-1.199999999999999956e+00
1.357143583295096212e+00,1.868658477955173758e-01,-1.199999999999999956e+00
1.358081772940751941e+00,1.865812973254377949e-01,-1.199999999999999956e+00
1.359019962586407670e+00,1.862967468553582417e-01,-1.199999999999999956e+00
1.359958152232063178e+00,1.860121963852786608e-01,-1.199999999999999956e+00
1.360896341877718907e+00,1.857276459151991077e-01,-1.199999999999999956e+00
1.361834531523374636e+00,1.854430954451195268e-01,-1.199999999999999956e+00
1.362772721169030365e+00,1.851585449750399737e-01,-1.199999999999999956e+00
1.363710910814686095e+00,1.848739945049603928e-01,-1.199999999999999956e+00
1.364649100460341602e+00,1.845894440348808396e-01,-1.199999999999999956e+00
1.365587290105997331e+00,1.843048935648012587e-01,-1.199999999999999956e+00
1.366525479751653060e+00,1.840203430947217056e-01,-1.199999999999999956e+00
1.367463669397308790e+00,1.837357926246421247e-01,-1.199999999999999956e+00
1.368401859042964519e+00,1.834512421545625438e-01,-1.199999999999999956e+00
1.369340048688620026e+00,1.831666916844829907e-01,-1.199999999999999956e+00
1.370278238334275756e+00,1.828821412144034098e-01,-1.199999999999999956e+00
1.371216427979931485e+00,1.825975907443238566e-01,-1.199999999999999956e+00
1.372154617625587214e+00,1.823130402742442757e-01,-1.199999999999999956e+00
1.373092807271242943e+00,1.820284898041647226e-01,-1.199999999999999956e+00
1.374030996916898451e+00,1.817439393340851417e-01,-1.199999999999999956e+00
1.374969186562554180e+00,1.814593888640055885e-01,-1.199999999999999956e+00
1.375907376208209909e+00,1.811748383939260076e-01,-1.199999999999999956e+00
1.376891369714280167e+00,1.810858760897861020e-01,-1.199999999999999956e+00
1.377875363220350424e+00,1.809969137856462240e-01,-1.199999999999999956e+00
1.378859356726420904e+00,1.809079514815063183e-01,-1.199999999999999956e+00
1.379843350232491161e+00,1.808189891773664126e-01,-1.199999999999999956e+00
1.380827343738561419e+00,1.807300268732265347e-01,-1.199999999999999956e+00
1.381811337244631677e+00,1.806410645690866290e-01,-1.199999999999999956e+00
1.382795330750701934e+00,1.805521022649467233e-01,-1.199999999999999956e+00
1.383779324256772192e+00,1.804631399608068176e-01,-1.199999999999999956e+00
1.384763317762842671e+00,1.803741776566669397e-01,-1.199999999999999956e+00
1.385747311268912929e+00,1.802852153525270340e-01,-1.199999999999999956e+00
1.386731304774983187e+00,1.801962530483871283e-01,-1.199999999999999956e+00
1.387715298281053444e+00,1.801072907442472504e-01,-1.199999999999999956e+00
1.388699291787123702e+00,1.800183284401073447e-01,-1.199999999999999956e+00
1.389683285293193959e+00,1.799293661359674390e-01,-1.199999999999999956e+00
1.390667278799264439e+00,1.798404038318275611e-01,-1.199999999999999956e+00
1.391651272305334697e+00,1.797514415276876554e-01,-1.199999999999999956e+00
1.392635265811404954e+00,1.796624792235477497e-01,-1.199999999999999956e+00
1.393619259317475212e+00,1.795735169194078718e-01,-1.199999999999999956e+00
1.394603252823545469e+00,1.794845546152679661e-01,-1.199999999999999956e+00
1.395587246329615949e+00,1.793955923111280604e-01,-1.199999999999999956e+00
1.396571239835686207e+00,1.793066300069881547e-01,-1.199999999999999956e+00
1.397555233341756464e+00,1.792176677028482767e-01,-1.199999999999999956e+00
1.398539226847826722e+00,1.791287053987083711e-01,-1.199999999999999956e+00
1.399523220353896980e+00,1.790397430945684654e-01,-1.199999999999999956e+00
1.400507213859967237e+00,1.789507807904285874e-01,-1.199999999999999956e+00
1.401491207366037717e+00,1.788618184862886817e-01,-1.199999999999999956e+00
1.402475200872107974e+00,1.787728561821487760e-01,-1.199999999999999956e+00
1.403459194378178232e+00,1.786838938780088981e-01,-1.199999999999999956e+00
1.404443187884248490e+00,1.785949315738689924e-01,-1.199999999999999956e+00
1.405427181390318747e+00,1.785059692697290867e-01,-1.199999999999999956e+00
1.406411174896389005e+00,1.784170069655892088e-01,-1.199999999999999956e+00
1.407395168402459484e+00,1.783280446614493031e-01,-1.199999999999999956e+00
1.408379161908529742e+00,1.782390823573093974e-01,-1.199999999999999956e+00
1.409363155414600000e+00,1.781501200531694917e-01,-1.199999999999999956e+00
1.410347148920670257e+00,1.780611577490296138e-01,-1.199999999999999956e+00
1.411331142426740515e+00,1.779721954448897081e-01,-1.199999999999999956e+00
1.412315135932810994e+00,1.778832331407498024e-01,-1.199999999999999956e+00
1.413299129438881252e+00,1.777942708366099245e-01,-1.199999999999999956e+00
1.414283122944951510e+00,1.777053085324700188e-01,-1.199999999999999956e+00
1.415267116451021767e+00,1.776163462283301131e-01,-1.199999999999999956e+00
1.416251109957092025e+00,1.775273839241902352e-01,-1.199999999999999956e+00
1.417235103463162282e+00,1.774384216200503295e-01,-1.199999999999999956e+00
1.418219096969232762e+00,1.773494593159104238e-01,-1.199999999999999956e+00
1.419203090475303020e+00,1.772604970117705458e-01,-1.199999999999999956e+00
1.420187083981373277e+00,1.771715347076306402e-01,-1.199999999999999956e+00
1.421171077487443535e+00,1.770825724034907345e-01,-1.199999999999999956e+00
1.422155070993513792e+00,1.769936100993508565e-01,-1.199999999999999956e+00
1.423139064499584050e+00,1.769046477952109508e-01,-1.199999999999999956e+00
1.424123058005654530e+00,1.768156854910710452e-01,-1.199999999999999956e+00
1.425107051511724787e+00,1.767267231869311395e-01,-1.199999999999999956e+00
1.426091045017795045e+00,1.766377608827912615e-01,-1.199999999999999956e+00
1.427075038523865302e+00,1.765487985786513558e-01,-1.199999999999999956e+00
1.428059032029935560e+00,1.764598362745114501e-01,-1.199999999999999956e+00
1.429043025536006040e+00,1.763708739703715722e-01,-1.199999999999999956e+00
1.430027019042076297e+00,1.762819116662316665e-01,-1.199999999999999956e+00
1.431011012548146555e+00,1.761929493620917608e-01,-1.199999999999999956e+00
1.431995006054216812e+00,1.761039870579518829e-01,-1.199999999999999956e+00
1.432978999560287070e+00,1.760150247538119772e-01,-1.199999999999999956e+00
1.433962993066357328e+00,1.759260624496720715e-01,-1.199999999999999956e+00
1.434946986572427807e+00,1.758371001455321936e-01,-1.199999999999999956e+00
1.435930980078498065e+00,1.757481378413922879e-01,-1.199999999999999956e+00
1.436914973584568322e+00,1.756591755372523822e-01,-1.199999999999999956e+00
1.437898967090638580e+00,1.755702132331124765e-01,-1.199999999999999956e+00
1.438882960596708838e+00,1.754812509289725986e-01,-1.199999999999999956e+00
1.439866954102779317e+00,1.753922886248326929e-01,-1.199999999999999956e+00
1.440850947608849575e+00,1.753033263206927872e-01,-1.199999999999999956e+00
1.441834941114919832e+00,1.752143640165529093e-01,-1.199999999999999956e+00
1.442818934620990090e+00,1.751254017124130036e-01,-1.199999999999999956e+00
1.443799161649585550e+00,1.751074085567968230e-01,-1.199999999999999956e+00
1.444779388678181009e+00,1.750894154011806425e-01,-1.199999999999999956e+00
1.445759615706776469e+00,1.750714222455644620e-01,-1.199999999999999956e+00
1.446739842735372150e+00,1.750534290899483092e-01,-1.199999999999999956e+00
1.447720069763967610e+00,1.750354359343321287e-01,-1.199999999999999956e+00
1.448700296792563069e+00,1.750174427787159481e-01,-1.199999999999999956e+00
1.449680523821158529e+00,1.749994496230997676e-01,-1.199999999999999956e+00
1.450660750849753988e+00,1.749814564674835871e-01,-1.199999999999999956e+00
1.451640977878349448e+00,1.749634633118674065e-01,-1.199999999999999956e+00
1.452621204906944907e+00,1.749454701562512260e-01,-1.199999999999999956e+00
1.453601431935540589e+00,1.749274770006350732e-01,-1.199999999999999956e+00
1.454581658964136048e+00,1.749094838450188927e-01,-1.199999999999999956e+00
1.455561885992731508e+00,1.748914906894027121e-01,-1.199999999999999956e+00
1.456542113021326967e+00,1.748734975337865316e-01,-1.199999999999999956e+00
1.457522340049922427e+00,1.748555043781703511e-01,-1.199999999999999956e+00
1.458502567078517886e+00,1.748375112225541705e-01,-1.199999999999999956e+00
1.459482794107113346e+00,1.748195180669379900e-01,-1.199999999999999956e+00
1.460463021135708805e+00,1.748015249113218095e-01,-1.199999999999999956e+00
1.461443248164304487e+00,1.747835317557056567e-01,-1.199999999999999956e+00
1.462423475192899947e+00,1.747655386000894762e-01,-1.199999999999999956e+00
1.463403702221495406e+00,1.747475454444732956e-01,-1.199999999999999956e+00
1.464383929250090866e+00,1.747295522888571151e-01,-1.199999999999999956e+00
1.465364156278686325e+00,1.747115591332409346e-01,-1.199999999999999956e+00
1.466344383307281785e+00,1.746935659776247540e-01,-1.199999999999999956e+00
1.467324610335877244e+00,1.746755728220085735e-01,-1.199999999999999956e+00
1.468304837364472926e+00,1.746575796663924207e-01,-1.199999999999999956e+00
1.469285064393068385e+00,1.746395865107762402e-01,-1.199999999999999956e+00
1.470265291421663845e+00,1.746215933551600596e-01,-1.199999999999999956e+00
1.471245518450259304e+00,1.746036001995438791e-01,-1.199999999999999956e+00
1.472225745478854764e+00,1.745856070439276986e-01,-1.199999999999999956e+00
1.473205972507450223e+00,1.745676138883115180e-01,-1.199999999999999956e+00
1.474186199536045683e+00,1.745496207326953375e-01,-1.199999999999999956e+00
1.475166426564641364e+00,1.745316275770791847e-01,-1.199999999999999956e+00
1.476146653593236824e+00,1.745136344214630042e-01,-1.199999999999999956e+00
1.477126880621832283e+00,1.744956412658468237e-01,-1.199999999999999956e+00
1.478107107650427743e+00,1.744776481102306431e-01,-1.199999999999999956e+00
1.479087334679023202e+00,1.744596549546144626e-01,-1.199999999999999956e+00
1.480067561707618662e+00,1.744416617989982821e-01,-1.199999999999999956e+00
1.481047788736214121e+00,1.744236686433821015e-01,-1.199999999999999956e+00
1.482028015764809581e+00,1.744056754877659210e-01,-1.199999999999999956e+00
1.483008242793405262e+00,1.743876823321497682e-01,-1.199999999999999956e+00
1.483988469822000722e+00,1.743696891765335877e-01,-1.199999999999999956e+00
1.484968696850596181e+00,1.743516960209174071e-01,-1.199999999999999956e+00
1.485948923879191641e+00,1.743337028653012266e-01,-1.199999999999999956e+00
1.486929150907787101e+00,1.743157097096850461e-01,-1.199999999999999956e+00
1.487909377936382560e+00,1.742977165540688655e-01,-1.199999999999999956e+00
1.488889604964978020e+00,1.742797233984526850e-01,-1.199999999999999956e+00
1.489869831993573701e+00,1.742617302428365322e-01,-1.199999999999999956e+00
1.490850059022169161e+00,1.742437370872203517e-01,-1.199999999999999956e+00
1.491830286050764620e+00,1.742257439316041712e-01,-1.199999999999999956e+00
1.492810513079360080e+00,1.742077507759879906e-01,-1.199999999999999956e+00
1.493810344648527355e+00,1.741893977572595009e-01,-1.199999999999999956e+00
1.494810176217694409e+00,1.741710447385309835e-01,-1.199999999999999956e+00
1.495810007786861684e+00,1.741526917198024937e-01,-1.199999999999999956e+00
1.496809839356028959e+00,1.741343387010740040e-01,-1.199999999999999956e+00
1.497809670925196013e+00,1.741159856823454866e-01,-1.199999999999999956e+00
1.498809502494363288e+00,1.740976326636169969e-01,-1.199999999999999956e+00
1.499809334063530564e+00,1.740792796448884794e-01,-1.199999999999999956e+00
1.500809165632697617e+00,1.740609266261599897e-01,-1.199999999999999956e+00
1.501808997201864893e+00,1.740425736074315000e-01,-1.199999999999999956e+00
1.502808828771032168e+00,1.740242205887029825e-01,-1.199999999999999956e+00
1.503808660340199221e+00,1.740058675699744928e-01,-1.199999999999999956e+00
1.504808491909366497e+00,1.739875145512460031e-01,-1.199999999999999956e+00
1.505808323478533772e+00,1.739691615325174856e-01,-1.199999999999999956e+00
1.506808155047700826e+00,1.739508085137889959e-01,-1.199999999999999956e+00
1.507807986616868101e+00,1.739324554950605062e-01,-1.199999999999999956e+00
1.508807818186035377e+00,1.739141024763319887e-01,-1.199999999999999956e+00
1.509807649755202430e+00,1.738957494576034990e-01,-1.199999999999999956e+00
1.510807481324369705e+00,1.738773964388750093e-01,-1.199999999999999956e+00
1.511807312893536981e+00,1.738590434201464918e-01,-1.199999999999999956e+00
1.512807144462704034e+00,1.738406904014180021e-01,-1.199999999999999956e+00
1.513806976031871310e+00,1.738223373826894846e-01,-1.199999999999999956e+00
1.514806807601038585e+00,1.738039843639609949e-01,-1.199999999999999956e+00
1.515806639170205639e+00,1.737856313452325052e-01,-1.199999999999999956e+00
1.516806470739372914e+00,1.737672783265039878e-01,-1.199999999999999956e+00
1.517806302308540189e+00,1.737489253077754980e-01,-1.199999999999999956e+00
1.518806133877707243e+00,1.737305722890470083e-01,-1.199999999999999956e+00
1.519805965446874518e+00,1.737122192703184909e-01,-1.199999999999999956e+00
1.520805797016041572e+00,1.736938662515900011e-01,-1.199999999999999956e+00
1.521805628585208847e+00,1.736755132328615114e-01,-1.199999999999999956e+00
1.522805460154376123e+00,1.736571602141329940e-01,-1.199999999999999956e+00
1.523805291723543176e+00,1.736388071954045043e-01,-1.199999999999999956e+00
1.524805123292710451e+00,1.736204541766759868e-01,-1.199999999999999956e+00
1.525804954861877727e+00,1.736021011579474971e-01,-1.199999999999999956e+00
1.526804786431044780e+00,1.735837481392190074e-01,-1.199999999999999956e+00
1.527804618000212056e+00,1.735653951204904899e-01,-1.199999999999999956e+00
1.528804449569379331e+00,1.735470421017620002e-01,-1.199999999999999956e+00
1.529804281138546385e+00,1.735286890830335105e-01,-1.199999999999999956e+00
1.530804112707713660e+00,1.735103360643049930e-01,-1.199999999999999956e+00
1.531803944276880936e+00,1.734919830455765033e-01,-1.199999999999999956e+00
1.532803775846047989e+00,1.734736300268480136e-01,-1.199999999999999956e+00
1.533803607415215264e+00,1.734552770081194961e-01,-1.199999999999999956e+00
1.534803438984382540e+00,1.734369239893910064e-01,-1.199999999999999956e+00
1.535803270553549593e+00,1.734185709706625167e-01,-1.199999999999999956e+00
1.536803102122716869e+00,1.734002179519339992e-01,-1.199999999999999956e+00
1.537802933691884144e+00,1.733818649332055095e-01,-1.199999999999999956e+00
1.538802765261051197e+00,1.733635119144769920e-01,-1.199999999999999956e+00
1.539802596830218473e+00,1.733451588957485023e-01,-1.199999999999999956e+00
1.540802428399385748e+00,1.733268058770200126e-01,-1.199999999999999956e+00
1.541802259968552802e+00,1.733084528582914952e-01,-1.199999999999999956e+00
1.542802091537720077e+00,1.732900998395630054e-01,-1.199999999999999956e+00
1.543782318566315537e+00,1.732721066839468249e-01,-1.199999999999999956e+00
1.544762545594910996e+00,1.732541135283306444e-01,-1.199999999999999956e+00
1.545742772623506456e+00,1.732361203727144638e-01,-1.199999999999999956e+00
1.546722999652102137e+00,1.732181272170983111e-01,-1.199999999999999956e+00
1.547703226680697597e+00,1.732001340614821305e-01,-1.199999999999999956e+00
1.548683453709293056e+00,1.731821409058659500e-01,-1.199999999999999956e+00
1.549663680737888516e+00,1.731641477502497695e-01,-1.199999999999999956e+00
1.550643907766483975e+00,1.731461545946335889e-01,-1.199999999999999956e+00
1.551624134795079435e+00,1.731281614390174084e-01,-1.199999999999999956e+00
1.552604361823674894e+00,1.731101682834012279e-01,-1.199999999999999956e+00
1.553584588852270576e+00,1.730921751277850751e-01,-1.199999999999999956e+00
1.554564815880866036e+00,1.730741819721688945e-01,-1.199999999999999956e+00
1.555545042909461495e+00,1.730561888165527140e-01,-1.199999999999999956e+00
1.556525269938056955e+00,1.730381956609365335e-01,-1.199999999999999956e+00
1.557505496966652414e+00,1.730202025053203529e-01,-1.199999999999999956e+00
1.558485723995247874e+00,1.730022093497041724e-01,-1.199999999999999956e+00
1.559465951023843333e+00,1.729842161940879919e-01,-1.199999999999999956e+00
1.560446178052438793e+00,1.729662230384718113e-01,-1.199999999999999956e+00
1.561426405081034474e+00,1.729482298828556586e-01,-1.199999999999999956e+00
1.562406632109629934e+00,1.729302367272394780e-01,-1.199999999999999956e+00
1.563386859138225393e+00,1.729122435716232975e-01,-1.199999999999999956e+00
1.564367086166820853e+00,1.728942504160071170e-01,-1.199999999999999956e+00
1.565347313195416312e+00,1.728762572603909364e-01,-1.199999999999999956e+00
1.566327540224011772e+00,1.728582641047747559e-01,-1.199999999999999956e+00
1.567307767252607231e+00,1.728402709491585754e-01,-1.199999999999999956e+00
1.568287994281202913e+00,1.728222777935424226e-01,-1.199999999999999956e+00
1.569268221309798372e+00,1.728042846379262421e-01,-1.199999999999999956e+00
1.570248448338393832e+00,1.727862914823100615e-01,-1.199999999999999956e+00
1.571228675366989291e+00,1.727682983266938810e-01,-1.199999999999999956e+00
1.572208902395584751e+00,1.727503051710777005e-01,-1.199999999999999956e+00
1.573189129424180210e+00,1.727323120154615199e-01,-1.199999999999999956e+00
1.574169356452775670e+00,1.727143188598453394e-01,-1.199999999999999956e+00
1.575149583481371351e+00,1.726963257042291866e-01,-1.199999999999999956e+00
1.576129810509966811e+00,1.726783325486130061e-01,-1.199999999999999956e+00
1.577110037538562270e+00,1.726603393929968255e-01,-1.199999999999999956e+00
1.578090264567157730e+00,1.726423462373806450e-01,-1.199999999999999956e+00
1.579070491595753190e+00,1.726243530817644645e-01,-1.199999999999999956e+00
1.580050718624348649e+00,1.726063599261482839e-01,-1.199999999999999956e+00
1.581030945652944109e+00,1.725883667705321034e-01,-1.199999999999999956e+00
1.582011172681539790e+00,1.725703736149159229e-01,-1.199999999999999956e+00
1.582991399710135250e+00,1.725523804592997701e-01,-1.199999999999999956e+00
1.583971626738730709e+00,1.725343873036835896e-01,-1.199999999999999956e+00
1.584951853767326169e+00,1.725163941480674090e-01,-1.199999999999999956e+00
1.585932080795921628e+00,1.724984009924512285e-01,-1.199999999999999956e+00
1.586912307824517088e+00,1.724804078368350480e-01,-1.199999999999999956e+00
1.587892534853112547e+00,1.724624146812188674e-01,-1.199999999999999956e+00
1.588872761881708007e+00,1.724444215256026869e-01,-1.199999999999999956e+00
1.589852988910303688e+00,1.724264283699865341e-01,-1.199999999999999956e+00
1.590833215938899148e+00,1.724084352143703536e-01,-1.199999999999999956e+00
1.591813442967494607e+00,1.723904420587541730e-01,-1.199999999999999956e+00
1.592793669996090067e+00,1.723724489031379925e-01,-1.199999999999999956e+00
1.593787954641041837e+00,1.723133864256537751e-01,-1.199999999999999956e+00
1.594782239285993830e+00,1.722543239481695854e-01,-1.199999999999999956e+00
1.595776523930945601e+00,1.721952614706853679e-01,-1.199999999999999956e+00
1.596770808575897371e+00,1.721361989932011782e-01,-1.199999999999999956e+00
1.597765093220849364e+00,1.720771365157169608e-01,-1.199999999999999956e+00
1.598759377865801135e+00,1.720180740382327433e-01,-1.199999999999999956e+00
1.599753662510752905e+00,1.719590115607485536e-01,-1.199999999999999956e+00
1.600747947155704898e+00,1.718999490832643362e-01,-1.199999999999999956e+00
1.601742231800656668e+00,1.718408866057801465e-01,-1.199999999999999956e+00
1.602736516445608439e+00,1.717818241282959291e-01,-1.199999999999999956e+00
1.603730801090560432e+00,1.717227616508117116e-01,-1.199999999999999956e+00
1.604725085735512202e+00,1.716636991733275219e-01,-1.199999999999999956e+00
1.605719370380464195e+00,1.716046366958433045e-01,-1.199999999999999956e+00
1.606713655025415965e+00,1.715455742183590870e-01,-1.199999999999999956e+00
1.607707939670367736e+00,1.714865117408748973e-01,-1.199999999999999956e+00
1.608702224315319729e+00,1.714274492633906799e-01,-1.199999999999999956e+00
1.609696508960271499e+00,1.713683867859064902e-01,-1.199999999999999956e+00
1.610690793605223270e+00,1.713093243084222728e-01,-1.199999999999999956e+00
1.611685078250175263e+00,1.712502618309380553e-01,-1.199999999999999956e+00
1.612679362895127033e+00,1.711911993534538656e-01,-1.199999999999999956e+00
1.613673647540078804e+00,1.711321368759696482e-01,-1.199999999999999956e+00
1.614667932185030796e+00,1.710730743984854585e-01,-1.199999999999999956e+00
1.615662216829982567e+00,1.710140119210012410e-01,-1.199999999999999956e+00
1.616656501474934338e+00,1.709549494435170236e-01,-1.199999999999999956e+00
1.617650786119886330e+00,1.708958869660328339e-01,-1.199999999999999956e+00
1.618645070764838101e+00,1.708368244885486165e-01,-1.199999999999999956e+00
1.619639355409789871e+00,1.707777620110644268e-01,-1.199999999999999956e+00
1.620633640054741864e+00,1.707186995335802093e-01,-1.199999999999999956e+00
1.621627924699693635e+00,1.706596370560959919e-01,-1.199999999999999956e+00
1.622622209344645405e+00,1.706005745786118022e-01,-1.199999999999999956e+00
1.623616493989597398e+00,1.705415121011275847e-01,-1.199999999999999956e+00
1.624610778634549169e+00,1.704824496236433951e-01,-1.199999999999999956e+00
1.625605063279500939e+00,1.704233871461591776e-01,-1.199999999999999956e+00
1.626599347924452932e+00,1.703643246686749602e-01,-1.199999999999999956e+00
1.627593632569404702e+00,1.703052621911907705e-01,-1.199999999999999956e+00
1.628587917214356695e+00,1.702461997137065530e-01,-1.199999999999999956e+00
1.629582201859308466e+00,1.701871372362223356e-01,-1.199999999999999956e+00
1.630576486504260236e+00,1.701280747587381459e-01,-1.199999999999999956e+00
1.631570771149212229e+00,1.700690122812539284e-01,-1.199999999999999956e+00
1.632565055794164000e+00,1.700099498037697388e-01,-1.199999999999999956e+00
1.633559340439115770e+00,1.699508873262855213e-01,-1.199999999999999956e+00
1.634553625084067763e+00,1.698918248488013039e-01,-1.199999999999999956e+00
1.635547909729019533e+00,1.698327623713171142e-01,-1.199999999999999956e+00
1.636542194373971304e+00,1.697736998938328967e-01,-1.199999999999999956e+00
1.637536479018923297e+00,1.697146374163487070e-01,-1.199999999999999956e+00
1.638530763663875067e+00,1.696555749388644896e-01,-1.199999999999999956e+00
1.639525048308826838e+00,1.695965124613802721e-01,-1.199999999999999956e+00
1.640519332953778830e+00,1.695374499838960825e-01,-1.199999999999999956e+00
1.641513617598730601e+00,1.694783875064118650e-01,-1.199999999999999956e+00
1.642507902243682372e+00,1.694193250289276753e-01,-1.199999999999999956e+00
1.643502186888634364e+00,1.693602625514434579e-01,-1.199999999999999956e+00
1.644496471533586135e+00,1.693012000739592404e-01,-1.199999999999999956e+00
1.645490756178537906e+00,1.692421375964750507e-01,-1.199999999999999956e+00
1.646485040823489898e+00,1.691830751189908333e-01,-1.199999999999999956e+00
1.647479325468441669e+00,1.691240126415066436e-01,-1.199999999999999956e+00
1.648473610113393439e+00,1.690649501640224261e-01,-1.199999999999999956e+00
1.649467894758345432e+00,1.690058876865382087e-01,-1.199999999999999956e+00
1.650462179403297203e+00,1.689468252090540190e-01,-1.199999999999999956e+00
1.651456464048249195e+00,1.688877627315698016e-01,-1.199999999999999956e+00
1.652450748693200966e+00,1.688287002540855841e-01,-1.199999999999999956e+00
1.653445033338152736e+00,1.687696377766013944e-01,-1.199999999999999956e+00
1.654439317983104729e+00,1.687105752991171770e-01,-1.199999999999999956e+00
1.655433602628056500e+00,1.686515128216329873e-01,-1.199999999999999956e+00
1.656427887273008270e+00,1.685924503441487698e-01,-1.199999999999999956e+00
1.657422171917960263e+00,1.685333878666645524e-01,-1.199999999999999956e+00
1.658416456562912034e+00,1.684743253891803627e-01,-1.199999999999999956e+00
1.659410741207863804e+00,1.684152629116961453e-01,-1.199999999999999956e+00
1.660405025852815797e+00,1.683562004342119556e-01,-1.199999999999999956e+00
1.661399310497767567e+00,1.682971379567277381e-01,-1.199999999999999956e+00
1.662393595142719338e+00,1.682380754792435207e-01,-1.199999999999999956e+00
1.663387879787671331e+00,1.681790130017593310e-01,-1.199999999999999956e+00
1.664382164432623101e+00,1.681199505242751135e-01,-1.199999999999999956e+00
1.665376449077574872e+00,1.680608880467909239e-01,-1.199999999999999956e+00
1.666370733722526865e+00,1.680018255693067064e-01,-1.199999999999999956e+00
1.667365018367478635e+00,1.679427630918224890e-01,-1.199999999999999956e+00
1.668359303012430406e+00,1.678837006143382993e-01,-1.199999999999999956e+00
1.669353587657382398e+00,1.678246381368540818e-01,-1.199999999999999956e+00
1.670347872302334169e+00,1.677655756593698921e-01,-1.199999999999999956e+00
1.671342156947285940e+00,1.677065131818856747e-01,-1.199999999999999956e+00
1.672336441592237932e+00,1.676474507044014572e-01,-1.199999999999999956e+00
1.673330726237189703e+00,1.675883882269172676e-01,-1.199999999999999956e+00
1.674325010882141473e+00,1.675293257494330501e-01,-1.199999999999999956e+00
1.675319295527093466e+00,1.674702632719488327e-01,-1.199999999999999956e+00
1.676313580172045237e+00,1.674112007944646430e-01,-1.199999999999999956e+00
1.677307864816997229e+00,1.673521383169804255e-01,-1.199999999999999956e+00
1.678302149461949000e+00,1.672930758394962358e-01,-1.199999999999999956e+00
1.679296434106900771e+00,1.672340133620120184e-01,-1.199999999999999956e+00
1.680290718751852763e+00,1.671749508845278009e-01,-1.199999999999999956e+00
1.681285003396804534e+00,1.671158884070436113e-01,-1.199999999999999956e+00
1.682279288041756304e+00,1.670568259295593938e-01,-1.199999999999999956e+00
1.683273572686708297e+00,1.669977634520752041e-01,-1.199999999999999956e+00
1.684267857331660068e+00,1.669387009745909867e-01,-1.199999999999999956e+00
1.685243966747031585e+00,1.668471630564309360e-01,-1.199999999999999956e+00
1.686220076162403103e+00,1.667556251382709132e-01,-1.199999999999999956e+00
1.687196185577774843e+00,1.666640872201108625e-01,-1.199999999999999956e+00
1.688172294993146361e+00,1.665725493019508396e-01,-1.199999999999999956e+00
1.689148404408517878e+00,1.664810113837907890e-01,-1.199999999999999956e+00
1.690124513823889396e+00,1.663894734656307384e-01,-1.199999999999999956e+00
1.691100623239261136e+00,1.662979355474707155e-01,-1.199999999999999956e+00
1.692076732654632654e+00,1.662063976293106649e-01,-1.199999999999999956e+00
1.693052842070004171e+00,1.661148597111506420e-01,-1.199999999999999956e+00
1.694028951485375689e+00,1.660233217929905913e-01,-1.199999999999999956e+00
1.695005060900747207e+00,1.659317838748305685e-01,-1.199999999999999956e+00
1.695981170316118947e+00,1.658402459566705178e-01,-1.199999999999999956e+00
1.696957279731490464e+00,1.657487080385104672e-01,-1.199999999999999956e+00
1.697933389146861982e+00,1.656571701203504443e-01,-1.199999999999999956e+00
1.698909498562233500e+00,1.655656322021903937e-01,-1.199999999999999956e+00
1.699885607977605018e+00,1.654740942840303708e-01,-1.199999999999999956e+00
1.700861717392976757e+00,1.653825563658703202e-01,-1.199999999999999956e+00
1.701837826808348275e+00,1.652910184477102695e-01,-1.199999999999999956e+00
1.702813936223719793e+00,1.651994805295502466e-01,-1.199999999999999956e+00
1.703790045639091311e+00,1.651079426113901960e-01,-1.199999999999999956e+00
1.704766155054463050e+00,1.650164046932301731e-01,-1.199999999999999956e+00
1.705742264469834568e+00,1.649248667750701225e-01,-1.199999999999999956e+00
1.706718373885206086e+00,1.648333288569100719e-01,-1.199999999999999956e+00
1.707694483300577604e+00,1.647417909387500490e-01,-1.199999999999999956e+00
1.708670592715949121e+00,1.646502530205899983e-01,-1.199999999999999956e+00
1.709646702131320861e+00,1.645587151024299755e-01,-1.199999999999999956e+00
1.710622811546692379e+00,1.644671771842699248e-01,-1.199999999999999956e+00
1.711598920962063897e+00,1.643756392661099019e-01,-1.199999999999999956e+00
1.712575030377435414e+00,1.642841013479498513e-01,-1.199999999999999956e+00
1.713551139792806932e+00,1.641925634297898007e-01,-1.199999999999999956e+00
1.714527249208178672e+00,1.641010255116297778e-01,-1.199999999999999956e+00
1.715503358623550190e+00,1.640094875934697272e-01,-1.199999999999999956e+00
1.716479468038921707e+00,1.639179496753097043e-01,-1.199999999999999956e+00
1.717455577454293225e+00,1.638264117571496536e-01,-1.199999999999999956e+00
1.718431686869664965e+00,1.637348738389896030e-01,-1.199999999999999956e+00
1.719407796285036483e+00,1.636433359208295801e-01,-1.199999999999999956e+00
1.720383905700408000e+00,1.635517980026695295e-01,-1.199999999999999956e+00
1.721360015115779518e+00,1.634602600845095066e-01,-1.199999999999999956e+00
1.722336124531151036e+00,1.633687221663494560e-01,-1.199999999999999956e+00
1.723312233946522776e+00,1.632771842481894053e-01,-1.199999999999999956e+00
1.724288343361894293e+00,1.631856463300293825e-01,-1.199999999999999956e+00
1.725264452777265811e+00,1.630941084118693318e-01,-1.199999999999999956e+00
1.726240562192637329e+00,1.630025704937093090e-01,-1.199999999999999956e+00
1.727216671608009069e+00,1.629110325755492583e-01,-1.199999999999999956e+00
1.728192781023380586e+00,1.628194946573892354e-01,-1.199999999999999956e+00
1.729168890438752104e+00,1.627279567392291848e-01,-1.199999999999999956e+00
1.730144999854123622e+00,1.626364188210691342e-01,-1.199999999999999956e+00
1.731121109269495140e+00,1.625448809029091113e-01,-1.199999999999999956e+00
1.732097218684866879e+00,1.624533429847490607e-01,-1.199999999999999956e+00
1.733073328100238397e+00,1.623618050665890378e-01,-1.199999999999999956e+00
1.734049437515609915e+00,1.622702671484289871e-01,-1.199999999999999956e+00
1.735048682575039747e+00,1.623084018730321376e-01,-1.199999999999999956e+00
1.736047927634469579e+00,1.623465365976352881e-01,-1.199999999999999956e+00
1.737047172693899411e+00,1.623846713222384386e-01,-1.199999999999999956e+00
1.738046417753329242e+00,1.624228060468415891e-01,-1.199999999999999956e+00
1.739045662812759074e+00,1.624609407714447395e-01,-1.199999999999999956e+00
1.740044907872188906e+00,1.624990754960478623e-01,-1.199999999999999956e+00
1.741044152931618738e+00,1.625372102206510128e-01,-1.199999999999999956e+00
1.742043397991048570e+00,1.625753449452541632e-01,-1.199999999999999956e+00
1.743042643050478402e+00,1.626134796698573137e-01,-1.199999999999999956e+00
1.744041888109908234e+00,1.626516143944604642e-01,-1.199999999999999956e+00
1.745041133169338066e+00,1.626897491190636147e-01,-1.199999999999999956e+00
1.746040378228767898e+00,1.627278838436667652e-01,-1.199999999999999956e+00
1.747039623288197729e+00,1.627660185682699157e-01,-1.199999999999999956e+00
1.748038868347627561e+00,1.628041532928730661e-01,-1.199999999999999956e+00
1.749038113407057393e+00,1.628422880174762166e-01,-1.199999999999999956e+00
1.750037358466487447e+00,1.628804227420793393e-01,-1.199999999999999956e+00
1.751036603525917279e+00,1.629185574666824898e-01,-1.199999999999999956e+00
1.752035848585347111e+00,1.629566921912856403e-01,-1.199999999999999956e+00
1.753035093644776943e+00,1.629948269158887908e-01,-1.199999999999999956e+00
1.754034338704206775e+00,1.630329616404919413e-01,-1.199999999999999956e+00
1.755033583763636607e+00,1.630710963650950918e-01,-1.199999999999999956e+00
1.756032828823066438e+00,1.631092310896982422e-01,-1.199999999999999956e+00
1.757032073882496270e+00,1.631473658143013927e-01,-1.199999999999999956e+00
1.758031318941926102e+00,1.631855005389045432e-01,-1.199999999999999956e+00
1.759030564001355934e+00,1.632236352635076937e-01,-1.199999999999999956e+00
1.760029809060785766e+00,1.632617699881108164e-01,-1.199999999999999956e+00
1.761029054120215598e+00,1.632999047127139669e-01,-1.199999999999999956e+00
1.762028299179645430e+00,1.633380394373171174e-01,-1.199999999999999956e+00
1.763027544239075262e+00,1.633761741619202679e-01,-1.199999999999999956e+00
1.764026789298505093e+00,1.634143088865234184e-01,-1.199999999999999956e+00
1.765026034357934925e+00,1.634524436111265688e-01,-1.199999999999999956e+00
1.766025279417364757e+00,1.634905783357297193e-01,-1.199999999999999956e+00
1.767024524476794589e+00,1.635287130603328698e-01,-1.199999999999999956e+00
1.768023769536224421e+00,1.635668477849360203e-01,-1.199999999999999956e+00
1.769023014595654253e+00,1.636049825095391708e-01,-1.199999999999999956e+00
1.770022259655084085e+00,1.636431172341422935e-01,-1.199999999999999956e+00
1.771021504714513917e+00,1.636812519587454440e-01,-1.199999999999999956e+00
1.772020749773943749e+00,1.637193866833485945e-01,-1.199999999999999956e+00
1.773019994833373580e+00,1.637575214079517449e-01,-1.199999999999999956e+00
1.774019239892803412e+00,1.637956561325548954e-01,-1.199999999999999956e+00
1.775018484952233244e+00,1.638337908571580459e-01,-1.199999999999999956e+00
1.776017730011663076e+00,1.638719255817611964e-01,-1.199999999999999956e+00
1.777016975071092908e+00,1.639100603063643469e-01,-1.199999999999999956e+00
1.778016220130522740e+00,1.639481950309674974e-01,-1.199999999999999956e+00
1.779015465189952572e+00,1.639863297555706478e-01,-1.199999999999999956e+00
1.780014710249382404e+00,1.640244644801737706e-01,-1.199999999999999956e+00
1.781013955308812458e+00,1.640625992047769210e-01,-1.199999999999999956e+00
1.782013200368242289e+00,1.641007339293800715e-01,-1.199999999999999956e+00
1.783012445427672121e+00,1.641388686539832220e-01,-1.199999999999999956e+00
1.784011690487101953e+00,1.641770033785863725e-01,-1.199999999999999956e+00
1.785010935546531785e+00,1.642151381031895230e-01,-1.199999999999999956e+00
1.786010180605961617e+00,1.642532728277926735e-01,-1.199999999999999956e+00
1.787009425665391449e+00,1.642914075523958239e-01,-1.199999999999999956e+00
1.788008670724821281e+00,1.643295422769989744e-01,-1.199999999999999956e+00
1.789007915784251113e+00,1.643676770016021249e-01,-1.199999999999999956e+00
1.790007160843680944e+00,1.644058117262052476e-01,-1.199999999999999956e+00
1.791006405903110776e+00,1.644439464508083981e-01,-1.199999999999999956e+00
1.792005650962540608e+00,1.644820811754115486e-01,-1.199999999999999956e+00
1.793004896021970440e+00,1.645202159000146991e-01,-1.199999999999999956e+00
1.794004141081400272e+00,1.645583506246178496e-01,-1.199999999999999956e+00
1.795003386140830104e+00,1.645964853492210000e-01,-1.199999999999999956e+00
1.796001120158170039e+00,1.646637670751390503e-01,-1.199999999999999956e+00
1.796998854175510196e+00,1.647310488010570728e-01,-1.199999999999999956e+00
1.797996588192850131e+00,1.647983305269751231e-01,-1.199999999999999956e+00
1.798994322210190067e+00,1.648656122528931733e-01,-1.199999999999999956e+00
1.799992056227530002e+00,1.649328939788111958e-01,-1.199999999999999956e+00
1.800989790244870159e+00,1.650001757047292461e-01,-1.199999999999999956e+00
1.801987524262210094e+00,1.650674574306472686e-01,-1.199999999999999956e+00
1.802985258279550029e+00,1.651347391565653189e-01,-1.199999999999999956e+00
1.803982992296890187e+00,1.652020208824833691e-01,-1.199999999999999956e+00
1.804980726314230122e+00,1.652693026084013916e-01,-1.199999999999999956e+00
1.805978460331570057e+00,1.653365843343194419e-01,-1.199999999999999956e+00
1.806976194348909992e+00,1.654038660602374922e-01,-1.199999999999999956e+00
1.807973928366250149e+00,1.654711477861555147e-01,-1.199999999999999956e+00
1.808971662383590084e+00,1.655384295120735649e-01,-1.199999999999999956e+00
1.809969396400930020e+00,1.656057112379916152e-01,-1.199999999999999956e+00
1.810967130418269955e+00,1.656729929639096377e-01,-1.199999999999999956e+00
1.811964864435610112e+00,1.657402746898276880e-01,-1.199999999999999956e+00
1.812962598452950047e+00,1.658075564157457382e-01,-1.199999999999999956e+00
1.813960332470289982e+00,1.658748381416637607e-01,-1.199999999999999956e+00
1.814958066487630139e+00,1.659421198675818110e-01,-1.199999999999999956e+00
1.815955800504970075e+00,1.660094015934998335e-01,-1.199999999999999956e+00
1.816953534522310010e+00,1.660766833194178838e-01,-1.199999999999999956e+00
1.817951268539649945e+00,1.661439650453359340e-01,-1.199999999999999956e+00
1.818949002556990102e+00,1.662112467712539565e-01,-1.199999999999999956e+00
1.819946736574330037e+00,1.662785284971720068e-01,-1.199999999999999956e+00
1.820944470591669972e+00,1.663458102230900570e-01,-1.199999999999999956e+00
1.821942204609010130e+00,1.664130919490080796e-01,-1.199999999999999956e+00
1.822939938626350065e+00,1.664803736749261298e-01,-1.199999999999999956e+00
1.823937672643690000e+00,1.665476554008441801e-01,-1.199999999999999956e+00
1.824935406661029935e+00,1.666149371267622026e-01,-1.199999999999999956e+00
1.825933140678370092e+00,1.666822188526802528e-01,-1.199999999999999956e+00
1.826930874695710028e+00,1.667495005785982753e-01,-1.199999999999999956e+00
1.827928608713049963e+00,1.668167823045163256e-01,-1.199999999999999956e+00
1.828926342730390120e+00,1.668840640304343759e-01,-1.199999999999999956e+00
1.829924076747730055e+00,1.669513457563523984e-01,-1.199999999999999956e+00
1.830921810765069990e+00,1.670186274822704486e-01,-1.199999999999999956e+00
1.831919544782409925e+00,1.670859092081884989e-01,-1.199999999999999956e+00
1.832917278799750083e+00,1.671531909341065214e-01,-1.199999999999999956e+00
1.833915012817090018e+00,1.672204726600245717e-01,-1.199999999999999956e+00
1.834912746834429953e+00,1.672877543859426219e-01,-1.199999999999999956e+00
1.835910480851769888e+00,1.673550361118606444e-01,-1.199999999999999956e+00
1.836908214869110045e+00,1.674223178377786947e-01,-1.199999999999999956e+00
1.837905948886449981e+00,1.674895995636967450e-01,-1.199999999999999956e+00
1.838903682903789916e+00,1.675568812896147675e-01,-1.199999999999999956e+00
1.839901416921130073e+00,1.676241630155328177e-01,-1.199999999999999956e+00
1.840899150938470008e+00,1.676914447414508402e-01,-1.199999999999999956e+00
1.841896884955809943e+00,1.677587264673688905e-01,-1.199999999999999956e+00
1.842894618973149878e+00,1.678260081932869408e-01,-1.199999999999999956e+00
1.843892352990490036e+00,1.678932899192049633e-01,-1.199999999999999956e+00
1.844890087007829971e+00,1.679605716451230135e-01,-1.199999999999999956e+00
1.845883251887995513e+00,1.679799183696725207e-01,-1.199999999999999956e+00
1.846876416768161278e+00,1.679992650942220278e-01,-1.199999999999999956e+00
1.847869581648326820e+00,1.680186118187715349e-01,-1.199999999999999956e+00
1.848862746528492584e+00,1.680379585433210421e-01,-1.199999999999999956e+00
1.849855911408658127e+00,1.680573052678705492e-01,-1.199999999999999956e+00
1.850849076288823891e+00,1.680766519924200564e-01,-1.199999999999999956e+00
1.851842241168989434e+00,1.680959987169695635e-01,-1.199999999999999956e+00
1.852835406049155198e+00,1.681153454415190707e-01,-1.199999999999999956e+00
1.853828570929320740e+00,1.681346921660685778e-01,-1.199999999999999956e+00
1.854821735809486505e+00,1.681540388906180850e-01,-1.199999999999999956e+00
1.855814900689652047e+00,1.681733856151675643e-01,-1.199999999999999956e+00
1.856808065569817812e+00,1.681927323397170715e-01,-1.199999999999999956e+00
1.857801230449983354e+00,1.682120790642665786e-01,-1.199999999999999956e+00
1.858794395330149118e+00,1.682314257888160858e-01,-1.199999999999999956e+00
1.859787560210314661e+00,1.682507725133655929e-01,-1.199999999999999956e+00
1.860780725090480425e+00,1.682701192379151001e-01,-1.199999999999999956e+00
1.861773889970645968e+00,1.682894659624646072e-01,-1.199999999999999956e+00
1.862767054850811510e+00,1.683088126870141144e-01,-1.199999999999999956e+00
1.863760219730977274e+00,1.683281594115636215e-01,-1.199999999999999956e+00
1.864753384611142817e+00,1.683475061361131286e-01,-1.199999999999999956e+00
1.865746549491308581e+00,1.683668528606626358e-01,-1.199999999999999956e+00
1.866739714371474124e+00,1.683861995852121429e-01,-1.199999999999999956e+00
1.867732879251639888e+00,1.684055463097616501e-01,-1.199999999999999956e+00
1.868726044131805430e+00,1.684248930343111572e-01,-1.199999999999999956e+00
1.869719209011971195e+00,1.684442397588606644e-01,-1.199999999999999956e+00
1.870712373892136737e+00,1.684635864834101715e-01,-1.199999999999999956e+00
1.871705538772302502e+00,1.684829332079596786e-01,-1.199999999999999956e+00
1.872698703652468044e+00,1.685022799325091858e-01,-1.199999999999999956e+00
1.873691868532633809e+00,1.685216266570586929e-01,-1.199999999999999956e+00
1.874685033412799351e+00,1.685409733816082001e-01,-1.199999999999999956e+00
1.875678198292965115e+00,1.685603201061577072e-01,-1.199999999999999956e+00
1.876671363173130658e+00,1.685796668307071866e-01,-1.199999999999999956e+00
1.877664528053296422e+00,1.685990135552566938e-01,-1.199999999999999956e+00
1.878657692933461965e+00,1.686183602798062009e-01,-1.199999999999999956e+00
1.879650857813627507e+00,1.686377070043557080e-01,-1.199999999999999956e+00
1.880644022693793271e+00,1.686570537289052152e-01,-1.199999999999999956e+00
1.881637187573958814e+00,1.686764004534547223e-01,-1.199999999999999956e+00
1.882630352454124578e+00,1.686957471780042295e-01,-1.199999999999999956e+00
1.883623517334290121e+00,1.687150939025537366e-01,-1.199999999999999956e+00
1.884616682214455885e+00,1.687344406271032438e-01,-1.199999999999999956e+00
1.885609847094621427e+00,1.687537873516527509e-01,-1.199999999999999956e+00
1.886603011974787192e+00,1.687731340762022580e-01,-1.199999999999999956e+00
1.887596176854952734e+00,1.687924808007517652e-01,-1.199999999999999956e+00
1.888589341735118499e+00,1.688118275253012723e-01,-1.199999999999999956e+00
1.889582506615284041e+00,1.688311742498507795e-01,-1.199999999999999956e+00
1.890575671495449805e+00,1.688505209744002866e-01,-1.199999999999999956e+00
1.891568836375615348e+00,1.688698676989497938e-01,-1.199999999999999956e+00
1.892562001255781112e+00,1.688892144234993009e-01,-1.199999999999999956e+00
1.893555166135946655e+00,1.689085611480488081e-01,-1.199999999999999956e+00
1.894548331016112419e+00,1.689279078725983152e-01,-1.199999999999999956e+00
1.895541495896277961e+00,1.689472545971478223e-01,-1.199999999999999956e+00
1.896534660776443504e+00,1.689666013216973295e-01,-1.199999999999999956e+00
1.897527825656609268e+00,1.689859480462468366e-01,-1.199999999999999956e+00
1.898520990536774811e+00,1.690052947707963160e-01,-1.199999999999999956e+00
1.899514155416940575e+00,1.690246414953458232e-01,-1.199999999999999956e+00
1.900507320297106117e+00,1.690439882198953303e-01,-1.199999999999999956e+00
1.901500485177271882e+00,1.690633349444448374e-01,-1.199999999999999956e+00
1.902493650057437424e+00,1.690826816689943446e-01,-1.199999999999999956e+00
1.903486814937603189e+00,1.691020283935438517e-01,-1.199999999999999956e+00
1.904479979817768731e+00,1.691213751180933589e-01,-1.199999999999999956e+00
1.905473144697934496e+00,1.691407218426428660e-01,-1.199999999999999956e+00
1.906466309578100038e+00,1.691600685671923732e-01,-1.199999999999999956e+00
1.907459474458265802e+00,1.691794152917418803e-01,-1.199999999999999956e+00
1.908452639338431345e+00,1.691987620162913875e-01,-1.199999999999999956e+00
1.909445804218597109e+00,1.692181087408408946e-01,-1.199999999999999956e+00
1.910438969098762652e+00,1.692374554653904017e-01,-1.199999999999999956e+00
1.911432133978928416e+00,1.692568021899399089e-01,-1.199999999999999956e+00
1.912425298859093958e+00,1.692761489144894160e-01,-1.199999999999999956e+00
1.913418463739259501e+00,1.692954956390389232e-01,-1.199999999999999956e+00
1.914411628619425265e+00,1.693148423635884303e-01,-1.199999999999999956e+00
1.915404793499590808e+00,1.693341890881379375e-01,-1.199999999999999956e+00
1.916397958379756572e+00,1.693535358126874446e-01,-1.199999999999999956e+00
1.917391123259922114e+00,1.693728825372369517e-01,-1.199999999999999956e+00
1.918384288140087879e+00,1.693922292617864589e-01,-1.199999999999999956e+00
1.919377453020253421e+00,1.694115759863359383e-01,-1.199999999999999956e+00
1.920370617900419186e+00,1.694309227108854454e-01,-1.199999999999999956e+00
1.921363782780584728e+00,1.694502694354349526e-01,-1.199999999999999956e+00
1.922356947660750492e+00,1.694696161599844597e-01,-1.199999999999999956e+00
1.923350112540916035e+00,1.694889628845339669e-01,-1.199999999999999956e+00
1.924343277421081799e+00,1.695083096090834740e-01,-1.199999999999999956e+00
1.925336442301247342e+00,1.695276563336329811e-01,-1.199999999999999956e+00
1.926329607181413106e+00,1.695470030581824883e-01,-1.199999999999999956e+00
1.927322772061578648e+00,1.695663497827319954e-01,-1.199999999999999956e+00
1.928315936941744191e+00,1.695856965072815026e-01,-1.199999999999999956e+00
1.929309101821909955e+00,1.696050432318310097e-01,-1.199999999999999956e+00
1.930289404141395604e+00,1.695917713197990229e-01,-1.199999999999999956e+00
1.931269706460881252e+00,1.695784994077670083e-01,-1.199999999999999956e+00
1.932250008780367123e+00,1.695652274957350214e-01,-1.199999999999999956e+00
1.933230311099852772e+00,1.695519555837030068e-01,-1.199999999999999956e+00
1.934210613419338420e+00,1.695386836716710199e-01,-1.199999999999999956e+00
1.935190915738824069e+00,1.695254117596390053e-01,-1.199999999999999956e+00
1.936171218058309718e+00,1.695121398476070185e-01,-1.199999999999999956e+00
1.937151520377795366e+00,1.694988679355750039e-01,-1.199999999999999956e+00
1.938131822697281237e+00,1.694855960235430170e-01,-1.199999999999999956e+00
1.939112125016766885e+00,1.694723241115110024e-01,-1.199999999999999956e+00
1.940092427336252534e+00,1.694590521994790155e-01,-1.199999999999999956e+00
1.941072729655738183e+00,1.694457802874470009e-01,-1.199999999999999956e+00
1.942053031975223831e+00,1.694325083754150141e-01,-1.199999999999999956e+00
1.943033334294709480e+00,1.694192364633829995e-01,-1.199999999999999956e+00
1.944013636614195351e+00,1.694059645513510126e-01,-1.199999999999999956e+00
1.944993938933680999e+00,1.693926926393189980e-01,-1.199999999999999956e+00
1.945974241253166648e+00,1.693794207272870112e-01,-1.199999999999999956e+00
1.946954543572652296e+00,1.693661488152549965e-01,-1.199999999999999956e+00
1.947934845892137945e+00,1.693528769032230097e-01,-1.199999999999999956e+00
1.948915148211623816e+00,1.693396049911909951e-01,-1.199999999999999956e+00
1.949895450531109464e+00,1.693263330791590082e-01,-1.199999999999999956e+00
1.950875752850595113e+00,1.693130611671269936e-01,-1.199999999999999956e+00
1.951856055170080761e+00,1.692997892550950068e-01,-1.199999999999999956e+00
1.952836357489566410e+00,1.692865173430629921e-01,-1.199999999999999956e+00
1.953816659809052059e+00,1.692732454310310053e-01,-1.199999999999999956e+00
1.954796962128537929e+00,1.692599735189989907e-01,-1.199999999999999956e+00
1.955777264448023578e+00,1.692467016069670038e-01,-1.199999999999999956e+00
1.956757566767509227e+00,1.692334296949349892e-01,-1.199999999999999956e+00
1.957737869086994875e+00,1.692201577829030024e-01,-1.199999999999999956e+00
1.958718171406480524e+00,1.692068858708709878e-01,-1.199999999999999956e+00
1.959698473725966172e+00,1.691936139588390009e-01,-1.199999999999999956e+00
1.960678776045452043e+00,1.691803420468069863e-01,-1.199999999999999956e+00
1.961659078364937692e+00,1.691670701347749994e-01,-1.199999999999999956e+00
1.962639380684423340e+00,1.691537982227429848e-01,-1.199999999999999956e+00
1.963619683003908989e+00,1.691405263107109980e-01,-1.199999999999999956e+00
1.964599985323394638e+00,1.691272543986789834e-01,-1.199999999999999956e+00
1.965580287642880508e+00,1.691139824866469965e-01,-1.199999999999999956e+00
1.966560589962366157e+00,1.691007105746149819e-01,-1.199999999999999956e+00
1.967540892281851805e+00,1.690874386625829950e-01,-1.199999999999999956e+00
1.968521194601337454e+00,1.690741667505509804e-01,-1.199999999999999956e+00
1.969501496920823103e+00,1.690608948385189936e-01,-1.199999999999999956e+00
1.970481799240308751e+00,1.690476229264869790e-01,-1.199999999999999956e+00
1.971462101559794622e+00,1.690343510144549921e-01,-1.199999999999999956e+00
1.972442403879280270e+00,1.690210791024229775e-01,-1.199999999999999956e+00
1.973422706198765919e+00,1.690078071903909906e-01,-1.199999999999999956e+00
1.974403008518251568e+00,1.689945352783589760e-01,-1.199999999999999956e+00
1.975383310837737216e+00,1.689812633663269892e-01,-1.199999999999999956e+00
1.976363613157222865e+00,1.689679914542949746e-01,-1.199999999999999956e+00
1.977343915476708736e+00,1.689547195422629877e-01,-1.199999999999999956e+00
1.978324217796194384e+00,1.689414476302309731e-01,-1.199999999999999956e+00
1.979304520115680033e+00,1.689281757181989863e-01,-1.199999999999999956e+00
1.980284822435165681e+00,1.689149038061669716e-01,-1.199999999999999956e+00
1.981265124754651330e+00,1.689016318941349570e-01,-1.199999999999999956e+00
1.982245427074137201e+00,1.688883599821029147e-01,-1.199999999999999956e+00
1.983225729393622849e+00,1.688750880700709001e-01,-1.199999999999999956e+00
1.984206031713108498e+00,1.688618161580388854e-01,-1.199999999999999956e+00
1.985186334032594146e+00,1.688485442460068708e-01,-1.199999999999999956e+00
1.986166636352079795e+00,1.688352723339748562e-01,-1.199999999999999956e+00
1.987146938671565444e+00,1.688220004219428416e-01,-1.199999999999999956e+00
1.988127240991051314e+00,1.688087285099107993e-01,-1.199999999999999956e+00
1.989107543310536963e+00,1.687954565978787846e-01,-1.199999999999999956e+00
1.990087845630022612e+00,1.687821846858467700e-01,-1.199999999999999956e+00
1.991068147949508260e+00,1.687689127738147554e-01,-1.199999999999999956e+00
1.992048450268993909e+00,1.687556408617827408e-01,-1.199999999999999956e+00
1.993028752588479557e+00,1.687423689497507262e-01,-1.199999999999999956e+00
1.994009054907965428e+00,1.687290970377186838e-01,-1.199999999999999956e+00
1.994989357227451077e+00,1.687158251256866692e-01,-1.199999999999999956e+00
1.995969659546936725e+00,1.687025532136546546e-01,-1.199999999999999956e+00
1.996949961866422374e+00,1.686892813016226400e-01,-1.199999999999999956e+00
1.997930264185908023e+00,1.686760093895906254e-01,-1.199999999999999956e+00
1.998910566505393893e+00,1.686627374775585830e-01,-1.199999999999999956e+00
1.999890868824879542e+00,1.686494655655265684e-01,-1.199999999999999956e+00
2.000871171144364968e+00,1.686361936534945538e-01,-1.199999999999999956e+00
2.001851473463851061e+00,1.686229217414625392e-01,-1.199999999999999956e+00
2.002831775783336710e+00,1.686096498294305246e-01,-1.199999999999999956e+00
2.003812078102822358e+00,1.685963779173985100e-01,-1.199999999999999956e+00
2.004792380422308007e+00,1.685831060053664676e-01,-1.199999999999999956e+00
2.005772682741793655e+00,1.685698340933344530e-01,-1.199999999999999956e+00
2.006752985061279304e+00,1.685565621813024384e-01,-1.199999999999999956e+00
2.007733287380764953e+00,1.685432902692704238e-01,-1.199999999999999956e+00
2.008713589700250601e+00,1.685300183572384092e-01,-1.199999999999999956e+00
2.009693892019736250e+00,1.685167464452063946e-01,-1.199999999999999956e+00
2.010674194339221899e+00,1.685034745331743522e-01,-1.199999999999999956e+00
2.011654496658707547e+00,1.684902026211423376e-01,-1.199999999999999956e+00
2.012634798978193196e+00,1.684769307091103230e-01,-1.199999999999999956e+00
2.013615101297679288e+00,1.684636587970783084e-01,-1.199999999999999956e+00
2.014595403617164937e+00,1.684503868850462938e-01,-1.199999999999999956e+00
2.015575705936650586e+00,1.684371149730142514e-01,-1.199999999999999956e+00
2.016556008256136234e+00,1.684238430609822368e-01,-1.199999999999999956e+00
2.017536310575621883e+00,1.684105711489502222e-01,-1.199999999999999956e+00
2.018516612895107532e+00,1.683972992369182076e-01,-1.199999999999999956e+00
2.019496915214593180e+00,1.683840273248861930e-01,-1.199999999999999956e+00
2.020477217534078829e+00,1.683707554128541783e-01,-1.199999999999999956e+00
2.021457519853564477e+00,1.683574835008221360e-01,-1.199999999999999956e+00
2.022437822173050126e+00,1.683442115887901214e-01,-1.199999999999999956e+00
2.023418124492535775e+00,1.683309396767581068e-01,-1.199999999999999956e+00
2.024398426812021867e+00,1.683176677647260921e-01,-1.199999999999999956e+00
2.025378729131507516e+00,1.683043958526940775e-01,-1.199999999999999956e+00
2.026359031450993164e+00,1.682911239406620629e-01,-1.199999999999999956e+00
2.027339333770478813e+00,1.682778520286300206e-01,-1.199999999999999956e+00
2.028319636089964462e+00,1.682645801165980060e-01,-1.199999999999999956e+00
2.029299938409450110e+00,1.682513082045659913e-01,-1.199999999999999956e+00
2.030280240728935759e+00,1.682380362925339767e-01,-1.199999999999999956e+00
2.031260543048421408e+00,1.682247643805019621e-01,-1.199999999999999956e+00
2.032240845367907056e+00,1.682114924684699198e-01,-1.199999999999999956e+00
2.033221147687392705e+00,1.681982205564379051e-01,-1.199999999999999956e+00
2.034201450006878353e+00,1.681849486444058905e-01,-1.199999999999999956e+00
2.035181752326364002e+00,1.681716767323738759e-01,-1.199999999999999956e+00
2.036162054645850095e+00,1.681584048203418613e-01,-1.199999999999999956e+00
2.037142356965335743e+00,1.681451329083098467e-01,-1.199999999999999956e+00
2.038122659284821392e+00,1.681318609962778043e-01,-1.199999999999999956e+00
2.039102961604307040e+00,1.681185890842457897e-01,-1.199999999999999956e+00
2.040083263923792689e+00,1.681053171722137751e-01,-1.199999999999999956e+00
2.041063566243278338e+00,1.680920452601817605e-01,-1.199999999999999956e+00
2.042043868562763986e+00,1.680787733481497459e-01,-1.199999999999999956e+00
2.043024170882249635e+00,1.680655014361177313e-01,-1.199999999999999956e+00
2.044004473201735284e+00,1.680522295240856889e-01,-1.199999999999999956e+00
2.044984775521220932e+00,1.680389576120536743e-01,-1.199999999999999956e+00
2.045965077840706581e+00,1.680256857000216597e-01,-1.199999999999999956e+00
2.046945380160192229e+00,1.680124137879896451e-01,-1.199999999999999956e+00
2.047925682479677878e+00,1.679991418759576305e-01,-1.199999999999999956e+00
2.048905984799163971e+00,1.679858699639255881e-01,-1.199999999999999956e+00
2.049886287118649619e+00,1.679725980518935735e-01,-1.199999999999999956e+00
2.050866589438135268e+00,1.679593261398615589e-01,-1.199999999999999956e+00
2.051846891757620917e+00,1.679460542278295443e-01,-1.199999999999999956e+00
2.052827194077106565e+00,1.679327823157975297e-01,-1.199999999999999956e+00
2.053807496396592214e+00,1.679195104037655151e-01,-1.199999999999999956e+00
2.054787798716077862e+00,1.679062384917334727e-01,-1.199999999999999956e+00
2.055768101035563511e+00,1.678929665797014581e-01,-1.199999999999999956e+00
2.056748403355049160e+00,1.678796946676694435e-01,-1.199999999999999956e+00
2.057728705674534808e+00,1.678664227556374289e-01,-1.199999999999999956e+00
2.058709007994020457e+00,1.678531508436054143e-01,-1.199999999999999956e+00
2.059689310313506105e+00,1.678398789315733997e-01,-1.199999999999999956e+00
2.060669612632992198e+00,1.678266070195413573e-01,-1.199999999999999956e+00
2.061649914952477847e+00,1.678133351075093427e-01,-1.199999999999999956e+00
2.062630217271963495e+00,1.678000631954773281e-01,-1.199999999999999956e+00
2.063610519591449144e+00,1.677867912834453135e-01,-1.199999999999999956e+00
2.064590821910934793e+00,1.677735193714132989e-01,-1.199999999999999956e+00
2.065571124230420441e+00,1.677602474593812565e-01,-1.199999999999999956e+00
2.066551426549906090e+00,1.677469755473492419e-01,-1.199999999999999956e+00
2.067531728869391738e+00,1.677337036353172273e-01,-1.199999999999999956e+00
2.068512031188877387e+00,1.677204317232852127e-01,-1.199999999999999956e+00
2.069492333508363036e+00,1.677071598112531980e-01,-1.199999999999999956e+00
2.070472635827848684e+00,1.676938878992211834e-01,-1.199999999999999956e+00
2.071452938147334333e+00,1.676806159871891411e-01,-1.199999999999999956e+00
2.072433240466819981e+00,1.676673440751571265e-01,-1.199999999999999956e+00
2.073413542786306074e+00,1.676540721631251118e-01,-1.199999999999999956e+00
2.074393845105791723e+00,1.676408002510930972e-01,-1.199999999999999956e+00
2.075374147425277371e+00,1.676275283390610826e-01,-1.199999999999999956e+00
2.076354449744763020e+00,1.676142564270290680e-01,-1.199999999999999956e+00
2.077334752064248669e+00,1.676009845149970257e-01,-1.199999999999999956e+00
2.078315054383734317e+00,1.675877126029650110e-01,-1.199999999999999956e+00
2.079295356703219966e+00,1.675744406909329964e-01,-1.199999999999999956e+00
2.080275659022705614e+00,1.675611687789010096e-01,-1.199999999999999956e+00
2.081255961342191263e+00,1.675478968668689950e-01,-1.199999999999999956e+00
2.082236263661676912e+00,1.675346249548370081e-01,-1.199999999999999956e+00
2.083216565981162560e+00,1.675213530428049935e-01,-1.199999999999999956e+00
2.084196868300648209e+00,1.675080811307730067e-01,-1.199999999999999956e+00
2.085177170620133857e+00,1.674948092187409920e-01,-1.199999999999999956e+00
2.086157472939619950e+00,1.674815373067090052e-01,-1.199999999999999956e+00
2.087137775259105599e+00,1.674682653946769906e-01,-1.199999999999999956e+00
2.088118077578591247e+00,1.674549934826450037e-01,-1.199999999999999956e+00
2.089098379898076896e+00,1.674417215706129891e-01,-1.199999999999999956e+00
2.090078682217562545e+00,1.674284496585810023e-01,-1.199999999999999956e+00
2.091058984537048193e+00,1.674151777465489876e-01,-1.199999999999999956e+00
2.092039286856533842e+00,1.674019058345170008e-01,-1.199999999999999956e+00
2.093019589176019490e+00,1.673886339224849862e-01,-1.199999999999999956e+00
2.093999891495505139e+00,1.673753620104529993e-01,-1.199999999999999956e+00
2.094980193814990788e+00,1.673620900984209847e-01,-1.199999999999999956e+00
2.095960496134476436e+00,1.673488181863889979e-01,-1.199999999999999956e+00
2.096940798453962085e+00,1.673355462743570110e-01,-1.199999999999999956e+00
2.097921100773447733e+00,1.673222743623249964e-01,-1.199999999999999956e+00
2.098901403092933826e+00,1.673090024502930095e-01,-1.199999999999999956e+00
2.099881705412419475e+00,1.672957305382609949e-01,-1.199999999999999956e+00
2.100862007731905123e+00,1.672824586262290081e-01,-1.199999999999999956e+00
2.101842310051390772e+00,1.672691867141969935e-01,-1.199999999999999956e+00
2.102822612370876421e+00,1.672559148021650066e-01,-1.199999999999999956e+00
2.103802914690362069e+00,1.672426428901329920e-01,-1.199999999999999956e+00
2.104783217009847718e+00,1.672293709781010052e-01,-1.199999999999999956e+00
2.105763519329333366e+00,1.672160990660689905e-01,-1.199999999999999956e+00
2.106743821648819015e+00,1.672028271540370037e-01,-1.199999999999999956e+00
2.107724123968304664e+00,1.671895552420049891e-01,-1.199999999999999956e+00
2.108704426287790312e+00,1.671762833299730022e-01,-1.199999999999999956e+00
2.109684728607275961e+00,1.671630114179409876e-01,-1.199999999999999956e+00
2.110665030926762054e+00,1.671497395059090008e-01,-1.199999999999999956e+00
2.111645333246247702e+00,1.671364675938769861e-01,-1.199999999999999956e+00
2.112625635565733351e+00,1.671231956818449993e-01,-1.199999999999999956e+00
2.113605937885218999e+00,1.671099237698130124e-01,-1.199999999999999956e+00
2.114586240204704648e+00,1.670966518577809978e-01,-1.199999999999999956e+00
2.115566542524190297e+00,1.670833799457490110e-01,-1.199999999999999956e+00
2.116546844843675945e+00,1.670701080337169964e-01,-1.199999999999999956e+00
2.117527147163161594e+00,1.670568361216850095e-01,-1.199999999999999956e+00
2.118507449482647242e+00,1.670435642096529949e-01,-1.199999999999999956e+00
2.119487751802132891e+00,1.670302922976210080e-01,-1.199999999999999956e+00
2.120468054121618540e+00,1.670170203855889934e-01,-1.199999999999999956e+00
2.121448356441104188e+00,1.670037484735570066e-01,-1.199999999999999956e+00
2.122428658760589837e+00,1.669904765615249920e-01,-1.199999999999999956e+00
2.123408961080075930e+00,1.669772046494930051e-01,-1.199999999999999956e+00
2.124389263399561578e+00,1.669639327374609905e-01,-1.199999999999999956e+00
2.125369565719047227e+00,1.669506608254290037e-01,-1.199999999999999956e+00
2.126349868038532875e+00,1.669373889133969890e-01,-1.199999999999999956e+00
2.127330170358018524e+00,1.669241170013650022e-01,-1.199999999999999956e+00
2.128310472677504173e+00,1.669108450893329876e-01,-1.199999999999999956e+00
2.129290774996989821e+00,1.668975731773010007e-01,-1.199999999999999956e+00
2.130289152315353984e+00,1.669497688087009379e-01,-1.199999999999999956e+00
2.131287529633718147e+00,1.670019644401008752e-01,-1.199999999999999956e+00
2.132285906952082311e+00,1.670541600715008124e-01,-1.199999999999999956e+00
2.133284284270446474e+00,1.671063557029007218e-01,-1.199999999999999956e+00
2.134282661588810637e+00,1.671585513343006590e-01,-1.199999999999999956e+00
2.135281038907174800e+00,1.672107469657005963e-01,-1.199999999999999956e+00
2.136279416225538963e+00,1.672629425971005335e-01,-1.199999999999999956e+00
2.137277793543903126e+00,1.673151382285004707e-01,-1.199999999999999956e+00
2.138276170862267289e+00,1.673673338599004079e-01,-1.199999999999999956e+00
2.139274548180631452e+00,1.674195294913003451e-01,-1.199999999999999956e+00
2.140272925498995615e+00,1.674717251227002823e-01,-1.199999999999999956e+00
2.141271302817359778e+00,1.675239207541001918e-01,-1.199999999999999956e+00
2.142269680135723942e+00,1.675761163855001290e-01,-1.199999999999999956e+00
2.143268057454088105e+00,1.676283120169000662e-01,-1.199999999999999956e+00
2.144266434772452268e+00,1.676805076483000034e-01,-1.199999999999999956e+00
2.145264812090816431e+00,1.677327032796999406e-01,-1.199999999999999956e+00
2.146263189409180594e+00,1.677848989110998779e-01,-1.199999999999999956e+00
2.147261566727544757e+00,1.678370945424998151e-01,-1.199999999999999956e+00
2.148259944045908920e+00,1.678892901738997245e-01,-1.199999999999999956e+00
2.149258321364273083e+00,1.679414858052996617e-01,-1.199999999999999956e+00
2.150256698682637246e+00,1.679936814366995990e-01,-1.199999999999999956e+00
2.151255076001001409e+00,1.680458770680995362e-01,-1.199999999999999956e+00
2.152253453319365573e+00,1.680980726994994734e-01,-1.199999999999999956e+00
2.153251830637729736e+00,1.681502683308994106e-01,-1.199999999999999956e+00
2.154250207956093899e+00,1.682024639622993478e-01,-1.199999999999999956e+00
2.155248585274458062e+00,1.682546595936992850e-01,-1.199999999999999956e+00
2.156246962592822225e+00,1.683068552250991945e-01,-1.199999999999999956e+00
2.157245339911186388e+00,1.683590508564991317e-01,-1.199999999999999956e+00
2.158243717229550551e+00,1.684112464878990689e-01,-1.199999999999999956e+00
2.159242094547915158e+00,1.684634421192990061e-01,-1.199999999999999956e+00
2.160240471866279321e+00,1.685156377506989434e-01,-1.199999999999999956e+00
2.161238849184643485e+00,1.685678333820988806e-01,-1.199999999999999956e+00
2.162237226503007648e+00,1.686200290134988178e-01,-1.199999999999999956e+00
2.163235603821371811e+00,1.686722246448987272e-01,-1.199999999999999956e+00
2.164233981139735974e+00,1.687244202762986645e-01,-1.199999999999999956e+00
2.165232358458100137e+00,1.687766159076986017e-01,-1.199999999999999956e+00
2.166230735776464300e+00,1.688288115390985389e-01,-1.199999999999999956e+00
2.167229113094828463e+00,1.688810071704984761e-01,-1.199999999999999956e+00
2.168227490413192626e+00,1.689332028018984133e-01,-1.199999999999999956e+00
2.169225867731556789e+00,1.689853984332983505e-01,-1.199999999999999956e+00
2.170224245049920953e+00,1.690375940646982877e-01,-1.199999999999999956e+00
2.171222622368285116e+00,1.690897896960981972e-01,-1.199999999999999956e+00
2.172220999686649279e+00,1.691419853274981344e-01,-1.199999999999999956e+00
2.173219377005013442e+00,1.691941809588980716e-01,-1.199999999999999956e+00
2.174217754323377605e+00,1.692463765902980088e-01,-1.199999999999999956e+00
2.175216131641741768e+00,1.692985722216979461e-01,-1.199999999999999956e+00
2.176214508960105931e+00,1.693507678530978833e-01,-1.199999999999999956e+00
2.177212886278470094e+00,1.694029634844978205e-01,-1.199999999999999956e+00
2.178211263596834257e+00,1.694551591158977299e-01,-1.199999999999999956e+00
2.179209640915198420e+00,1.695073547472976672e-01,-1.199999999999999956e+00
2.180208018233562584e+00,1.695595503786976044e-01,-1.199999999999999956e+00
2.181206395551926747e+00,1.696117460100975416e-01,-1.199999999999999956e+00
2.182204772870290910e+00,1.696639416414974788e-01,-1.199999999999999956e+00
2.183203150188655073e+00,1.697161372728974160e-01,-1.199999999999999956e+00
2.184201527507019236e+00,1.697683329042973532e-01,-1.199999999999999956e+00
2.185199904825383399e+00,1.698205285356972905e-01,-1.199999999999999956e+00
2.186198282143747562e+00,1.698727241670971999e-01,-1.199999999999999956e+00
2.187196659462111725e+00,1.699249197984971371e-01,-1.199999999999999956e+00
2.188195036780475888e+00,1.699771154298970743e-01,-1.199999999999999956e+00
2.189193414098840051e+00,1.700293110612970116e-01,-1.199999999999999956e+00
2.190171710891316792e+00,1.700933748347413788e-01,-1.199999999999999956e+00
2.191150007683793532e+00,1.701574386081857460e-01,-1.199999999999999956e+00
2.192128304476269829e+00,1.702215023816301409e-01,-1.199999999999999956e+00
2.193106601268746569e+00,1.702855661550745081e-01,-1.199999999999999956e+00
2.194084898061223310e+00,1.703496299285188753e-01,-1.199999999999999956e+00
2.195063194853700050e+00,1.704136937019632425e-01,-1.199999999999999956e+00
2.196041491646176791e+00,1.704777574754076097e-01,-1.199999999999999956e+00
2.197019788438653531e+00,1.705418212488519769e-01,-1.199999999999999956e+00
2.197998085231129828e+00,1.706058850222963719e-01,-1.199999999999999956e+00
2.198976382023606568e+00,1.706699487957407391e-01,-1.199999999999999956e+00
2.199954678816083309e+00,1.707340125691851063e-01,-1.199999999999999956e+00
2.200932975608560049e+00,1.707980763426294735e-01,-1.199999999999999956e+00
2.201911272401036790e+00,1.708621401160738407e-01,-1.199999999999999956e+00
2.202889569193513530e+00,1.709262038895182079e-01,-1.199999999999999956e+00
2.203867865985989827e+00,1.709902676629626028e-01,-1.199999999999999956e+00
2.204846162778466567e+00,1.710543314364069700e-01,-1.199999999999999956e+00
2.205824459570943308e+00,1.711183952098513372e-01,-1.199999999999999956e+00
2.206802756363420048e+00,1.711824589832957044e-01,-1.199999999999999956e+00
2.207781053155896789e+00,1.712465227567400716e-01,-1.199999999999999956e+00
2.208759349948373085e+00,1.713105865301844666e-01,-1.199999999999999956e+00
2.209737646740849826e+00,1.713746503036288338e-01,-1.199999999999999956e+00
2.210715943533326566e+00,1.714387140770732010e-01,-1.199999999999999956e+00
2.211694240325803307e+00,1.715027778505175682e-01,-1.199999999999999956e+00
2.212672537118280047e+00,1.715668416239619354e-01,-1.199999999999999956e+00
2.213650833910756788e+00,1.716309053974063026e-01,-1.199999999999999956e+00
2.214629130703233084e+00,1.716949691708506975e-01,-1.199999999999999956e+00
2.215607427495709825e+00,1.717590329442950647e-01,-1.199999999999999956e+00
2.216585724288186565e+00,1.718230967177394319e-01,-1.199999999999999956e+00
2.217564021080663306e+00,1.718871604911837991e-01,-1.199999999999999956e+00
2.218542317873140046e+00,1.719512242646281663e-01,-1.199999999999999956e+00
2.219520614665616787e+00,1.720152880380725335e-01,-1.199999999999999956e+00
2.220498911458093083e+00,1.720793518115169285e-01,-1.199999999999999956e+00
2.221477208250569824e+00,1.721434155849612957e-01,-1.199999999999999956e+00
2.222455505043046564e+00,1.722074793584056629e-01,-1.199999999999999956e+00
2.223433801835523305e+00,1.722715431318500301e-01,-1.199999999999999956e+00
2.224412098628000045e+00,1.723356069052943973e-01,-1.199999999999999956e+00
2.225390395420476342e+00,1.723996706787387923e-01,-1.199999999999999956e+00
2.226368692212953082e+00,1.724637344521831595e-01,-1.199999999999999956e+00
2.227346989005429823e+00,1.725277982256275267e-01,-1.199999999999999956e+00
2.228325285797906563e+00,1.725918619990718939e-01,-1.199999999999999956e+00
2.229303582590383304e+00,1.726559257725162611e-01,-1.199999999999999956e+00
2.230281879382860044e+00,1.727199895459606283e-01,-1.199999999999999956e+00
2.231260176175336341e+00,1.727840533194050232e-01,-1.199999999999999956e+00
2.232238472967813081e+00,1.728481170928493904e-01,-1.199999999999999956e+00
2.233216769760289822e+00,1.729121808662937576e-01,-1.199999999999999956e+00
2.234195066552766562e+00,1.729762446397381248e-01,-1.199999999999999956e+00
2.235173363345243303e+00,1.730403084131824920e-01,-1.199999999999999956e+00
2.236151660137720043e+00,1.731043721866268592e-01,-1.199999999999999956e+00
2.237129956930196339e+00,1.731684359600712542e-01,-1.199999999999999956e+00
2.238108253722673080e+00,1.732324997335156214e-01,-1.199999999999999956e+00
2.239086550515149820e+00,1.732965635069599886e-01,-1.199999999999999956e+00
2.240064847307626561e+00,1.733606272804043835e-01,-1.199999999999999956e+00
2.241043144100103301e+00,1.734246910538487785e-01,-1.199999999999999956e+00
2.242021440892580042e+00,1.734887548272931734e-01,-1.199999999999999956e+00
2.242999737685056338e+00,1.735528186007375684e-01,-1.199999999999999956e+00
2.243978034477533079e+00,1.736168823741819633e-01,-1.199999999999999956e+00
2.244956331270009819e+00,1.736809461476263305e-01,-1.199999999999999956e+00
2.245934628062486560e+00,1.737450099210707255e-01,-1.199999999999999956e+00
2.246912924854963300e+00,1.738090736945151205e-01,-1.199999999999999956e+00
2.247891221647440041e+00,1.738731374679595154e-01,-1.199999999999999956e+00
2.248869518439916337e+00,1.739372012414039104e-01,-1.199999999999999956e+00
2.249847815232393078e+00,1.740012650148483053e-01,-1.199999999999999956e+00
2.250826112024869818e+00,1.740653287882927003e-01,-1.199999999999999956e+00
2.251804408817346559e+00,1.741293925617370952e-01,-1.199999999999999956e+00
2.252782705609823299e+00,1.741934563351814902e-01,-1.199999999999999956e+00
2.253761002402300040e+00,1.742575201086258851e-01,-1.199999999999999956e+00
2.254739299194776336e+00,1.743215838820702523e-01,-1.199999999999999956e+00
2.255717595987253077e+00,1.743856476555146473e-01,-1.199999999999999956e+00
2.256695892779729817e+00,1.744497114289590423e-01,-1.199999999999999956e+00
2.257674189572206558e+00,1.745137752024034372e-01,-1.199999999999999956e+00
2.258652486364683298e+00,1.745778389758478322e-01,-1.199999999999999956e+00
2.259630783157160039e+00,1.746419027492922271e-01,-1.199999999999999956e+00
2.260609079949636779e+00,1.747059665227366221e-01,-1.199999999999999956e+00
2.261587376742113076e+00,1.747700302961810170e-01,-1.199999999999999956e+00
2.262565673534589816e+00,1.748340940696254120e-01,-1.199999999999999956e+00
2.263543970327066557e+00,1.748981578430698069e-01,-1.199999999999999956e+00
2.264522267119543297e+00,1.749622216165141741e-01,-1.199999999999999956e+00
2.265500563912020038e+00,1.750262853899585691e-01,-1.199999999999999956e+00
2.266478860704496778e+00,1.750903491634029641e-01,-1.199999999999999956e+00
2.267457157496973075e+00,1.751544129368473590e-01,-1.199999999999999956e+00
2.268435454289449815e+00,1.752184767102917540e-01,-1.199999999999999956e+00
2.269413751081926556e+00,1.752825404837361489e-01,-1.199999999999999956e+00
2.270392047874403296e+00,1.753466042571805439e-01,-1.199999999999999956e+00
2.271370344666880037e+00,1.754106680306249388e-01,-1.199999999999999956e+00
2.272348641459356777e+00,1.754747318040693338e-01,-1.199999999999999956e+00
2.273326938251833518e+00,1.755387955775137288e-01,-1.199999999999999956e+00
2.274305235044309814e+00,1.756028593509580960e-01,-1.199999999999999956e+00
2.275283531836786555e+00,1.756669231244024909e-01,-1.199999999999999956e+00
2.276261828629263295e+00,1.757309868978468859e-01,-1.199999999999999956e+00
2.277240125421740036e+00,1.757950506712912808e-01,-1.199999999999999956e+00
2.278218422214216776e+00,1.758591144447356758e-01,-1.199999999999999956e+00
2.279196719006693517e+00,1.759231782181800707e-01,-1.199999999999999956e+00
2.280175015799169813e+00,1.759872419916244657e-01,-1.199999999999999956e+00
2.281153312591646554e+00,1.760513057650688606e-01,-1.199999999999999956e+00
2.282131609384123294e+00,1.761153695385132556e-01,-1.199999999999999956e+00
2.283109906176600035e+00,1.761794333119576506e-01,-1.199999999999999956e+00
2.284088202969076775e+00,1.762434970854020178e-01,-1.199999999999999956e+00
2.285066499761553516e+00,1.763075608588464127e-01,-1.199999999999999956e+00
2.286044796554029812e+00,1.763716246322908077e-01,-1.199999999999999956e+00
2.287023093346506553e+00,1.764356884057352026e-01,-1.199999999999999956e+00
2.288001390138983293e+00,1.764997521791795976e-01,-1.199999999999999956e+00
2.288979686931460034e+00,1.765638159526239925e-01,-1.199999999999999956e+00
2.289957983723936774e+00,1.766278797260683597e-01,-1.199999999999999956e+00
2.290936280516413515e+00,1.766919434995127269e-01,-1.199999999999999956e+00
2.291914577308889811e+00,1.767560072729571219e-01,-1.199999999999999956e+00
2.292892874101366552e+00,1.768200710464014891e-01,-1.199999999999999956e+00
2.293871170893843292e+00,1.768841348198458563e-01,-1.199999999999999956e+00
2.294849467686320033e+00,1.769481985932902235e-01,-1.199999999999999956e+00
2.295827764478796773e+00,1.770122623667345907e-01,-1.199999999999999956e+00
2.296806061271273514e+00,1.770763261401789856e-01,-1.199999999999999956e+00
2.297784358063749810e+00,1.771403899136233528e-01,-1.199999999999999956e+00
2.298762654856226550e+00,1.772044536870677200e-01,-1.199999999999999956e+00
2.299740951648703291e+00,1.772685174605120872e-01,-1.199999999999999956e+00
2.300719248441180032e+00,1.773325812339564544e-01,-1.199999999999999956e+00
2.301697545233656772e+00,1.773966450074008494e-01,-1.199999999999999956e+00
2.302675842026133513e+00,1.774607087808452166e-01,-1.199999999999999956e+00
2.303654138818609809e+00,1.775247725542895838e-01,-1.199999999999999956e+00
2.304632435611086549e+00,1.775888363277339510e-01,-1.199999999999999956e+00
2.305610732403563290e+00,1.776529001011783182e-01,-1.199999999999999956e+00
2.306589029196040030e+00,1.777169638746227132e-01,-1.199999999999999956e+00
2.307567325988516771e+00,1.777810276480670804e-01,-1.199999999999999956e+00
2.308545622780993067e+00,1.778450914215114476e-01,-1.199999999999999956e+00
2.309523919573469808e+00,1.779091551949558148e-01,-1.199999999999999956e+00
2.310502216365946548e+00,1.779732189684001820e-01,-1.199999999999999956e+00
2.311480513158423289e+00,1.780372827418445769e-01,-1.199999999999999956e+00
2.312458809950900029e+00,1.781013465152889441e-01,-1.199999999999999956e+00
2.313437106743376770e+00,1.781654102887333113e-01,-1.199999999999999956e+00
2.314415403535853066e+00,1.782294740621776785e-01,-1.199999999999999956e+00
2.315393700328329807e+00,1.782935378356220457e-01,-1.199999999999999956e+00
2.316371997120806547e+00,1.783576016090664129e-01,-1.199999999999999956e+00
2.317350293913283288e+00,1.784216653825108079e-01,-1.199999999999999956e+00
2.318328590705760028e+00,1.784857291559551751e-01,-1.199999999999999956e+00
2.319306887498236769e+00,1.785497929293995423e-01,-1.199999999999999956e+00
2.320285184290713065e+00,1.786138567028439095e-01,-1.199999999999999956e+00
2.321263481083189806e+00,1.786779204762882767e-01,-1.199999999999999956e+00
2.322241777875666546e+00,1.787419842497326716e-01,-1.199999999999999956e+00
2.323220074668143287e+00,1.788060480231770388e-01,-1.199999999999999956e+00
2.324198371460620027e+00,1.788701117966214060e-01,-1.199999999999999956e+00
2.325176668253096324e+00,1.789341755700657732e-01,-1.199999999999999956e+00
2.326154965045573064e+00,1.789982393435101404e-01,-1.199999999999999956e+00
2.327133261838049805e+00,1.790623031169545354e-01,-1.199999999999999956e+00
2.328111558630526545e+00,1.791263668903989026e-01,-1.199999999999999956e+00
2.329089855423003286e+00,1.791904306638432698e-01,-1.199999999999999956e+00
2.330068152215480026e+00,1.792544944372876370e-01,-1.199999999999999956e+00
2.331046449007956323e+00,1.793185582107320042e-01,-1.199999999999999956e+00
2.332024745800433063e+00,1.793826219841763991e-01,-1.199999999999999956e+00
2.333003042592909804e+00,1.794466857576207663e-01,-1.199999999999999956e+00
2.333981339385386544e+00,1.795107495310651335e-01,-1.199999999999999956e+00
2.334959636177863285e+00,1.795748133045095007e-01,-1.199999999999999956e+00
2.335937932970340025e+00,1.796388770779538679e-01,-1.199999999999999956e+00
2.336916229762816322e+00,1.797029408513982629e-01,-1.199999999999999956e+00
2.337894526555293062e+00,1.797670046248426301e-01,-1.199999999999999956e+00
2.338872823347769803e+00,1.798310683982869973e-01,-1.199999999999999956e+00
2.339872059233369939e+00,1.798437031496399330e-01,-1.199999999999999956e+00
2.340871295118970075e+00,1.798563379009928687e-01,-1.199999999999999956e+00
2.341870531004570211e+00,1.798689726523458043e-01,-1.199999999999999956e+00
2.342869766890170347e+00,1.798816074036987123e-01,-1.199999999999999956e+00
2.343869002775770483e+00,1.798942421550516479e-01,-1.199999999999999956e+00
2.344868238661370619e+00,1.799068769064045836e-01,-1.199999999999999956e+00
2.345867474546970755e+00,1.799195116577575193e-01,-1.199999999999999956e+00
2.346866710432570891e+00,1.799321464091104550e-01,-1.199999999999999956e+00
2.347865946318171027e+00,1.799447811604633907e-01,-1.199999999999999956e+00
2.348865182203771163e+00,1.799574159118163263e-01,-1.199999999999999956e+00
2.349864418089371298e+00,1.799700506631692343e-01,-1.199999999999999956e+00
2.350863653974970990e+00,1.799826854145221700e-01,-1.199999999999999956e+00
2.351862889860571126e+00,1.799953201658751056e-01,-1.199999999999999956e+00
2.352862125746171262e+00,1.800079549172280413e-01,-1.199999999999999956e+00
2.353861361631771398e+00,1.800205896685809770e-01,-1.199999999999999956e+00
2.354860597517371534e+00,1.800332244199339127e-01,-1.199999999999999956e+00
2.355859833402971670e+00,1.800458591712868484e-01,-1.199999999999999956e+00
2.356859069288571806e+00,1.800584939226397840e-01,-1.199999999999999956e+00
2.357858305174171942e+00,1.800711286739926920e-01,-1.199999999999999956e+00
2.358857541059772078e+00,1.800837634253456276e-01,-1.199999999999999956e+00
2.359856776945372214e+00,1.800963981766985633e-01,-1.199999999999999956e+00
2.360856012830972350e+00,1.801090329280514990e-01,-1.199999999999999956e+00
2.361855248716572486e+00,1.801216676794044347e-01,-1.199999999999999956e+00
2.362854484602172622e+00,1.801343024307573704e-01,-1.199999999999999956e+00
2.363853720487772758e+00,1.801469371821103060e-01,-1.199999999999999956e+00
2.364852956373372894e+00,1.801595719334632140e-01,-1.199999999999999956e+00
2.365852192258973030e+00,1.801722066848161496e-01,-1.199999999999999956e+00
2.366851428144573166e+00,1.801848414361690853e-01,-1.199999999999999956e+00
2.367850664030173302e+00,1.801974761875220210e-01,-1.199999999999999956e+00
2.368849899915773438e+00,1.802101109388749567e-01,-1.199999999999999956e+00
2.369849135801373574e+00,1.802227456902278924e-01,-1.199999999999999956e+00
2.370848371686973710e+00,1.802353804415808280e-01,-1.199999999999999956e+00
2.371847607572573402e+00,1.802480151929337637e-01,-1.199999999999999956e+00
2.372846843458173538e+00,1.802606499442866717e-01,-1.199999999999999956e+00
2.373846079343773674e+00,1.802732846956396073e-01,-1.199999999999999956e+00
2.374845315229373810e+00,1.802859194469925430e-01,-1.199999999999999956e+00
2.375844551114973946e+00,1.802985541983454787e-01,-1.199999999999999956e+00
2.376843787000574082e+00,1.803111889496984144e-01,-1.199999999999999956e+00
2.377843022886174218e+00,1.803238237010513501e-01,-1.199999999999999956e+00
2.378842258771774354e+00,1.803364584524042857e-01,-1.199999999999999956e+00
2.379841494657374490e+00,1.803490932037571937e-01,-1.199999999999999956e+00
2.380840730542974626e+00,1.803617279551101293e-01,-1.199999999999999956e+00
2.381839966428574762e+00,1.803743627064630650e-01,-1.199999999999999956e+00
2.382839202314174898e+00,1.803869974578160007e-01,-1.199999999999999956e+00
2.383838438199775034e+00,1.803996322091689364e-01,-1.199999999999999956e+00
2.384837674085375170e+00,1.804122669605218721e-01,-1.199999999999999956e+00
2.385836909970975306e+00,1.804249017118748077e-01,-1.199999999999999956e+00
2.386836145856575442e+00,1.804375364632277157e-01,-1.199999999999999956e+00
2.387835381742175578e+00,1.804501712145806513e-01,-1.199999999999999956e+00
2.388834617627775714e+00,1.804628059659335870e-01,-1.199999999999999956e+00
2.389833853513375850e+00,1.804754407172865227e-01,-1.199999999999999956e+00
2.390833089398975986e+00,1.804880754686394584e-01,-1.199999999999999956e+00
2.391832325284576122e+00,1.805007102199923941e-01,-1.199999999999999956e+00
2.392831561170176258e+00,1.805133449713453297e-01,-1.199999999999999956e+00
2.393830797055776394e+00,1.805259797226982377e-01,-1.199999999999999956e+00
2.394830032941376086e+00,1.805386144740511734e-01,-1.199999999999999956e+00
2.395829268826976222e+00,1.805512492254041090e-01,-1.199999999999999956e+00
2.396828504712576358e+00,1.805638839767570447e-01,-1.199999999999999956e+00
2.397827740598176494e+00,1.805765187281099804e-01,-1.199999999999999956e+00
2.398826976483776630e+00,1.805891534794629161e-01,-1.199999999999999956e+00
2.399826212369376766e+00,1.806017882308158518e-01,-1.199999999999999956e+00
2.400825448254976902e+00,1.806144229821687874e-01,-1.199999999999999956e+00
2.401824684140577038e+00,1.806270577335216954e-01,-1.199999999999999956e+00
2.402823920026177174e+00,1.806396924848746310e-01,-1.199999999999999956e+00
2.403823155911777310e+00,1.806523272362275667e-01,-1.199999999999999956e+00
2.404822391797377445e+00,1.806649619875805024e-01,-1.199999999999999956e+00
2.405821627682977581e+00,1.806775967389334381e-01,-1.199999999999999956e+00
2.406820863568577717e+00,1.806902314902863738e-01,-1.199999999999999956e+00
2.407820099454177853e+00,1.807028662416393094e-01,-1.199999999999999956e+00
2.408819335339777989e+00,1.807155009929922174e-01,-1.199999999999999956e+00
2.409818571225378125e+00,1.807281357443451530e-01,-1.199999999999999956e+00
2.410817807110978261e+00,1.807407704956980887e-01,-1.199999999999999956e+00
2.411817042996578397e+00,1.807534052470510244e-01,-1.199999999999999956e+00
2.412816278882178533e+00,1.807660399984039601e-01,-1.199999999999999956e+00
2.413815514767778669e+00,1.807786747497568958e-01,-1.199999999999999956e+00
2.414814750653378805e+00,1.807913095011098314e-01,-1.199999999999999956e+00
2.415813986538978497e+00,1.808039442524627671e-01,-1.199999999999999956e+00
2.416813222424578633e+00,1.808165790038156751e-01,-1.199999999999999956e+00
2.417812458310178769e+00,1.808292137551686107e-01,-1.199999999999999956e+00
2.418811694195778905e+00,1.808418485065215464e-01,-1.199999999999999956e+00
2.419810930081379041e+00,1.808544832578744821e-01,-1.199999999999999956e+00
2.420810165966979177e+00,1.808671180092274178e-01,-1.199999999999999956e+00
2.421809401852579313e+00,1.808797527605803535e-01,-1.199999999999999956e+00
2.422808637738179449e+00,1.808923875119332891e-01,-1.199999999999999956e+00
2.423807873623779585e+00,1.809050222632861971e-01,-1.199999999999999956e+00
2.424807109509379721e+00,1.809176570146391327e-01,-1.199999999999999956e+00
2.425806345394979857e+00,1.809302917659920684e-01,-1.199999999999999956e+00
2.426805581280579993e+00,1.809429265173450041e-01,-1.199999999999999956e+00
2.427785603516806834e+00,1.809159970216392965e-01,-1.199999999999999956e+00
2.428765625753033675e+00,1.808890675259335890e-01,-1.199999999999999956e+00
2.429745647989260515e+00,1.808621380302278814e-01,-1.199999999999999956e+00
2.430725670225487356e+00,1.808352085345221738e-01,-1.199999999999999956e+00
2.431705692461714197e+00,1.808082790388164662e-01,-1.199999999999999956e+00
2.432685714697941037e+00,1.807813495431107587e-01,-1.199999999999999956e+00
2.433665736934167878e+00,1.807544200474050511e-01,-1.199999999999999956e+00
2.434645759170394719e+00,1.807274905516993435e-01,-1.199999999999999956e+00
2.435625781406622004e+00,1.807005610559936637e-01,-1.199999999999999956e+00
2.436605803642848844e+00,1.806736315602879561e-01,-1.199999999999999956e+00
2.437585825879075685e+00,1.806467020645822485e-01,-1.199999999999999956e+00
2.438565848115302526e+00,1.806197725688765410e-01,-1.199999999999999956e+00
2.439545870351529366e+00,1.805928430731708334e-01,-1.199999999999999956e+00
2.440525892587756207e+00,1.805659135774651258e-01,-1.199999999999999956e+00
2.441505914823983048e+00,1.805389840817594183e-01,-1.199999999999999956e+00
2.442485937060209888e+00,1.805120545860537107e-01,-1.199999999999999956e+00
2.443465959296436729e+00,1.804851250903480031e-01,-1.199999999999999956e+00
2.444445981532663570e+00,1.804581955946422955e-01,-1.199999999999999956e+00
2.445426003768890411e+00,1.804312660989365880e-01,-1.199999999999999956e+00
2.446406026005117251e+00,1.804043366032308804e-01,-1.199999999999999956e+00
2.447386048241344092e+00,1.803774071075251728e-01,-1.199999999999999956e+00
2.448366070477570933e+00,1.803504776118194652e-01,-1.199999999999999956e+00
2.449346092713797773e+00,1.803235481161137577e-01,-1.199999999999999956e+00
2.450326114950024614e+00,1.802966186204080501e-01,-1.199999999999999956e+00
2.451306137186251455e+00,1.802696891247023425e-01,-1.199999999999999956e+00
2.452286159422478740e+00,1.802427596289966627e-01,-1.199999999999999956e+00
2.453266181658705580e+00,1.802158301332909551e-01,-1.199999999999999956e+00
2.454246203894932421e+00,1.801889006375852476e-01,-1.199999999999999956e+00
2.455226226131159262e+00,1.801619711418795400e-01,-1.199999999999999956e+00
2.456206248367386102e+00,1.801350416461738324e-01,-1.199999999999999956e+00
2.457186270603612943e+00,1.801081121504681248e-01,-1.199999999999999956e+00
2.458166292839839784e+00,1.800811826547624173e-01,-1.199999999999999956e+00
2.459146315076066625e+00,1.800542531590567097e-01,-1.199999999999999956e+00
2.460126337312293465e+00,1.800273236633510021e-01,-1.199999999999999956e+00
2.461106359548520306e+00,1.800003941676452945e-01,-1.199999999999999956e+00
2.462086381784747147e+00,1.799734646719395870e-01,-1.199999999999999956e+00
2.463066404020973987e+00,1.799465351762338794e-01,-1.199999999999999956e+00
2.464046426257200828e+00,1.799196056805281718e-01,-1.199999999999999956e+00
2.465026448493427669e+00,1.798926761848224642e-01,-1.199999999999999956e+00
2.466006470729654509e+00,1.798657466891167567e-01,-1.199999999999999956e+00
2.466986492965881350e+00,1.798388171934110491e-01,-1.199999999999999956e+00
2.467966515202108191e+00,1.798118876977053415e-01,-1.199999999999999956e+00
2.468946537438335476e+00,1.797849582019996617e-01,-1.199999999999999956e+00
2.469926559674562316e+00,1.797580287062939541e-01,-1.199999999999999956e+00
2.470906581910789157e+00,1.797310992105882466e-01,-1.199999999999999956e+00
2.471886604147015998e+00,1.797041697148825390e-01,-1.199999999999999956e+00
2.472866626383242838e+00,1.796772402191768314e-01,-1.199999999999999956e+00
2.473846648619469679e+00,1.796503107234711238e-01,-1.199999999999999956e+00
2.474826670855696520e+00,1.796233812277654163e-01,-1.199999999999999956e+00
2.475806693091923361e+00,1.795964517320597087e-01,-1.199999999999999956e+00
2.476786715328150201e+00,1.795695222363540011e-01,-1.199999999999999956e+00
2.477786338009101197e+00,1.795420541507341539e-01,-1.199999999999999956e+00
2.478785960690052637e+00,1.795145860651143344e-01,-1.199999999999999956e+00
2.479785583371003632e+00,1.794871179794944871e-01,-1.199999999999999956e+00
2.480785206051955072e+00,1.794596498938746398e-01,-1.199999999999999956e+00
2.481784828732906067e+00,1.794321818082547926e-01,-1.199999999999999956e+00
2.482784451413857507e+00,1.794047137226349731e-01,-1.199999999999999956e+00
2.483784074094808503e+00,1.793772456370151258e-01,-1.199999999999999956e+00
2.484783696775759942e+00,1.793497775513952786e-01,-1.199999999999999956e+00
2.485783319456710938e+00,1.793223094657754313e-01,-1.199999999999999956e+00
2.486782942137662378e+00,1.792948413801556118e-01,-1.199999999999999956e+00
2.487782564818613373e+00,1.792673732945357645e-01,-1.199999999999999956e+00
2.488782187499564813e+00,1.792399052089159173e-01,-1.199999999999999956e+00
2.489781810180515809e+00,1.792124371232960700e-01,-1.199999999999999956e+00
2.490781432861466804e+00,1.791849690376762505e-01,-1.199999999999999956e+00
2.491781055542418244e+00,1.791575009520564032e-01,-1.199999999999999956e+00
2.492780678223369240e+00,1.791300328664365560e-01,-1.199999999999999956e+00
2.493780300904320679e+00,1.791025647808167087e-01,-1.199999999999999956e+00
2.494779923585271675e+00,1.790750966951968892e-01,-1.199999999999999956e+00
2.495779546266223115e+00,1.790476286095770420e-01,-1.199999999999999956e+00
2.496779168947174110e+00,1.790201605239571947e-01,-1.199999999999999956e+00
2.497778791628125550e+00,1.789926924383373474e-01,-1.199999999999999956e+00
2.498778414309076545e+00,1.789652243527175279e-01,-1.199999999999999956e+00
2.499778036990027985e+00,1.789377562670976807e-01,-1.199999999999999956e+00
2.500777659670978981e+00,1.789102881814778334e-01,-1.199999999999999956e+00
2.501777282351929976e+00,1.788828200958579862e-01,-1.199999999999999956e+00
2.502776905032881416e+00,1.788553520102381666e-01,-1.199999999999999956e+00
2.503776527713832412e+00,1.788278839246183194e-01,-1.199999999999999956e+00
2.504776150394783851e+00,1.788004158389984721e-01,-1.199999999999999956e+00
2.505775773075734847e+00,1.787729477533786526e-01,-1.199999999999999956e+00
2.506775395756686287e+00,1.787454796677588054e-01,-1.199999999999999956e+00
2.507775018437637282e+00,1.787180115821389581e-01,-1.199999999999999956e+00
2.508774641118588722e+00,1.786905434965191108e-01,-1.199999999999999956e+00
2.509774263799539717e+00,1.786630754108992913e-01,-1.199999999999999956e+00
2.510773886480491157e+00,1.786356073252794441e-01,-1.199999999999999956e+00
2.511773509161442153e+00,1.786081392396595968e-01,-1.199999999999999956e+00
2.512773131842393592e+00,1.785806711540397496e-01,-1.199999999999999956e+00
2.513772754523344588e+00,1.785532030684199301e-01,-1.199999999999999956e+00
2.514772377204295584e+00,1.785257349828000828e-01,-1.199999999999999956e+00
2.515771999885247023e+00,1.784982668971802355e-01,-1.199999999999999956e+00
2.516771622566198019e+00,1.784707988115603883e-01,-1.199999999999999956e+00
2.517771245247149459e+00,1.784433307259405688e-01,-1.199999999999999956e+00
2.518770867928100454e+00,1.784158626403207215e-01,-1.199999999999999956e+00
2.519770490609051894e+00,1.783883945547008743e-01,-1.199999999999999956e+00
2.520770113290002890e+00,1.783609264690810270e-01,-1.199999999999999956e+00
2.521769735970954329e+00,1.783334583834612075e-01,-1.199999999999999956e+00
2.522769358651905325e+00,1.783059902978413602e-01,-1.199999999999999956e+00
2.523768981332856765e+00,1.782785222122215130e-01,-1.199999999999999956e+00
2.524768604013807760e+00,1.782510541266016657e-01,-1.199999999999999956e+00
2.525768226694759200e+00,1.782235860409818462e-01,-1.199999999999999956e+00
2.526767849375710195e+00,1.781961179553619989e-01,-1.199999999999999956e+00
2.527728148012434506e+00,1.784348182004884542e-01,-1.199999999999999956e+00
2.528688446649158816e+00,1.786735184456149095e-01,-1.199999999999999956e+00
2.529648745285883127e+00,1.789122186907413647e-01,-1.199999999999999956e+00
2.530609043922607437e+00,1.791509189358677923e-01,-1.199999999999999956e+00
2.531569342559331748e+00,1.793896191809942475e-01,-1.199999999999999956e+00
2.532529641196056502e+00,1.796283194261207028e-01,-1.199999999999999956e+00
2.533489939832780813e+00,1.798670196712471581e-01,-1.199999999999999956e+00
2.534450238469505123e+00,1.801057199163736133e-01,-1.199999999999999956e+00
2.535410537106229434e+00,1.803444201615000686e-01,-1.199999999999999956e+00
2.536370835742953744e+00,1.805831204066265239e-01,-1.199999999999999956e+00
2.537331134379678055e+00,1.808218206517529791e-01,-1.199999999999999956e+00
2.538291433016402365e+00,1.810605208968794066e-01,-1.199999999999999956e+00
2.539251731653126676e+00,1.812992211420058619e-01,-1.199999999999999956e+00
2.540212030289850986e+00,1.815379213871323172e-01,-1.199999999999999956e+00
2.541172328926575297e+00,1.817766216322587725e-01,-1.199999999999999956e+00
2.542132627563300051e+00,1.820153218773852277e-01,-1.199999999999999956e+00
2.543092926200024362e+00,1.822540221225116830e-01,-1.199999999999999956e+00
2.544053224836748672e+00,1.824927223676381383e-01,-1.199999999999999956e+00
2.545013523473472983e+00,1.827314226127645935e-01,-1.199999999999999956e+00
2.545973822110197293e+00,1.829701228578910210e-01,-1.199999999999999956e+00
2.546934120746921604e+00,1.832088231030174763e-01,-1.199999999999999956e+00
2.547894419383645914e+00,1.834475233481439316e-01,-1.199999999999999956e+00
2.548854718020370225e+00,1.836862235932703868e-01,-1.199999999999999956e+00
2.549815016657094535e+00,1.839249238383968421e-01,-1.199999999999999956e+00
2.550775315293818846e+00,1.841636240835232974e-01,-1.199999999999999956e+00
2.551735613930543600e+00,1.844023243286497526e-01,-1.199999999999999956e+00
2.552695912567267911e+00,1.846410245737762079e-01,-1.199999999999999956e+00
2.553656211203992221e+00,1.848797248189026354e-01,-1.199999999999999956e+00
2.554616509840716532e+00,1.851184250640290907e-01,-1.199999999999999956e+00
2.555576808477440842e+00,1.853571253091555460e-01,-1.199999999999999956e+00
2.556537107114165153e+00,1.855958255542820012e-01,-1.199999999999999956e+00
2.557497405750889463e+00,1.858345257994084565e-01,-1.199999999999999956e+00
2.558457704387613774e+00,1.860732260445349118e-01,-1.199999999999999956e+00
2.559418003024338084e+00,1.863119262896613670e-01,-1.199999999999999956e+00
2.560378301661062395e+00,1.865506265347878223e-01,-1.199999999999999956e+00
2.561338600297786705e+00,1.867893267799142498e-01,-1.199999999999999956e+00
2.562298898934511460e+00,1.870280270250407051e-01,-1.199999999999999956e+00
2.563259197571235770e+00,1.872667272701671604e-01,-1.199999999999999956e+00
2.564219496207960081e+00,1.875054275152936156e-01,-1.199999999999999956e+00
2.565179794844684391e+00,1.877441277604200709e-01,-1.199999999999999956e+00
2.566140093481408702e+00,1.879828280055465262e-01,-1.199999999999999956e+00
2.567100392118133012e+00,1.882215282506729814e-01,-1.199999999999999956e+00
2.568060690754857323e+00,1.884602284957994089e-01,-1.199999999999999956e+00
2.569020989391581633e+00,1.886989287409258642e-01,-1.199999999999999956e+00
2.569981288028305944e+00,1.889376289860523195e-01,-1.199999999999999956e+00
2.570941586665030254e+00,1.891763292311787747e-01,-1.199999999999999956e+00
2.571901885301755009e+00,1.894150294763052300e-01,-1.199999999999999956e+00
2.572862183938479319e+00,1.896537297214316853e-01,-1.199999999999999956e+00
2.573822482575203630e+00,1.898924299665581406e-01,-1.199999999999999956e+00
2.574782781211927940e+00,1.901311302116845958e-01,-1.199999999999999956e+00
2.575743079848652251e+00,1.903698304568110233e-01,-1.199999999999999956e+00
2.576703378485376561e+00,1.906085307019374786e-01,-1.199999999999999956e+00
2.577663677122100871e+00,1.908472309470639339e-01,-1.199999999999999956e+00
2.578623975758825182e+00,1.910859311921903891e-01,-1.199999999999999956e+00
2.579584274395549492e+00,1.913246314373168444e-01,-1.199999999999999956e+00
2.580544573032273803e+00,1.915633316824432997e-01,-1.199999999999999956e+00
2.581504871668998558e+00,1.918020319275697549e-01,-1.199999999999999956e+00
2.582465170305722868e+00,1.920407321726961825e-01,-1.199999999999999956e+00
2.583425468942447178e+00,1.922794324178226377e-01,-1.199999999999999956e+00
2.584385767579171489e+00,1.925181326629490930e-01,-1.199999999999999956e+00
2.585346066215895799e+00,1.927568329080755483e-01,-1.199999999999999956e+00
2.586306364852620110e+00,1.929955331532020035e-01,-1.199999999999999956e+00
2.587240819459319052e+00,1.932921193451550557e-01,-1.199999999999999956e+00
2.588175274066017995e+00,1.935887055371081078e-01,-1.199999999999999956e+00
2.589109728672717381e+00,1.938852917290611877e-01,-1.199999999999999956e+00
2.590044183279416323e+00,1.941818779210142398e-01,-1.199999999999999956e+00
2.590978637886115266e+00,1.944784641129672920e-01,-1.199999999999999956e+00
2.591913092492814208e+00,1.947750503049203441e-01,-1.199999999999999956e+00
2.592847547099513150e+00,1.950716364968734240e-01,-1.199999999999999956e+00
2.593782001706212093e+00,1.953682226888264761e-01,-1.199999999999999956e+00
2.594716456312911479e+00,1.956648088807795283e-01,-1.199999999999999956e+00
2.595650910919610421e+00,1.959613950727325804e-01,-1.199999999999999956e+00
2.596585365526309364e+00,1.962579812646856603e-01,-1.199999999999999956e+00
2.597519820133008306e+00,1.965545674566387124e-01,-1.199999999999999956e+00
2.598454274739707248e+00,1.968511536485917646e-01,-1.199999999999999956e+00
2.599388729346406191e+00,1.971477398405448167e-01,-1.199999999999999956e+00
2.600323183953105577e+00,1.974443260324978966e-01,-1.199999999999999956e+00
2.601257638559804519e+00,1.977409122244509487e-01,-1.199999999999999956e+00
2.602192093166503462e+00,1.980374984164040009e-01,-1.199999999999999956e+00
2.603126547773202404e+00,1.983340846083570530e-01,-1.199999999999999956e+00
2.604061002379901346e+00,1.986306708003101051e-01,-1.199999999999999956e+00
2.604995456986600733e+00,1.989272569922631850e-01,-1.199999999999999956e+00
2.605929911593299675e+00,1.992238431842162372e-01,-1.199999999999999956e+00
2.606864366199998617e+00,1.995204293761692893e-01,-1.199999999999999956e+00
2.607798820806697560e+00,1.998170155681223414e-01,-1.199999999999999956e+00
2.608733275413396502e+00,2.001136017600754213e-01,-1.199999999999999956e+00
2.609667730020095444e+00,2.004101879520284735e-01,-1.199999999999999956e+00
2.610602184626794831e+00,2.007067741439815256e-01,-1.199999999999999956e+00
2.611536639233493773e+00,2.010033603359345777e-01,-1.199999999999999956e+00
2.612471093840192715e+00,2.012999465278876576e-01,-1.199999999999999956e+00
2.613405548446891657e+00,2.015965327198407098e-01,-1.199999999999999956e+00
2.614340003053590600e+00,2.018931189117937619e-01,-1.199999999999999956e+00
2.615274457660289542e+00,2.021897051037468140e-01,-1.199999999999999956e+00
2.616208912266988929e+00,2.024862912956998939e-01,-1.199999999999999956e+00
2.617143366873687871e+00,2.027828774876529461e-01,-1.199999999999999956e+00
2.618077821480386813e+00,2.030794636796059982e-01,-1.199999999999999956e+00
2.619012276087085755e+00,2.033760498715590503e-01,-1.199999999999999956e+00
2.619946730693784698e+00,2.036726360635121025e-01,-1.199999999999999956e+00
2.620881185300484084e+00,2.039692222554651824e-01,-1.199999999999999956e+00
2.621815639907183026e+00,2.042658084474182345e-01,-1.199999999999999956e+00
2.622750094513881969e+00,2.045623946393712866e-01,-1.199999999999999956e+00
2.623684549120580911e+00,2.048589808313243388e-01,-1.199999999999999956e+00
2.624619003727279853e+00,2.051555670232774187e-01,-1.199999999999999956e+00
2.625553458333978796e+00,2.054521532152304708e-01,-1.199999999999999956e+00
2.626487912940678182e+00,2.057487394071835229e-01,-1.199999999999999956e+00
2.627422367547377124e+00,2.060453255991365751e-01,-1.199999999999999956e+00
2.628356822154076067e+00,2.063419117910896550e-01,-1.199999999999999956e+00
2.629291276760775009e+00,2.066384979830427071e-01,-1.199999999999999956e+00
2.630225731367473951e+00,2.069350841749957592e-01,-1.199999999999999956e+00
2.631160185974172894e+00,2.072316703669488114e-01,-1.199999999999999956e+00
2.632094640580872280e+00,2.075282565589018913e-01,-1.199999999999999956e+00
2.633029095187571222e+00,2.078248427508549434e-01,-1.199999999999999956e+00
2.633963549794270165e+00,2.081214289428079955e-01,-1.199999999999999956e+00
2.634947722425401206e+00,2.082215834733946169e-01,-1.199999999999999956e+00
2.635931895056531804e+00,2.083217380039812661e-01,-1.199999999999999956e+00
2.636916067687662846e+00,2.084218925345678874e-01,-1.199999999999999956e+00
2.637900240318793887e+00,2.085220470651545366e-01,-1.199999999999999956e+00
2.638884412949924485e+00,2.086222015957411580e-01,-1.199999999999999956e+00
2.639868585581055527e+00,2.087223561263277793e-01,-1.199999999999999956e+00
2.640852758212186124e+00,2.088225106569144285e-01,-1.199999999999999956e+00
2.641836930843317166e+00,2.089226651875010499e-01,-1.199999999999999956e+00
2.642821103474448208e+00,2.090228197180876990e-01,-1.199999999999999956e+00
2.643805276105578805e+00,2.091229742486743204e-01,-1.199999999999999956e+00
2.644789448736709847e+00,2.092231287792609418e-01,-1.199999999999999956e+00
2.645773621367840889e+00,2.093232833098475909e-01,-1.199999999999999956e+00
2.646757793998971486e+00,2.094234378404342123e-01,-1.199999999999999956e+00
2.647741966630102528e+00,2.095235923710208614e-01,-1.199999999999999956e+00
2.648726139261233126e+00,2.096237469016074828e-01,-1.199999999999999956e+00
2.649710311892364167e+00,2.097239014321941042e-01,-1.199999999999999956e+00
2.650694484523495209e+00,2.098240559627807533e-01,-1.199999999999999956e+00
2.651678657154625807e+00,2.099242104933673747e-01,-1.199999999999999956e+00
2.652662829785756848e+00,2.100243650239540238e-01,-1.199999999999999956e+00
2.653647002416887890e+00,2.101245195545406452e-01,-1.199999999999999956e+00
2.654631175048018488e+00,2.102246740851272666e-01,-1.199999999999999956e+00
2.655615347679149529e+00,2.103248286157139157e-01,-1.199999999999999956e+00
2.656599520310280571e+00,2.104249831463005371e-01,-1.199999999999999956e+00
2.657583692941411169e+00,2.105251376768871863e-01,-1.199999999999999956e+00
2.658567865572542210e+00,2.106252922074738076e-01,-1.199999999999999956e+00
2.659552038203672808e+00,2.107254467380604290e-01,-1.199999999999999956e+00
2.660536210834803850e+00,2.108256012686470782e-01,-1.199999999999999956e+00
2.661520383465934891e+00,2.109257557992336996e-01,-1.199999999999999956e+00
2.662504556097065489e+00,2.110259103298203487e-01,-1.199999999999999956e+00
2.663488728728196531e+00,2.111260648604069701e-01,-1.199999999999999956e+00
2.664472901359327572e+00,2.112262193909935915e-01,-1.199999999999999956e+00
2.665457073990458170e+00,2.113263739215802406e-01,-1.199999999999999956e+00
2.666441246621589212e+00,2.114265284521668620e-01,-1.199999999999999956e+00
2.667425419252720253e+00,2.115266829827535111e-01,-1.199999999999999956e+00
2.668409591883850851e+00,2.116268375133401325e-01,-1.199999999999999956e+00
2.669393764514981893e+00,2.117269920439267539e-01,-1.199999999999999956e+00
2.670377937146112490e+00,2.118271465745134030e-01,-1.199999999999999956e+00
2.671362109777243532e+00,2.119273011051000244e-01,-1.199999999999999956e+00
2.672346282408374574e+00,2.120274556356866458e-01,-1.199999999999999956e+00
2.673330455039505171e+00,2.121276101662732949e-01,-1.199999999999999956e+00
2.674314627670636213e+00,2.122277646968599163e-01,-1.199999999999999956e+00
2.675298800301767255e+00,2.123279192274465654e-01,-1.199999999999999956e+00
2.676282972932897852e+00,2.124280737580331868e-01,-1.199999999999999956e+00
2.677267145564028894e+00,2.125282282886198082e-01,-1.199999999999999956e+00
2.678251318195159492e+00,2.126283828192064573e-01,-1.199999999999999956e+00
2.679235490826290533e+00,2.127285373497930787e-01,-1.199999999999999956e+00
2.680219663457421575e+00,2.128286918803797279e-01,-1.199999999999999956e+00
2.681203836088552173e+00,2.129288464109663492e-01,-1.199999999999999956e+00
2.682188008719683214e+00,2.130290009415529706e-01,-1.199999999999999956e+00
2.683172181350814256e+00,2.131291554721396198e-01,-1.199999999999999956e+00
2.684156353981944854e+00,2.132293100027262411e-01,-1.199999999999999956e+00
2.685140526613075895e+00,2.133294645333128903e-01,-1.199999999999999956e+00
2.686124699244206937e+00,2.134296190638995117e-01,-1.199999999999999956e+00
2.687108871875337535e+00,2.135297735944861330e-01,-1.199999999999999956e+00
2.688093044506468576e+00,2.136299281250727822e-01,-1.199999999999999956e+00
2.689077217137599174e+00,2.137300826556594036e-01,-1.199999999999999956e+00
2.690061389768730216e+00,2.138302371862460527e-01,-1.199999999999999956e+00
2.691045562399861257e+00,2.139303917168326741e-01,-1.199999999999999956e+00
2.692029735030991855e+00,2.140305462474192955e-01,-1.199999999999999956e+00
2.693013907662122897e+00,2.141307007780059446e-01,-1.199999999999999956e+00
2.693998080293253938e+00,2.142308553085925660e-01,-1.199999999999999956e+00
2.694982252924384536e+00,2.143310098391792151e-01,-1.199999999999999956e+00
2.695966425555515578e+00,2.144311643697658365e-01,-1.199999999999999956e+00
2.696950598186646175e+00,2.145313189003524579e-01,-1.199999999999999956e+00
2.697934770817777217e+00,2.146314734309391070e-01,-1.199999999999999956e+00
2.698918943448908259e+00,2.147316279615257284e-01,-1.199999999999999956e+00
2.699903116080038856e+00,2.148317824921123775e-01,-1.199999999999999956e+00
2.700887288711169898e+00,2.149319370226989989e-01,-1.199999999999999956e+00
2.701867278379870729e+00,2.149600267090261141e-01,-1.199999999999999956e+00
2.702847268048571561e+00,2.149881163953532293e-01,-1.199999999999999956e+00
2.703827257717272392e+00,2.150162060816803444e-01,-1.199999999999999956e+00
2.704807247385973223e+00,2.150442957680074596e-01,-1.199999999999999956e+00
2.705787237054674055e+00,2.150723854543345748e-01,-1.199999999999999956e+00
2.706767226723374442e+00,2.151004751406617177e-01,-1.199999999999999956e+00
2.707747216392075273e+00,2.151285648269888329e-01,-1.199999999999999956e+00
2.708727206060776105e+00,2.151566545133159480e-01,-1.199999999999999956e+00
2.709707195729476936e+00,2.151847441996430632e-01,-1.199999999999999956e+00
2.710687185398177768e+00,2.152128338859701784e-01,-1.199999999999999956e+00
2.711667175066878599e+00,2.152409235722972936e-01,-1.199999999999999956e+00
2.712647164735579430e+00,2.152690132586244087e-01,-1.199999999999999956e+00
2.713627154404280262e+00,2.152971029449515239e-01,-1.199999999999999956e+00
2.714607144072981093e+00,2.153251926312786391e-01,-1.199999999999999956e+00
2.715587133741681924e+00,2.153532823176057542e-01,-1.199999999999999956e+00
2.716567123410382312e+00,2.153813720039328972e-01,-1.199999999999999956e+00
2.717547113079083143e+00,2.154094616902600123e-01,-1.199999999999999956e+00
2.718527102747783974e+00,2.154375513765871275e-01,-1.199999999999999956e+00
2.719507092416484806e+00,2.154656410629142427e-01,-1.199999999999999956e+00
2.720487082085185637e+00,2.154937307492413578e-01,-1.199999999999999956e+00
2.721467071753886469e+00,2.155218204355684730e-01,-1.199999999999999956e+00
2.722447061422587300e+00,2.155499101218955882e-01,-1.199999999999999956e+00
2.723427051091288131e+00,2.155779998082227034e-01,-1.199999999999999956e+00
2.724407040759988963e+00,2.156060894945498185e-01,-1.199999999999999956e+00
2.725387030428689794e+00,2.156341791808769337e-01,-1.199999999999999956e+00
2.726367020097390181e+00,2.156622688672040766e-01,-1.199999999999999956e+00
2.727347009766091013e+00,2.156903585535311918e-01,-1.199999999999999956e+00
2.728326999434791844e+00,2.157184482398583070e-01,-1.199999999999999956e+00
2.729306989103492675e+00,2.157465379261854221e-01,-1.199999999999999956e+00
2.730286978772193507e+00,2.157746276125125373e-01,-1.199999999999999956e+00
2.731266968440894338e+00,2.158027172988396525e-01,-1.199999999999999956e+00
2.732246958109595170e+00,2.158308069851667677e-01,-1.199999999999999956e+00
2.733226947778296001e+00,2.158588966714938828e-01,-1.199999999999999956e+00
2.734206937446996832e+00,2.158869863578209980e-01,-1.199999999999999956e+00
2.735186927115697664e+00,2.159150760441481132e-01,-1.199999999999999956e+00
2.736166916784398051e+00,2.159431657304752561e-01,-1.199999999999999956e+00
2.737146906453098882e+00,2.159712554168023713e-01,-1.199999999999999956e+00
2.738126896121799714e+00,2.159993451031294864e-01,-1.199999999999999956e+00
2.739106885790500545e+00,2.160274347894566016e-01,-1.199999999999999956e+00
2.740086875459201377e+00,2.160555244757837168e-01,-1.199999999999999956e+00
2.741066865127902208e+00,2.160836141621108319e-01,-1.199999999999999956e+00
2.742046854796603039e+00,2.161117038484379471e-01,-1.199999999999999956e+00
2.743026844465303871e+00,2.161397935347650623e-01,-1.199999999999999956e+00
2.744006834134004702e+00,2.161678832210921775e-01,-1.199999999999999956e+00
2.744986823802705533e+00,2.161959729074192926e-01,-1.199999999999999956e+00
2.745966813471405921e+00,2.162240625937464356e-01,-1.199999999999999956e+00
2.746946803140106752e+00,2.162521522800735507e-01,-1.199999999999999956e+00
2.747926792808807583e+00,2.162802419664006659e-01,-1.199999999999999956e+00
2.748906782477508415e+00,2.163083316527277811e-01,-1.199999999999999956e+00
2.749886772146209246e+00,2.163364213390548962e-01,-1.199999999999999956e+00
2.750866761814910078e+00,2.163645110253820114e-01,-1.199999999999999956e+00
2.751862823670082836e+00,2.164114075757964939e-01,-1.199999999999999956e+00
2.752858885525256039e+00,2.164583041262109486e-01,-1.199999999999999956e+00
2.753854947380428797e+00,2.165052006766254311e-01,-1.199999999999999956e+00
2.754851009235601556e+00,2.165520972270399136e-01,-1.199999999999999956e+00
2.755847071090774758e+00,2.165989937774543683e-01,-1.199999999999999956e+00
2.756843132945947517e+00,2.166458903278688508e-01,-1.199999999999999956e+00
2.757839194801120275e+00,2.166927868782833055e-01,-1.199999999999999956e+00
2.758835256656293478e+00,2.167396834286977880e-01,-1.199999999999999956e+00
2.759831318511466236e+00,2.167865799791122705e-01,-1.199999999999999956e+00
2.760827380366638995e+00,2.168334765295267252e-01,-1.199999999999999956e+00
2.761823442221812197e+00,2.168803730799412077e-01,-1.199999999999999956e+00
2.762819504076984956e+00,2.169272696303556902e-01,-1.199999999999999956e+00
2.763815565932157714e+00,2.169741661807701449e-01,-1.199999999999999956e+00
2.764811627787330917e+00,2.170210627311846274e-01,-1.199999999999999956e+00
2.765807689642503675e+00,2.170679592815991099e-01,-1.199999999999999956e+00
2.766803751497676434e+00,2.171148558320135646e-01,-1.199999999999999956e+00
2.767799813352849636e+00,2.171617523824280471e-01,-1.199999999999999956e+00
2.768795875208022395e+00,2.172086489328425019e-01,-1.199999999999999956e+00
2.769791937063195153e+00,2.172555454832569843e-01,-1.199999999999999956e+00
2.770787998918368356e+00,2.173024420336714668e-01,-1.199999999999999956e+00
2.771784060773541114e+00,2.173493385840859216e-01,-1.199999999999999956e+00
2.772780122628713873e+00,2.173962351345004040e-01,-1.199999999999999956e+00
2.773776184483887075e+00,2.174431316849148865e-01,-1.199999999999999956e+00
2.774772246339059834e+00,2.174900282353293413e-01,-1.199999999999999956e+00
2.775768308194232592e+00,2.175369247857438237e-01,-1.199999999999999956e+00
2.776764370049405795e+00,2.175838213361583062e-01,-1.199999999999999956e+00
2.777760431904578553e+00,2.176307178865727610e-01,-1.199999999999999956e+00
2.778756493759751312e+00,2.176776144369872434e-01,-1.199999999999999956e+00
2.779752555614924070e+00,2.177245109874016982e-01,-1.199999999999999956e+00
2.780748617470097273e+00,2.177714075378161807e-01,-1.199999999999999956e+00
2.781744679325270031e+00,2.178183040882306631e-01,-1.199999999999999956e+00
2.782740741180442789e+00,2.178652006386451179e-01,-1.199999999999999956e+00
2.783736803035615992e+00,2.179120971890596004e-01,-1.199999999999999956e+00
2.784732864890788751e+00,2.179589937394740828e-01,-1.199999999999999956e+00
2.785728926745961509e+00,2.180058902898885376e-01,-1.199999999999999956e+00
2.786724988601134712e+00,2.180527868403030201e-01,-1.199999999999999956e+00
2.787721050456307470e+00,2.180996833907175025e-01,-1.199999999999999956e+00
2.788717112311480228e+00,2.181465799411319573e-01,-1.199999999999999956e+00
2.789713174166653431e+00,2.181934764915464398e-01,-1.199999999999999956e+00
2.790709236021826189e+00,2.182403730419608945e-01,-1.199999999999999956e+00
2.791705297876998948e+00,2.182872695923753770e-01,-1.199999999999999956e+00
2.792701359732172151e+00,2.183341661427898595e-01,-1.199999999999999956e+00
2.793697421587344909e+00,2.183810626932043142e-01,-1.199999999999999956e+00
2.794693483442517667e+00,2.184279592436187967e-01,-1.199999999999999956e+00
2.795689545297690870e+00,2.184748557940332792e-01,-1.199999999999999956e+00
2.796685607152863628e+00,2.185217523444477339e-01,-1.199999999999999956e+00
2.797681669008036387e+00,2.185686488948622164e-01,-1.199999999999999956e+00
2.798677730863209590e+00,2.186155454452766989e-01,-1.199999999999999956e+00
2.799673792718382348e+00,2.186624419956911536e-01,-1.199999999999999956e+00
2.800669854573555106e+00,2.187093385461056361e-01,-1.199999999999999956e+00
2.801665916428728309e+00,2.187562350965200908e-01,-1.199999999999999956e+00
2.802661978283901067e+00,2.188031316469345733e-01,-1.199999999999999956e+00
2.803658040139073826e+00,2.188500281973490558e-01,-1.199999999999999956e+00
2.804654101994247029e+00,2.188969247477635105e-01,-1.199999999999999956e+00
2.805650163849419787e+00,2.189438212981779930e-01,-1.199999999999999956e+00
2.806629387464373071e+00,2.189916741262632749e-01,-1.199999999999999956e+00
2.807608611079326355e+00,2.190395269543485846e-01,-1.199999999999999956e+00
2.808587834694279639e+00,2.190873797824338665e-01,-1.199999999999999956e+00
2.809567058309232923e+00,2.191352326105191761e-01,-1.199999999999999956e+00
2.810546281924186651e+00,2.191830854386044580e-01,-1.199999999999999956e+00
2.811525505539139935e+00,2.192309382666897677e-01,-1.199999999999999956e+00
2.812504729154093219e+00,2.192787910947750496e-01,-1.199999999999999956e+00
2.813483952769046503e+00,2.193266439228603593e-01,-1.199999999999999956e+00
2.814463176383999787e+00,2.193744967509456412e-01,-1.199999999999999956e+00
2.815442399998953071e+00,2.194223495790309508e-01,-1.199999999999999956e+00
2.816421623613906355e+00,2.194702024071162327e-01,-1.199999999999999956e+00
2.817400847228859639e+00,2.195180552352015146e-01,-1.199999999999999956e+00
2.818380070843813368e+00,2.195659080632868243e-01,-1.199999999999999956e+00
2.819359294458766652e+00,2.196137608913721062e-01,-1.199999999999999956e+00
2.820338518073719936e+00,2.196616137194574159e-01,-1.199999999999999956e+00
2.821317741688673220e+00,2.197094665475426978e-01,-1.199999999999999956e+00
2.822296965303626504e+00,2.197573193756280074e-01,-1.199999999999999956e+00
2.823276188918579788e+00,2.198051722037132893e-01,-1.199999999999999956e+00
2.824255412533533072e+00,2.198530250317985990e-01,-1.199999999999999956e+00
2.825234636148486356e+00,2.199008778598838809e-01,-1.199999999999999956e+00
2.826213859763439640e+00,2.199487306879691628e-01,-1.199999999999999956e+00
2.827193083378393368e+00,2.199965835160544725e-01,-1.199999999999999956e+00
2.828172306993346652e+00,2.200444363441397544e-01,-1.199999999999999956e+00
2.829151530608299936e+00,2.200922891722250641e-01,-1.199999999999999956e+00
2.830130754223253220e+00,2.201401420003103460e-01,-1.199999999999999956e+00
2.831109977838206504e+00,2.201879948283956556e-01,-1.199999999999999956e+00
2.832089201453159788e+00,2.202358476564809375e-01,-1.199999999999999956e+00
2.833068425068113072e+00,2.202837004845662472e-01,-1.199999999999999956e+00
2.834047648683066356e+00,2.203315533126515291e-01,-1.199999999999999956e+00
2.835026872298020084e+00,2.203794061407368388e-01,-1.199999999999999956e+00
2.836006095912973368e+00,2.204272589688221207e-01,-1.199999999999999956e+00
2.836985319527926652e+00,2.204751117969074026e-01,-1.199999999999999956e+00
2.837964543142879936e+00,2.205229646249927122e-01,-1.199999999999999956e+00
2.838943766757833220e+00,2.205708174530779941e-01,-1.199999999999999956e+00
2.839922990372786504e+00,2.206186702811633038e-01,-1.199999999999999956e+00
2.840902213987739788e+00,2.206665231092485857e-01,-1.199999999999999956e+00
2.841881437602693072e+00,2.207143759373338954e-01,-1.199999999999999956e+00
2.842860661217646356e+00,2.207622287654191773e-01,-1.199999999999999956e+00
2.843839884832600085e+00,2.208100815935044869e-01,-1.199999999999999956e+00
2.844819108447553369e+00,2.208579344215897688e-01,-1.199999999999999956e+00
2.845798332062506653e+00,2.209057872496750508e-01,-1.199999999999999956e+00
2.846777555677459937e+00,2.209536400777603604e-01,-1.199999999999999956e+00
2.847756779292413221e+00,2.210014929058456423e-01,-1.199999999999999956e+00
2.848736002907366505e+00,2.210493457339309520e-01,-1.199999999999999956e+00
2.849715226522319789e+00,2.210971985620162339e-01,-1.199999999999999956e+00
2.850694450137273073e+00,2.211450513901015436e-01,-1.199999999999999956e+00
2.851673673752226801e+00,2.211929042181868255e-01,-1.199999999999999956e+00
2.852652897367180085e+00,2.212407570462721351e-01,-1.199999999999999956e+00
2.853632120982133369e+00,2.212886098743574170e-01,-1.199999999999999956e+00
2.854611344597086653e+00,2.213364627024427267e-01,-1.199999999999999956e+00
2.855590568212039937e+00,2.213843155305280086e-01,-1.199999999999999956e+00
2.856569791826993221e+00,2.214321683586133183e-01,-1.199999999999999956e+00
2.857549015441946505e+00,2.214800211866986279e-01,-1.199999999999999956e+00
2.858528239056899789e+00,2.215278740147839376e-01,-1.199999999999999956e+00
2.859507462671853073e+00,2.215757268428692750e-01,-1.199999999999999956e+00
2.860486686286806801e+00,2.216235796709545847e-01,-1.199999999999999956e+00
2.861465909901760085e+00,2.216714324990398943e-01,-1.199999999999999956e+00
2.862445133516713369e+00,2.217192853271252040e-01,-1.199999999999999956e+00
2.863424357131666653e+00,2.217671381552105137e-01,-1.199999999999999956e+00
2.864403580746619937e+00,2.218149909832958233e-01,-1.199999999999999956e+00
2.865382804361573221e+00,2.218628438113811330e-01,-1.199999999999999956e+00
2.866362027976526505e+00,2.219106966394664704e-01,-1.199999999999999956e+00
2.867341251591479789e+00,2.219585494675517801e-01,-1.199999999999999956e+00
2.868320475206433517e+00,2.220064022956370897e-01,-1.199999999999999956e+00
2.869299698821386801e+00,2.220542551237223994e-01,-1.199999999999999956e+00
2.870278922436340086e+00,2.221021079518077090e-01,-1.199999999999999956e+00
2.871258146051293370e+00,2.221499607798930187e-01,-1.199999999999999956e+00
2.872237369666246654e+00,2.221978136079783284e-01,-1.199999999999999956e+00
2.873216593281199938e+00,2.222456664360636380e-01,-1.199999999999999956e+00
2.874195816896153222e+00,2.222935192641489754e-01,-1.199999999999999956e+00
2.875175040511106506e+00,2.223413720922342851e-01,-1.199999999999999956e+00
2.876154264126059790e+00,2.223892249203195948e-01,-1.199999999999999956e+00
2.877133487741013518e+00,2.224370777484049044e-01,-1.199999999999999956e+00
2.878112711355966802e+00,2.224849305764902141e-01,-1.199999999999999956e+00
2.879091934970920086e+00,2.225327834045755238e-01,-1.199999999999999956e+00
2.880071158585873370e+00,2.225806362326608334e-01,-1.199999999999999956e+00
2.881050382200826654e+00,2.226284890607461708e-01,-1.199999999999999956e+00
2.882029605815779938e+00,2.226763418888314805e-01,-1.199999999999999956e+00
2.883008829430733222e+00,2.227241947169167902e-01,-1.199999999999999956e+00
2.883988053045686506e+00,2.227720475450020998e-01,-1.199999999999999956e+00
2.884967276660640234e+00,2.228199003730874095e-01,-1.199999999999999956e+00
2.885946500275593518e+00,2.228677532011727191e-01,-1.199999999999999956e+00
2.886925723890546802e+00,2.229156060292580288e-01,-1.199999999999999956e+00
2.887904947505500086e+00,2.229634588573433662e-01,-1.199999999999999956e+00
2.888884171120453370e+00,2.230113116854286759e-01,-1.199999999999999956e+00
2.889863394735406654e+00,2.230591645135139856e-01,-1.199999999999999956e+00
2.890842618350359938e+00,2.231070173415992952e-01,-1.199999999999999956e+00
2.891821841965313222e+00,2.231548701696846049e-01,-1.199999999999999956e+00
2.892801065580266506e+00,2.232027229977699145e-01,-1.199999999999999956e+00
2.893780289195220234e+00,2.232505758258552242e-01,-1.199999999999999956e+00
2.894759512810173518e+00,2.232984286539405339e-01,-1.199999999999999956e+00
2.895738736425126802e+00,2.233462814820258713e-01,-1.199999999999999956e+00
2.896717960040080087e+00,2.233941343101111809e-01,-1.199999999999999956e+00
2.897697183655033371e+00,2.234419871381964906e-01,-1.199999999999999956e+00
2.898676407269986655e+00,2.234898399662818003e-01,-1.199999999999999956e+00
2.899655630884939939e+00,2.235376927943671099e-01,-1.199999999999999956e+00
2.900634854499893223e+00,2.235855456224524196e-01,-1.199999999999999956e+00
2.901614078114846951e+00,2.236333984505377293e-01,-1.199999999999999956e+00
2.902593301729800235e+00,2.236812512786230667e-01,-1.199999999999999956e+00
2.903572525344753519e+00,2.237291041067083763e-01,-1.199999999999999956e+00
2.904551748959706803e+00,2.237769569347936860e-01,-1.199999999999999956e+00
2.905530972574660087e+00,2.238248097628789957e-01,-1.199999999999999956e+00
2.906512733092868839e+00,2.236716839578602456e-01,-1.199999999999999956e+00
2.907494493611077591e+00,2.235185581528415233e-01,-1.199999999999999956e+00
2.908476254129286787e+00,2.233654323478227732e-01,-1.199999999999999956e+00
2.909458014647495538e+00,2.232123065428040509e-01,-1.199999999999999956e+00
2.910439775165704290e+00,2.230591807377853009e-01,-1.199999999999999956e+00
2.911421535683913042e+00,2.229060549327665786e-01,-1.199999999999999956e+00
2.912403296202121794e+00,2.227529291277478285e-01,-1.199999999999999956e+00
2.913385056720330990e+00,2.225998033227291062e-01,-1.199999999999999956e+00
2.914366817238539742e+00,2.224466775177103561e-01,-1.199999999999999956e+00
2.915348577756748494e+00,2.222935517126916338e-01,-1.199999999999999956e+00
2.916330338274957246e+00,2.221404259076728838e-01,-1.199999999999999956e+00
2.917312098793165998e+00,2.219873001026541615e-01,-1.199999999999999956e+00
2.918293859311375193e+00,2.218341742976354114e-01,-1.199999999999999956e+00
2.919275619829583945e+00,2.216810484926166891e-01,-1.199999999999999956e+00
2.920257380347792697e+00,2.215279226875979390e-01,-1.199999999999999956e+00
2.921239140866001449e+00,2.213747968825792167e-01,-1.199999999999999956e+00
2.922220901384210201e+00,2.212216710775604667e-01,-1.199999999999999956e+00
2.923202661902419397e+00,2.210685452725417444e-01,-1.199999999999999956e+00
2.924184422420628149e+00,2.209154194675229943e-01,-1.199999999999999956e+00
2.925166182938836901e+00,2.207622936625042442e-01,-1.199999999999999956e+00
2.926147943457045653e+00,2.206091678574855219e-01,-1.199999999999999956e+00
2.927129703975254404e+00,2.204560420524667719e-01,-1.199999999999999956e+00
2.928111464493463600e+00,2.203029162474480496e-01,-1.199999999999999956e+00
2.929093225011672352e+00,2.201497904424292995e-01,-1.199999999999999956e+00
2.930074985529881104e+00,2.199966646374105772e-01,-1.199999999999999956e+00
2.931056746048089856e+00,2.198435388323918271e-01,-1.199999999999999956e+00
2.932038506566298608e+00,2.196904130273731048e-01,-1.199999999999999956e+00
2.933020267084507804e+00,2.195372872223543548e-01,-1.199999999999999956e+00
2.934002027602716556e+00,2.193841614173356325e-01,-1.199999999999999956e+00
2.934983788120925308e+00,2.192310356123168824e-01,-1.199999999999999956e+00
2.935965548639134060e+00,2.190779098072981601e-01,-1.199999999999999956e+00
2.936947309157342811e+00,2.189247840022794100e-01,-1.199999999999999956e+00
2.937929069675552007e+00,2.187716581972606877e-01,-1.199999999999999956e+00
2.938910830193760759e+00,2.186185323922419377e-01,-1.199999999999999956e+00
2.939892590711969511e+00,2.184654065872232154e-01,-1.199999999999999956e+00
2.940874351230178263e+00,2.183122807822044653e-01,-1.199999999999999956e+00
2.941856111748387015e+00,2.181591549771857430e-01,-1.199999999999999956e+00
2.942837872266596211e+00,2.180060291721669929e-01,-1.199999999999999956e+00
2.943819632784804963e+00,2.178529033671482429e-01,-1.199999999999999956e+00
2.944801393303013715e+00,2.176997775621295206e-01,-1.199999999999999956e+00
2.945783153821222466e+00,2.175466517571107705e-01,-1.199999999999999956e+00
2.946764914339431218e+00,2.173935259520920482e-01,-1.199999999999999956e+00
2.947746674857640414e+00,2.172404001470732982e-01,-1.199999999999999956e+00
2.948728435375849166e+00,2.170872743420545758e-01,-1.199999999999999956e+00
2.949710195894057918e+00,2.169341485370358258e-01,-1.199999999999999956e+00
2.950691956412266670e+00,2.167810227320171035e-01,-1.199999999999999956e+00
2.951673716930475422e+00,2.166278969269983534e-01,-1.199999999999999956e+00
2.952655477448684618e+00,2.164747711219796311e-01,-1.199999999999999956e+00
2.953637237966893370e+00,2.163216453169608811e-01,-1.199999999999999956e+00
2.954618998485102122e+00,2.161685195119421588e-01,-1.199999999999999956e+00
2.955600759003310873e+00,2.160153937069234087e-01,-1.199999999999999956e+00
2.956582519521519625e+00,2.158622679019046864e-01,-1.199999999999999956e+00
2.957564280039728821e+00,2.157091420968859363e-01,-1.199999999999999956e+00
2.958546040557937573e+00,2.155560162918672140e-01,-1.199999999999999956e+00
2.959527801076146325e+00,2.154028904868484640e-01,-1.199999999999999956e+00
2.960509561594355077e+00,2.152497646818297139e-01,-1.199999999999999956e+00
2.961491322112563829e+00,2.150966388768109916e-01,-1.199999999999999956e+00
2.962473082630773025e+00,2.149435130717922693e-01,-1.199999999999999956e+00
2.963454843148981777e+00,2.147903872667735192e-01,-1.199999999999999956e+00
2.964436603667190528e+00,2.146372614617547692e-01,-1.199999999999999956e+00
2.965418364185399280e+00,2.144841356567360469e-01,-1.199999999999999956e+00
2.966400124703608032e+00,2.143310098517172968e-01,-1.199999999999999956e+00
2.967381885221817228e+00,2.141778840466985745e-01,-1.199999999999999956e+00
2.968363645740025980e+00,2.140247582416798244e-01,-1.199999999999999956e+00
2.969345406258234732e+00,2.138716324366611021e-01,-1.199999999999999956e+00
2.970327166776443484e+00,2.137185066316423521e-01,-1.199999999999999956e+00
2.971308927294652236e+00,2.135653808266236298e-01,-1.199999999999999956e+00
2.972290687812861432e+00,2.134122550216048797e-01,-1.199999999999999956e+00
2.973272448331070184e+00,2.132591292165861574e-01,-1.199999999999999956e+00
2.974254208849278935e+00,2.131060034115674073e-01,-1.199999999999999956e+00
2.975235969367487687e+00,2.129528776065486850e-01,-1.199999999999999956e+00
2.976217729885696439e+00,2.127997518015299350e-01,-1.199999999999999956e+00
2.977199490403905635e+00,2.126466259965112127e-01,-1.199999999999999956e+00
2.978181250922114387e+00,2.124935001914924626e-01,-1.199999999999999956e+00
2.979163011440323139e+00,2.123403743864737403e-01,-1.199999999999999956e+00
2.980144771958531891e+00,2.121872485814549902e-01,-1.199999999999999956e+00
2.981126532476740643e+00,2.120341227764362402e-01,-1.199999999999999956e+00
2.982108292994949839e+00,2.118809969714175179e-01,-1.199999999999999956e+00
2.983090053513158590e+00,2.117278711663987678e-01,-1.199999999999999956e+00
2.984071814031367342e+00,2.115747453613800455e-01,-1.199999999999999956e+00
2.985053574549576094e+00,2.114216195563612954e-01,-1.199999999999999956e+00
2.986035335067784846e+00,2.112684937513425731e-01,-1.199999999999999956e+00
2.987017095585994042e+00,2.111153679463238231e-01,-1.199999999999999956e+00
2.987998856104202794e+00,2.109622421413051008e-01,-1.199999999999999956e+00
2.988980616622411546e+00,2.108091163362863507e-01,-1.199999999999999956e+00
2.989962377140620298e+00,2.106559905312676284e-01,-1.199999999999999956e+00
2.990944137658829050e+00,2.105028647262488783e-01,-1.199999999999999956e+00
2.991925898177038246e+00,2.103497389212301560e-01,-1.199999999999999956e+00
2.992907658695246997e+00,2.101966131162114060e-01,-1.199999999999999956e+00
2.993889419213455749e+00,2.100434873111926837e-01,-1.199999999999999956e+00
2.994871179731664501e+00,2.098903615061739336e-01,-1.199999999999999956e+00
2.995852940249873253e+00,2.097372357011552113e-01,-1.199999999999999956e+00
2.996834700768082449e+00,2.095841098961364612e-01,-1.199999999999999956e+00
2.997816461286291201e+00,2.094309840911177112e-01,-1.199999999999999956e+00
2.998798221804499953e+00,2.092778582860989889e-01,-1.199999999999999956e+00
2.999759173995034445e+00,2.090411242111170353e-01,-1.199999999999999956e+00
3.000720126185569381e+00,2.088043901361350818e-01,-1.199999999999999956e+00
3.001681078376103873e+00,2.085676560611531283e-01,-1.199999999999999956e+00
3.002642030566638365e+00,2.083309219861711747e-01,-1.199999999999999956e+00
3.003602982757173301e+00,2.080941879111892212e-01,-1.199999999999999956e+00
3.004563934947707793e+00,2.078574538362072677e-01,-1.199999999999999956e+00
3.005524887138242285e+00,2.076207197612253141e-01,-1.199999999999999956e+00
3.006485839328777221e+00,2.073839856862433606e-01,-1.199999999999999956e+00
3.007446791519311713e+00,2.071472516112614071e-01,-1.199999999999999956e+00
3.008407743709846205e+00,2.069105175362794535e-01,-1.199999999999999956e+00
3.009368695900381141e+00,2.066737834612975278e-01,-1.199999999999999956e+00
3.010329648090915633e+00,2.064370493863155742e-01,-1.199999999999999956e+00
3.011290600281450125e+00,2.062003153113336207e-01,-1.199999999999999956e+00
3.012251552471985061e+00,2.059635812363516671e-01,-1.199999999999999956e+00
3.013212504662519553e+00,2.057268471613697136e-01,-1.199999999999999956e+00
3.014173456853054489e+00,2.054901130863877601e-01,-1.199999999999999956e+00
3.015134409043588981e+00,2.052533790114058065e-01,-1.199999999999999956e+00
3.016095361234123473e+00,2.050166449364238530e-01,-1.199999999999999956e+00
3.017056313424658409e+00,2.047799108614418995e-01,-1.199999999999999956e+00
3.018017265615192901e+00,2.045431767864599459e-01,-1.199999999999999956e+00
3.018978217805727393e+00,2.043064427114779924e-01,-1.199999999999999956e+00
3.019939169996262329e+00,2.040697086364960389e-01,-1.199999999999999956e+00
3.020900122186796821e+00,2.038329745615140853e-01,-1.199999999999999956e+00
3.021861074377331313e+00,2.035962404865321318e-01,-1.199999999999999956e+00
3.022822026567866249e+00,2.033595064115501783e-01,-1.199999999999999956e+00
3.023782978758400741e+00,2.031227723365682247e-01,-1.199999999999999956e+00
3.024743930948935233e+00,2.028860382615862712e-01,-1.199999999999999956e+00
3.025704883139470169e+00,2.026493041866043177e-01,-1.199999999999999956e+00
3.026665835330004661e+00,2.024125701116223641e-01,-1.199999999999999956e+00
3.027626787520539153e+00,2.021758360366404106e-01,-1.199999999999999956e+00
3.028587739711074089e+00,2.019391019616584571e-01,-1.199999999999999956e+00
3.029548691901608581e+00,2.017023678866765313e-01,-1.199999999999999956e+00
3.030509644092143073e+00,2.014656338116945777e-01,-1.199999999999999956e+00
3.031470596282678009e+00,2.012288997367126242e-01,-1.199999999999999956e+00
3.032431548473212501e+00,2.009921656617306707e-01,-1.199999999999999956e+00
3.033392500663746993e+00,2.007554315867487171e-01,-1.199999999999999956e+00
3.034353452854281930e+00,2.005186975117667636e-01,-1.199999999999999956e+00
3.035314405044816422e+00,2.002819634367848101e-01,-1.199999999999999956e+00
3.036275357235350913e+00,2.000452293618028565e-01,-1.199999999999999956e+00
3.037236309425885850e+00,1.998084952868209030e-01,-1.199999999999999956e+00
3.038197261616420342e+00,1.995717612118389495e-01,-1.199999999999999956e+00
3.039158213806954834e+00,1.993350271368569959e-01,-1.199999999999999956e+00
3.040119165997489770e+00,1.990982930618750424e-01,-1.199999999999999956e+00
3.041080118188024262e+00,1.988615589868930889e-01,-1.199999999999999956e+00
3.042041070378559198e+00,1.986248249119111353e-01,-1.199999999999999956e+00
3.043002022569093690e+00,1.983880908369291818e-01,-1.199999999999999956e+00
3.043962974759628182e+00,1.981513567619472282e-01,-1.199999999999999956e+00
3.044923926950163118e+00,1.979146226869652747e-01,-1.199999999999999956e+00
3.045884879140697610e+00,1.976778886119833212e-01,-1.199999999999999956e+00
3.046845831331232102e+00,1.974411545370013676e-01,-1.199999999999999956e+00
3.047806783521767038e+00,1.972044204620194141e-01,-1.199999999999999956e+00
3.048767735712301530e+00,1.969676863870374883e-01,-1.199999999999999956e+00
3.049728687902836022e+00,1.967309523120555070e-01,-1.199999999999999956e+00
3.050689640093370958e+00,1.964942182370735813e-01,-1.199999999999999956e+00
3.051650592283905450e+00,1.962574841620916277e-01,-1.199999999999999956e+00
3.052611544474439942e+00,1.960207500871096742e-01,-1.199999999999999956e+00
3.053572496664974878e+00,1.957840160121277207e-01,-1.199999999999999956e+00
3.054533448855509370e+00,1.955472819371457671e-01,-1.199999999999999956e+00
3.055494401046043862e+00,1.953105478621638136e-01,-1.199999999999999956e+00
3.056455353236578798e+00,1.950738137871818600e-01,-1.199999999999999956e+00
3.057416305427113290e+00,1.948370797121999065e-01,-1.199999999999999956e+00
3.058377257617647782e+00,1.946003456372179530e-01,-1.199999999999999956e+00
3.059338209808182718e+00,1.943636115622359994e-01,-1.199999999999999956e+00
3.060299161998717210e+00,1.941268774872540459e-01,-1.199999999999999956e+00
3.061260114189251702e+00,1.938901434122720924e-01,-1.199999999999999956e+00
3.062221066379786638e+00,1.936534093372901388e-01,-1.199999999999999956e+00
3.063182018570321130e+00,1.934166752623081853e-01,-1.199999999999999956e+00
3.064142970760855622e+00,1.931799411873262318e-01,-1.199999999999999956e+00
3.065103922951390558e+00,1.929432071123442782e-01,-1.199999999999999956e+00
3.066064875141925050e+00,1.927064730373623247e-01,-1.199999999999999956e+00
3.067025827332459986e+00,1.924697389623803712e-01,-1.199999999999999956e+00
3.067986779522994478e+00,1.922330048873984176e-01,-1.199999999999999956e+00
3.068947731713528970e+00,1.919962708124164918e-01,-1.199999999999999956e+00
3.069908683904063906e+00,1.917595367374345106e-01,-1.199999999999999956e+00
3.070869636094598398e+00,1.915228026624525848e-01,-1.199999999999999956e+00
3.071830588285132890e+00,1.912860685874706312e-01,-1.199999999999999956e+00
3.072791540475667826e+00,1.910493345124886777e-01,-1.199999999999999956e+00
3.073752492666202318e+00,1.908126004375067242e-01,-1.199999999999999956e+00
3.074713444856736810e+00,1.905758663625247706e-01,-1.199999999999999956e+00
3.075674397047271746e+00,1.903391322875428171e-01,-1.199999999999999956e+00
3.076635349237806238e+00,1.901023982125608636e-01,-1.199999999999999956e+00
3.077596301428340730e+00,1.898656641375789100e-01,-1.199999999999999956e+00
3.078557253618875666e+00,1.896289300625969565e-01,-1.199999999999999956e+00
3.079518205809410158e+00,1.893921959876150030e-01,-1.199999999999999956e+00
3.080503110913026532e+00,1.892191008205243996e-01,-1.199999999999999956e+00
3.081488016016642906e+00,1.890460056534337963e-01,-1.199999999999999956e+00
3.082472921120259279e+00,1.888729104863431929e-01,-1.199999999999999956e+00
3.083457826223875653e+00,1.886998153192525896e-01,-1.199999999999999956e+00
3.084442731327492027e+00,1.885267201521620140e-01,-1.199999999999999956e+00
3.085427636431108400e+00,1.883536249850714106e-01,-1.199999999999999956e+00
3.086412541534724774e+00,1.881805298179808073e-01,-1.199999999999999956e+00
3.087397446638341147e+00,1.880074346508902039e-01,-1.199999999999999956e+00
3.088382351741957965e+00,1.878343394837996005e-01,-1.199999999999999956e+00
3.089367256845574339e+00,1.876612443167089972e-01,-1.199999999999999956e+00
3.090352161949190712e+00,1.874881491496183938e-01,-1.199999999999999956e+00
3.091337067052807086e+00,1.873150539825277905e-01,-1.199999999999999956e+00
3.092321972156423460e+00,1.871419588154372149e-01,-1.199999999999999956e+00
3.093306877260039833e+00,1.869688636483466115e-01,-1.199999999999999956e+00
3.094291782363656207e+00,1.867957684812560082e-01,-1.199999999999999956e+00
3.095276687467272581e+00,1.866226733141654048e-01,-1.199999999999999956e+00
3.096261592570888954e+00,1.864495781470748015e-01,-1.199999999999999956e+00
3.097246497674505328e+00,1.862764829799841981e-01,-1.199999999999999956e+00
3.098231402778121701e+00,1.861033878128935948e-01,-1.199999999999999956e+00
3.099216307881738075e+00,1.859302926458029914e-01,-1.199999999999999956e+00
3.100201212985354449e+00,1.857571974787124158e-01,-1.199999999999999956e+00
3.101186118088970822e+00,1.855841023116218125e-01,-1.199999999999999956e+00
3.102171023192587196e+00,1.854110071445312091e-01,-1.199999999999999956e+00
3.103155928296203570e+00,1.852379119774406058e-01,-1.199999999999999956e+00
3.104140833399820387e+00,1.850648168103500024e-01,-1.199999999999999956e+00
3.105125738503436761e+00,1.848917216432593991e-01,-1.199999999999999956e+00
3.106110643607053134e+00,1.847186264761687957e-01,-1.199999999999999956e+00
3.107095548710669508e+00,1.845455313090781924e-01,-1.199999999999999956e+00
3.108080453814285882e+00,1.843724361419875890e-01,-1.199999999999999956e+00
3.109065358917902255e+00,1.841993409748970134e-01,-1.199999999999999956e+00
3.110050264021518629e+00,1.840262458078064101e-01,-1.199999999999999956e+00
3.111035169125135003e+00,1.838531506407158067e-01,-1.199999999999999956e+00
3.112020074228751376e+00,1.836800554736252034e-01,-1.199999999999999956e+00
3.113004979332367750e+00,1.835069603065346000e-01,-1.199999999999999956e+00
3.113989884435984123e+00,1.833338651394439967e-01,-1.199999999999999956e+00
3.114974789539600497e+00,1.831607699723533933e-01,-1.199999999999999956e+00
3.115959694643216871e+00,1.829876748052627899e-01,-1.199999999999999956e+00
3.116944599746833244e+00,1.828145796381722143e-01,-1.199999999999999956e+00
3.117929504850449618e+00,1.826414844710816110e-01,-1.199999999999999956e+00
3.118914409954065992e+00,1.824683893039910076e-01,-1.199999999999999956e+00
3.119899315057682365e+00,1.822952941369004043e-01,-1.199999999999999956e+00
3.120884220161299183e+00,1.821221989698098009e-01,-1.199999999999999956e+00
3.121869125264915557e+00,1.819491038027191976e-01,-1.199999999999999956e+00
3.122854030368531930e+00,1.817760086356285942e-01,-1.199999999999999956e+00
3.123838935472148304e+00,1.816029134685379909e-01,-1.199999999999999956e+00
3.124823840575764677e+00,1.814298183014473875e-01,-1.199999999999999956e+00
3.125808745679381051e+00,1.812567231343568119e-01,-1.199999999999999956e+00
3.126793650782997425e+00,1.810836279672662086e-01,-1.199999999999999956e+00
3.127778555886613798e+00,1.809105328001756052e-01,-1.199999999999999956e+00
3.128763460990230172e+00,1.807374376330850019e-01,-1.199999999999999956e+00
3.129729054229069884e+00,1.805677364888784997e-01,-1.199999999999999956e+00
3.130694647467909597e+00,1.803980353446720253e-01,-1.199999999999999956e+00
3.131660240706749754e+00,1.802283342004655231e-01,-1.199999999999999956e+00
3.132625833945589466e+00,1.800586330562590487e-01,-1.199999999999999956e+00
3.133591427184429179e+00,1.798889319120525465e-01,-1.199999999999999956e+00
3.134557020423268892e+00,1.797192307678460721e-01,-1.199999999999999956e+00
3.135522613662108604e+00,1.795495296236395699e-01,-1.199999999999999956e+00
3.136488206900948761e+00,1.793798284794330677e-01,-1.199999999999999956e+00
3.137453800139788473e+00,1.792101273352265933e-01,-1.199999999999999956e+00
3.138419393378628186e+00,1.790404261910200912e-01,-1.199999999999999956e+00
3.139384986617467899e+00,1.788707250468136167e-01,-1.199999999999999956e+00
3.140350579856307611e+00,1.787010239026071146e-01,-1.199999999999999956e+00
3.141316173095147768e+00,1.785313227584006401e-01,-1.199999999999999956e+00
3.142281766333987481e+00,1.783616216141941380e-01,-1.199999999999999956e+00
3.143247359572827193e+00,1.781919204699876358e-01,-1.199999999999999956e+00
3.144212952811666906e+00,1.780222193257811614e-01,-1.199999999999999956e+00
3.145178546050506618e+00,1.778525181815746592e-01,-1.199999999999999956e+00
3.146144139289346775e+00,1.776828170373681848e-01,-1.199999999999999956e+00
3.147109732528186488e+00,1.775131158931616826e-01,-1.199999999999999956e+00
3.148075325767026200e+00,1.773434147489552082e-01,-1.199999999999999956e+00
3.149040919005865913e+00,1.771737136047487060e-01,-1.199999999999999956e+00
3.150006512244705625e+00,1.770040124605422038e-01,-1.199999999999999956e+00
3.150972105483545782e+00,1.768343113163357294e-01,-1.199999999999999956e+00
3.151937698722385495e+00,1.766646101721292272e-01,-1.199999999999999956e+00
3.152903291961225207e+00,1.764949090279227528e-01,-1.199999999999999956e+00
3.153868885200064920e+00,1.763252078837162506e-01,-1.199999999999999956e+00
3.154834478438904632e+00,1.761555067395097762e-01,-1.199999999999999956e+00
3.155800071677744345e+00,1.759858055953032741e-01,-1.199999999999999956e+00
3.156765664916584502e+00,1.758161044510967996e-01,-1.199999999999999956e+00
3.157731258155424214e+00,1.756464033068902975e-01,-1.199999999999999956e+00
3.158696851394263927e+00,1.754767021626837953e-01,-1.199999999999999956e+00
3.159662444633103640e+00,1.753070010184773209e-01,-1.199999999999999956e+00
3.160628037871943352e+00,1.751372998742708187e-01,-1.199999999999999956e+00
3.161593631110783509e+00,1.749675987300643443e-01,-1.199999999999999956e+00
3.162559224349623221e+00,1.747978975858578421e-01,-1.199999999999999956e+00
3.163524817588462934e+00,1.746281964416513677e-01,-1.199999999999999956e+00
3.164490410827302647e+00,1.744584952974448655e-01,-1.199999999999999956e+00
3.165456004066142359e+00,1.742887941532383633e-01,-1.199999999999999956e+00
3.166421597304982516e+00,1.741190930090318889e-01,-1.199999999999999956e+00
3.167387190543822229e+00,1.739493918648253867e-01,-1.199999999999999956e+00
3.168352783782661941e+00,1.737796907206189123e-01,-1.199999999999999956e+00
3.169318377021501654e+00,1.736099895764124101e-01,-1.199999999999999956e+00
3.170283970260341366e+00,1.734402884322059357e-01,-1.199999999999999956e+00
3.171249563499181523e+00,1.732705872879994335e-01,-1.199999999999999956e+00
3.172215156738021236e+00,1.731008861437929314e-01,-1.199999999999999956e+00
3.173180749976860948e+00,1.729311849995864570e-01,-1.199999999999999956e+00
3.174146343215700661e+00,1.727614838553799548e-01,-1.199999999999999956e+00
3.175111936454540373e+00,1.725917827111734804e-01,-1.199999999999999956e+00
3.176077529693380530e+00,1.724220815669669782e-01,-1.199999999999999956e+00
3.177043122932220243e+00,1.722523804227605038e-01,-1.199999999999999956e+00
3.178008716171059955e+00,1.720826792785540016e-01,-1.199999999999999956e+00
3.178972406731671807e+00,1.718865892159668896e-01,-1.199999999999999956e+00
3.179936097292283659e+00,1.716904991533797775e-01,-1.199999999999999956e+00
3.180899787852895955e+00,1.714944090907926932e-01,-1.199999999999999956e+00
3.181863478413507806e+00,1.712983190282055812e-01,-1.199999999999999956e+00
3.182827168974119658e+00,1.711022289656184692e-01,-1.199999999999999956e+00
3.183790859534731510e+00,1.709061389030313571e-01,-1.199999999999999956e+00
3.184754550095343362e+00,1.707100488404442729e-01,-1.199999999999999956e+00
3.185718240655955213e+00,1.705139587778571608e-01,-1.199999999999999956e+00
3.186681931216567509e+00,1.703178687152700488e-01,-1.199999999999999956e+00
3.187645621777179361e+00,1.701217786526829367e-01,-1.199999999999999956e+00
3.188609312337791213e+00,1.699256885900958525e-01,-1.199999999999999956e+00
3.189573002898403065e+00,1.697295985275087404e-01,-1.199999999999999956e+00
3.190536693459014916e+00,1.695335084649216284e-01,-1.199999999999999956e+00
3.191500384019626768e+00,1.693374184023345164e-01,-1.199999999999999956e+00
3.192464074580239064e+00,1.691413283397474321e-01,-1.199999999999999956e+00
3.193427765140850916e+00,1.689452382771603201e-01,-1.199999999999999956e+00
3.194391455701462768e+00,1.687491482145732080e-01,-1.199999999999999956e+00
3.195355146262074619e+00,1.685530581519860960e-01,-1.199999999999999956e+00
3.196318836822686471e+00,1.683569680893990117e-01,-1.199999999999999956e+00
3.197282527383298767e+00,1.681608780268118997e-01,-1.199999999999999956e+00
3.198246217943910619e+00,1.679647879642247876e-01,-1.199999999999999956e+00
3.199209908504522470e+00,1.677686979016376756e-01,-1.199999999999999956e+00
3.200173599065134322e+00,1.675726078390505913e-01,-1.199999999999999956e+00
3.201137289625746174e+00,1.673765177764634793e-01,-1.199999999999999956e+00
3.202100980186358026e+00,1.671804277138763672e-01,-1.199999999999999956e+00
3.203064670746970322e+00,1.669843376512892552e-01,-1.199999999999999956e+00
3.204028361307582173e+00,1.667882475887021709e-01,-1.199999999999999956e+00
3.204992051868194025e+00,1.665921575261150589e-01,-1.199999999999999956e+00
3.205955742428805877e+00,1.663960674635279469e-01,-1.199999999999999956e+00
3.206919432989417729e+00,1.661999774009408348e-01,-1.199999999999999956e+00
3.207883123550029580e+00,1.660038873383537505e-01,-1.199999999999999956e+00
3.208846814110641876e+00,1.658077972757666385e-01,-1.199999999999999956e+00
3.209810504671253728e+00,1.656117072131795265e-01,-1.199999999999999956e+00
3.210774195231865580e+00,1.654156171505924144e-01,-1.199999999999999956e+00
3.211737885792477432e+00,1.652195270880053302e-01,-1.199999999999999956e+00
3.212701576353089283e+00,1.650234370254182181e-01,-1.199999999999999956e+00
3.213665266913701135e+00,1.648273469628311061e-01,-1.199999999999999956e+00
3.214628957474313431e+00,1.646312569002439941e-01,-1.199999999999999956e+00
3.215592648034925283e+00,1.644351668376569098e-01,-1.199999999999999956e+00
3.216556338595537134e+00,1.642390767750697977e-01,-1.199999999999999956e+00
3.217520029156148986e+00,1.640429867124826857e-01,-1.199999999999999956e+00
3.218483719716760838e+00,1.638468966498955737e-01,-1.199999999999999956e+00
3.219447410277373134e+00,1.636508065873084894e-01,-1.199999999999999956e+00
3.220411100837984986e+00,1.634547165247213774e-01,-1.199999999999999956e+00
3.221374791398596837e+00,1.632586264621342653e-01,-1.199999999999999956e+00
3.222338481959208689e+00,1.630625363995471533e-01,-1.199999999999999956e+00
3.223302172519820541e+00,1.628664463369600690e-01,-1.199999999999999956e+00
3.224265863080432393e+00,1.626703562743729570e-01,-1.199999999999999956e+00
3.225229553641044689e+00,1.624742662117858449e-01,-1.199999999999999956e+00
3.226193244201656540e+00,1.622781761491987329e-01,-1.199999999999999956e+00
3.227156934762268392e+00,1.620820860866116209e-01,-1.199999999999999956e+00
3.228120625322880244e+00,1.618859960240245366e-01,-1.199999999999999956e+00
3.229084315883492096e+00,1.616899059614374246e-01,-1.199999999999999956e+00
3.230048006444103947e+00,1.614938158988503125e-01,-1.199999999999999956e+00
3.231011697004716243e+00,1.612977258362632282e-01,-1.199999999999999956e+00
3.231975387565328095e+00,1.611016357736761162e-01,-1.199999999999999956e+00
3.232939078125939947e+00,1.609055457110890042e-01,-1.199999999999999956e+00
3.233918346112096387e+00,1.607029766826342798e-01,-1.199999999999999956e+00
3.234897614098252827e+00,1.605004076541795555e-01,-1.199999999999999956e+00
3.235876882084409267e+00,1.602978386257248311e-01,-1.199999999999999956e+00
3.236856150070565707e+00,1.600952695972701345e-01,-1.199999999999999956e+00
3.237835418056722148e+00,1.598927005688154102e-01,-1.199999999999999956e+00
3.238814686042878588e+00,1.596901315403606858e-01,-1.199999999999999956e+00
3.239793954029034584e+00,1.594875625119059614e-01,-1.199999999999999956e+00
3.240773222015191024e+00,1.592849934834512371e-01,-1.199999999999999956e+00
3.241752490001347464e+00,1.590824244549965127e-01,-1.199999999999999956e+00
3.242731757987503904e+00,1.588798554265418161e-01,-1.199999999999999956e+00
3.243711025973660345e+00,1.586772863980870918e-01,-1.199999999999999956e+00
3.244690293959816785e+00,1.584747173696323674e-01,-1.199999999999999956e+00
3.245669561945973225e+00,1.582721483411776431e-01,-1.199999999999999956e+00
3.246648829932129665e+00,1.580695793127229187e-01,-1.199999999999999956e+00
3.247628097918286105e+00,1.578670102842681944e-01,-1.199999999999999956e+00
3.248607365904442545e+00,1.576644412558134978e-01,-1.199999999999999956e+00
3.249586633890598986e+00,1.574618722273587734e-01,-1.199999999999999956e+00
3.250565901876755426e+00,1.572593031989040491e-01,-1.199999999999999956e+00
3.251545169862911422e+00,1.570567341704493247e-01,-1.199999999999999956e+00
3.252524437849067862e+00,1.568541651419946004e-01,-1.199999999999999956e+00
3.253503705835224302e+00,1.566515961135398760e-01,-1.199999999999999956e+00
3.254482973821380742e+00,1.564490270850851794e-01,-1.199999999999999956e+00
3.255462241807537183e+00,1.562464580566304551e-01,-1.199999999999999956e+00
3.256441509793693623e+00,1.560438890281757307e-01,-1.199999999999999956e+00
3.257420777779850063e+00,1.558413199997210064e-01,-1.199999999999999956e+00
3.258400045766006503e+00,1.556387509712662820e-01,-1.199999999999999956e+00
3.259379313752162943e+00,1.554361819428115576e-01,-1.199999999999999956e+00
3.260358581738319383e+00,1.552336129143568333e-01,-1.199999999999999956e+00
3.261337849724475824e+00,1.550310438859021367e-01,-1.199999999999999956e+00
3.262317117710632264e+00,1.548284748574474123e-01,-1.199999999999999956e+00
3.263296385696788704e+00,1.546259058289926880e-01,-1.199999999999999956e+00
3.264275653682944700e+00,1.544233368005379636e-01,-1.199999999999999956e+00
3.265254921669101140e+00,1.542207677720832393e-01,-1.199999999999999956e+00
3.266234189655257580e+00,1.540181987436285149e-01,-1.199999999999999956e+00
3.267213457641414021e+00,1.538156297151738183e-01,-1.199999999999999956e+00
3.268192725627570461e+00,1.536130606867190940e-01,-1.199999999999999956e+00
3.269171993613726901e+00,1.534104916582643696e-01,-1.199999999999999956e+00
3.270151261599883341e+00,1.532079226298096453e-01,-1.199999999999999956e+00
3.271130529586039781e+00,1.530053536013549209e-01,-1.199999999999999956e+00
3.272109797572196221e+00,1.528027845729001966e-01,-1.199999999999999956e+00
3.273089065558352662e+00,1.526002155444455000e-01,-1.199999999999999956e+00
3.274068333544509102e+00,1.523976465159907756e-01,-1.199999999999999956e+00
3.275047601530665542e+00,1.521950774875360513e-01,-1.199999999999999956e+00
3.276026869516821538e+00,1.519925084590813269e-01,-1.199999999999999956e+00
3.277006137502977978e+00,1.517899394306266025e-01,-1.199999999999999956e+00
3.277985405489134418e+00,1.515873704021718782e-01,-1.199999999999999956e+00
3.278964673475290859e+00,1.513848013737171816e-01,-1.199999999999999956e+00
3.279943941461447299e+00,1.511822323452624572e-01,-1.199999999999999956e+00
3.280923209447603739e+00,1.509796633168077329e-01,-1.199999999999999956e+00
3.281902477433760179e+00,1.507770942883530085e-01,-1.199999999999999956e+00
3.282728480253416237e+00,1.507493434344515382e-01,-1.199456521739130421e+00
3.283554483073072294e+00,1.507215925805500678e-01,-1.198913043478260887e+00
3.284380485892727908e+00,1.506938417266485974e-01,-1.198369565217391353e+00
3.285206488712383965e+00,1.506660908727471271e-01,-1.197826086956521596e+00
3.286032491532040023e+00,1.506383400188456845e-01,-1.197282608695652062e+00
3.286858494351696081e+00,1.506105891649442141e-01,-1.196739130434782528e+00
3.287684497171352138e+00,1.505828383110427438e-01,-1.196195652173912993e+00
3.288510499991008196e+00,1.505550874571412734e-01,-1.195652173913043459e+00
3.289336502810663809e+00,1.505273366032398030e-01,-1.195108695652173925e+00
3.290162505630319867e+00,1.504995857493383327e-01,-1.194565217391304390e+00
3.290988508449975924e+00,1.504718348954368623e-01,-1.194021739130434634e+00
3.291814511269631982e+00,1.504440840415353919e-01,-1.193478260869565100e+00
3.292640514089288040e+00,1.504163331876339216e-01,-1.192934782608695565e+00
3.293466516908943653e+00,1.503885823337324790e-01,-1.192391304347826031e+00
3.294292519728599711e+00,1.503608314798310086e-01,-1.191847826086956497e+00
3.295118522548255768e+00,1.503330806259295382e-01,-1.191304347826086962e+00
3.295944525367911826e+00,1.503053297720280679e-01,-1.190760869565217428e+00
3.296770528187567884e+00,1.502775789181265975e-01,-1.190217391304347672e+00
3.297596531007223497e+00,1.502498280642251272e-01,-1.189673913043478137e+00
3.298422533826879555e+00,1.502220772103236568e-01,-1.189130434782608603e+00
3.299248536646535612e+00,1.501943263564221864e-01,-1.188586956521739069e+00
3.300074539466191670e+00,1.501665755025207161e-01,-1.188043478260869534e+00
3.300900542285847727e+00,1.501388246486192735e-01,-1.187500000000000000e+00
3.301726545105503785e+00,1.501110737947178031e-01,-1.186956521739130466e+00
3.302552547925159399e+00,1.500833229408163327e-01,-1.186413043478260709e+00
3.303378550744815456e+00,1.500555720869148624e-01,-1.185869565217391175e+00
3.304204553564471514e+00,1.500278212330133920e-01,-1.185326086956521641e+00
3.305030556384127571e+00,1.500000703791119216e-01,-1.184782608695652106e+00
3.305856559203783629e+00,1.499723195252104513e-01,-1.184239130434782572e+00
3.306682562023439242e+00,1.499445686713089809e-01,-1.183695652173913038e+00
3.307508564843095300e+00,1.499168178174075106e-01,-1.183152173913043503e+00
3.308334567662751358e+00,1.498890669635060402e-01,-1.182608695652173747e+00
3.309160570482407415e+00,1.498613161096045976e-01,-1.182065217391304213e+00
3.309986573302063473e+00,1.498335652557031272e-01,-1.181521739130434678e+00
3.310812576121719530e+00,1.498058144018016569e-01,-1.180978260869565144e+00
3.311638578941375144e+00,1.497780635479001865e-01,-1.180434782608695610e+00
3.312464581761031202e+00,1.497503126939987161e-01,-1.179891304347826075e+00
3.313290584580687259e+00,1.497225618400972458e-01,-1.179347826086956541e+00
3.314116587400343317e+00,1.496948109861957754e-01,-1.178804347826086785e+00
3.314942590219999374e+00,1.496670601322943051e-01,-1.178260869565217250e+00
3.315768593039654988e+00,1.496393092783928347e-01,-1.177717391304347716e+00
3.316594595859311045e+00,1.496115584244913921e-01,-1.177173913043478182e+00
3.317420598678967103e+00,1.495838075705899217e-01,-1.176630434782608647e+00
3.318246601498623161e+00,1.495560567166884514e-01,-1.176086956521739113e+00
3.319072604318279218e+00,1.495283058627869810e-01,-1.175543478260869579e+00
3.319898607137934832e+00,1.495005550088855106e-01,-1.174999999999999822e+00
3.320724609957590889e+00,1.494728041549840403e-01,-1.174456521739130288e+00
3.321550612777246947e+00,1.494450533010825699e-01,-1.173913043478260754e+00
3.322376615596903005e+00,1.494173024471810995e-01,-1.173369565217391219e+00
3.323202618416559062e+00,1.493895515932796292e-01,-1.172826086956521685e+00
3.324028621236215120e+00,1.493618007393781866e-01,-1.172282608695652151e+00
3.324854624055870733e+00,1.493340498854767162e-01,-1.171739130434782616e+00
3.325680626875526791e+00,1.493062990315752459e-01,-1.171195652173913082e+00
3.326506629695182848e+00,1.492785481776737755e-01,-1.170652173913043326e+00
3.327332632514838906e+00,1.492507973237723051e-01,-1.170108695652173791e+00
3.328158635334494964e+00,1.492230464698708348e-01,-1.169565217391304257e+00
3.328984638154150577e+00,1.491952956159693644e-01,-1.169021739130434723e+00
3.329810640973806635e+00,1.491675447620678940e-01,-1.168478260869565188e+00
3.330636643793462692e+00,1.491397939081664237e-01,-1.167934782608695654e+00
3.331462646613118750e+00,1.491120430542649811e-01,-1.167391304347826120e+00
3.332288649432774807e+00,1.490842922003635107e-01,-1.166847826086956363e+00
3.333114652252430865e+00,1.490565413464620403e-01,-1.166304347826086829e+00
3.333940655072086479e+00,1.490287904925605700e-01,-1.165760869565217295e+00
3.334766657891742536e+00,1.490010396386590996e-01,-1.165217391304347760e+00
3.335592660711398594e+00,1.489732887847576293e-01,-1.164673913043478226e+00
3.336418663531054651e+00,1.489455379308561589e-01,-1.164130434782608692e+00
3.337244666350710709e+00,1.489177870769546885e-01,-1.163586956521739157e+00
3.338070669170366322e+00,1.488900362230532182e-01,-1.163043478260869401e+00
3.338896671990022380e+00,1.488622853691517478e-01,-1.162499999999999867e+00
3.339722674809678438e+00,1.488345345152503052e-01,-1.161956521739130332e+00
3.340548677629334495e+00,1.488067836613488348e-01,-1.161413043478260798e+00
3.341374680448990553e+00,1.487790328074473645e-01,-1.160869565217391264e+00
3.342200683268646610e+00,1.487512819535458941e-01,-1.160326086956521729e+00
3.343026686088302224e+00,1.487235310996444237e-01,-1.159782608695652195e+00
3.343852688907958282e+00,1.486957802457429534e-01,-1.159239130434782439e+00
3.344678691727614339e+00,1.486680293918414830e-01,-1.158695652173912904e+00
3.345504694547270397e+00,1.486402785379400127e-01,-1.158152173913043370e+00
3.346330697366926454e+00,1.486125276840385423e-01,-1.157608695652173836e+00
3.347156700186582068e+00,1.485847768301370997e-01,-1.157065217391304301e+00
3.347982703006238125e+00,1.485570259762356293e-01,-1.156521739130434767e+00
3.348808705825894183e+00,1.485292751223341590e-01,-1.155978260869565233e+00
3.349634708645550241e+00,1.485015242684326886e-01,-1.155434782608695476e+00
3.350460711465206298e+00,1.484737734145312182e-01,-1.154891304347825942e+00
3.351286714284861912e+00,1.484460225606297479e-01,-1.154347826086956408e+00
3.352112717104517969e+00,1.484182717067282775e-01,-1.153804347826086873e+00
3.352938719924174027e+00,1.483905208528268072e-01,-1.153260869565217339e+00
3.353764722743830085e+00,1.483627699989253368e-01,-1.152717391304347805e+00
3.354590725563486142e+00,1.483350191450238942e-01,-1.152173913043478271e+00
3.355416728383142200e+00,1.483072682911224238e-01,-1.151630434782608514e+00
3.356242731202797813e+00,1.482795174372209535e-01,-1.151086956521738980e+00
3.357068734022453871e+00,1.482517665833194831e-01,-1.150543478260869446e+00
3.357894736842109928e+00,1.482240157294180127e-01,-1.149999999999999911e+00
3.358530942741473790e+00,1.482615695509163223e-01,-1.149230769230769056e+00
3.359167148640837208e+00,1.482991233724146596e-01,-1.148461538461538423e+00
3.359803354540201070e+00,1.483366771939129691e-01,-1.147692307692307567e+00
3.360439560439564932e+00,1.483742310154112787e-01,-1.146923076923076934e+00
3.361075766338928794e+00,1.484117848369096160e-01,-1.146153846153846079e+00
3.361711972238292212e+00,1.484493386584079255e-01,-1.145384615384615223e+00
3.362348178137656074e+00,1.484868924799062351e-01,-1.144615384615384590e+00
3.362984384037019936e+00,1.485244463014045724e-01,-1.143846153846153735e+00
3.363620589936383354e+00,1.485620001229028819e-01,-1.143076923076923102e+00
3.364256795835747216e+00,1.485995539444011915e-01,-1.142307692307692246e+00
3.364893001735111078e+00,1.486371077658995288e-01,-1.141538461538461391e+00
3.365529207634474940e+00,1.486746615873978383e-01,-1.140769230769230758e+00
3.366165413533838358e+00,1.487122154088961479e-01,-1.139999999999999902e+00
3.366801619433202220e+00,1.487497692303944574e-01,-1.139230769230769269e+00
3.367437825332566081e+00,1.487873230518927947e-01,-1.138461538461538414e+00
3.368074031231929499e+00,1.488248768733911043e-01,-1.137692307692307558e+00
3.368710237131293361e+00,1.488624306948894138e-01,-1.136923076923076925e+00
3.369346443030657223e+00,1.488999845163877511e-01,-1.136153846153846070e+00
3.369982648930021085e+00,1.489375383378860607e-01,-1.135384615384615437e+00
3.370618854829384503e+00,1.489750921593843702e-01,-1.134615384615384581e+00
3.371255060728748365e+00,1.490126459808827075e-01,-1.133846153846153726e+00
3.371891266628112227e+00,1.490501998023810171e-01,-1.133076923076923093e+00
3.372527472527475645e+00,1.490877536238793266e-01,-1.132307692307692237e+00
3.373163678426839507e+00,1.491253074453776639e-01,-1.131538461538461604e+00
3.373799884326203369e+00,1.491628612668759735e-01,-1.130769230769230749e+00
3.374436090225567231e+00,1.492004150883742830e-01,-1.129999999999999893e+00
3.375072296124930649e+00,1.492379689098726203e-01,-1.129230769230769260e+00
3.375708502024294511e+00,1.492755227313709299e-01,-1.128461538461538405e+00
3.376344707923658373e+00,1.493130765528692394e-01,-1.127692307692307550e+00
3.376980913823021790e+00,1.493506303743675767e-01,-1.126923076923076916e+00
3.377617119722385652e+00,1.493881841958658863e-01,-1.126153846153846061e+00
3.378253325621749514e+00,1.494257380173641958e-01,-1.125384615384615428e+00
3.378889531521113376e+00,1.494632918388625331e-01,-1.124615384615384572e+00
3.379525737420476794e+00,1.495008456603608427e-01,-1.123846153846153717e+00
3.380161943319840656e+00,1.495383994818591522e-01,-1.123076923076923084e+00
3.380798149219204518e+00,1.495759533033574618e-01,-1.122307692307692228e+00
3.381434355118567936e+00,1.496135071248557991e-01,-1.121538461538461595e+00
3.382070561017931798e+00,1.496510609463541086e-01,-1.120769230769230740e+00
3.382706766917295660e+00,1.496886147678524182e-01,-1.119999999999999885e+00
3.383342972816659522e+00,1.497261685893507555e-01,-1.119230769230769251e+00
3.383979178716022940e+00,1.497637224108490650e-01,-1.118461538461538396e+00
3.384615384615386802e+00,1.498012762323473746e-01,-1.117692307692307763e+00
3.385251590514750664e+00,1.498388300538457119e-01,-1.116923076923076907e+00
3.385887796414114082e+00,1.498763838753440214e-01,-1.116153846153846052e+00
3.386524002313477943e+00,1.499139376968423309e-01,-1.115384615384615419e+00
3.387160208212841805e+00,1.499514915183406683e-01,-1.114615384615384563e+00
3.387796414112205667e+00,1.499890453398389778e-01,-1.113846153846153930e+00
3.388432620011569085e+00,1.500265991613372873e-01,-1.113076923076923075e+00
3.389068825910932947e+00,1.500641529828356247e-01,-1.112307692307692220e+00
3.389705031810296809e+00,1.501017068043339342e-01,-1.111538461538461586e+00
3.390341237709660227e+00,1.501392606258322437e-01,-1.110769230769230731e+00
3.390977443609024089e+00,1.501768144473305810e-01,-1.110000000000000098e+00
3.391613649508387951e+00,1.502143682688288906e-01,-1.109230769230769242e+00
3.392249855407751813e+00,1.502519220903272001e-01,-1.108461538461538387e+00
3.392886061307115231e+00,1.502894759118255374e-01,-1.107692307692307754e+00
3.393522267206479093e+00,1.503270297333238470e-01,-1.106923076923076898e+00
3.394158473105842955e+00,1.503645835548221565e-01,-1.106153846153846265e+00
3.394794679005206373e+00,1.504021373763204661e-01,-1.105384615384615410e+00
3.395430884904570235e+00,1.504396911978188034e-01,-1.104615384615384555e+00
3.396067090803934096e+00,1.504772450193171129e-01,-1.103846153846153921e+00
3.396703296703297958e+00,1.505147988408154225e-01,-1.103076923076923066e+00
3.397339502602661376e+00,1.505523526623137598e-01,-1.102307692307692433e+00
3.397975708502025238e+00,1.505899064838120693e-01,-1.101538461538461577e+00
3.398611914401389100e+00,1.506274603053103789e-01,-1.100769230769230722e+00
3.399248120300752518e+00,1.506650141268087162e-01,-1.100000000000000089e+00
3.399884326200116380e+00,1.507025679483070257e-01,-1.099230769230769234e+00
3.400520532099480242e+00,1.507401217698053353e-01,-1.098461538461538600e+00
3.401156737998844104e+00,1.507776755913036726e-01,-1.097692307692307745e+00
3.401792943898207522e+00,1.508152294128019821e-01,-1.096923076923076890e+00
3.402429149797571384e+00,1.508527832343002917e-01,-1.096153846153846256e+00
3.403065355696935246e+00,1.508903370557986290e-01,-1.095384615384615401e+00
3.403701561596298664e+00,1.509278908772969385e-01,-1.094615384615384546e+00
3.404337767495662526e+00,1.509654446987952481e-01,-1.093846153846153912e+00
3.404973973395026388e+00,1.510029985202935854e-01,-1.093076923076923057e+00
3.405610179294390250e+00,1.510405523417918949e-01,-1.092307692307692424e+00
3.406246385193753667e+00,1.510781061632902045e-01,-1.091538461538461569e+00
3.406882591093117529e+00,1.511156599847885418e-01,-1.090769230769230713e+00
3.407518796992481391e+00,1.511532138062868513e-01,-1.090000000000000080e+00
3.408155002891844809e+00,1.511907676277851609e-01,-1.089230769230769225e+00
3.408791208791208671e+00,1.512283214492834982e-01,-1.088461538461538591e+00
3.409427414690572533e+00,1.512658752707818077e-01,-1.087692307692307736e+00
3.410063620589936395e+00,1.513034290922801173e-01,-1.086923076923076881e+00
3.410699826489299813e+00,1.513409829137784268e-01,-1.086153846153846247e+00
3.411336032388663675e+00,1.513785367352767641e-01,-1.085384615384615392e+00
3.411972238288027537e+00,1.514160905567750737e-01,-1.084615384615384759e+00
3.412608444187390955e+00,1.514536443782733832e-01,-1.083846153846153904e+00
3.413244650086754817e+00,1.514911981997717205e-01,-1.083076923076923048e+00
3.413880855986118679e+00,1.515287520212700301e-01,-1.082307692307692415e+00
3.414517061885482541e+00,1.515663058427683396e-01,-1.081538461538461560e+00
3.415153267784845958e+00,1.516038596642666769e-01,-1.080769230769230926e+00
3.415789473684209820e+00,1.516414134857649865e-01,-1.080000000000000071e+00
3.416425679583573682e+00,1.516789673072632960e-01,-1.079230769230769216e+00
3.417061885482937544e+00,1.517165211287616333e-01,-1.078461538461538582e+00
3.417698091382301406e+00,1.517540749502599429e-01,-1.077692307692307727e+00
3.418334297281665268e+00,1.517916287717582524e-01,-1.076923076923077094e+00
3.418970503181029130e+00,1.518291825932565897e-01,-1.076153846153846239e+00
3.419606709080392992e+00,1.518667364147548993e-01,-1.075384615384615383e+00
3.420242914979756854e+00,1.519042902362532088e-01,-1.074615384615384750e+00
3.420879120879120716e+00,1.519418440577515461e-01,-1.073846153846153895e+00
3.421515326778484578e+00,1.519793978792498557e-01,-1.073076923076923039e+00
3.422151532677848440e+00,1.520169517007481652e-01,-1.072307692307692406e+00
3.422787738577212302e+00,1.520545055222465025e-01,-1.071538461538461551e+00
3.423423944476576164e+00,1.520920593437448121e-01,-1.070769230769230917e+00
3.424060150375940026e+00,1.521296131652431216e-01,-1.070000000000000062e+00
3.424696356275303888e+00,1.521671669867414589e-01,-1.069230769230769207e+00
3.425332562174667750e+00,1.522047208082397685e-01,-1.068461538461538574e+00
3.425968768074031168e+00,1.522422746297380780e-01,-1.067692307692307718e+00
3.426604973973395030e+00,1.522798284512364153e-01,-1.066923076923077085e+00
3.427241179872758892e+00,1.523173822727347249e-01,-1.066153846153846230e+00
3.427877385772122754e+00,1.523549360942330344e-01,-1.065384615384615374e+00
3.428513591671486616e+00,1.523924899157313717e-01,-1.064615384615384741e+00
3.429149797570850478e+00,1.524300437372296813e-01,-1.063846153846153886e+00
3.429786003470214339e+00,1.524675975587279908e-01,-1.063076923076923030e+00
3.430422209369578201e+00,1.525051513802263281e-01,-1.062307692307692397e+00
3.431058415268942063e+00,1.525427052017246377e-01,-1.061538461538461542e+00
3.431694621168305925e+00,1.525802590232229472e-01,-1.060769230769230909e+00
3.432330827067669787e+00,1.526178128447212845e-01,-1.060000000000000053e+00
3.432967032967033649e+00,1.526553666662195941e-01,-1.059230769230769198e+00
3.433603238866397511e+00,1.526929204877179036e-01,-1.058461538461538565e+00
3.434239444765761373e+00,1.527304743092162409e-01,-1.057692307692307709e+00
3.434875650665125235e+00,1.527680281307145504e-01,-1.056923076923077076e+00
3.435511856564489097e+00,1.528055819522128600e-01,-1.056153846153846221e+00
3.436148062463852959e+00,1.528431357737111973e-01,-1.055384615384615365e+00
3.436784268363216821e+00,1.528806895952095068e-01,-1.054615384615384732e+00
3.437420474262580683e+00,1.529182434167078164e-01,-1.053846153846153877e+00
3.438056680161944545e+00,1.529557972382061537e-01,-1.053076923076923022e+00
3.438692886061308407e+00,1.529933510597044632e-01,-1.052307692307692388e+00
3.439329091960672269e+00,1.530309048812027728e-01,-1.051538461538461533e+00
3.439965297860036131e+00,1.530684587027011101e-01,-1.050769230769230900e+00
3.440601503759399993e+00,1.531060125241994196e-01,-1.050000000000000044e+00
3.441237709658763855e+00,1.531435663456977292e-01,-1.049230769230769189e+00
3.441873915558127717e+00,1.531811201671960665e-01,-1.048461538461538556e+00
3.442510121457491579e+00,1.532186739886943760e-01,-1.047692307692307701e+00
3.443146327356855441e+00,1.532562278101926856e-01,-1.046923076923077067e+00
3.443782533256219303e+00,1.532937816316910229e-01,-1.046153846153846212e+00
3.444418739155583165e+00,1.533313354531893324e-01,-1.045384615384615357e+00
3.445054945054946582e+00,1.533688892746876420e-01,-1.044615384615384723e+00
3.445691150954310444e+00,1.534064430961859515e-01,-1.043846153846153868e+00
3.446327356853674306e+00,1.534439969176842888e-01,-1.043076923076923013e+00
3.446963562753038168e+00,1.534815507391825984e-01,-1.042307692307692379e+00
3.447599768652402030e+00,1.535191045606809079e-01,-1.041538461538461524e+00
3.448235974551765892e+00,1.535566583821792452e-01,-1.040769230769230891e+00
3.448872180451129754e+00,1.535942122036775548e-01,-1.040000000000000036e+00
3.449508386350493616e+00,1.536317660251758643e-01,-1.039230769230769180e+00
3.450144592249857478e+00,1.536693198466742016e-01,-1.038461538461538547e+00
3.450780798149221340e+00,1.537068736681725112e-01,-1.037692307692307692e+00
3.451417004048585202e+00,1.537444274896708207e-01,-1.036923076923077058e+00
3.452053209947949064e+00,1.537819813111691580e-01,-1.036153846153846203e+00
3.452689415847312926e+00,1.538195351326674676e-01,-1.035384615384615348e+00
3.453325621746676788e+00,1.538570889541657771e-01,-1.034615384615384714e+00
3.453961827646040650e+00,1.538946427756641144e-01,-1.033846153846153859e+00
3.454598033545404512e+00,1.539321965971624240e-01,-1.033076923076923004e+00
3.455234239444768374e+00,1.539697504186607335e-01,-1.032307692307692371e+00
3.455870445344132236e+00,1.540073042401590708e-01,-1.031538461538461515e+00
3.456506651243496098e+00,1.540448580616573804e-01,-1.030769230769230882e+00
3.457142857142859960e+00,1.540824118831556899e-01,-1.030000000000000027e+00
3.457779063042223822e+00,1.541199657046540272e-01,-1.029230769230769171e+00
3.458415268941587684e+00,1.541575195261523368e-01,-1.028461538461538538e+00
3.459051474840951546e+00,1.541950733476506463e-01,-1.027692307692307683e+00
3.459687680740315407e+00,1.542326271691489836e-01,-1.026923076923077049e+00
3.460323886639679269e+00,1.542701809906472932e-01,-1.026153846153846194e+00
3.460960092539043131e+00,1.543077348121456027e-01,-1.025384615384615339e+00
3.461596298438406993e+00,1.543452886336439400e-01,-1.024615384615384706e+00
3.462232504337770855e+00,1.543828424551422496e-01,-1.023846153846153850e+00
3.462868710237134717e+00,1.544203962766405591e-01,-1.023076923076922995e+00
3.463504916136498579e+00,1.544579500981388964e-01,-1.022307692307692362e+00
3.464141122035861997e+00,1.544955039196372060e-01,-1.021538461538461506e+00
3.464777327935225859e+00,1.545330577411355155e-01,-1.020769230769230873e+00
3.465413533834589721e+00,1.545706115626338528e-01,-1.020000000000000018e+00
3.466049739733953583e+00,1.546081653841321624e-01,-1.019230769230769162e+00
3.466685945633317445e+00,1.546457192056304719e-01,-1.018461538461538529e+00
3.467322151532681307e+00,1.546832730271288092e-01,-1.017692307692307674e+00
3.467958357432045169e+00,1.547208268486271188e-01,-1.016923076923077041e+00
3.468594563331409031e+00,1.547583806701254283e-01,-1.016153846153846185e+00
3.469230769230772893e+00,1.547959344916237656e-01,-1.015384615384615330e+00
3.469866975130136755e+00,1.548334883131220752e-01,-1.014615384615384697e+00
3.470503181029500617e+00,1.548710421346203847e-01,-1.013846153846153841e+00
3.471139386928864479e+00,1.549085959561187220e-01,-1.013076923076923208e+00
3.471775592828228341e+00,1.549461497776170316e-01,-1.012307692307692353e+00
3.472411798727592203e+00,1.549837035991153411e-01,-1.011538461538461497e+00
3.473048004626956065e+00,1.550212574206136784e-01,-1.010769230769230864e+00
3.473684210526319927e+00,1.550588112421119880e-01,-1.010000000000000009e+00
3.474365325077403366e+00,1.548950486045933550e-01,-1.009294117647058897e+00
3.475046439628486805e+00,1.547312859670747220e-01,-1.008588235294117563e+00
3.475727554179570689e+00,1.545675233295560891e-01,-1.007882352941176451e+00
3.476408668730654128e+00,1.544037606920374561e-01,-1.007176470588235340e+00
3.477089783281737567e+00,1.542399980545188232e-01,-1.006470588235294228e+00
3.477770897832821007e+00,1.540762354170001902e-01,-1.005764705882352894e+00
3.478452012383904446e+00,1.539124727794815295e-01,-1.005058823529411782e+00
3.479133126934988329e+00,1.537487101419628965e-01,-1.004352941176470670e+00
3.479814241486071769e+00,1.535849475044442636e-01,-1.003647058823529337e+00
3.480495356037155208e+00,1.534211848669256306e-01,-1.002941176470588225e+00
3.481176470588238647e+00,1.532574222294069977e-01,-1.002235294117647113e+00
3.481857585139322087e+00,1.530936595918883647e-01,-1.001529411764705779e+00
3.482538699690405970e+00,1.529298969543697317e-01,-1.000823529411764667e+00
3.483219814241489409e+00,1.527661343168510988e-01,-1.000117647058823556e+00
3.483900928792572849e+00,1.526023716793324658e-01,-9.994117647058823328e-01
3.484582043343656288e+00,1.524386090418138329e-01,-9.987058823529412210e-01
3.485263157894739727e+00,1.522748464042951999e-01,-9.979999999999999982e-01
3.485944272445823611e+00,1.521110837667765670e-01,-9.972941176470587754e-01
3.486625386996907050e+00,1.519473211292579062e-01,-9.965882352941176636e-01
3.487306501547990489e+00,1.517835584917392733e-01,-9.958823529411764408e-01
3.487987616099073929e+00,1.516197958542206403e-01,-9.951764705882353290e-01
3.488668730650157368e+00,1.514560332167020074e-01,-9.944705882352941062e-01
3.489349845201241251e+00,1.512922705791833744e-01,-9.937647058823528834e-01
3.490030959752324691e+00,1.511285079416647414e-01,-9.930588235294117716e-01
3.490712074303408130e+00,1.509647453041461085e-01,-9.923529411764705488e-01
3.491393188854491569e+00,1.508009826666274755e-01,-9.916470588235294370e-01
3.492074303405575009e+00,1.506372200291088426e-01,-9.909411764705882142e-01
3.492755417956658892e+00,1.504734573915902096e-01,-9.902352941176471024e-01
3.493436532507742331e+00,1.503096947540715767e-01,-9.895294117647058796e-01
3.494117647058825771e+00,1.501459321165529437e-01,-9.888235294117646568e-01
3.494798761609909210e+00,1.499821694790342830e-01,-9.881176470588235450e-01
3.495479876160992649e+00,1.498184068415156500e-01,-9.874117647058823222e-01
3.496160990712076533e+00,1.496546442039970171e-01,-9.867058823529412104e-01
3.496842105263159972e+00,1.494908815664783841e-01,-9.859999999999999876e-01
3.497523219814243411e+00,1.493271189289597511e-01,-9.852941176470587648e-01
3.498204334365326851e+00,1.491633562914411182e-01,-9.845882352941176530e-01
3.498885448916410290e+00,1.489995936539224852e-01,-9.838823529411764301e-01
3.499566563467494174e+00,1.488358310164038523e-01,-9.831764705882353184e-01
3.500247678018577613e+00,1.486720683788852193e-01,-9.824705882352940955e-01
3.500928792569661052e+00,1.485083057413665863e-01,-9.817647058823528727e-01
3.501609907120744491e+00,1.483445431038479534e-01,-9.810588235294117609e-01
3.502291021671827931e+00,1.481807804663293204e-01,-9.803529411764705381e-01
3.502972136222911814e+00,1.480170178288106597e-01,-9.796470588235294263e-01
3.503653250773995254e+00,1.478532551912920268e-01,-9.789411764705882035e-01
3.504334365325078693e+00,1.476894925537733938e-01,-9.782352941176470917e-01
3.505015479876162132e+00,1.475257299162547608e-01,-9.775294117647058689e-01
3.505696594427245572e+00,1.473619672787361279e-01,-9.768235294117646461e-01
3.506377708978329455e+00,1.471982046412174949e-01,-9.761176470588235343e-01
3.507058823529412894e+00,1.470344420036988620e-01,-9.754117647058823115e-01
3.507739938080496334e+00,1.468706793661802290e-01,-9.747058823529411997e-01
3.508421052631579773e+00,1.467069167286615960e-01,-9.739999999999999769e-01
3.509102167182663212e+00,1.465431540911429631e-01,-9.732941176470587541e-01
3.509783281733747096e+00,1.463793914536243301e-01,-9.725882352941176423e-01
3.510464396284830535e+00,1.462156288161056972e-01,-9.718823529411764195e-01
3.511145510835913974e+00,1.460518661785870642e-01,-9.711764705882353077e-01
3.511826625386997414e+00,1.458881035410684035e-01,-9.704705882352940849e-01
3.512507739938080853e+00,1.457243409035497705e-01,-9.697647058823528621e-01
3.513188854489164736e+00,1.455605782660311376e-01,-9.690588235294117503e-01
3.513869969040248176e+00,1.453968156285125046e-01,-9.683529411764705275e-01
3.514551083591331615e+00,1.452330529909938717e-01,-9.676470588235294157e-01
3.515232198142415054e+00,1.450692903534752387e-01,-9.669411764705881929e-01
3.515913312693498494e+00,1.449055277159566057e-01,-9.662352941176470811e-01
3.516594427244582377e+00,1.447417650784379728e-01,-9.655294117647058583e-01
3.517275541795665816e+00,1.445780024409193398e-01,-9.648235294117646355e-01
3.517956656346749256e+00,1.444142398034007069e-01,-9.641176470588235237e-01
3.518637770897832695e+00,1.442504771658820739e-01,-9.634117647058823009e-01
3.519318885448916134e+00,1.440867145283634132e-01,-9.627058823529411891e-01
3.520000000000000018e+00,1.439229518908447802e-01,-9.619999999999999662e-01
3.520681114551083457e+00,1.437591892533261473e-01,-9.612941176470587434e-01
3.521362229102166896e+00,1.435954266158075143e-01,-9.605882352941176316e-01
3.522043343653250336e+00,1.434316639782888814e-01,-9.598823529411764088e-01
3.522724458204333775e+00,1.432679013407702484e-01,-9.591764705882352970e-01
3.523405572755417658e+00,1.431041387032516154e-01,-9.584705882352940742e-01
3.524086687306501098e+00,1.429403760657329825e-01,-9.577647058823528514e-01
3.524767801857584537e+00,1.427766134282143495e-01,-9.570588235294117396e-01
3.525448916408667976e+00,1.426128507906957166e-01,-9.563529411764705168e-01
3.526130030959751416e+00,1.424490881531770836e-01,-9.556470588235294050e-01
3.526811145510835299e+00,1.422853255156584507e-01,-9.549411764705881822e-01
3.527492260061918739e+00,1.421215628781398177e-01,-9.542352941176470704e-01
3.528173374613002178e+00,1.419578002406211570e-01,-9.535294117647058476e-01
3.528854489164085617e+00,1.417940376031025240e-01,-9.528235294117646248e-01
3.529535603715169056e+00,1.416302749655838911e-01,-9.521176470588235130e-01
3.530216718266252940e+00,1.414665123280652581e-01,-9.514117647058822902e-01
3.530897832817336379e+00,1.413027496905466251e-01,-9.507058823529411784e-01
3.531578947368419819e+00,1.411389870530279922e-01,-9.499999999999999556e-01
3.532252141982862970e+00,1.409508492986344674e-01,-9.492950581395348530e-01
3.532925336597306121e+00,1.407627115442409704e-01,-9.485901162790697505e-01
3.533598531211749272e+00,1.405745737898474457e-01,-9.478851744186046480e-01
3.534271725826192423e+00,1.403864360354539487e-01,-9.471802325581395454e-01
3.534944920440635574e+00,1.401982982810604239e-01,-9.464752906976743319e-01
3.535618115055078725e+00,1.400101605266669269e-01,-9.457703488372092293e-01
3.536291309669521876e+00,1.398220227722734021e-01,-9.450654069767441268e-01
3.536964504283965027e+00,1.396338850178799051e-01,-9.443604651162790242e-01
3.537637698898408178e+00,1.394457472634863804e-01,-9.436555232558139217e-01
3.538310893512851329e+00,1.392576095090928834e-01,-9.429505813953488191e-01
3.538984088127294481e+00,1.390694717546993586e-01,-9.422456395348837166e-01
3.539657282741737632e+00,1.388813340003058616e-01,-9.415406976744186140e-01
3.540330477356180783e+00,1.386931962459123369e-01,-9.408357558139534005e-01
3.541003671970623934e+00,1.385050584915188399e-01,-9.401308139534882979e-01
3.541676866585067085e+00,1.383169207371253151e-01,-9.394258720930231954e-01
3.542350061199510236e+00,1.381287829827318181e-01,-9.387209302325580929e-01
3.543023255813953387e+00,1.379406452283382933e-01,-9.380159883720929903e-01
3.543696450428396538e+00,1.377525074739447963e-01,-9.373110465116278878e-01
3.544369645042839689e+00,1.375643697195512716e-01,-9.366061046511627852e-01
3.545042839657282840e+00,1.373762319651577746e-01,-9.359011627906976827e-01
3.545716034271725992e+00,1.371880942107642498e-01,-9.351962209302325801e-01
3.546389228886168699e+00,1.369999564563707528e-01,-9.344912790697673666e-01
3.547062423500611850e+00,1.368118187019772281e-01,-9.337863372093022640e-01
3.547735618115055001e+00,1.366236809475837033e-01,-9.330813953488371615e-01
3.548408812729498152e+00,1.364355431931902063e-01,-9.323764534883720589e-01
3.549082007343941303e+00,1.362474054387966815e-01,-9.316715116279069564e-01
3.549755201958384454e+00,1.360592676844031845e-01,-9.309665697674418539e-01
3.550428396572827605e+00,1.358711299300096598e-01,-9.302616279069767513e-01
3.551101591187270756e+00,1.356829921756161628e-01,-9.295566860465116488e-01
3.551774785801713907e+00,1.354948544212226380e-01,-9.288517441860464352e-01
3.552447980416157058e+00,1.353067166668291410e-01,-9.281468023255813327e-01
3.553121175030600210e+00,1.351185789124356162e-01,-9.274418604651162301e-01
3.553794369645043361e+00,1.349304411580421192e-01,-9.267369186046511276e-01
3.554467564259486512e+00,1.347423034036485945e-01,-9.260319767441860250e-01
3.555140758873929663e+00,1.345541656492550975e-01,-9.253270348837209225e-01
3.555813953488372814e+00,1.343660278948615727e-01,-9.246220930232558199e-01
3.556487148102815965e+00,1.341778901404680757e-01,-9.239171511627907174e-01
3.557160342717259116e+00,1.339897523860745510e-01,-9.232122093023256149e-01
3.557833537331702267e+00,1.338016146316810540e-01,-9.225072674418604013e-01
3.558506731946145418e+00,1.336134768772875292e-01,-9.218023255813952987e-01
3.559179926560588569e+00,1.334253391228940322e-01,-9.210973837209301962e-01
3.559853121175031720e+00,1.332372013685005074e-01,-9.203924418604650937e-01
3.560526315789474872e+00,1.330490636141070104e-01,-9.196874999999999911e-01
3.561199510403918023e+00,1.328609258597134857e-01,-9.189825581395348886e-01
3.561872705018361174e+00,1.326727881053199609e-01,-9.182776162790697860e-01
3.562545899632804325e+00,1.324846503509264639e-01,-9.175726744186046835e-01
3.563219094247247476e+00,1.322965125965329392e-01,-9.168677325581395809e-01
3.563892288861690627e+00,1.321083748421394422e-01,-9.161627906976743674e-01
3.564565483476133778e+00,1.319202370877459174e-01,-9.154578488372092648e-01
3.565238678090576929e+00,1.317320993333524204e-01,-9.147529069767441623e-01
3.565911872705020080e+00,1.315439615789588956e-01,-9.140479651162790597e-01
3.566585067319463231e+00,1.313558238245653986e-01,-9.133430232558139572e-01
3.567258261933906383e+00,1.311676860701718739e-01,-9.126380813953488547e-01
3.567931456548349534e+00,1.309795483157783769e-01,-9.119331395348837521e-01
3.568604651162792685e+00,1.307914105613848521e-01,-9.112281976744186496e-01
3.569277845777235836e+00,1.306032728069913551e-01,-9.105232558139535470e-01
3.569951040391678987e+00,1.304151350525978303e-01,-9.098183139534883335e-01
3.570624235006122138e+00,1.302269972982043333e-01,-9.091133720930232309e-01
3.571297429620565289e+00,1.300388595438108086e-01,-9.084084302325581284e-01
3.571970624235008440e+00,1.298507217894173116e-01,-9.077034883720930258e-01
3.572643818849451591e+00,1.296625840350237868e-01,-9.069985465116279233e-01
3.573317013463894742e+00,1.294744462806302898e-01,-9.062936046511628208e-01
3.573990208078337893e+00,1.292863085262367651e-01,-9.055886627906977182e-01
3.574663402692781045e+00,1.290981707718432681e-01,-9.048837209302326157e-01
3.575336597307223752e+00,1.289100330174497433e-01,-9.041787790697674021e-01
3.576009791921666903e+00,1.287218952630562185e-01,-9.034738372093022996e-01
3.576682986536110054e+00,1.285337575086627215e-01,-9.027688953488371970e-01
3.577356181150553205e+00,1.283456197542691968e-01,-9.020639534883720945e-01
3.578029375764996356e+00,1.281574819998756998e-01,-9.013590116279069919e-01
3.578702570379439507e+00,1.279693442454821750e-01,-9.006540697674418894e-01
3.579375764993882658e+00,1.277812064910886780e-01,-8.999491279069767868e-01
3.580048959608325809e+00,1.275930687366951533e-01,-8.992441860465116843e-01
3.580722154222768960e+00,1.274049309823016563e-01,-8.985392441860464707e-01
3.581395348837212111e+00,1.272167932279081315e-01,-8.978343023255813682e-01
3.582068543451655263e+00,1.270286554735146345e-01,-8.971293604651162656e-01
3.582741738066098414e+00,1.268405177191211097e-01,-8.964244186046511631e-01
3.583414932680541565e+00,1.266523799647276127e-01,-8.957194767441860606e-01
3.584088127294984716e+00,1.264642422103340880e-01,-8.950145348837209580e-01
3.584761321909427867e+00,1.262761044559405910e-01,-8.943095930232558555e-01
3.585434516523871018e+00,1.260879667015470662e-01,-8.936046511627907529e-01
3.586107711138314169e+00,1.258998289471535692e-01,-8.928997093023256504e-01
3.586780905752757320e+00,1.257116911927600444e-01,-8.921947674418604368e-01
3.587454100367200471e+00,1.255235534383665474e-01,-8.914898255813953343e-01
3.588127294981643622e+00,1.253354156839730227e-01,-8.907848837209302317e-01
3.588800489596086774e+00,1.251472779295795257e-01,-8.900799418604651292e-01
3.589473684210529925e+00,1.249591401751860009e-01,-8.893750000000000266e-01
3.590179717586653219e+00,1.247618249693586562e-01,-8.887118902439025137e-01
3.590885750962776068e+00,1.245645097635313114e-01,-8.880487804878048896e-01
3.591591784338899362e+00,1.243671945577039806e-01,-8.873856707317073766e-01
3.592297817715022656e+00,1.241698793518766358e-01,-8.867225609756097526e-01
3.593003851091145950e+00,1.239725641460492911e-01,-8.860594512195122396e-01
3.593709884467268800e+00,1.237752489402219463e-01,-8.853963414634146156e-01
3.594415917843392094e+00,1.235779337343946155e-01,-8.847332317073171026e-01
3.595121951219515388e+00,1.233806185285672707e-01,-8.840701219512194786e-01
3.595827984595638238e+00,1.231833033227399260e-01,-8.834070121951219656e-01
3.596534017971761532e+00,1.229859881169125813e-01,-8.827439024390244526e-01
3.597240051347884826e+00,1.227886729110852504e-01,-8.820807926829268286e-01
3.597946084724008120e+00,1.225913577052579057e-01,-8.814176829268293156e-01
3.598652118100130970e+00,1.223940424994305609e-01,-8.807545731707316916e-01
3.599358151476254264e+00,1.221967272936032162e-01,-8.800914634146341786e-01
3.600064184852377558e+00,1.219994120877758714e-01,-8.794283536585365546e-01
3.600770218228500852e+00,1.218020968819485406e-01,-8.787652439024390416e-01
3.601476251604623702e+00,1.216047816761211958e-01,-8.781021341463415286e-01
3.602182284980746996e+00,1.214074664702938511e-01,-8.774390243902439046e-01
3.602888318356870290e+00,1.212101512644665063e-01,-8.767759146341463916e-01
3.603594351732993140e+00,1.210128360586391755e-01,-8.761128048780487676e-01
3.604300385109116434e+00,1.208155208528118307e-01,-8.754496951219512546e-01
3.605006418485239728e+00,1.206182056469844860e-01,-8.747865853658536306e-01
3.605712451861363022e+00,1.204208904411571412e-01,-8.741234756097561176e-01
3.606418485237485871e+00,1.202235752353298104e-01,-8.734603658536584936e-01
3.607124518613609165e+00,1.200262600295024656e-01,-8.727972560975609806e-01
3.607830551989732459e+00,1.198289448236751209e-01,-8.721341463414634676e-01
3.608536585365855309e+00,1.196316296178477762e-01,-8.714710365853658436e-01
3.609242618741978603e+00,1.194343144120204314e-01,-8.708079268292683306e-01
3.609948652118101897e+00,1.192369992061931006e-01,-8.701448170731707066e-01
3.610654685494225191e+00,1.190396840003657558e-01,-8.694817073170731936e-01
3.611360718870348041e+00,1.188423687945384111e-01,-8.688185975609755696e-01
3.612066752246471335e+00,1.186450535887110663e-01,-8.681554878048780566e-01
3.612772785622594629e+00,1.184477383828837355e-01,-8.674923780487804326e-01
3.613478818998717479e+00,1.182504231770563907e-01,-8.668292682926829196e-01
3.614184852374840773e+00,1.180531079712290460e-01,-8.661661585365854066e-01
3.614890885750964067e+00,1.178557927654017012e-01,-8.655030487804877826e-01
3.615596919127087361e+00,1.176584775595743704e-01,-8.648399390243902696e-01
3.616302952503210211e+00,1.174611623537470256e-01,-8.641768292682926456e-01
3.617008985879333505e+00,1.172638471479196809e-01,-8.635137195121951326e-01
3.617715019255456799e+00,1.170665319420923361e-01,-8.628506097560975086e-01
3.618421052631579649e+00,1.168692167362649914e-01,-8.621874999999999956e-01
3.619127086007702943e+00,1.166719015304376605e-01,-8.615243902439024826e-01
3.619833119383826237e+00,1.164745863246103158e-01,-8.608612804878048586e-01
3.620539152759949530e+00,1.162772711187829711e-01,-8.601981707317073456e-01
3.621245186136072380e+00,1.160799559129556402e-01,-8.595350609756097215e-01
3.621951219512195674e+00,1.158826407071282955e-01,-8.588719512195122086e-01
3.622657252888318968e+00,1.156853255013009507e-01,-8.582088414634145845e-01
3.623363286264442262e+00,1.154880102954736060e-01,-8.575457317073170715e-01
3.624069319640565112e+00,1.152906950896462612e-01,-8.568826219512194475e-01
3.624775353016688406e+00,1.150933798838189304e-01,-8.562195121951219345e-01
3.625481386392811700e+00,1.148960646779915856e-01,-8.555564024390244215e-01
3.626187419768934550e+00,1.146987494721642409e-01,-8.548932926829267975e-01
3.626893453145057844e+00,1.145014342663368961e-01,-8.542301829268292845e-01
3.627599486521181138e+00,1.143041190605095514e-01,-8.535670731707316605e-01
3.628305519897304432e+00,1.141068038546822205e-01,-8.529039634146341475e-01
3.629011553273427282e+00,1.139094886488548758e-01,-8.522408536585365235e-01
3.629717586649550576e+00,1.137121734430275311e-01,-8.515777439024390105e-01
3.630423620025673870e+00,1.135148582372001863e-01,-8.509146341463414975e-01
3.631129653401796720e+00,1.133175430313728554e-01,-8.502515243902438735e-01
3.631835686777920014e+00,1.131202278255455107e-01,-8.495884146341463605e-01
3.632541720154043308e+00,1.129229126197181660e-01,-8.489253048780487365e-01
3.633247753530166602e+00,1.127255974138908212e-01,-8.482621951219512235e-01
3.633953786906289452e+00,1.125282822080634904e-01,-8.475990853658535995e-01
3.634659820282412745e+00,1.123309670022361456e-01,-8.469359756097560865e-01
3.635365853658536039e+00,1.121336517964088009e-01,-8.462728658536584625e-01
3.636071887034658889e+00,1.119363365905814561e-01,-8.456097560975609495e-01
3.636777920410782183e+00,1.117390213847541114e-01,-8.449466463414634365e-01
3.637483953786905477e+00,1.115417061789267805e-01,-8.442835365853658125e-01
3.638189987163028771e+00,1.113443909730994358e-01,-8.436204268292682995e-01
3.638896020539151621e+00,1.111470757672720910e-01,-8.429573170731706755e-01
3.639602053915274915e+00,1.109497605614447463e-01,-8.422942073170731625e-01
3.640308087291398209e+00,1.107524453556174154e-01,-8.416310975609755385e-01
3.641014120667521503e+00,1.105551301497900707e-01,-8.409679878048780255e-01
3.641720154043644353e+00,1.103578149439627260e-01,-8.403048780487804015e-01
3.642426187419767647e+00,1.101604997381353812e-01,-8.396417682926828885e-01
3.643132220795890941e+00,1.099631845323080503e-01,-8.389786585365853755e-01
3.643838254172013791e+00,1.097658693264807056e-01,-8.383155487804877515e-01
3.644544287548137085e+00,1.095685541206533609e-01,-8.376524390243902385e-01
3.645250320924260379e+00,1.093712389148260161e-01,-8.369893292682926145e-01
3.645956354300383673e+00,1.091739237089986714e-01,-8.363262195121951015e-01
3.646662387676506523e+00,1.089766085031713405e-01,-8.356631097560974775e-01
3.647368421052629817e+00,1.087792932973439958e-01,-8.349999999999999645e-01
3.648074454428753111e+00,1.085753594591530868e-01,-8.343368902439024515e-01
3.648780487804876405e+00,1.083714256209621779e-01,-8.336737804878048275e-01
3.649486521180999699e+00,1.081674917827712828e-01,-8.330106707317073145e-01
3.650192554557122993e+00,1.079635579445803739e-01,-8.323475609756096905e-01
3.650898587933246286e+00,1.077596241063894650e-01,-8.316844512195121775e-01
3.651604621309369580e+00,1.075556902681985560e-01,-8.310213414634145535e-01
3.652310654685492874e+00,1.073517564300076471e-01,-8.303582317073170405e-01
3.653016688061616168e+00,1.071478225918167521e-01,-8.296951219512195275e-01
3.653722721437739462e+00,1.069438887536258431e-01,-8.290320121951219035e-01
3.654428754813862756e+00,1.067399549154349342e-01,-8.283689024390243905e-01
3.655134788189986050e+00,1.065360210772440253e-01,-8.277057926829267664e-01
3.655840821566109344e+00,1.063320872390531302e-01,-8.270426829268292535e-01
3.656546854942232638e+00,1.061281534008622213e-01,-8.263795731707316294e-01
3.657252888318355932e+00,1.059242195626713123e-01,-8.257164634146341164e-01
3.657958921694479226e+00,1.057202857244804034e-01,-8.250533536585366035e-01
3.658664955070602520e+00,1.055163518862894945e-01,-8.243902439024389794e-01
3.659370988446725814e+00,1.053124180480985994e-01,-8.237271341463414664e-01
3.660077021822849108e+00,1.051084842099076905e-01,-8.230640243902438424e-01
3.660783055198972402e+00,1.049045503717167815e-01,-8.224009146341463294e-01
3.661489088575095696e+00,1.047006165335258726e-01,-8.217378048780487054e-01
3.662195121951218990e+00,1.044966826953349637e-01,-8.210746951219511924e-01
3.662901155327342284e+00,1.042927488571440686e-01,-8.204115853658536794e-01
3.663607188703465578e+00,1.040888150189531597e-01,-8.197484756097560554e-01
3.664313222079588872e+00,1.038848811807622508e-01,-8.190853658536585424e-01
3.665019255455712166e+00,1.036809473425713418e-01,-8.184222560975609184e-01
3.665725288831835460e+00,1.034770135043804329e-01,-8.177591463414634054e-01
3.666431322207958754e+00,1.032730796661895378e-01,-8.170960365853657814e-01
3.667137355584082048e+00,1.030691458279986289e-01,-8.164329268292682684e-01
3.667843388960205342e+00,1.028652119898077200e-01,-8.157698170731707554e-01
3.668549422336328636e+00,1.026612781516168110e-01,-8.151067073170731314e-01
3.669255455712451930e+00,1.024573443134259021e-01,-8.144435975609756184e-01
3.669961489088575224e+00,1.022534104752350070e-01,-8.137804878048779944e-01
3.670667522464698518e+00,1.020494766370440981e-01,-8.131173780487804814e-01
3.671373555840821812e+00,1.018455427988531892e-01,-8.124542682926829684e-01
3.672079589216945106e+00,1.016416089606622802e-01,-8.117911585365853444e-01
3.672785622593068400e+00,1.014376751224713713e-01,-8.111280487804878314e-01
3.673491655969191694e+00,1.012337412842804762e-01,-8.104649390243902074e-01
3.674197689345314988e+00,1.010298074460895673e-01,-8.098018292682926944e-01
3.674903722721438282e+00,1.008258736078986584e-01,-8.091387195121950704e-01
3.675609756097561576e+00,1.006219397697077494e-01,-8.084756097560975574e-01
3.676315789473684870e+00,1.004180059315168405e-01,-8.078125000000000444e-01
3.677021822849808164e+00,1.002140720933259455e-01,-8.071493902439024204e-01
3.677727856225931458e+00,1.000101382551350365e-01,-8.064862804878049074e-01
3.678433889602054752e+00,9.980620441694412759e-02,-8.058231707317072834e-01
3.679139922978178046e+00,9.960227057875321865e-02,-8.051600609756097704e-01
3.679845956354301340e+00,9.939833674056230972e-02,-8.044969512195121464e-01
3.680551989730424634e+00,9.919440290237141467e-02,-8.038338414634146334e-01
3.681258023106547927e+00,9.899046906418050573e-02,-8.031707317073171204e-01
3.681964056482671221e+00,9.878653522598959680e-02,-8.025076219512194964e-01
3.682670089858794515e+00,9.858260138779868786e-02,-8.018445121951219834e-01
3.683376123234917809e+00,9.837866754960779281e-02,-8.011814024390243594e-01
3.684082156611041103e+00,9.817473371141688387e-02,-8.005182926829268464e-01
3.684788189987164397e+00,9.797079987322597494e-02,-7.998551829268292224e-01
3.685494223363287691e+00,9.776686603503506601e-02,-7.991920731707317094e-01
3.686200256739410985e+00,9.756293219684415707e-02,-7.985289634146341964e-01
3.686906290115534279e+00,9.735899835865326202e-02,-7.978658536585365724e-01
3.687612323491657573e+00,9.715506452046235308e-02,-7.972027439024390594e-01
3.688318356867780867e+00,9.695113068227144415e-02,-7.965396341463414354e-01
3.689024390243904161e+00,9.674719684408053522e-02,-7.958765243902439224e-01
3.689730423620027455e+00,9.654326300588962628e-02,-7.952134146341462984e-01
3.690436456996150749e+00,9.633932916769873123e-02,-7.945503048780487854e-01
3.691142490372274043e+00,9.613539532950782229e-02,-7.938871951219512724e-01
3.691848523748397337e+00,9.593146149131691336e-02,-7.932240853658536484e-01
3.692554557124520631e+00,9.572752765312600443e-02,-7.925609756097561354e-01
3.693260590500643925e+00,9.552359381493509549e-02,-7.918978658536585113e-01
3.693966623876767219e+00,9.531965997674420044e-02,-7.912347560975609984e-01
3.694672657252890513e+00,9.511572613855329150e-02,-7.905716463414633743e-01
3.695378690629013807e+00,9.491179230036238257e-02,-7.899085365853658613e-01
3.696084724005137101e+00,9.470785846217147363e-02,-7.892454268292683484e-01
3.696790757381260395e+00,9.450392462398057858e-02,-7.885823170731707243e-01
3.697496790757383689e+00,9.429999078578966965e-02,-7.879192073170732113e-01
3.698202824133506983e+00,9.409605694759876071e-02,-7.872560975609755873e-01
3.698908857509630277e+00,9.389212310940785178e-02,-7.865929878048780743e-01
3.699614890885753571e+00,9.368818927121694284e-02,-7.859298780487804503e-01
3.700320924261876865e+00,9.348425543302604779e-02,-7.852667682926829373e-01
3.701026957638000159e+00,9.328032159483513885e-02,-7.846036585365854243e-01
3.701732991014123453e+00,9.307638775664422992e-02,-7.839405487804878003e-01
3.702439024390246747e+00,9.287245391845332099e-02,-7.832774390243902873e-01
3.703145057766370041e+00,9.266852008026241205e-02,-7.826143292682926633e-01
3.703851091142493335e+00,9.246458624207151700e-02,-7.819512195121951503e-01
3.704557124518616629e+00,9.226065240388060806e-02,-7.812881097560975263e-01
3.705263157894739923e+00,9.205671856568969913e-02,-7.806250000000000133e-01
3.705986842105266188e+00,9.203500975257501715e-02,-7.799453124999999876e-01
3.706710526315792453e+00,9.201330093946033517e-02,-7.792656249999999618e-01
3.707434210526318719e+00,9.199159212634565319e-02,-7.785859375000000471e-01
3.708157894736844984e+00,9.196988331323098509e-02,-7.779062500000000213e-01
3.708881578947371249e+00,9.194817450011630311e-02,-7.772265624999999956e-01
3.709605263157897515e+00,9.192646568700162113e-02,-7.765468749999999698e-01
3.710328947368423780e+00,9.190475687388693915e-02,-7.758671875000000551e-01
3.711052631578950045e+00,9.188304806077225717e-02,-7.751875000000000293e-01
3.711776315789476310e+00,9.186133924765757519e-02,-7.745078125000000036e-01
3.712500000000002576e+00,9.183963043454289321e-02,-7.738281249999999778e-01
3.713223684210528841e+00,9.181792162142822511e-02,-7.731484374999999520e-01
3.713947368421055106e+00,9.179621280831354313e-02,-7.724687500000000373e-01
3.714671052631581372e+00,9.177450399519886115e-02,-7.717890625000000115e-01
3.715394736842107193e+00,9.175279518208417917e-02,-7.711093749999999858e-01
3.716118421052633458e+00,9.173108636896949719e-02,-7.704296874999999600e-01
3.716842105263159723e+00,9.170937755585481521e-02,-7.697500000000000453e-01
3.717565789473685989e+00,9.168766874274013323e-02,-7.690703125000000195e-01
3.718289473684212254e+00,9.166595992962545125e-02,-7.683906249999999938e-01
3.719013157894738519e+00,9.164425111651078315e-02,-7.677109374999999680e-01
3.719736842105264785e+00,9.162254230339610117e-02,-7.670312500000000533e-01
3.720460526315791050e+00,9.160083349028141919e-02,-7.663515625000000275e-01
3.721184210526317315e+00,9.157912467716673721e-02,-7.656718750000000018e-01
3.721907894736843581e+00,9.155741586405205523e-02,-7.649921874999999760e-01
3.722631578947369846e+00,9.153570705093737325e-02,-7.643124999999999503e-01
3.723355263157896111e+00,9.151399823782269127e-02,-7.636328125000000355e-01
3.724078947368422376e+00,9.149228942470802317e-02,-7.629531250000000098e-01
3.724802631578948642e+00,9.147058061159334119e-02,-7.622734374999999840e-01
3.725526315789474907e+00,9.144887179847865921e-02,-7.615937499999999583e-01
3.726250000000001172e+00,9.142716298536397723e-02,-7.609140625000000435e-01
3.726973684210527438e+00,9.140545417224929525e-02,-7.602343750000000178e-01
3.727697368421053703e+00,9.138374535913461327e-02,-7.595546874999999920e-01
3.728421052631579968e+00,9.136203654601993129e-02,-7.588749999999999662e-01
3.729144736842106234e+00,9.134032773290526319e-02,-7.581953124999999405e-01
3.729868421052632499e+00,9.131861891979058121e-02,-7.575156250000000258e-01
3.730592105263158764e+00,9.129691010667589923e-02,-7.568359375000000000e-01
3.731315789473685030e+00,9.127520129356121725e-02,-7.561562499999999742e-01
3.732039473684211295e+00,9.125349248044653527e-02,-7.554765624999999485e-01
3.732763157894737560e+00,9.123178366733185329e-02,-7.547968750000000338e-01
3.733486842105263825e+00,9.121007485421717131e-02,-7.541171875000000080e-01
3.734210526315790091e+00,9.118836604110250321e-02,-7.534374999999999822e-01
3.734934210526315912e+00,9.116665722798782123e-02,-7.527578124999999565e-01
3.735657894736842177e+00,9.114494841487313925e-02,-7.520781249999999307e-01
3.736381578947368443e+00,9.112323960175845727e-02,-7.513984375000000160e-01
3.737105263157894708e+00,9.110153078864377529e-02,-7.507187499999999902e-01
3.737828947368420973e+00,9.107982197552909331e-02,-7.500390624999999645e-01
3.738552631578947238e+00,9.105811316241441133e-02,-7.493593749999999387e-01
3.739276315789473504e+00,9.103640434929972935e-02,-7.486796875000000240e-01
3.739999999999999769e+00,9.101469553618506125e-02,-7.479999999999999982e-01
3.740723684210526034e+00,9.099298672307037927e-02,-7.473203124999999725e-01
3.741447368421052300e+00,9.097127790995569729e-02,-7.466406249999999467e-01
3.742171052631578565e+00,9.094956909684101531e-02,-7.459609375000000320e-01
3.742894736842104830e+00,9.092786028372633333e-02,-7.452812500000000062e-01
3.743618421052631096e+00,9.090615147061165136e-02,-7.446015624999999805e-01
3.744342105263157361e+00,9.088444265749696938e-02,-7.439218749999999547e-01
3.745065789473683626e+00,9.086273384438230127e-02,-7.432421874999999289e-01
3.745789473684209892e+00,9.084102503126761929e-02,-7.425625000000000142e-01
3.746513157894736157e+00,9.081931621815293731e-02,-7.418828124999999885e-01
3.747236842105262422e+00,9.079760740503825533e-02,-7.412031249999999627e-01
3.747960526315788687e+00,9.077589859192357336e-02,-7.405234374999999369e-01
3.748684210526314953e+00,9.075418977880889138e-02,-7.398437499999999112e-01
3.749407894736841218e+00,9.073248096569420940e-02,-7.391640624999999964e-01
3.750131578947367483e+00,9.071077215257954129e-02,-7.384843749999999707e-01
3.750855263157893749e+00,9.068906333946485931e-02,-7.378046874999999449e-01
3.751578947368420014e+00,9.066735452635017734e-02,-7.371249999999999192e-01
3.752302631578946279e+00,9.064564571323549536e-02,-7.364453125000000044e-01
3.753026315789472545e+00,9.062393690012081338e-02,-7.357656249999999787e-01
3.753749999999998366e+00,9.060222808700613140e-02,-7.350859374999999529e-01
3.754473684210524631e+00,9.058051927389144942e-02,-7.344062499999999272e-01
3.755197368421050896e+00,9.055881046077676744e-02,-7.337265625000000124e-01
3.755921052631577162e+00,9.053710164766209934e-02,-7.330468749999999867e-01
3.756644736842103427e+00,9.051539283454741736e-02,-7.323671874999999609e-01
3.757368421052629692e+00,9.049368402143273538e-02,-7.316874999999999352e-01
3.758092105263155958e+00,9.047197520831805340e-02,-7.310078124999999094e-01
3.758815789473682223e+00,9.045026639520337142e-02,-7.303281249999999947e-01
3.759539473684208488e+00,9.042855758208868944e-02,-7.296484374999999689e-01
3.760263157894734753e+00,9.040684876897400746e-02,-7.289687499999999432e-01
3.760986842105261019e+00,9.038513995585933936e-02,-7.282890624999999174e-01
3.761710526315787284e+00,9.036343114274465738e-02,-7.276093750000000027e-01
3.762434210526313549e+00,9.034172232962997540e-02,-7.269296874999999769e-01
3.763157894736839815e+00,9.032001351651529342e-02,-7.262499999999999512e-01
3.763881578947366080e+00,9.037088144135159429e-02,-7.255703124999999254e-01
3.764605263157892345e+00,9.042174936618789516e-02,-7.248906249999998996e-01
3.765328947368419055e+00,9.047261729102419603e-02,-7.242109374999999849e-01
3.766052631578945320e+00,9.052348521586049690e-02,-7.235312499999999591e-01
3.766776315789471585e+00,9.057435314069679777e-02,-7.228515624999999334e-01
3.767499999999998295e+00,9.062522106553309864e-02,-7.221718749999999076e-01
3.768223684210524560e+00,9.067608899036939951e-02,-7.214921874999999929e-01
3.768947368421050825e+00,9.072695691520568650e-02,-7.208124999999999671e-01
3.769671052631577091e+00,9.077782484004198738e-02,-7.201328124999999414e-01
3.770394736842103356e+00,9.082869276487828825e-02,-7.194531249999999156e-01
3.771118421052630065e+00,9.087956068971458912e-02,-7.187734375000000009e-01
3.771842105263156331e+00,9.093042861455088999e-02,-7.180937499999999751e-01
3.772565789473682596e+00,9.098129653938719086e-02,-7.174140624999999494e-01
3.773289473684209305e+00,9.103216446422349173e-02,-7.167343749999999236e-01
3.774013157894735571e+00,9.108303238905979260e-02,-7.160546875000000089e-01
3.774736842105261836e+00,9.113390031389609347e-02,-7.153749999999999831e-01
3.775460526315788101e+00,9.118476823873239434e-02,-7.146953124999999574e-01
3.776184210526314367e+00,9.123563616356869521e-02,-7.140156249999999316e-01
3.776907894736841076e+00,9.128650408840499608e-02,-7.133359374999999059e-01
3.777631578947367341e+00,9.133737201324129695e-02,-7.126562499999999911e-01
3.778355263157893607e+00,9.138823993807759782e-02,-7.119765624999999654e-01
3.779078947368420316e+00,9.143910786291389869e-02,-7.112968749999999396e-01
3.779802631578946581e+00,9.148997578775019957e-02,-7.106171874999999138e-01
3.780526315789472847e+00,9.154084371258650044e-02,-7.099374999999999991e-01
3.781249999999999112e+00,9.159171163742278743e-02,-7.092578124999999734e-01
3.781973684210525377e+00,9.164257956225908830e-02,-7.085781249999999476e-01
3.782697368421052087e+00,9.169344748709538917e-02,-7.078984374999999218e-01
3.783421052631578352e+00,9.174431541193169004e-02,-7.072187500000000071e-01
3.784144736842104617e+00,9.179518333676799091e-02,-7.065390624999999813e-01
3.784868421052631327e+00,9.184605126160429178e-02,-7.058593749999999556e-01
3.785592105263157592e+00,9.189691918644059265e-02,-7.051796874999999298e-01
3.786315789473683857e+00,9.194778711127689352e-02,-7.045000000000000151e-01
3.787039473684210122e+00,9.199865503611319439e-02,-7.038203124999999893e-01
3.787763157894736388e+00,9.204952296094949526e-02,-7.031406249999999636e-01
3.788486842105263097e+00,9.210039088578579614e-02,-7.024609374999999378e-01
3.789210526315789362e+00,9.215125881062209701e-02,-7.017812500000000231e-01
3.789934210526315628e+00,9.220212673545839788e-02,-7.011015624999999973e-01
3.790657894736842337e+00,9.225299466029469875e-02,-7.004218749999999716e-01
3.791381578947368602e+00,9.230386258513099962e-02,-6.997421874999999458e-01
3.792105263157894868e+00,9.235473050996728661e-02,-6.990624999999999201e-01
3.792828947368421133e+00,9.240559843480358748e-02,-6.983828125000000053e-01
3.793552631578947398e+00,9.245646635963988835e-02,-6.977031249999999796e-01
3.794276315789474108e+00,9.250733428447618922e-02,-6.970234374999999538e-01
3.795000000000000373e+00,9.255820220931249009e-02,-6.963437499999999281e-01
3.795723684210526638e+00,9.260907013414879096e-02,-6.956640625000000133e-01
3.796447368421053348e+00,9.265993805898509184e-02,-6.949843749999999876e-01
3.797171052631579613e+00,9.271080598382139271e-02,-6.943046874999999618e-01
3.797894736842105878e+00,9.276167390865769358e-02,-6.936249999999999361e-01
3.798618421052632144e+00,9.281254183349399445e-02,-6.929453125000000213e-01
3.799342105263158409e+00,9.286340975833029532e-02,-6.922656249999999956e-01
3.800065789473685118e+00,9.291427768316659619e-02,-6.915859374999999698e-01
3.800789473684211384e+00,9.296514560800289706e-02,-6.909062499999999440e-01
3.801513157894737649e+00,9.301601353283919793e-02,-6.902265625000000293e-01
3.802236842105264358e+00,9.306688145767549880e-02,-6.895468750000000036e-01
3.802960526315790624e+00,9.311774938251179967e-02,-6.888671874999999778e-01
3.803684210526316889e+00,9.316861730734810054e-02,-6.881874999999999520e-01
3.804407894736843154e+00,9.321948523218438754e-02,-6.875078125000000373e-01
3.805131578947369420e+00,9.327035315702068841e-02,-6.868281250000000115e-01
3.805855263157896129e+00,9.332122108185698928e-02,-6.861484374999999858e-01
3.806578947368422394e+00,9.337208900669329015e-02,-6.854687499999999600e-01
3.807302631578948660e+00,9.342295693152959102e-02,-6.847890624999999343e-01
3.808026315789475369e+00,9.347382485636589189e-02,-6.841093750000000195e-01
3.808750000000001634e+00,9.352469278120219276e-02,-6.834296874999999938e-01
3.809473684210527900e+00,9.357556070603849363e-02,-6.827499999999999680e-01
3.810197368421054165e+00,9.362642863087479450e-02,-6.820703124999999423e-01
3.810921052631580430e+00,9.367729655571109537e-02,-6.813906250000000275e-01
3.811644736842107140e+00,9.372816448054739624e-02,-6.807109375000000018e-01
3.812368421052633405e+00,9.377903240538369711e-02,-6.800312499999999760e-01
3.813092105263159670e+00,9.382990033021999798e-02,-6.793515624999999503e-01
3.813815789473686380e+00,9.388076825505629885e-02,-6.786718750000000355e-01
3.814539473684212645e+00,9.393163617989259973e-02,-6.779921875000000098e-01
3.815263157894738910e+00,9.398250410472888672e-02,-6.773124999999999840e-01
3.815986842105265175e+00,9.403337202956518759e-02,-6.766328124999999583e-01
3.816710526315791441e+00,9.408423995440148846e-02,-6.759531250000000435e-01
3.817434210526318150e+00,9.413510787923778933e-02,-6.752734375000000178e-01
3.818157894736844415e+00,9.418597580407409020e-02,-6.745937499999999920e-01
3.818881578947370681e+00,9.423684372891039107e-02,-6.739140624999999662e-01
3.819605263157897390e+00,9.428771165374669194e-02,-6.732343750000000515e-01
3.820328947368423655e+00,9.433857957858299281e-02,-6.725546875000000258e-01
3.821052631578949921e+00,9.438944750341929368e-02,-6.718750000000000000e-01
3.821776315789476186e+00,9.433334223808434449e-02,-6.711953124999999742e-01
3.822500000000002451e+00,9.427723697274940917e-02,-6.705156249999999485e-01
3.823223684210528717e+00,9.422113170741445998e-02,-6.698359375000000338e-01
3.823947368421054982e+00,9.416502644207952466e-02,-6.691562500000000080e-01
3.824671052631581247e+00,9.410892117674457547e-02,-6.684765624999999822e-01
3.825394736842107513e+00,9.405281591140964015e-02,-6.677968749999999565e-01
3.826118421052633778e+00,9.399671064607469095e-02,-6.671171875000000417e-01
3.826842105263160043e+00,9.394060538073975564e-02,-6.664375000000000160e-01
3.827565789473686308e+00,9.388450011540480644e-02,-6.657578124999999902e-01
3.828289473684212574e+00,9.382839485006987112e-02,-6.650781249999999645e-01
3.829013157894738839e+00,9.377228958473492193e-02,-6.643984375000000497e-01
3.829736842105265104e+00,9.371618431939998661e-02,-6.637187500000000240e-01
3.830460526315791370e+00,9.366007905406503742e-02,-6.630390624999999982e-01
3.831184210526317191e+00,9.360397378873010210e-02,-6.623593749999999725e-01
3.831907894736843456e+00,9.354786852339515291e-02,-6.616796875000000577e-01
3.832631578947369722e+00,9.349176325806021759e-02,-6.610000000000000320e-01
3.833355263157895987e+00,9.343565799272526839e-02,-6.603203125000000062e-01
3.834078947368422252e+00,9.337955272739033308e-02,-6.596406249999999805e-01
3.834802631578948517e+00,9.332344746205538388e-02,-6.589609375000000657e-01
3.835526315789474783e+00,9.326734219672044857e-02,-6.582812500000000400e-01
3.836250000000001048e+00,9.321123693138549937e-02,-6.576015625000000142e-01
3.836973684210527313e+00,9.315513166605056405e-02,-6.569218749999999885e-01
3.837697368421053579e+00,9.309902640071561486e-02,-6.562421874999999627e-01
3.838421052631579844e+00,9.304292113538067954e-02,-6.555625000000000480e-01
3.839144736842106109e+00,9.298681587004573035e-02,-6.548828125000000222e-01
3.839868421052632375e+00,9.293071060471079503e-02,-6.542031249999999964e-01
3.840592105263158640e+00,9.287460533937584584e-02,-6.535234374999999707e-01
3.841315789473684905e+00,9.281850007404091052e-02,-6.528437500000000560e-01
3.842039473684211170e+00,9.276239480870596132e-02,-6.521640625000000302e-01
3.842763157894737436e+00,9.270628954337102601e-02,-6.514843750000000044e-01
3.843486842105263701e+00,9.265018427803607681e-02,-6.508046874999999787e-01
3.844210526315789966e+00,9.259407901270114150e-02,-6.501250000000000639e-01
3.844934210526316232e+00,9.253797374736619230e-02,-6.494453125000000382e-01
3.845657894736842497e+00,9.248186848203125698e-02,-6.487656250000000124e-01
3.846381578947368762e+00,9.242576321669630779e-02,-6.480859374999999867e-01
3.847105263157895028e+00,9.236965795136137247e-02,-6.474062500000000719e-01
3.847828947368421293e+00,9.231355268602642328e-02,-6.467265625000000462e-01
3.848552631578947558e+00,9.225744742069148796e-02,-6.460468750000000204e-01
3.849276315789473824e+00,9.220134215535653877e-02,-6.453671874999999947e-01
3.849999999999999645e+00,9.214523689002160345e-02,-6.446875000000000799e-01
3.850723684210525910e+00,9.208913162468665425e-02,-6.440078125000000542e-01
3.851447368421052175e+00,9.203302635935170506e-02,-6.433281250000000284e-01
3.852171052631578441e+00,9.197692109401676974e-02,-6.426484375000000027e-01
3.852894736842104706e+00,9.192081582868182055e-02,-6.419687499999999769e-01
3.853618421052630971e+00,9.186471056334688523e-02,-6.412890625000000622e-01
3.854342105263157237e+00,9.180860529801193604e-02,-6.406093750000000364e-01
3.855065789473683502e+00,9.175250003267700072e-02,-6.399296875000000107e-01
3.855789473684209767e+00,9.169639476734205152e-02,-6.392499999999999849e-01
3.856513157894736032e+00,9.164028950200711621e-02,-6.385703125000000702e-01
3.857236842105262298e+00,9.158418423667216701e-02,-6.378906250000000444e-01
3.857960526315788563e+00,9.152807897133723170e-02,-6.372109375000000187e-01
3.858684210526314828e+00,9.147197370600228250e-02,-6.365312499999999929e-01
3.859407894736841094e+00,9.141586844066734718e-02,-6.358515625000000782e-01
3.860131578947367359e+00,9.135976317533239799e-02,-6.351718750000000524e-01
3.860855263157893624e+00,9.130365790999746267e-02,-6.344921875000000266e-01
3.861578947368419890e+00,9.124755264466251348e-02,-6.338125000000000009e-01
3.862302631578946155e+00,9.119144737932757816e-02,-6.331328125000000862e-01
3.863026315789472420e+00,9.113534211399262897e-02,-6.324531250000000604e-01
3.863749999999998685e+00,9.107923684865769365e-02,-6.317734375000000346e-01
3.864473684210524951e+00,9.102313158332274445e-02,-6.310937500000000089e-01
3.865197368421051216e+00,9.096702631798780914e-02,-6.304140625000000941e-01
3.865921052631577481e+00,9.091092105265285994e-02,-6.297343750000000684e-01
3.866644736842103747e+00,9.085481578731792462e-02,-6.290546875000000426e-01
3.867368421052630012e+00,9.079871052198297543e-02,-6.283750000000000169e-01
3.868092105263156277e+00,9.074260525664804011e-02,-6.276953124999999911e-01
3.868815789473682543e+00,9.068649999131309092e-02,-6.270156250000000764e-01
3.869539473684208364e+00,9.063039472597815560e-02,-6.263359375000000506e-01
3.870263157894734629e+00,9.057428946064320641e-02,-6.256562500000000249e-01
3.870986842105260894e+00,9.051818419530827109e-02,-6.249765624999999991e-01
3.871710526315787160e+00,9.046207892997332189e-02,-6.242968750000000844e-01
3.872434210526313425e+00,9.040597366463838658e-02,-6.236171875000000586e-01
3.873157894736839690e+00,9.034986839930343738e-02,-6.229375000000000329e-01
3.873881578947365956e+00,9.029376313396850207e-02,-6.222578125000000071e-01
3.874605263157892221e+00,9.023765786863355287e-02,-6.215781250000000924e-01
3.875328947368418486e+00,9.018155260329861755e-02,-6.208984375000000666e-01
3.876052631578944752e+00,9.012544733796366836e-02,-6.202187500000000409e-01
3.876776315789471017e+00,9.006934207262873304e-02,-6.195390625000000151e-01
3.877499999999997282e+00,9.001323680729378385e-02,-6.188593749999999893e-01
3.878223684210523547e+00,8.995713154195883465e-02,-6.181796875000000746e-01
3.878947368421049813e+00,8.990102627662389934e-02,-6.175000000000000488e-01
3.879671052631576078e+00,8.980036943074543032e-02,-6.168203125000000231e-01
3.880394736842102787e+00,8.969971258486696131e-02,-6.161406249999999973e-01
3.881118421052629053e+00,8.959905573898849229e-02,-6.154609375000000826e-01
3.881842105263155318e+00,8.949839889311002328e-02,-6.147812500000000568e-01
3.882565789473681583e+00,8.939774204723155426e-02,-6.141015625000000311e-01
3.883289473684207849e+00,8.929708520135308525e-02,-6.134218750000000053e-01
3.884013157894734558e+00,8.919642835547461623e-02,-6.127421875000000906e-01
3.884736842105260823e+00,8.909577150959614722e-02,-6.120625000000000648e-01
3.885460526315787089e+00,8.899511466371767821e-02,-6.113828125000000391e-01
3.886184210526313798e+00,8.889445781783920919e-02,-6.107031250000000133e-01
3.886907894736840063e+00,8.879380097196074018e-02,-6.100234374999999876e-01
3.887631578947366329e+00,8.869314412608227116e-02,-6.093437500000000728e-01
3.888355263157892594e+00,8.859248728020380215e-02,-6.086640625000000471e-01
3.889078947368418859e+00,8.849183043432533313e-02,-6.079843750000000213e-01
3.889802631578945569e+00,8.839117358844686412e-02,-6.073046874999999956e-01
3.890526315789471834e+00,8.829051674256839510e-02,-6.066250000000000808e-01
3.891249999999998099e+00,8.818985989668992609e-02,-6.059453125000000551e-01
3.891973684210524809e+00,8.808920305081145707e-02,-6.052656250000000293e-01
3.892697368421051074e+00,8.798854620493298806e-02,-6.045859375000000036e-01
3.893421052631577339e+00,8.788788935905453292e-02,-6.039062500000000888e-01
3.894144736842103605e+00,8.778723251317606391e-02,-6.032265625000000631e-01
3.894868421052629870e+00,8.768657566729759489e-02,-6.025468750000000373e-01
3.895592105263156579e+00,8.758591882141912588e-02,-6.018671875000000115e-01
3.896315789473682845e+00,8.748526197554065686e-02,-6.011874999999999858e-01
3.897039473684209110e+00,8.738460512966218785e-02,-6.005078125000000711e-01
3.897763157894735819e+00,8.728394828378371884e-02,-5.998281250000000453e-01
3.898486842105262085e+00,8.718329143790524982e-02,-5.991484375000000195e-01
3.899210526315788350e+00,8.708263459202678081e-02,-5.984687499999999938e-01
3.899934210526314615e+00,8.698197774614831179e-02,-5.977890625000000790e-01
3.900657894736840881e+00,8.688132090026984278e-02,-5.971093750000000533e-01
3.901381578947367590e+00,8.678066405439137376e-02,-5.964296875000000275e-01
3.902105263157893855e+00,8.668000720851290475e-02,-5.957500000000000018e-01
3.902828947368420121e+00,8.657935036263443573e-02,-5.950703124999999760e-01
3.903552631578946830e+00,8.647869351675596672e-02,-5.943906250000000613e-01
3.904276315789473095e+00,8.637803667087749770e-02,-5.937109375000000355e-01
3.904999999999999361e+00,8.627737982499902869e-02,-5.930312500000000098e-01
3.905723684210525626e+00,8.617672297912055968e-02,-5.923515624999999840e-01
3.906447368421051891e+00,8.607606613324209066e-02,-5.916718750000000693e-01
3.907171052631578601e+00,8.597540928736362165e-02,-5.909921875000000435e-01
3.907894736842104866e+00,8.587475244148515263e-02,-5.903125000000000178e-01
3.908618421052631131e+00,8.577409559560668362e-02,-5.896328124999999920e-01
3.909342105263157841e+00,8.567343874972821460e-02,-5.889531249999999662e-01
3.910065789473684106e+00,8.557278190384974559e-02,-5.882734375000000515e-01
3.910789473684210371e+00,8.547212505797127657e-02,-5.875937500000000258e-01
3.911513157894736636e+00,8.537146821209280756e-02,-5.869140625000000000e-01
3.912236842105262902e+00,8.527081136621433854e-02,-5.862343749999999742e-01
3.912960526315789611e+00,8.517015452033586953e-02,-5.855546875000000595e-01
3.913684210526315876e+00,8.506949767445740052e-02,-5.848750000000000338e-01
3.914407894736842142e+00,8.496884082857893150e-02,-5.841953125000000080e-01
3.915131578947368851e+00,8.486818398270046249e-02,-5.835156249999999822e-01
3.915855263157895116e+00,8.476752713682199347e-02,-5.828359375000000675e-01
3.916578947368421382e+00,8.466687029094352446e-02,-5.821562500000000417e-01
3.917302631578947647e+00,8.456621344506505544e-02,-5.814765625000000160e-01
3.918026315789473912e+00,8.446555659918658643e-02,-5.807968749999999902e-01
3.918750000000000622e+00,8.436489975330811741e-02,-5.801171874999999645e-01
3.919473684210526887e+00,8.426424290742964840e-02,-5.794375000000000497e-01
3.920197368421053152e+00,8.416358606155117938e-02,-5.787578125000000240e-01
3.920921052631579862e+00,8.406292921567271037e-02,-5.780781249999999982e-01
3.921644736842106127e+00,8.396227236979425523e-02,-5.773984374999999725e-01
3.922368421052632392e+00,8.386161552391577234e-02,-5.767187499999999467e-01
3.923092105263158658e+00,8.376095867803731720e-02,-5.760390625000000320e-01
3.923815789473684923e+00,8.366030183215884819e-02,-5.753593750000000062e-01
3.924539473684211632e+00,8.355964498628037918e-02,-5.746796874999999805e-01
3.925263157894737898e+00,8.345898814040191016e-02,-5.739999999999999547e-01
3.925986842105264163e+00,8.335833129452344115e-02,-5.733203125000000400e-01
3.926710526315790872e+00,8.325767444864497213e-02,-5.726406250000000142e-01
3.927434210526317138e+00,8.315701760276650312e-02,-5.719609374999999885e-01
3.928157894736843403e+00,8.305636075688803410e-02,-5.712812499999999627e-01
3.928881578947369668e+00,8.295570391100956509e-02,-5.706015625000000480e-01
3.929605263157895934e+00,8.285504706513109607e-02,-5.699218750000000222e-01
3.930328947368422643e+00,8.275439021925262706e-02,-5.692421874999999964e-01
3.931052631578948908e+00,8.265373337337415804e-02,-5.685624999999999707e-01
3.931776315789475174e+00,8.255307652749568903e-02,-5.678828124999999449e-01
3.932500000000001883e+00,8.245241968161722002e-02,-5.672031250000000302e-01
3.933223684210528148e+00,8.235176283573875100e-02,-5.665234375000000044e-01
3.933947368421054414e+00,8.225110598986028199e-02,-5.658437499999999787e-01
3.934671052631580679e+00,8.215044914398181297e-02,-5.651640624999999529e-01
3.935394736842106944e+00,8.204979229810334396e-02,-5.644843750000000382e-01
3.936118421052633654e+00,8.194913545222487494e-02,-5.638046875000000124e-01
3.936842105263159919e+00,8.184847860634640593e-02,-5.631249999999999867e-01
3.937565789473686184e+00,8.180776357672475685e-02,-5.624453124999999609e-01
3.938289473684212449e+00,8.176704854710312165e-02,-5.617656249999999352e-01
3.939013157894738715e+00,8.172633351748147257e-02,-5.610859375000000204e-01
3.939736842105264980e+00,8.168561848785982349e-02,-5.604062499999999947e-01
3.940460526315791245e+00,8.164490345823818829e-02,-5.597265624999999689e-01
3.941184210526317511e+00,8.160418842861653921e-02,-5.590468749999999432e-01
3.941907894736843776e+00,8.156347339899490401e-02,-5.583671875000000284e-01
3.942631578947370041e+00,8.152275836937325493e-02,-5.576875000000000027e-01
3.943355263157896307e+00,8.148204333975160585e-02,-5.570078124999999769e-01
3.944078947368422572e+00,8.144132831012997065e-02,-5.563281249999999512e-01
3.944802631578948837e+00,8.140061328050832157e-02,-5.556484375000000364e-01
3.945526315789475102e+00,8.135989825088668637e-02,-5.549687500000000107e-01
3.946250000000001368e+00,8.131918322126503729e-02,-5.542890624999999849e-01
3.946973684210527189e+00,8.127846819164338821e-02,-5.536093749999999591e-01
3.947697368421053454e+00,8.123775316202175301e-02,-5.529296875000000444e-01
3.948421052631579720e+00,8.119703813240010393e-02,-5.522500000000000187e-01
3.949144736842105985e+00,8.115632310277845485e-02,-5.515703124999999929e-01
3.949868421052632250e+00,8.111560807315681965e-02,-5.508906249999999671e-01
3.950592105263158516e+00,8.107489304353517057e-02,-5.502109374999999414e-01
3.951315789473684781e+00,8.103417801391352149e-02,-5.495312500000000266e-01
3.952039473684211046e+00,8.099346298429188629e-02,-5.488515625000000009e-01
3.952763157894737311e+00,8.095274795467023721e-02,-5.481718749999999751e-01
3.953486842105263577e+00,8.091203292504860201e-02,-5.474921874999999494e-01
3.954210526315789842e+00,8.087131789542695293e-02,-5.468125000000000346e-01
3.954934210526316107e+00,8.083060286580530385e-02,-5.461328125000000089e-01
3.955657894736842373e+00,8.078988783618366865e-02,-5.454531249999999831e-01
3.956381578947368638e+00,8.074917280656201957e-02,-5.447734374999999574e-01
3.957105263157894903e+00,8.070845777694038437e-02,-5.440937500000000426e-01
3.957828947368421169e+00,8.066774274731873529e-02,-5.434140625000000169e-01
3.958552631578947434e+00,8.062702771769708621e-02,-5.427343749999999911e-01
3.959276315789473699e+00,8.058631268807545101e-02,-5.420546874999999654e-01
3.959999999999999964e+00,8.054559765845380193e-02,-5.413750000000000506e-01
3.960723684210526230e+00,8.050488262883215285e-02,-5.406953125000000249e-01
3.961447368421052495e+00,8.046416759921051765e-02,-5.400156249999999991e-01
3.962171052631578760e+00,8.042345256958886857e-02,-5.393359374999999734e-01
3.962894736842105026e+00,8.038273753996721949e-02,-5.386562500000000586e-01
3.963618421052631291e+00,8.034202251034558429e-02,-5.379765625000000329e-01
3.964342105263157556e+00,8.030130748072393521e-02,-5.372968750000000071e-01
3.965065789473683822e+00,8.026059245110230000e-02,-5.366171874999999813e-01
3.965789473684210087e+00,8.021987742148065093e-02,-5.359374999999999556e-01
3.966513157894735908e+00,8.017916239185900185e-02,-5.352578125000000409e-01
3.967236842105262173e+00,8.013844736223736664e-02,-5.345781250000000151e-01
3.967960526315788439e+00,8.009773233261571757e-02,-5.338984374999999893e-01
3.968684210526314704e+00,8.005701730299408236e-02,-5.332187499999999636e-01
3.969407894736840969e+00,8.001630227337243328e-02,-5.325390625000000488e-01
3.970131578947367235e+00,7.997558724375078421e-02,-5.318593750000000231e-01
3.970855263157893500e+00,7.993487221412914900e-02,-5.311796874999999973e-01
3.971578947368419765e+00,7.989415718450749992e-02,-5.304999999999999716e-01
3.972302631578946031e+00,7.985344215488585085e-02,-5.298203125000000568e-01
3.973026315789472296e+00,7.981272712526421564e-02,-5.291406250000000311e-01
3.973749999999998561e+00,7.977201209564256656e-02,-5.284609375000000053e-01
3.974473684210524826e+00,7.973129706602091749e-02,-5.277812499999999796e-01
3.975197368421051092e+00,7.969058203639928228e-02,-5.271015625000000648e-01
3.975921052631577357e+00,7.964986700677763320e-02,-5.264218750000000391e-01
3.976644736842103622e+00,7.960915197715599800e-02,-5.257421875000000133e-01
3.977368421052629888e+00,7.956843694753434892e-02,-5.250624999999999876e-01
3.978092105263156153e+00,7.952772191791269984e-02,-5.243828125000000728e-01
3.978815789473682418e+00,7.948700688829106464e-02,-5.237031250000000471e-01
3.979539473684208684e+00,7.944629185866941556e-02,-5.230234375000000213e-01
3.980263157894734949e+00,7.940557682904778036e-02,-5.223437499999999956e-01
3.980986842105261214e+00,7.936486179942613128e-02,-5.216640624999999698e-01
3.981710526315787479e+00,7.932414676980448220e-02,-5.209843750000000551e-01
3.982434210526313745e+00,7.928343174018284700e-02,-5.203046875000000293e-01
3.983157894736840010e+00,7.924271671056119792e-02,-5.196250000000000036e-01
3.983881578947366275e+00,7.920200168093954884e-02,-5.189453124999999778e-01
3.984605263157892541e+00,7.916128665131791364e-02,-5.182656250000000631e-01
3.985328947368418362e+00,7.912057162169626456e-02,-5.175859375000000373e-01
3.986052631578944627e+00,7.907985659207461548e-02,-5.169062500000000115e-01
3.986776315789470893e+00,7.903914156245298028e-02,-5.162265624999999858e-01
3.987499999999997158e+00,7.899842653283133120e-02,-5.155468750000000711e-01
3.988223684210523423e+00,7.895771150320969600e-02,-5.148671875000000453e-01
3.988947368421049688e+00,7.891699647358804692e-02,-5.141875000000000195e-01
3.989671052631575954e+00,7.887628144396639784e-02,-5.135078124999999938e-01
3.990394736842102219e+00,7.883556641434476264e-02,-5.128281250000000790e-01
3.991118421052628484e+00,7.879485138472311356e-02,-5.121484375000000533e-01
3.991842105263154750e+00,7.875413635510147836e-02,-5.114687500000000275e-01
3.992565789473681015e+00,7.871342132547982928e-02,-5.107890625000000018e-01
3.993289473684207280e+00,7.867270629585818020e-02,-5.101093750000000870e-01
3.994013157894733546e+00,7.863199126623654500e-02,-5.094296875000000613e-01
3.994736842105259811e+00,7.859127623661489592e-02,-5.087500000000000355e-01
3.995460526315786076e+00,7.855152670447719532e-02,-5.080703125000000098e-01
3.996184210526312341e+00,7.851177717233949471e-02,-5.073906249999999840e-01
3.996907894736839051e+00,7.847202764020179411e-02,-5.067109375000000693e-01
3.997631578947365316e+00,7.843227810806410738e-02,-5.060312500000000435e-01
3.998355263157891581e+00,7.839252857592640678e-02,-5.053515625000000178e-01
3.999078947368418291e+00,7.835277904378870617e-02,-5.046718749999999920e-01
3.999802631578944556e+00,7.831302951165100557e-02,-5.039921875000000773e-01
4.000526315789470821e+00,7.827327997951330496e-02,-5.033125000000000515e-01
4.001249999999997087e+00,7.823353044737560436e-02,-5.026328125000000258e-01
4.001973684210523352e+00,7.819378091523790375e-02,-5.019531250000000000e-01
4.002697368421049617e+00,7.815403138310021702e-02,-5.012734374999999742e-01
4.003421052631576771e+00,7.811428185096251642e-02,-5.005937500000000595e-01
4.004144736842103036e+00,7.807453231882481581e-02,-4.999140625000000338e-01
4.004868421052629301e+00,7.803478278668711521e-02,-4.992343750000000080e-01
4.005592105263155567e+00,7.799503325454941460e-02,-4.985546875000000377e-01
4.006315789473681832e+00,7.795528372241171400e-02,-4.978750000000000120e-01
4.007039473684208097e+00,7.791553419027401339e-02,-4.971953125000000417e-01
4.007763157894734363e+00,7.787578465813631279e-02,-4.965156250000000160e-01
4.008486842105260628e+00,7.783603512599862606e-02,-4.958359375000000457e-01
4.009210526315786893e+00,7.779628559386092546e-02,-4.951562500000000200e-01
4.009934210526314047e+00,7.775653606172322485e-02,-4.944765624999999942e-01
4.010657894736840312e+00,7.771678652958552425e-02,-4.937968750000000240e-01
4.011381578947366577e+00,7.767703699744782364e-02,-4.931171874999999982e-01
4.012105263157892843e+00,7.763728746531012304e-02,-4.924375000000000280e-01
4.012828947368419108e+00,7.759753793317242243e-02,-4.917578125000000022e-01
4.013552631578945373e+00,7.755778840103473570e-02,-4.910781250000000320e-01
4.014276315789471639e+00,7.751803886889703510e-02,-4.903984375000000062e-01
4.014999999999998792e+00,7.747828933675933449e-02,-4.897187500000000360e-01
4.015723684210525057e+00,7.743853980462163389e-02,-4.890390625000000102e-01
4.016447368421051323e+00,7.739879027248393328e-02,-4.883593750000000400e-01
4.017171052631577588e+00,7.735904074034623268e-02,-4.876796875000000142e-01
4.017894736842103853e+00,7.731929120820853207e-02,-4.869999999999999885e-01
4.018618421052630119e+00,7.727954167607084535e-02,-4.863203125000000182e-01
4.019342105263156384e+00,7.723979214393314474e-02,-4.856406249999999925e-01
4.020065789473682649e+00,7.720004261179544414e-02,-4.849609375000000222e-01
4.020789473684208915e+00,7.716029307965774353e-02,-4.842812499999999964e-01
4.021513157894736068e+00,7.712054354752004293e-02,-4.836015625000000262e-01
4.022236842105262333e+00,7.708079401538234232e-02,-4.829218750000000004e-01
4.022960526315788599e+00,7.704104448324464172e-02,-4.822421875000000302e-01
4.023684210526314864e+00,7.700129495110694111e-02,-4.815625000000000044e-01
4.024407894736841129e+00,7.696154541896925438e-02,-4.808828124999999787e-01
4.025131578947367395e+00,7.692179588683155378e-02,-4.802031250000000084e-01
4.025855263157893660e+00,7.688204635469385317e-02,-4.795234374999999827e-01
4.026578947368420813e+00,7.684229682255615257e-02,-4.788437500000000124e-01
4.027302631578947079e+00,7.680254729041845196e-02,-4.781640624999999867e-01
4.028026315789473344e+00,7.676279775828075136e-02,-4.774843750000000164e-01
4.028749999999999609e+00,7.672304822614305075e-02,-4.768046874999999907e-01
4.029473684210525875e+00,7.668329869400536403e-02,-4.761250000000000204e-01
4.030197368421052140e+00,7.664354916186766342e-02,-4.754453124999999947e-01
4.030921052631578405e+00,7.660379962972996282e-02,-4.747656249999999689e-01
4.031644736842104670e+00,7.656405009759226221e-02,-4.740859374999999987e-01
4.032368421052630936e+00,7.652430056545456161e-02,-4.734062499999999729e-01
4.033092105263158089e+00,7.648455103331686100e-02,-4.727265625000000027e-01
4.033815789473684355e+00,7.644480150117916040e-02,-4.720468749999999769e-01
4.034539473684210620e+00,7.640505196904147367e-02,-4.713671875000000067e-01
4.035263157894736885e+00,7.636530243690377306e-02,-4.706874999999999809e-01
4.035986842105263150e+00,7.632555290476607246e-02,-4.700078125000000107e-01
4.036710526315789416e+00,7.628580337262837185e-02,-4.693281249999999849e-01
4.037434210526315681e+00,7.624605384049067125e-02,-4.686484375000000147e-01
4.038157894736842835e+00,7.620630430835297064e-02,-4.679687499999999889e-01
4.038881578947369100e+00,7.616655477621527004e-02,-4.672890624999999631e-01
4.039605263157895365e+00,7.612680524407758331e-02,-4.666093749999999929e-01
4.040328947368421630e+00,7.608705571193988271e-02,-4.659296874999999671e-01
4.041052631578947896e+00,7.604730617980218210e-02,-4.652499999999999969e-01
4.041776315789474161e+00,7.600755664766448150e-02,-4.645703124999999711e-01
4.042500000000000426e+00,7.596780711552678089e-02,-4.638906250000000009e-01
4.043223684210526692e+00,7.592805758338908029e-02,-4.632109374999999751e-01
4.043947368421052957e+00,7.588830805125137968e-02,-4.625312500000000049e-01
4.044671052631580110e+00,7.584855851911367908e-02,-4.618515624999999791e-01
4.045394736842106376e+00,7.580880898697599235e-02,-4.611718750000000089e-01
4.046118421052632641e+00,7.576905945483829175e-02,-4.604921874999999831e-01
4.046842105263158906e+00,7.572930992270059114e-02,-4.598124999999999574e-01
4.047565789473685172e+00,7.568956039056289054e-02,-4.591328124999999871e-01
4.048289473684211437e+00,7.564981085842518993e-02,-4.584531249999999614e-01
4.049013157894737702e+00,7.561006132628748933e-02,-4.577734374999999911e-01
4.049736842105264856e+00,7.557031179414978872e-02,-4.570937499999999654e-01
4.050460526315791121e+00,7.553056226201210199e-02,-4.564140624999999951e-01
4.051184210526317386e+00,7.549081272987440139e-02,-4.557343749999999694e-01
4.051907894736843652e+00,7.545106319773670078e-02,-4.550546874999999991e-01
4.052631578947369917e+00,7.541131366559900018e-02,-4.543749999999999734e-01
4.053337612323493211e+00,7.520125860281968999e-02,-4.537118902439024049e-01
4.054043645699616505e+00,7.499120354004039368e-02,-4.530487804878048363e-01
4.054749679075739799e+00,7.478114847726108350e-02,-4.523856707317072678e-01
4.055455712451862205e+00,7.457109341448178719e-02,-4.517225609756097549e-01
4.056161745827985499e+00,7.436103835170247700e-02,-4.510594512195121863e-01
4.056867779204108793e+00,7.415098328892316681e-02,-4.503963414634146178e-01
4.057573812580232087e+00,7.394092822614387051e-02,-4.497332317073170493e-01
4.058279845956355381e+00,7.373087316336456032e-02,-4.490701219512194808e-01
4.058985879332478675e+00,7.352081810058525013e-02,-4.484070121951219123e-01
4.059691912708601969e+00,7.331076303780595382e-02,-4.477439024390243438e-01
4.060397946084725262e+00,7.310070797502664364e-02,-4.470807926829268308e-01
4.061103979460847668e+00,7.289065291224734733e-02,-4.464176829268292623e-01
4.061810012836970962e+00,7.268059784946803714e-02,-4.457545731707316938e-01
4.062516046213094256e+00,7.247054278668872696e-02,-4.450914634146341253e-01
4.063222079589217550e+00,7.226048772390943065e-02,-4.444283536585365568e-01
4.063928112965340844e+00,7.205043266113012046e-02,-4.437652439024389883e-01
4.064634146341464138e+00,7.184037759835082415e-02,-4.431021341463414753e-01
4.065340179717587432e+00,7.163032253557151396e-02,-4.424390243902439068e-01
4.066046213093709838e+00,7.142026747279220378e-02,-4.417759146341463383e-01
4.066752246469833132e+00,7.121021241001290747e-02,-4.411128048780487698e-01
4.067458279845956426e+00,7.100015734723359728e-02,-4.404496951219512013e-01
4.068164313222079720e+00,7.079010228445428710e-02,-4.397865853658536328e-01
4.068870346598203014e+00,7.058004722167499079e-02,-4.391234756097560643e-01
4.069576379974326308e+00,7.036999215889568060e-02,-4.384603658536585513e-01
4.070282413350449602e+00,7.015993709611638429e-02,-4.377972560975609828e-01
4.070988446726572896e+00,6.994988203333707411e-02,-4.371341463414634143e-01
4.071694480102695302e+00,6.973982697055776392e-02,-4.364710365853658458e-01
4.072400513478818596e+00,6.952977190777846761e-02,-4.358079268292682773e-01
4.073106546854941890e+00,6.931971684499915742e-02,-4.351448170731707088e-01
4.073812580231065184e+00,6.910966178221986111e-02,-4.344817073170731403e-01
4.074518613607188477e+00,6.889960671944055093e-02,-4.338185975609756273e-01
4.075224646983311771e+00,6.868955165666124074e-02,-4.331554878048780588e-01
4.075930680359435065e+00,6.847949659388194443e-02,-4.324923780487804903e-01
4.076636713735557471e+00,6.826944153110263425e-02,-4.318292682926829218e-01
4.077342747111680765e+00,6.805938646832332406e-02,-4.311661585365853533e-01
4.078048780487804059e+00,6.784933140554402775e-02,-4.305030487804877848e-01
4.078754813863927353e+00,6.763927634276471756e-02,-4.298399390243902163e-01
4.079460847240050647e+00,6.742922127998542126e-02,-4.291768292682927033e-01
4.080166880616173941e+00,6.721916621720611107e-02,-4.285137195121951348e-01
4.080872913992297235e+00,6.700911115442680088e-02,-4.278506097560975663e-01
4.081578947368420529e+00,6.679905609164750457e-02,-4.271874999999999978e-01
4.082284980744542935e+00,6.658900102886819439e-02,-4.265243902439024293e-01
4.082991014120666229e+00,6.637894596608889808e-02,-4.258612804878048608e-01
4.083697047496789523e+00,6.616889090330958789e-02,-4.251981707317072923e-01
4.084403080872912817e+00,6.595883584053027771e-02,-4.245350609756097793e-01
4.085109114249036111e+00,6.574878077775098140e-02,-4.238719512195122108e-01
4.085815147625159405e+00,6.553872571497167121e-02,-4.232088414634146423e-01
4.086521181001282699e+00,6.532867065219236102e-02,-4.225457317073170738e-01
4.087227214377405105e+00,6.511861558941306471e-02,-4.218826219512195053e-01
4.087933247753528399e+00,6.490856052663375453e-02,-4.212195121951219368e-01
4.088639281129651692e+00,6.469850546385445822e-02,-4.205564024390243683e-01
4.089345314505774986e+00,6.448845040107514803e-02,-4.198932926829268553e-01
4.090051347881898280e+00,6.427839533829583785e-02,-4.192301829268292868e-01
4.090757381258021574e+00,6.406834027551654154e-02,-4.185670731707317183e-01
4.091463414634144868e+00,6.385828521273723135e-02,-4.179039634146341498e-01
4.092169448010267274e+00,6.364823014995793504e-02,-4.172408536585365812e-01
4.092875481386390568e+00,6.343817508717862486e-02,-4.165777439024390127e-01
4.093581514762513862e+00,6.322812002439931467e-02,-4.159146341463414442e-01
4.094287548138637156e+00,6.301806496162001836e-02,-4.152515243902439313e-01
4.094993581514760450e+00,6.280800989884070817e-02,-4.145884146341463627e-01
4.095699614890883744e+00,6.259795483606139799e-02,-4.139253048780487942e-01
4.096405648267007038e+00,6.238789977328210168e-02,-4.132621951219512257e-01
4.097111681643130332e+00,6.217784471050279149e-02,-4.125990853658536572e-01
4.097817715019252738e+00,6.196778964772348824e-02,-4.119359756097560887e-01
4.098523748395376032e+00,6.175773458494418500e-02,-4.112728658536585202e-01
4.099229781771499326e+00,6.154767952216488175e-02,-4.106097560975610072e-01
4.099935815147622620e+00,6.133762445938557850e-02,-4.099466463414634387e-01
4.100641848523745914e+00,6.112756939660626831e-02,-4.092835365853658702e-01
4.101347881899869208e+00,6.091751433382696507e-02,-4.086204268292683017e-01
4.102053915275992502e+00,6.070745927104766182e-02,-4.079573170731707332e-01
4.102759948652114907e+00,6.049740420826835163e-02,-4.072942073170731647e-01
4.103465982028238201e+00,6.028734914548905532e-02,-4.066310975609755962e-01
4.104172015404361495e+00,6.007729408270974514e-02,-4.059679878048780832e-01
4.104878048780484789e+00,5.986723901993044189e-02,-4.053048780487805147e-01
4.105584082156608083e+00,5.965718395715113864e-02,-4.046417682926829462e-01
4.106290115532731377e+00,5.944712889437182846e-02,-4.039786585365853777e-01
4.106996148908854671e+00,5.923707383159253215e-02,-4.033155487804878092e-01
4.107702182284977965e+00,5.902701876881322196e-02,-4.026524390243902407e-01
4.108408215661100371e+00,5.881696370603391177e-02,-4.019893292682927277e-01
4.109114249037223665e+00,5.860690864325461547e-02,-4.013262195121951592e-01
4.109820282413346959e+00,5.839685358047530528e-02,-4.006631097560975907e-01
4.110526315789470253e+00,5.818679851769600203e-02,-4.000000000000000222e-01
4.111215538847114104e+00,5.787226800512627889e-02,-3.993526785714285876e-01
4.111904761904758843e+00,5.755773749255655575e-02,-3.987053571428571530e-01
4.112593984962402693e+00,5.724320697998683954e-02,-3.980580357142857184e-01
4.113283208020046544e+00,5.692867646741711640e-02,-3.974107142857142838e-01
4.113972431077691283e+00,5.661414595484739326e-02,-3.967633928571429047e-01
4.114661654135335134e+00,5.629961544227767012e-02,-3.961160714285714701e-01
4.115350877192978984e+00,5.598508492970795392e-02,-3.954687500000000355e-01
4.116040100250623723e+00,5.567055441713823077e-02,-3.948214285714286009e-01
4.116729323308267574e+00,5.535602390456850763e-02,-3.941741071428571663e-01
4.117418546365912313e+00,5.504149339199878449e-02,-3.935267857142857317e-01
4.118107769423556164e+00,5.472696287942906829e-02,-3.928794642857142971e-01
4.118796992481200014e+00,5.441243236685934515e-02,-3.922321428571428625e-01
4.119486215538844753e+00,5.409790185428962200e-02,-3.915848214285714279e-01
4.120175438596488604e+00,5.378337134171989886e-02,-3.909375000000000488e-01
4.120864661654132455e+00,5.346884082915018266e-02,-3.902901785714286143e-01
4.121553884711777194e+00,5.315431031658045952e-02,-3.896428571428571797e-01
4.122243107769421044e+00,5.283977980401073637e-02,-3.889955357142857451e-01
4.122932330827064895e+00,5.252524929144101323e-02,-3.883482142857143105e-01
4.123621553884709634e+00,5.221071877887129009e-02,-3.877008928571428759e-01
4.124310776942353485e+00,5.189618826630157389e-02,-3.870535714285714413e-01
4.124999999999998224e+00,5.158165775373185075e-02,-3.864062500000000067e-01
4.125689223057642074e+00,5.126712724116212760e-02,-3.857589285714285721e-01
4.126378446115285925e+00,5.095259672859241140e-02,-3.851116071428571375e-01
4.127067669172930664e+00,5.063806621602268826e-02,-3.844642857142857584e-01
4.127756892230574515e+00,5.032353570345296512e-02,-3.838169642857143238e-01
4.128446115288218365e+00,5.000900519088324198e-02,-3.831696428571428892e-01
4.129135338345863104e+00,4.969447467831351883e-02,-3.825223214285714546e-01
4.129824561403506955e+00,4.937994416574380263e-02,-3.818750000000000200e-01
4.130513784461150806e+00,4.906541365317407949e-02,-3.812276785714285854e-01
4.131203007518795545e+00,4.875088314060435635e-02,-3.805803571428571508e-01
4.131892230576439395e+00,4.843635262803464014e-02,-3.799330357142857162e-01
4.132581453634083246e+00,4.812182211546491006e-02,-3.792857142857142816e-01
4.133270676691727985e+00,4.780729160289519386e-02,-3.786383928571428470e-01
4.133959899749371836e+00,4.749276109032547072e-02,-3.779910714285714679e-01
4.134649122807015686e+00,4.717823057775574758e-02,-3.773437500000000333e-01
4.135338345864660425e+00,4.686370006518603137e-02,-3.766964285714285987e-01
4.136027568922304276e+00,4.654916955261630823e-02,-3.760491071428571641e-01
4.136716791979949015e+00,4.623463904004658509e-02,-3.754017857142857295e-01
4.137406015037592866e+00,4.592010852747686195e-02,-3.747544642857142949e-01
4.138095238095236716e+00,4.560557801490713881e-02,-3.741071428571428603e-01
4.138784461152881455e+00,4.529104750233742260e-02,-3.734598214285714257e-01
4.139473684210525306e+00,4.497651698976769946e-02,-3.728124999999999911e-01
4.140162907268169157e+00,4.466198647719797632e-02,-3.721651785714286120e-01
4.140852130325813896e+00,4.434745596462826012e-02,-3.715178571428571774e-01
4.141541353383457746e+00,4.403292545205853697e-02,-3.708705357142857428e-01
4.142230576441101597e+00,4.371839493948881383e-02,-3.702232142857143082e-01
4.142919799498746336e+00,4.340386442691909069e-02,-3.695758928571428736e-01
4.143609022556390187e+00,4.308933391434936755e-02,-3.689285714285714390e-01
4.144298245614034926e+00,4.277480340177965135e-02,-3.682812500000000044e-01
4.144987468671678776e+00,4.246027288920992820e-02,-3.676339285714285698e-01
4.145676691729322627e+00,4.214574237664020506e-02,-3.669866071428571352e-01
4.146365914786967366e+00,4.183121186407048886e-02,-3.663392857142857562e-01
4.147055137844611217e+00,4.151668135150076572e-02,-3.656919642857143216e-01
4.147744360902255067e+00,4.120215083893104258e-02,-3.650446428571428870e-01
4.148433583959899806e+00,4.088762032636131943e-02,-3.643973214285714524e-01
4.149122807017543657e+00,4.057308981379159629e-02,-3.637500000000000178e-01
4.149812030075187508e+00,4.025855930122188009e-02,-3.631026785714285832e-01
4.150501253132832247e+00,3.994402878865215695e-02,-3.624553571428571486e-01
4.151190476190476097e+00,3.962949827608243381e-02,-3.618080357142857140e-01
4.151879699248119948e+00,3.931496776351271760e-02,-3.611607142857142794e-01
4.152568922305764687e+00,3.900043725094298752e-02,-3.605133928571429003e-01
4.153258145363408538e+00,3.868590673837327132e-02,-3.598660714285714657e-01
4.153947368421052388e+00,3.837137622580354818e-02,-3.592187500000000311e-01
4.154636591478697127e+00,3.805684571323382503e-02,-3.585714285714285965e-01
4.155325814536340978e+00,3.774231520066410883e-02,-3.579241071428571619e-01
4.156015037593985717e+00,3.742778468809437875e-02,-3.572767857142857273e-01
4.156704260651629568e+00,3.711325417552466255e-02,-3.566294642857142927e-01
4.157393483709273418e+00,3.679872366295493941e-02,-3.559821428571428581e-01
4.158082706766918157e+00,3.648419315038521626e-02,-3.553348214285714235e-01
4.158771929824562008e+00,3.616966263781550006e-02,-3.546875000000000444e-01
4.159461152882205859e+00,3.585513212524576998e-02,-3.540401785714286098e-01
4.160150375939850598e+00,3.554060161267605378e-02,-3.533928571428571752e-01
4.160839598997494448e+00,3.522607110010633757e-02,-3.527455357142857406e-01
4.161528822055138299e+00,3.491154058753660749e-02,-3.520982142857143060e-01
4.162218045112783038e+00,3.459701007496689129e-02,-3.514508928571428714e-01
4.162907268170426889e+00,3.428247956239716815e-02,-3.508035714285714368e-01
4.163596491228071628e+00,3.396794904982744501e-02,-3.501562500000000022e-01
4.164285714285715478e+00,3.365341853725772187e-02,-3.495089285714285676e-01
4.164974937343359329e+00,3.333888802468799872e-02,-3.488616071428571885e-01
4.165664160401004068e+00,3.302435751211828252e-02,-3.482142857142857539e-01
4.166353383458647919e+00,3.270982699954856632e-02,-3.475669642857143193e-01
4.167042606516291769e+00,3.239529648697884318e-02,-3.469196428571428847e-01
4.167731829573936508e+00,3.208076597440912003e-02,-3.462723214285714501e-01
4.168421052631580359e+00,3.176623546183939689e-02,-3.456250000000000155e-01
4.169118579581485129e+00,3.149514321046698040e-02,-3.449698795180722866e-01
4.169816106531389899e+00,3.122405095909456738e-02,-3.443147590361446131e-01
4.170513633481295557e+00,3.095295870772215435e-02,-3.436596385542168841e-01
4.171211160431200327e+00,3.068186645634973786e-02,-3.430045180722891551e-01
4.171908687381105096e+00,3.041077420497732484e-02,-3.423493975903614817e-01
4.172606214331009866e+00,3.013968195360491181e-02,-3.416942771084337527e-01
4.173303741280914636e+00,2.986858970223249532e-02,-3.410391566265060237e-01
4.174001268230819406e+00,2.959749745086008230e-02,-3.403840361445783502e-01
4.174698795180725064e+00,2.932640519948766927e-02,-3.397289156626506212e-01
4.175396322130629834e+00,2.905531294811525278e-02,-3.390737951807228923e-01
4.176093849080534604e+00,2.878422069674283976e-02,-3.384186746987952188e-01
4.176791376030439373e+00,2.851312844537042673e-02,-3.377635542168674898e-01
4.177488902980344143e+00,2.824203619399801024e-02,-3.371084337349397608e-01
4.178186429930249801e+00,2.797094394262559722e-02,-3.364533132530120874e-01
4.178883956880154571e+00,2.769985169125318419e-02,-3.357981927710843584e-01
4.179581483830059341e+00,2.742875943988076770e-02,-3.351430722891566294e-01
4.180279010779964111e+00,2.715766718850835468e-02,-3.344879518072289559e-01
4.180976537729868880e+00,2.688657493713593818e-02,-3.338328313253012269e-01
4.181674064679773650e+00,2.661548268576352516e-02,-3.331777108433734980e-01
4.182371591629679308e+00,2.634439043439110867e-02,-3.325225903614458245e-01
4.183069118579584078e+00,2.607329818301869565e-02,-3.318674698795180955e-01
4.183766645529488848e+00,2.580220593164628262e-02,-3.312123493975903665e-01
4.184464172479393618e+00,2.553111368027386613e-02,-3.305572289156626375e-01
4.185161699429298388e+00,2.526002142890145311e-02,-3.299021084337349641e-01
4.185859226379204046e+00,2.498892917752904008e-02,-3.292469879518072351e-01
4.186556753329108815e+00,2.471783692615662359e-02,-3.285918674698795061e-01
4.187254280279013585e+00,2.444674467478421057e-02,-3.279367469879518326e-01
4.187951807228918355e+00,2.417565242341179754e-02,-3.272816265060241037e-01
4.188649334178823125e+00,2.390456017203938105e-02,-3.266265060240963747e-01
4.189346861128727895e+00,2.363346792066696803e-02,-3.259713855421687012e-01
4.190044388078633553e+00,2.336237566929455500e-02,-3.253162650602409722e-01
4.190741915028538322e+00,2.309128341792213851e-02,-3.246611445783132432e-01
4.191439441978443092e+00,2.282019116654972549e-02,-3.240060240963855698e-01
4.192136968928347862e+00,2.254909891517731246e-02,-3.233509036144578408e-01
4.192834495878252632e+00,2.227800666380489597e-02,-3.226957831325301118e-01
4.193532022828158290e+00,2.200691441243247948e-02,-3.220406626506024383e-01
4.194229549778063060e+00,2.173582216106006992e-02,-3.213855421686747094e-01
4.194927076727967830e+00,2.146472990968765343e-02,-3.207304216867469804e-01
4.195624603677872599e+00,2.119363765831523694e-02,-3.200753012048193069e-01
4.196322130627777369e+00,2.092254540694282391e-02,-3.194201807228915779e-01
4.197019657577682139e+00,2.065145315557041089e-02,-3.187650602409638489e-01
4.197717184527587797e+00,2.038036090419799440e-02,-3.181099397590361755e-01
4.198414711477492567e+00,2.010926865282558137e-02,-3.174548192771084465e-01
4.199112238427397337e+00,1.983817640145316835e-02,-3.167996987951807175e-01
4.199809765377302107e+00,1.956708415008075186e-02,-3.161445783132530440e-01
4.200507292327206876e+00,1.929599189870833884e-02,-3.154894578313253151e-01
4.201204819277111646e+00,1.902489964733592581e-02,-3.148343373493975861e-01
4.201902346227017304e+00,1.875380739596350932e-02,-3.141792168674699126e-01
4.202599873176922074e+00,1.848271514459109283e-02,-3.135240963855421836e-01
4.203297400126826844e+00,1.821162289321868327e-02,-3.128689759036144546e-01
4.203994927076731614e+00,1.794053064184626678e-02,-3.122138554216867812e-01
4.204692454026636383e+00,1.766943839047385376e-02,-3.115587349397590522e-01
4.205389980976542041e+00,1.739834613910143726e-02,-3.109036144578313232e-01
4.206087507926446811e+00,1.712725388772902424e-02,-3.102484939759036497e-01
4.206785034876351581e+00,1.685616163635660775e-02,-3.095933734939759208e-01
4.207482561826256351e+00,1.658506938498419819e-02,-3.089382530120481918e-01
4.208180088776161121e+00,1.631397713361178170e-02,-3.082831325301205183e-01
4.208877615726065891e+00,1.604288488223936521e-02,-3.076280120481927893e-01
4.209575142675971549e+00,1.577179263086695218e-02,-3.069728915662650603e-01
4.210272669625876318e+00,1.550070037949453916e-02,-3.063177710843373869e-01
4.210970196575781088e+00,1.522960812812212267e-02,-3.056626506024096579e-01
4.211667723525685858e+00,1.495851587674970964e-02,-3.050075301204819289e-01
4.212365250475590628e+00,1.468742362537729315e-02,-3.043524096385542554e-01
4.213062777425496286e+00,1.441633137400488013e-02,-3.036972891566265265e-01
4.213760304375401056e+00,1.414523912263246710e-02,-3.030421686746987975e-01
4.214457831325305825e+00,1.387414687126005408e-02,-3.023870481927710685e-01
4.215155358275210595e+00,1.360305461988763759e-02,-3.017319277108433950e-01
4.215852885225115365e+00,1.333196236851522457e-02,-3.010768072289156660e-01
4.216550412175020135e+00,1.306087011714280807e-02,-3.004216867469879371e-01
4.217247939124925793e+00,1.278977786577039505e-02,-2.997665662650602636e-01
4.217945466074830563e+00,1.251868561439797856e-02,-2.991114457831325346e-01
4.218642993024735333e+00,1.224759336302556553e-02,-2.984563253012048056e-01
4.219340519974640102e+00,1.197650111165315251e-02,-2.978012048192771322e-01
4.220038046924544872e+00,1.170540886028073949e-02,-2.971460843373494032e-01
4.220735573874450530e+00,1.143431660890832299e-02,-2.964909638554216742e-01
4.221433100824355300e+00,1.116322435753590650e-02,-2.958358433734940007e-01
4.222130627774260070e+00,1.089213210616349348e-02,-2.951807228915662717e-01
4.222828154724164840e+00,1.062103985479108045e-02,-2.945256024096385428e-01
4.223525681674069610e+00,1.034994760341866743e-02,-2.938704819277108693e-01
4.224223208623974379e+00,1.007885535204625094e-02,-2.932153614457831403e-01
4.224920735573880037e+00,9.807763100673837914e-03,-2.925602409638554113e-01
4.225618262523784807e+00,9.536670849301421421e-03,-2.919051204819277379e-01
4.226315789473689577e+00,9.265578597929008398e-03,-2.912500000000000089e-01
4.227039473684215842e+00,9.265578597929010132e-03,-2.905703124999999831e-01
4.227763157894742108e+00,9.265578597929010132e-03,-2.898906250000000129e-01
4.228486842105268373e+00,9.265578597929010132e-03,-2.892109374999999871e-01
4.229210526315794638e+00,9.265578597929010132e-03,-2.885312500000000169e-01
4.229934210526320904e+00,9.265578597929010132e-03,-2.878515624999999911e-01
4.230657894736847169e+00,9.265578597929010132e-03,-2.871718750000000209e-01
4.231381578947373434e+00,9.265578597929010132e-03,-2.864921874999999951e-01
4.232105263157899699e+00,9.265578597929010132e-03,-2.858125000000000249e-01
4.232828947368425965e+00,9.265578597929010132e-03,-2.851328124999999991e-01
4.233552631578952230e+00,9.265578597929010132e-03,-2.844531250000000289e-01
4.234276315789478495e+00,9.265578597929010132e-03,-2.837734375000000031e-01
4.235000000000004761e+00,9.265578597929010132e-03,-2.830937500000000329e-01
4.235723684210531026e+00,9.265578597929010132e-03,-2.824140625000000071e-01
4.236447368421057291e+00,9.265578597929010132e-03,-2.817343749999999813e-01
4.237171052631583557e+00,9.265578597929010132e-03,-2.810546875000000111e-01
4.237894736842109822e+00,9.265578597929010132e-03,-2.803749999999999853e-01
4.238618421052636087e+00,9.265578597929010132e-03,-2.796953125000000151e-01
4.239342105263162352e+00,9.265578597929010132e-03,-2.790156249999999893e-01
4.240065789473688618e+00,9.265578597929010132e-03,-2.783359375000000191e-01
4.240789473684214883e+00,9.265578597929010132e-03,-2.776562499999999933e-01
4.241513157894741148e+00,9.265578597929010132e-03,-2.769765625000000231e-01
4.242236842105267414e+00,9.265578597929010132e-03,-2.762968749999999973e-01
4.242960526315793679e+00,9.265578597929010132e-03,-2.756171875000000271e-01
4.243684210526319944e+00,9.265578597929010132e-03,-2.749375000000000013e-01
4.244407894736846210e+00,9.265578597929010132e-03,-2.742578125000000311e-01
4.245131578947372475e+00,9.265578597929010132e-03,-2.735781250000000053e-01
4.245855263157898740e+00,9.265578597929010132e-03,-2.728984374999999796e-01
4.246578947368425005e+00,9.265578597929010132e-03,-2.722187500000000093e-01
4.247302631578951271e+00,9.265578597929010132e-03,-2.715390624999999836e-01
4.248026315789477536e+00,9.265578597929010132e-03,-2.708593750000000133e-01
4.248750000000003801e+00,9.265578597929010132e-03,-2.701796874999999876e-01
4.249473684210530067e+00,9.265578597929010132e-03,-2.695000000000000173e-01
4.250197368421056332e+00,9.265578597929010132e-03,-2.688203124999999916e-01
4.250921052631582597e+00,9.265578597929010132e-03,-2.681406250000000213e-01
4.251644736842108863e+00,9.265578597929010132e-03,-2.674609374999999956e-01
4.252368421052635128e+00,9.265578597929010132e-03,-2.667812500000000253e-01
4.253092105263161393e+00,9.265578597929010132e-03,-2.661015624999999996e-01
4.253815789473687659e+00,9.265578597929010132e-03,-2.654218750000000293e-01
4.254539473684213924e+00,9.265578597929010132e-03,-2.647421875000000036e-01
4.255263157894740189e+00,9.265578597929010132e-03,-2.640624999999999778e-01
4.255986842105265566e+00,9.265578597929010132e-03,-2.633828125000000075e-01
4.256710526315791832e+00,9.265578597929010132e-03,-2.627031249999999818e-01
4.257434210526318097e+00,9.265578597929010132e-03,-2.620234375000000115e-01
4.258157894736844362e+00,9.265578597929010132e-03,-2.613437499999999858e-01
4.258881578947370627e+00,9.265578597929010132e-03,-2.606640625000000155e-01
4.259605263157896893e+00,9.265578597929010132e-03,-2.599843749999999898e-01
4.260328947368423158e+00,9.265578597929010132e-03,-2.593046875000000195e-01
4.261052631578949423e+00,9.265578597929010132e-03,-2.586249999999999938e-01
4.261776315789475689e+00,9.265578597929010132e-03,-2.579453125000000235e-01
4.262500000000001954e+00,9.265578597929010132e-03,-2.572656249999999978e-01
4.263223684210528219e+00,9.265578597929010132e-03,-2.565859375000000275e-01
4.263947368421054485e+00,9.265578597929010132e-03,-2.559062500000000018e-01
4.264671052631580750e+00,9.265578597929010132e-03,-2.552265624999999760e-01
4.265394736842107015e+00,9.265578597929010132e-03,-2.545468750000000058e-01
4.266118421052633281e+00,9.265578597929010132e-03,-2.538671874999999800e-01
4.266842105263159546e+00,9.265578597929010132e-03,-2.531875000000000098e-01
4.267565789473685811e+00,9.265578597929010132e-03,-2.525078124999999840e-01
4.268289473684212076e+00,9.265578597929010132e-03,-2.518281250000000138e-01
4.269013157894738342e+00,9.265578597929010132e-03,-2.511484374999999880e-01
4.269736842105264607e+00,9.265578597929010132e-03,-2.504687500000000178e-01
4.270460526315790872e+00,9.265578597929010132e-03,-2.497890624999999920e-01
4.271184210526317138e+00,9.265578597929010132e-03,-2.491093750000000218e-01
4.271907894736843403e+00,9.265578597929010132e-03,-2.484296874999999960e-01
4.272631578947369668e+00,9.265578597929010132e-03,-2.477499999999999980e-01
4.273355263157895934e+00,9.265578597929010132e-03,-2.470703125000000000e-01
4.274078947368422199e+00,9.265578597929010132e-03,-2.463906250000000020e-01
4.274802631578948464e+00,9.265578597929010132e-03,-2.457109375000000040e-01
4.275526315789474729e+00,9.265578597929010132e-03,-2.450312500000000060e-01
4.276250000000000995e+00,9.265578597929010132e-03,-2.443515625000000080e-01
4.276973684210527260e+00,9.265578597929010132e-03,-2.436718750000000100e-01
4.277697368421053525e+00,9.265578597929010132e-03,-2.429921875000000120e-01
4.278421052631579791e+00,9.265578597929010132e-03,-2.423124999999999862e-01
4.279144736842106056e+00,9.265578597929010132e-03,-2.416328125000000160e-01
4.279868421052632321e+00,9.265578597929010132e-03,-2.409531249999999902e-01
4.280592105263158587e+00,9.265578597929010132e-03,-2.402734374999999922e-01
4.281315789473684852e+00,9.265578597929010132e-03,-2.395937499999999942e-01
4.282039473684211117e+00,9.265578597929010132e-03,-2.389140624999999962e-01
4.282763157894737382e+00,9.265578597929010132e-03,-2.382343749999999982e-01
4.283486842105263648e+00,9.265578597929010132e-03,-2.375546875000000002e-01
4.284210526315789913e+00,9.265578597929010132e-03,-2.368750000000000022e-01
4.284934210526316178e+00,9.265578597929010132e-03,-2.361953125000000042e-01
4.285657894736842444e+00,9.265578597929010132e-03,-2.355156250000000062e-01
4.286381578947368709e+00,9.265578597929010132e-03,-2.348359375000000082e-01
4.287105263157895862e+00,9.265578597929010132e-03,-2.341562500000000102e-01
4.287828947368422128e+00,9.265578597929010132e-03,-2.334765625000000122e-01
4.288552631578948393e+00,9.265578597929010132e-03,-2.327968750000000142e-01
4.289276315789474658e+00,9.265578597929010132e-03,-2.321171874999999885e-01
4.290000000000000924e+00,9.265578597929010132e-03,-2.314374999999999905e-01
4.290723684210527189e+00,9.265578597929010132e-03,-2.307578124999999925e-01
4.291447368421053454e+00,9.265578597929010132e-03,-2.300781249999999944e-01
4.292171052631579720e+00,9.265578597929010132e-03,-2.293984374999999964e-01
4.292894736842105985e+00,9.265578597929010132e-03,-2.287187499999999984e-01
4.293618421052633138e+00,9.265578597929010132e-03,-2.280390625000000004e-01
4.294342105263159404e+00,9.265578597929010132e-03,-2.273593750000000024e-01
4.295065789473685669e+00,9.265578597929010132e-03,-2.266796875000000044e-01
4.295789473684211934e+00,9.265578597929010132e-03,-2.260000000000000064e-01
4.296513157894738200e+00,9.265578597929010132e-03,-2.253203125000000084e-01
4.297236842105264465e+00,9.265578597929010132e-03,-2.246406250000000104e-01
4.297960526315790730e+00,9.265578597929010132e-03,-2.239609375000000124e-01
4.298684210526317884e+00,9.265578597929010132e-03,-2.232812499999999867e-01
4.299407894736844149e+00,9.265578597929010132e-03,-2.226015624999999887e-01
4.300131578947370414e+00,9.265578597929010132e-03,-2.219218749999999907e-01
4.300855263157896680e+00,9.265578597929010132e-03,-2.212421874999999927e-01
4.301578947368422945e+00,9.265578597929010132e-03,-2.205624999999999947e-01
4.302302631578949210e+00,9.265578597929010132e-03,-2.198828124999999967e-01
4.303026315789475476e+00,9.265578597929010132e-03,-2.192031249999999987e-01
4.303750000000001741e+00,9.265578597929010132e-03,-2.185234375000000007e-01
4.304473684210528006e+00,9.265578597929010132e-03,-2.178437500000000027e-01
4.305197368421055160e+00,9.265578597929010132e-03,-2.171640625000000047e-01
4.305921052631581425e+00,9.265578597929010132e-03,-2.164843750000000067e-01
4.306644736842107690e+00,9.265578597929010132e-03,-2.158046875000000087e-01
4.307368421052633956e+00,9.265578597929010132e-03,-2.151250000000000107e-01
4.308092105263160221e+00,9.265578597929010132e-03,-2.144453124999999849e-01
4.308815789473686486e+00,9.265578597929010132e-03,-2.137656249999999869e-01
4.309539473684212751e+00,9.265578597929010132e-03,-2.130859374999999889e-01
4.310263157894739905e+00,9.265578597929010132e-03,-2.124062499999999909e-01
4.310986842105266170e+00,9.265578597929010132e-03,-2.117265624999999929e-01
4.311710526315792436e+00,9.265578597929010132e-03,-2.110468749999999949e-01
4.312434210526318701e+00,9.265578597929010132e-03,-2.103671874999999969e-01
4.313157894736844966e+00,9.265578597929010132e-03,-2.096874999999999989e-01
4.313881578947371231e+00,9.265578597929010132e-03,-2.090078125000000009e-01
4.314605263157897497e+00,9.265578597929010132e-03,-2.083281250000000029e-01
4.315328947368423762e+00,9.265578597929010132e-03,-2.076484375000000049e-01
4.316052631578950027e+00,9.265578597929010132e-03,-2.069687500000000069e-01
4.316776315789477181e+00,9.265578597929010132e-03,-2.062890625000000089e-01
4.317500000000003446e+00,9.265578597929010132e-03,-2.056093749999999831e-01
4.318223684210529711e+00,9.265578597929010132e-03,-2.049296875000000129e-01
4.318947368421055977e+00,9.265578597929010132e-03,-2.042499999999999871e-01
4.319671052631582242e+00,9.265578597929010132e-03,-2.035703125000000169e-01
4.320394736842108507e+00,9.265578597929010132e-03,-2.028906249999999911e-01
4.321118421052634773e+00,9.265578597929010132e-03,-2.022109374999999931e-01
4.321842105263161926e+00,9.265578597929010132e-03,-2.015312499999999951e-01
4.322565789473688191e+00,9.265578597929010132e-03,-2.008515624999999971e-01
4.323289473684214457e+00,9.265578597929010132e-03,-2.001718749999999991e-01
4.324013157894740722e+00,9.265578597929010132e-03,-1.994921875000000011e-01
4.324736842105266987e+00,9.265578597929010132e-03,-1.988125000000000031e-01
4.325460526315793253e+00,9.265578597929010132e-03,-1.981328125000000051e-01
4.326184210526319518e+00,9.265578597929010132e-03,-1.974531250000000071e-01
4.326907894736845783e+00,9.265578597929010132e-03,-1.967734374999999813e-01
4.327631578947372049e+00,9.265578597929010132e-03,-1.960937500000000111e-01
4.328355263157899202e+00,9.265578597929010132e-03,-1.954140624999999853e-01
4.329078947368425467e+00,9.265578597929010132e-03,-1.947343750000000151e-01
4.329802631578951733e+00,9.265578597929010132e-03,-1.940546874999999893e-01
4.330526315789477998e+00,9.265578597929010132e-03,-1.933749999999999913e-01
4.331250000000004263e+00,9.265578597929010132e-03,-1.926953124999999933e-01
4.331973684210530529e+00,9.265578597929010132e-03,-1.920156249999999953e-01
4.332697368421056794e+00,9.265578597929010132e-03,-1.913359374999999973e-01
4.333421052631583947e+00,9.265578597929010132e-03,-1.906562499999999993e-01
4.334144736842110213e+00,9.265578597929010132e-03,-1.899765625000000013e-01
4.334868421052636478e+00,9.265578597929010132e-03,-1.892968750000000033e-01
4.335592105263162743e+00,9.265578597929010132e-03,-1.886171875000000053e-01
4.336315789473689009e+00,9.265578597929010132e-03,-1.879374999999999796e-01
4.337039473684215274e+00,9.265578597929010132e-03,-1.872578125000000093e-01
4.337763157894741539e+00,9.265578597929010132e-03,-1.865781249999999836e-01
4.338486842105267804e+00,9.265578597929010132e-03,-1.858984374999999856e-01
4.339210526315794070e+00,9.265578597929010132e-03,-1.852187499999999876e-01
4.339934210526321223e+00,9.265578597929010132e-03,-1.845390624999999896e-01
4.340657894736847489e+00,9.265578597929010132e-03,-1.838593749999999916e-01
4.341381578947373754e+00,9.265578597929010132e-03,-1.831796874999999936e-01
4.342105263157900019e+00,9.265578597929010132e-03,-1.824999999999999956e-01
4.342828947368426284e+00,9.265578597929010132e-03,-1.818203124999999976e-01
4.343552631578952550e+00,9.265578597929010132e-03,-1.811406249999999996e-01
4.344276315789478815e+00,9.265578597929010132e-03,-1.804609375000000016e-01
4.345000000000005080e+00,9.265578597929010132e-03,-1.797812500000000036e-01
4.345723684210531346e+00,9.265578597929010132e-03,-1.791015625000000056e-01
4.346447368421057611e+00,9.265578597929010132e-03,-1.784218750000000075e-01
4.347171052631583876e+00,9.265578597929010132e-03,-1.777421874999999818e-01
4.347894736842110142e+00,9.265578597929010132e-03,-1.770624999999999838e-01
4.348618421052636407e+00,9.265578597929010132e-03,-1.763828124999999858e-01
4.349342105263162672e+00,9.265578597929010132e-03,-1.757031249999999878e-01
4.350065789473688938e+00,9.265578597929010132e-03,-1.750234374999999898e-01
4.350789473684215203e+00,9.265578597929010132e-03,-1.743437499999999918e-01
4.351513157894741468e+00,9.265578597929010132e-03,-1.736640624999999938e-01
4.352236842105267733e+00,9.265578597929010132e-03,-1.729843749999999958e-01
4.352960526315793999e+00,9.265578597929010132e-03,-1.723046874999999978e-01
4.353684210526320264e+00,9.265578597929010132e-03,-1.716249999999999998e-01
4.354407894736846529e+00,9.265578597929010132e-03,-1.709453125000000018e-01
4.355131578947372795e+00,9.265578597929010132e-03,-1.702656250000000038e-01
4.355855263157899060e+00,9.265578597929010132e-03,-1.695859375000000058e-01
4.356578947368425325e+00,9.265578597929010132e-03,-1.689062499999999800e-01
4.357302631578951591e+00,9.265578597929010132e-03,-1.682265624999999820e-01
4.358026315789477856e+00,9.265578597929010132e-03,-1.675468749999999840e-01
4.358750000000004121e+00,9.265578597929010132e-03,-1.668671874999999860e-01
4.359473684210530386e+00,9.265578597929010132e-03,-1.661874999999999880e-01
4.360197368421056652e+00,9.265578597929010132e-03,-1.655078124999999900e-01
4.360921052631582917e+00,9.265578597929010132e-03,-1.648281249999999920e-01
4.361644736842109182e+00,9.265578597929010132e-03,-1.641484374999999940e-01
4.362368421052635448e+00,9.265578597929010132e-03,-1.634687499999999960e-01
4.363092105263161713e+00,9.265578597929010132e-03,-1.627890624999999980e-01
4.363815789473687978e+00,9.265578597929010132e-03,-1.621093750000000000e-01
4.364539473684214244e+00,9.265578597929010132e-03,-1.614296875000000020e-01
4.365263157894740509e+00,9.265578597929010132e-03,-1.607500000000000040e-01
4.365986842105266774e+00,9.265578597929010132e-03,-1.600703124999999782e-01
4.366710526315793039e+00,9.265578597929010132e-03,-1.593906249999999802e-01
4.367434210526319305e+00,9.265578597929010132e-03,-1.587109374999999822e-01
4.368157894736845570e+00,9.265578597929010132e-03,-1.580312499999999842e-01
4.368881578947371835e+00,9.265578597929010132e-03,-1.573515624999999862e-01
4.369605263157898101e+00,9.265578597929010132e-03,-1.566718749999999882e-01
4.370328947368424366e+00,9.265578597929010132e-03,-1.559921874999999902e-01
4.371052631578949743e+00,9.265578597929010132e-03,-1.553124999999999922e-01
4.371776315789476008e+00,9.265578597929010132e-03,-1.546328124999999942e-01
4.372500000000002274e+00,9.265578597929010132e-03,-1.539531249999999962e-01
4.373223684210528539e+00,9.265578597929010132e-03,-1.532734374999999982e-01
4.373947368421054804e+00,9.265578597929010132e-03,-1.525937500000000002e-01
4.374671052631581070e+00,9.265578597929010132e-03,-1.519140625000000022e-01
4.375394736842107335e+00,9.265578597929010132e-03,-1.512343749999999765e-01
4.376118421052633600e+00,9.265578597929010132e-03,-1.505546875000000062e-01
4.376842105263159866e+00,9.265578597929010132e-03,-1.498749999999999805e-01
4.377565789473686131e+00,9.265578597929010132e-03,-1.491953125000000102e-01
4.378289473684212396e+00,9.265578597929010132e-03,-1.485156249999999845e-01
4.379013157894738661e+00,9.265578597929010132e-03,-1.478359374999999865e-01
4.379736842105264927e+00,9.265578597929010132e-03,-1.471562499999999885e-01
4.380460526315791192e+00,9.265578597929010132e-03,-1.464765624999999905e-01
4.381184210526317457e+00,9.265578597929010132e-03,-1.457968749999999925e-01
4.381907894736843723e+00,9.265578597929010132e-03,-1.451171874999999944e-01
4.382631578947369988e+00,9.265578597929010132e-03,-1.444374999999999964e-01
4.383355263157896253e+00,9.265578597929010132e-03,-1.437578124999999984e-01
4.384078947368422519e+00,9.265578597929010132e-03,-1.430781250000000004e-01
4.384802631578948784e+00,9.265578597929010132e-03,-1.423984374999999747e-01
4.385526315789475049e+00,9.265578597929010132e-03,-1.417187500000000044e-01
4.386250000000001315e+00,9.265578597929010132e-03,-1.410390624999999787e-01
4.386973684210527580e+00,9.265578597929010132e-03,-1.403593750000000084e-01
4.387697368421053845e+00,9.265578597929010132e-03,-1.396796874999999827e-01
4.388421052631580110e+00,9.265578597929010132e-03,-1.389999999999999847e-01
4.389144736842106376e+00,9.265578597929010132e-03,-1.383203124999999867e-01
4.389868421052632641e+00,9.265578597929010132e-03,-1.376406249999999887e-01
4.390592105263158906e+00,9.265578597929010132e-03,-1.369609374999999907e-01
4.391315789473685172e+00,9.265578597929010132e-03,-1.362812499999999927e-01
4.392039473684211437e+00,9.265578597929010132e-03,-1.356015624999999947e-01
4.392763157894737702e+00,9.265578597929010132e-03,-1.349218749999999967e-01
4.393486842105263968e+00,9.265578597929010132e-03,-1.342421874999999987e-01
4.394210526315790233e+00,9.265578597929010132e-03,-1.335624999999999729e-01
4.394934210526316498e+00,9.265578597929010132e-03,-1.328828125000000027e-01
4.395657894736842763e+00,9.265578597929010132e-03,-1.322031249999999769e-01
4.396381578947369029e+00,9.265578597929010132e-03,-1.315234374999999789e-01
4.397105263157895294e+00,9.265578597929010132e-03,-1.308437499999999809e-01
4.397828947368421559e+00,9.265578597929010132e-03,-1.301640624999999829e-01
4.398552631578947825e+00,9.265578597929010132e-03,-1.294843749999999849e-01
4.399276315789474090e+00,9.265578597929010132e-03,-1.288046874999999869e-01
4.400000000000000355e+00,9.265578597929010132e-03,-1.281249999999999889e-01
