0,0,0,0,0,0,0,0,0,0,0,0
10.01,0.067715694,0.012235393,-0.855308079,-0.004677051,0.0000531,-0.460428233,-0.004529277,0.0000512,-0.500359552,0.000226659,2.65E-24
10.02,0.067760758,0.012234821,-0.859651901,-0.003974941,0.0000448,-0.458567465,-0.003843586,0.0000431,-0.49406197,0.000191875,2.35E-24
10.03,0.067805822,0.01223425,-0.863995724,-0.003272831,0.0000365,-0.456706697,-0.003157895,0.000035,-0.487764389,0.000157091,2.06E-24
10.04,0.067850886,0.012233678,-0.868339546,-0.002570721,0.0000282,-0.454845929,-0.002472204,0.0000269,-0.481466808,0.000122307,1.76E-24
10.05,0.06789595,0.012233107,-0.872683369,-0.00186861,0.0000199,-0.452985161,-0.001786513,0.0000188,-0.475169227,0.0000875,1.47E-24
10.06,0.067941014,0.012232535,-0.877027191,-0.0011665,0.0000116,-0.451124393,-0.001100823,0.0000107,-0.468871646,0.0000527,1.18E-24
10.07,0.067986078,0.012231964,-0.881371013,-0.00046439,0.00000324,-0.449263625,-0.000415132,0.00000259,-0.462574065,0.000018,8.82E-25
10.08,0.068031142,0.012231392,-0.885714836,0.00023772,-0.00000507,-0.447402857,0.000270559,-0.0000055,-0.456276484,-0.0000168,5.88E-25
10.09,0.068076206,0.012230821,-0.890058658,0.00093983,-0.0000134,-0.445542089,0.00095625,-0.0000136,-0.449978903,-0.0000516,2.94E-25
10.1,0.06812127,0.012230249,-0.894402481,0.00164194,-0.0000217,-0.443681321,0.00164194,-0.0000217,-0.443681321,-0.0000864,-1.2E-28
10.11,0.067167887,0.012239973,-0.900499297,-0.005030128,0.0000214,-0.443397065,-0.004429426,0.0000143,-0.433292429,0.000235882,-3.92E-22
10.12,0.06732389,0.012238258,-0.904648342,-0.003508665,0.00000734,-0.441361129,-0.002992951,0.0000013,-0.427449438,0.000161424,-3.49E-22
10.13,0.067479892,0.012236542,-0.908797388,-0.001987202,-0.00000668,-0.439325194,-0.001556476,-0.0000117,-0.421606447,0.000087,-3.05E-22
10.14,0.067635895,0.012234827,-0.912946433,-0.000465738,-0.0000207,-0.437289258,-0.000120001,-0.0000247,-0.415763456,0.0000125,-2.62E-22
10.15,0.067791897,0.012233111,-0.917095478,0.001055725,-0.0000347,-0.435253322,0.001316474,-0.0000377,-0.409920465,-0.0000619,-2.19E-22
10.16,0.0679479,0.012231396,-0.921244524,0.002577189,-0.0000487,-0.433217386,0.002752949,-0.0000507,-0.404077474,-0.000136405,-1.76E-22
10.17,0.068103902,0.01222968,-0.925393569,0.004098652,-0.0000627,-0.43118145,0.004189423,-0.0000637,-0.398234483,-0.000210862,-1.33E-22
10.18,0.068259905,0.012227965,-0.929542615,0.005620115,-0.0000768,-0.429145514,0.005625898,-0.0000766,-0.392391492,-0.00028532,-8.93E-23
10.19,0.068415907,0.01222625,-0.93369166,0.007141579,-0.0000908,-0.427109578,0.007062373,-0.0000896,-0.386548501,-0.000359777,-4.61E-23
10.2,0.06857191,0.012224534,-0.937840705,0.008663042,-0.000104794,-0.425073642,0.008498848,-0.000102625,-0.38070551,-0.000434234,-2.94E-24
10.21,0.067021596,0.01223656,-0.943889613,0.003677506,-0.000104006,-0.424391789,0.004721151,-0.000112501,-0.37095791,-0.0000994,6.24E-22
10.22,0.067367189,0.012233318,-0.947827563,0.00592197,-0.000119667,-0.4222054,0.006736979,-0.000125837,-0.365548764,-0.00021932,6.03E-22
10.23,0.067712782,0.012230076,-0.951765512,0.008166433,-0.000135328,-0.42001901,0.008752806,-0.000139174,-0.360139619,-0.000339256,5.81E-22
10.24,0.068058375,0.012226833,-0.955703462,0.010410896,-0.00015099,-0.417832621,0.010768633,-0.00015251,-0.354730473,-0.000459192,5.59E-22
10.25,0.068403968,0.012223591,-0.959641411,0.01265536,-0.000166651,-0.415646231,0.012784461,-0.000165846,-0.349321328,-0.000579128,5.38E-22
10.26,0.068749561,0.012220349,-0.963579361,0.014899823,-0.000182312,-0.413459842,0.014800288,-0.000179182,-0.343912182,-0.000699064,5.16E-22
10.27,0.069095155,0.012217107,-0.967517311,0.017144286,-0.000197974,-0.411273452,0.016816115,-0.000192518,-0.338503037,-0.000819,4.94E-22
10.28,0.069440748,0.012213864,-0.97145526,0.01938875,-0.000213635,-0.409087063,0.018831943,-0.000205854,-0.333093891,-0.000938936,4.72E-22
10.29,0.069786341,0.012210622,-0.97539321,0.021633213,-0.000229297,-0.406900673,0.02084777,-0.00021919,-0.327684746,-0.001058872,4.51E-22
10.3,0.070131934,0.01220738,-0.979331159,0.023877676,-0.000244958,-0.404714284,0.022863597,-0.000232526,-0.3222756,-0.001178808,4.29E-22
10.31,0.068188378,0.012216747,-0.985277042,0.020953154,-0.000299669,-0.403331129,0.021524683,-0.000296915,-0.312801458,-0.000906339,5.2E-22
10.32,0.068788321,0.012212104,-0.988991888,0.023771949,-0.000310992,-0.401055491,0.02391326,-0.000304579,-0.307843979,-0.001069875,4.86E-22
10.33,0.069388264,0.012207461,-0.992706734,0.026590744,-0.000322314,-0.398779853,0.026301836,-0.000312242,-0.3028865,-0.001233412,4.51E-22
10.34,0.069988208,0.012202817,-0.99642158,0.029409539,-0.000333637,-0.396504215,0.028690412,-0.000319906,-0.297929021,-0.001396948,4.17E-22
10.35,0.070588151,0.012198174,-1.000136426,0.032228334,-0.000344959,-0.394228577,0.031078989,-0.000327569,-0.292971542,-0.001560485,3.83E-22
10.36,0.071188094,0.012193531,-1.003851272,0.035047129,-0.000356282,-0.39195294,0.033467565,-0.000335233,-0.288014062,-0.001724022,3.49E-22
10.37,0.071788037,0.012188887,-1.007566118,0.037865924,-0.000367604,-0.389677302,0.035856142,-0.000342897,-0.283056583,-0.001887558,3.15E-22
10.38,0.07238798,0.012184244,-1.011280964,0.040684719,-0.000378927,-0.387401664,0.038244718,-0.00035056,-0.278099104,-0.002051095,2.8E-22
10.39,0.072987923,0.012179601,-1.014995809,0.043503514,-0.000390249,-0.385126026,0.040633294,-0.000358224,-0.273141625,-0.002214631,2.46E-22
10.4,0.073587866,0.012174957,-1.018710655,0.046322309,-0.000401572,-0.382850389,0.043021871,-0.000365888,-0.268184145,-0.002378168,2.12E-22
10.41,0.071438668,0.012176592,-1.024356677,0.045088748,-0.000494294,-0.378233767,0.04350781,-0.000461849,-0.256423951,-0.002219706,-2.74E-22
10.42,0.072344071,0.012171251,-1.027856948,0.048357805,-0.000496572,-0.376218238,0.04610779,-0.000459701,-0.252222329,-0.00241902,-2.58E-22
10.43,0.073249474,0.01216591,-1.031357219,0.051626862,-0.000498851,-0.37420271,0.048707771,-0.000457554,-0.248020707,-0.002618335,-2.42E-22
10.44,0.074154877,0.012160569,-1.03485749,0.054895919,-0.000501129,-0.372187181,0.051307751,-0.000455407,-0.243819085,-0.002817649,-2.26E-22
10.45,0.07506028,0.012155229,-1.038357761,0.058164976,-0.000503407,-0.370171653,0.053907732,-0.00045326,-0.239617463,-0.003016963,-2.1E-22
10.46,0.075965684,0.012149888,-1.041858031,0.061434033,-0.000505685,-0.368156125,0.056507712,-0.000451113,-0.235415841,-0.003216277,-1.94E-22
10.47,0.076871087,0.012144547,-1.045358302,0.06470309,-0.000507963,-0.366140596,0.059107693,-0.000448965,-0.231214219,-0.003415591,-1.78E-22
10.48,0.07777649,0.012139206,-1.048858573,0.067972146,-0.000510241,-0.364125068,0.061707673,-0.000446818,-0.227012597,-0.003614905,-1.62E-22
10.49,0.078681893,0.012133865,-1.052358844,0.071241203,-0.000512519,-0.362109539,0.064307654,-0.000444671,-0.222810975,-0.003814219,-1.46E-22
10.5,0.079587296,0.012128524,-1.055859115,0.07451026,-0.000514797,-0.360094011,0.066907635,-0.000442524,-0.218609353,-0.004013534,-1.3E-22
10.51,0.077396298,0.012121211,-1.061119767,0.074869966,-0.00059512,-0.357001937,0.068938246,-0.000516489,-0.209549726,-0.003956748,8.76E-23
10.52,0.078645746,0.012116089,-1.06442444,0.078462284,-0.000588726,-0.355106025,0.07160149,-0.000505885,-0.205887883,-0.004184518,8.13E-23
10.53,0.079895193,0.012110967,-1.067729113,0.082054602,-0.000582333,-0.353210113,0.074264734,-0.000495281,-0.202226039,-0.004412288,7.49E-23
10.54,0.081144641,0.012105846,-1.071033786,0.08564692,-0.000575939,-0.351314201,0.076927977,-0.000484677,-0.198564196,-0.004640057,6.85E-23
10.55,0.082394089,0.012100724,-1.074338458,0.089239238,-0.000569545,-0.349418288,0.079591221,-0.000474073,-0.194902352,-0.004867827,6.21E-23
10.56,0.083643537,0.012095602,-1.077643131,0.092831557,-0.000563152,-0.347522376,0.082254465,-0.000463469,-0.191240508,-0.005095597,5.58E-23
10.57,0.084892985,0.012090481,-1.080947804,0.096423875,-0.000556758,-0.345626464,0.084917709,-0.000452864,-0.187578665,-0.005323366,4.94E-23
10.58,0.086142433,0.012085359,-1.084252477,0.100016193,-0.000550365,-0.343730551,0.087580953,-0.00044226,-0.183916821,-0.005551136,4.3E-23
10.59,0.087391881,0.012080237,-1.08755715,0.103608511,-0.000543971,-0.341834639,0.090244196,-0.000431656,-0.180254977,-0.005778905,3.66E-23
10.6,0.088641328,0.012075116,-1.090861823,0.107200829,-0.000537577,-0.339938727,0.09290744,-0.000421052,-0.176593134,-0.006006675,3.03E-23
10.61,0.086554408,0.012060855,-1.095829672,0.108883075,-0.000597862,-0.337174644,0.096057531,-0.000467583,-0.16876746,-0.006033533,1.45E-22
10.62,0.088174564,0.012056749,-1.098949548,0.112687623,-0.00058406,-0.335375195,0.09866668,-0.00045063,-0.165568264,-0.006283626,1.25E-22
10.63,0.089794719,0.012052642,-1.102069423,0.116492172,-0.000570258,-0.333575746,0.10127583,-0.000433678,-0.162369068,-0.006533719,1.05E-22
10.64,0.091414875,0.012048536,-1.105189299,0.12029672,-0.000556455,-0.331776297,0.10388498,-0.000416725,-0.159169872,-0.006783812,8.52E-23
10.65,0.09303503,0.01204443,-1.108309174,0.124101269,-0.000542653,-0.329976848,0.106494129,-0.000399773,-0.155970677,-0.007033906,6.54E-23
10.66,0.094655185,0.012040324,-1.111429049,0.127905817,-0.00052885,-0.328177399,0.109103279,-0.00038282,-0.152771481,-0.007283999,4.56E-23
10.67,0.096275341,0.012036218,-1.114548925,0.131710366,-0.000515048,-0.32637795,0.111712429,-0.000365868,-0.149572285,-0.007534092,2.58E-23
10.68,0.097895496,0.012032111,-1.1176688,0.135514914,-0.000501246,-0.324578501,0.114321579,-0.000348915,-0.146373089,-0.007784185,6.06E-24
10.69,0.099515651,0.012028005,-1.120788676,0.139319463,-0.000487443,-0.322779053,0.116930728,-0.000331963,-0.143173893,-0.008034278,-1.37E-23
10.7,0.101135807,0.012023899,-1.123908551,0.143124011,-0.000473641,-0.320979604,0.119539878,-0.00031501,-0.139974697,-0.008284371,-3.35E-23
10.71,0.099310816,0.012009685,-1.12956769,0.146616005,-0.000305756,-0.337571233,0.124184707,-0.000128718,-0.152287303,-0.007695342,-0.013241082
10.72,0.101313766,0.012006702,-1.132405425,0.150455281,-0.000309074,-0.333728331,0.126567671,-0.000130581,-0.147364574,-0.008038671,-0.011769851
10.73,0.103316715,0.012003719,-1.13524316,0.154294558,-0.000312391,-0.329885429,0.128950634,-0.000132444,-0.142441844,-0.008382,-0.010298619
10.74,0.105319664,0.012000735,-1.138080895,0.158133835,-0.000315709,-0.326042527,0.131333597,-0.000134307,-0.137519115,-0.008725329,-0.008827388
10.75,0.107322614,0.011997752,-1.14091863,0.161973112,-0.000319027,-0.322199625,0.13371656,-0.00013617,-0.132596386,-0.009068658,-0.007356157
10.76,0.109325563,0.011994769,-1.143756365,0.165812389,-0.000322345,-0.318356723,0.136099523,-0.000138033,-0.127673656,-0.009411987,-0.005884925
10.77,0.111328512,0.011991786,-1.1465941,0.169651666,-0.000325663,-0.314513821,0.138482486,-0.000139896,-0.122750927,-0.009755316,-0.004413694
10.78,0.113331462,0.011988803,-1.149431835,0.173490942,-0.000328981,-0.310670919,0.140865449,-0.000141759,-0.117828197,-0.010098645,-0.002942463
10.79,0.115334411,0.01198582,-1.15226957,0.177330219,-0.000332299,-0.306828017,0.143248412,-0.000143622,-0.112905468,-0.010441974,-0.001471231
10.8,0.11733736,0.011982837,-1.155107305,0.181169496,-0.000335617,-0.302985115,0.145631375,-0.000145485,-0.107982739,-0.010785303,-2.31E-22
10.81,0.115561389,0.012031418,-1.154286425,0.178641058,0.000700212,-0.15679364,0.143791291,0.000890121,0.04371902,-0.009675951,0.02175953
10.82,0.117984218,0.012022706,-1.157530673,0.183187859,0.000581433,-0.168767246,0.146643481,0.000772984,0.032332968,-0.010180689,0.020976506
10.83,0.120407048,0.012013993,-1.160774921,0.18773466,0.000462655,-0.180740852,0.149495672,0.000655847,0.020946916,-0.010685427,0.020193482
10.84,0.122829877,0.012005281,-1.164019168,0.19228146,0.000343876,-0.192714459,0.152347862,0.000538709,0.009560865,-0.011190165,0.019410458
10.85,0.125252707,0.011996568,-1.167263416,0.196828261,0.000225097,-0.204688065,0.155200053,0.000421572,-0.001825187,-0.011694903,0.018627434
10.86,0.127675536,0.011987856,-1.170507664,0.201375062,0.000106319,-0.216661671,0.158052243,0.000304434,-0.013211239,-0.012199641,0.01784441
10.87,0.130098366,0.011979143,-1.173751912,0.205921862,-0.0000125,-0.228635277,0.160904434,0.000187297,-0.02459729,-0.012704379,0.017061386
10.88,0.132521195,0.011970431,-1.176996159,0.210468663,-0.000131238,-0.240608883,0.163756625,0.0000702,-0.035983342,-0.013209117,0.016278362
10.89,0.134944024,0.011961719,-1.180240407,0.215015464,-0.000250017,-0.252582489,0.166608815,-0.000047,-0.047369394,-0.013713855,0.015495337
10.9,0.137366854,0.011953006,-1.183484655,0.219562264,-0.000368796,-0.264556095,0.169461006,-0.000164115,-0.058755445,-0.014218593,0.014712313
10.91,0.136296346,0.012066798,-1.19032888,0.236176313,-0.000243407,-0.564050416,0.186947416,-0.000142509,-0.367909658,-0.01315572,0.007962681
10.92,0.139107324,0.012044474,-1.193173131,0.239382308,-0.000389315,-0.544077276,0.188173582,-0.000275063,-0.346210358,-0.013834637,0.007842614
10.93,0.141918302,0.01202215,-1.196017381,0.242588304,-0.000535223,-0.524104136,0.189399748,-0.000407616,-0.324511059,-0.014513554,0.007722546
10.94,0.14472928,0.011999826,-1.198861631,0.245794299,-0.000681132,-0.504130996,0.190625915,-0.000540169,-0.302811759,-0.015192471,0.007602478
10.95,0.147540258,0.011977502,-1.201705881,0.249000294,-0.00082704,-0.484157856,0.191852081,-0.000672723,-0.28111246,-0.015871388,0.007482411
10.96,0.150351236,0.011955178,-1.204550131,0.25220629,-0.000972948,-0.464184716,0.193078247,-0.000805276,-0.25941316,-0.016550305,0.007362343
10.97,0.153162214,0.011932854,-1.207394381,0.255412285,-0.001118857,-0.444211576,0.194304413,-0.00093783,-0.237713861,-0.017229222,0.007242275
10.98,0.155973192,0.01191053,-1.210238632,0.25861828,-0.001264765,-0.424238436,0.195530579,-0.001070383,-0.216014561,-0.017908139,0.007122207
10.99,0.15878417,0.011888206,-1.213082882,0.261824275,-0.001410673,-0.404265297,0.196756746,-0.001202936,-0.194315262,-0.018587056,0.00700214
11,0.161595148,0.011865882,-1.215927132,0.265030271,-0.001556581,-0.384292157,0.197982912,-0.00133549,-0.172615962,-0.019265973,0.006882072
11.01,0.160769019,0.012056439,-1.21745643,0.253372716,-0.0000548,0.021503209,0.185449078,0.0000604,0.254434933,-0.019627261,0.009108899
11.02,0.16398412,0.012010461,-1.220446786,0.258230217,-0.000383746,-0.001392787,0.188204133,-0.000241988,0.231095166,-0.02034147,0.008728065
11.03,0.167199221,0.011964484,-1.223437142,0.263087718,-0.000712736,-0.024288783,0.190959188,-0.000544367,0.2077554,-0.021055679,0.008347231
11.04,0.170414322,0.011918506,-1.226427498,0.267945219,-0.001041726,-0.04718478,0.193714243,-0.000846747,0.184415633,-0.021769889,0.007966398
11.05,0.173629423,0.011872529,-1.229417854,0.27280272,-0.001370716,-0.070080776,0.196469298,-0.001149126,0.161075867,-0.022484098,0.007585564
11.06,0.176844524,0.011826551,-1.23240821,0.27766022,-0.001699705,-0.092976772,0.199224353,-0.001451506,0.1377361,-0.023198307,0.00720473
11.07,0.180059625,0.011780574,-1.235398566,0.282517721,-0.002028695,-0.115872768,0.201979408,-0.001753885,0.114396333,-0.023912517,0.006823896
11.08,0.183274726,0.011734596,-1.238388922,0.287375222,-0.002357685,-0.138768765,0.204734463,-0.002056265,0.091056567,-0.024626726,0.006443063
11.09,0.186489827,0.011688619,-1.241379278,0.292232723,-0.002686674,-0.161664761,0.207489518,-0.002358644,0.0677168,-0.025340935,0.006062229
11.1,0.189704928,0.011642641,-1.244369634,0.297090224,-0.003015664,-0.184560757,0.210244574,-0.002661024,0.044377034,-0.026055144,0.005681395
11.11,0.189358355,0.011855563,-1.245417595,0.318132818,-0.00422521,-0.580737435,0.231664271,-0.0041161,-0.373249204,-0.028149685,0.001639791
11.12,0.192969197,0.011780819,-1.248623772,0.321191975,-0.00445636,-0.5621578,0.232345477,-0.004290402,-0.352779363,-0.028710524,0.001665709
11.13,0.19658004,0.011706075,-1.25182995,0.324251132,-0.00468751,-0.543578165,0.233026683,-0.004464704,-0.332309522,-0.029271363,0.001691628
11.14,0.200190883,0.011631331,-1.255036128,0.327310289,-0.00491866,-0.52499853,0.233707889,-0.004639006,-0.31183968,-0.029832202,0.001717546
11.15,0.203801725,0.011556587,-1.258242305,0.330369446,-0.00514981,-0.506418895,0.234389095,-0.004813308,-0.291369839,-0.030393042,0.001743465
11.16,0.207412568,0.011481842,-1.261448483,0.333428603,-0.005380961,-0.48783926,0.235070301,-0.00498761,-0.270899998,-0.030953881,0.001769383
11.17,0.211023411,0.011407098,-1.264654661,0.336487761,-0.005612111,-0.469259625,0.235751507,-0.005161912,-0.250430156,-0.03151472,0.001795302
11.18,0.214634253,0.011332354,-1.267860838,0.339546918,-0.005843261,-0.45067999,0.236432713,-0.005336214,-0.229960315,-0.032075559,0.00182122
11.19,0.218245096,0.01125761,-1.271067016,0.342606075,-0.006074411,-0.432100355,0.237113918,-0.005510516,-0.209490474,-0.032636398,0.001847139
11.2,0.221855938,0.011182866,-1.274273194,0.345665232,-0.006305561,-0.41352072,0.237795124,-0.005684818,-0.189020632,-0.033197237,0.001873057
11.21,0.222321759,0.01133911,-1.281713529,0.341014175,-0.006062156,-0.145186726,0.231379201,-0.005541437,0.099626425,-0.035340224,-0.002073369
11.22,0.226282049,0.0112387,-1.284449245,0.344930023,-0.006346035,-0.154357575,0.232848977,-0.005751037,0.090298798,-0.035725269,-0.001606078
11.23,0.230242338,0.011138291,-1.28718496,0.34884587,-0.006629913,-0.163528425,0.234318753,-0.005960637,0.080971171,-0.036110314,-0.001138788
11.24,0.234202628,0.011037881,-1.289920676,0.352761718,-0.006913792,-0.172699274,0.235788529,-0.006170237,0.071643543,-0.036495359,-0.000671498
11.25,0.238162917,0.010937472,-1.292656392,0.356677565,-0.00719767,-0.181870123,0.237258304,-0.006379837,0.062315916,-0.036880404,-0.000204208
11.26,0.242123207,0.010837062,-1.295392107,0.360593413,-0.007481549,-0.191040973,0.23872808,-0.006589438,0.052988289,-0.037265449,0.000263082
11.27,0.246083496,0.010736653,-1.298127823,0.36450926,-0.007765428,-0.200211822,0.240197856,-0.006799038,0.043660662,-0.037650494,0.000730372
11.28,0.250043786,0.010636243,-1.300863539,0.368425108,-0.008049306,-0.209382671,0.241667632,-0.007008638,0.034333035,-0.038035539,0.001197662
11.29,0.254004075,0.010535833,-1.303599254,0.372340955,-0.008333185,-0.218553521,0.243137407,-0.007218238,0.025005408,-0.038420584,0.001664952
11.3,0.257964365,0.010435424,-1.30633497,0.376256803,-0.008617063,-0.22772437,0.244607183,-0.007427839,0.015677781,-0.038805629,0.002132243
11.31,0.258722165,0.010582506,-1.306886335,0.386620005,-0.008990623,-0.358284121,0.253847112,-0.00791576,-0.123433612,-0.040549372,0.010902636
11.32,0.263038287,0.010454597,-1.309864757,0.38981948,-0.009264537,-0.353967314,0.254453537,-0.008094436,-0.118340821,-0.040783451,0.010447359
11.33,0.267354408,0.010326689,-1.312843178,0.393018955,-0.009538451,-0.349650508,0.255059962,-0.008273111,-0.11324803,-0.041017529,0.009992082
11.34,0.27167053,0.01019878,-1.315821599,0.39621843,-0.009812365,-0.345333701,0.255666388,-0.008451787,-0.108155238,-0.041251607,0.009536805
11.35,0.275986651,0.010070872,-1.31880002,0.399417905,-0.010086279,-0.341016895,0.256272813,-0.008630463,-0.103062447,-0.041485686,0.009081528
11.36,0.280302773,0.009942963,-1.321778442,0.402617379,-0.010360193,-0.336700089,0.256879239,-0.008809138,-0.097969656,-0.041719764,0.008626251
11.37,0.284618895,0.009815054,-1.324756863,0.405816854,-0.010634107,-0.332383282,0.257485664,-0.008987814,-0.092876864,-0.041953843,0.008170974
11.38,0.288935016,0.009687146,-1.327735284,0.409016329,-0.010908021,-0.328066476,0.258092089,-0.00916649,-0.087784073,-0.042187921,0.007715698
11.39,0.293251138,0.009559237,-1.330713705,0.412215804,-0.011181935,-0.32374967,0.258698515,-0.009345165,-0.082691282,-0.042422,0.007260421
11.4,0.297567259,0.009431329,-1.333692127,0.415415278,-0.011455849,-0.319432863,0.25930494,-0.009523841,-0.077598491,-0.042656078,0.006805144
11.41,0.299108418,0.009569188,-1.340362753,0.420735368,-0.011348505,-0.311257678,0.262577764,-0.009482066,-0.064063808,-0.043904796,-0.871118803
11.42,0.303732869,0.00941175,-1.342930929,0.423699219,-0.011664781,-0.30736958,0.262887922,-0.009685236,-0.059909005,-0.044026137,-0.774077561
11.43,0.30835732,0.009254312,-1.345499105,0.42666307,-0.011981057,-0.303481483,0.263198081,-0.009888407,-0.055754201,-0.044147477,-0.677036319
11.44,0.31298177,0.009096873,-1.348067282,0.429626921,-0.012297334,-0.299593385,0.26350824,-0.010091577,-0.051599398,-0.044268818,-0.579995077
11.45,0.317606221,0.008939435,-1.350635458,0.432590772,-0.01261361,-0.295705287,0.263818399,-0.010294747,-0.047444595,-0.044390159,-0.482953835
11.46,0.322230672,0.008781996,-1.353203634,0.435554623,-0.012929886,-0.29181719,0.264128558,-0.010497917,-0.043289791,-0.044511499,-0.385912593
11.47,0.326855123,0.008624558,-1.355771811,0.438518474,-0.013246162,-0.287929092,0.264438717,-0.010701087,-0.039134988,-0.04463284,-0.28887135
11.48,0.331479574,0.00846712,-1.358339987,0.441482325,-0.013562438,-0.284040995,0.264748876,-0.010904257,-0.034980185,-0.044754181,-0.191830108
11.49,0.336104024,0.008309681,-1.360908163,0.444446175,-0.013878714,-0.280152897,0.265059035,-0.011107427,-0.030825381,-0.044875522,-0.094788866
11.5,0.340728475,0.008152243,-1.36347634,0.447410026,-0.01419499,-0.2762648,0.265369194,-0.011310597,-0.026670578,-0.044996862,0.002252376
11.51,0.342803984,0.008295049,-1.369523393,0.452768828,-0.014229069,-0.271968796,0.268353446,-0.011414424,-0.018368546,-0.045662367,0.814621589
11.52,0.347711651,0.00810425,-1.371705027,0.455466573,-0.0145767,-0.268126021,0.268366484,-0.011628632,-0.014674545,-0.045723245,0.832181945
11.53,0.352619317,0.007913451,-1.373886662,0.458164318,-0.014924332,-0.264283247,0.268379521,-0.01184284,-0.010980545,-0.045784123,0.849742302
11.54,0.357526984,0.007722652,-1.376068296,0.460862063,-0.015271963,-0.260440472,0.268392559,-0.012057048,-0.007286545,-0.045845001,0.867302658
11.55,0.36243465,0.007531853,-1.378249931,0.463559809,-0.015619594,-0.256597697,0.268405596,-0.012271257,-0.003592545,-0.045905879,0.884863014
11.56,0.367342317,0.007341054,-1.380431565,0.466257554,-0.015967225,-0.252754922,0.268418634,-0.012485465,0.000101455,-0.045966757,0.902423371
11.57,0.372249983,0.007150256,-1.382613199,0.468955299,-0.016314857,-0.248912148,0.268431671,-0.012699673,0.003795455,-0.046027635,0.919983727
11.58,0.37715765,0.006959457,-1.384794834,0.471653045,-0.016662488,-0.245069373,0.268444709,-0.012913881,0.007489456,-0.046088513,0.937544083
11.59,0.382065316,0.006768658,-1.386976468,0.47435079,-0.017010119,-0.241226598,0.268457746,-0.01312809,0.011183456,-0.046149391,0.955104439
11.6,0.386972983,0.006577859,-1.389158103,0.477048535,-0.017357751,-0.237383824,0.268470783,-0.013342298,0.014877456,-0.046210269,0.972664796
11.61,0.38957375,0.006705109,-1.394623271,0.482179931,-0.017635646,-0.230042564,0.270929205,-0.013679558,0.025394541,-0.046618421,1.13846468
11.62,0.394737738,0.006478971,-1.396440068,0.484607271,-0.017991026,-0.22658851,0.270670533,-0.013880094,0.02833042,-0.046640713,1.139553977
11.63,0.399901727,0.006252834,-1.398256866,0.48703461,-0.018346405,-0.223134456,0.270411861,-0.01408063,0.0312663,-0.046663005,1.140643275
11.64,0.405065716,0.006026696,-1.400073663,0.48946195,-0.018701785,-0.219680402,0.27015319,-0.014281166,0.03420218,-0.046685297,1.141732573
11.65,0.410229704,0.005800558,-1.40189046,0.49188929,-0.019057165,-0.216226347,0.269894518,-0.014481702,0.037138059,-0.046707589,1.14282187
11.66,0.415393693,0.005574421,-1.403707258,0.494316629,-0.019412544,-0.212772293,0.269635846,-0.014682237,0.040073939,-0.046729881,1.143911168
11.67,0.420557682,0.005348283,-1.405524055,0.496743969,-0.019767924,-0.209318239,0.269377174,-0.014882773,0.043009819,-0.046752174,1.145000466
11.68,0.425721671,0.005122146,-1.407340853,0.499171309,-0.020123304,-0.205864185,0.269118502,-0.015083309,0.045945698,-0.046774466,1.146089763
11.69,0.430885659,0.004896008,-1.40915765,0.501598648,-0.020478683,-0.20241013,0.26885983,-0.015283845,0.048881578,-0.046796758,1.147179061
11.7,0.436049648,0.004669871,-1.410974447,0.504025988,-0.020834063,-0.198956076,0.268601158,-0.015484381,0.051817458,-0.04681905,1.148268359
11.71,0.439150899,0.004760573,-1.415646013,0.508898104,-0.021278806,-0.190425411,0.270554457,-0.015954762,0.06247224,-0.047016785,1.131245106
11.72,0.444544081,0.004499231,-1.417145614,0.511053802,-0.021624256,-0.187535424,0.270050011,-0.016125315,0.064550464,-0.047019584,1.134346909
11.73,0.449937263,0.004237889,-1.418645214,0.513209499,-0.021969707,-0.184645438,0.269545564,-0.016295868,0.066628688,-0.047022382,1.137448712
11.74,0.455330444,0.003976547,-1.420144815,0.515365197,-0.022315157,-0.181755452,0.269041118,-0.016466421,0.068706912,-0.04702518,1.140550516
11.75,0.460723626,0.003715205,-1.421644416,0.517520895,-0.022660607,-0.178865466,0.268536671,-0.016636974,0.070785135,-0.047027979,1.143652319
11.76,0.466116808,0.003453863,-1.423144017,0.519676593,-0.023006058,-0.175975479,0.268032225,-0.016807527,0.072863359,-0.047030777,1.146754122
11.77,0.47150999,0.003192522,-1.424643618,0.521832291,-0.023351508,-0.173085493,0.267527778,-0.01697808,0.074941583,-0.047033576,1.149855925
11.78,0.476903171,0.00293118,-1.426143219,0.523987989,-0.023696959,-0.170195507,0.267023332,-0.017148633,0.077019806,-0.047036374,1.152957729
11.79,0.482296353,0.002669838,-1.42764282,0.526143687,-0.024042409,-0.16730552,0.266518885,-0.017319186,0.07909803,-0.047039172,1.156059532
11.8,0.487689535,0.002408496,-1.429142421,0.528299384,-0.02438786,-0.164415534,0.266014439,-0.017489739,0.081176254,-0.047041971,1.159161335
11.81,0.491253238,0.002447723,-1.432249797,0.532682083,-0.024969238,-0.141662259,0.267282991,-0.018049718,0.104988168,-0.047676952,1.171851468
11.82,0.496849695,0.002152985,-1.433570756,0.534590336,-0.025288474,-0.140979305,0.266581545,-0.018177002,0.104651537,-0.047609508,1.173887901
11.83,0.502446152,0.001858246,-1.434891716,0.53649859,-0.025607711,-0.140296351,0.265880098,-0.018304285,0.104314906,-0.047542064,1.175924334
11.84,0.508042609,0.001563508,-1.436212675,0.538406843,-0.025926947,-0.139613397,0.265178652,-0.018431569,0.103978276,-0.04747462,1.177960768
11.85,0.513639066,0.00126877,-1.437533634,0.540315096,-0.026246183,-0.138930442,0.264477205,-0.018558852,0.103641645,-0.047407175,1.179997201
11.86,0.519235523,0.000974031,-1.438854593,0.54222335,-0.026565419,-0.138247488,0.263775759,-0.018686136,0.103305014,-0.047339731,1.182033634
11.87,0.52483198,0.000679293,-1.440175553,0.544131603,-0.026884656,-0.137564534,0.263074313,-0.018813419,0.102968383,-0.047272287,1.184070068
11.88,0.530428437,0.000384554,-1.441496512,0.546039857,-0.027203892,-0.13688158,0.262372866,-0.018940703,0.102631753,-0.047204843,1.186106501
11.89,0.536024894,0.0000898,-1.442817471,0.54794811,-0.027523128,-0.136198626,0.26167142,-0.019067987,0.102295122,-0.047137399,1.188142934
11.9,0.541621351,-0.000204923,-1.44413843,0.549856363,-0.027842364,-0.135515671,0.260969974,-0.01919527,0.101958491,-0.047069955,1.190179368
11.91,0.545663,-0.000238766,-1.447778642,0.554995086,-0.028719159,-0.168926255,0.262867695,-0.019994667,0.067225355,-0.048183647,1.193196838
11.92,0.551432213,-0.000562493,-1.448841906,0.556544398,-0.028976444,-0.16445513,0.261877452,-0.020047271,0.070710558,-0.047984966,1.195124267
11.93,0.557201427,-0.00088622,-1.449905171,0.558093711,-0.02923373,-0.159984005,0.260887209,-0.020099876,0.074195761,-0.047786284,1.197051696
11.94,0.56297064,-0.001209947,-1.450968435,0.559643023,-0.029491015,-0.15551288,0.259896966,-0.02015248,0.077680965,-0.047587602,1.198979125
11.95,0.568739854,-0.001533673,-1.4520317,0.561192335,-0.0297483,-0.151041755,0.258906724,-0.020205084,0.081166168,-0.047388921,1.200906555
11.96,0.574509067,-0.0018574,-1.453094965,0.562741648,-0.030005586,-0.14657063,0.257916481,-0.020257688,0.084651371,-0.047190239,1.202833984
11.97,0.580278281,-0.002181127,-1.454158229,0.56429096,-0.030262871,-0.142099505,0.256926238,-0.020310293,0.088136574,-0.046991558,1.204761413
11.98,0.586047494,-0.002504854,-1.455221494,0.565840272,-0.030520156,-0.13762838,0.255935995,-0.020362897,0.091621777,-0.046792876,1.206688843
11.99,0.591816708,-0.002828581,-1.456284758,0.567389585,-0.030777442,-0.133157255,0.254945753,-0.020415501,0.095106981,-0.046594195,1.208616272
12,0.597585921,-0.003152307,-1.457348023,0.568938897,-0.031034727,-0.12868613,0.25395551,-0.020468106,0.098592184,-0.046395513,1.210543701
12.01,0.60204389,-0.003270386,-1.459340381,0.572170101,-0.031863684,-0.0623176,0.25375594,-0.021139725,0.167111474,-0.046912299,1.218310834
12.02,0.607958797,-0.003616963,-1.460300413,0.573532536,-0.03205745,-0.064723964,0.252677845,-0.02112355,0.163370668,-0.046634121,1.219589407
12.03,0.613873704,-0.003963539,-1.461260445,0.574894972,-0.032251216,-0.067130329,0.25159975,-0.021107375,0.159629862,-0.046355943,1.220867981
12.04,0.619788612,-0.004310116,-1.462220477,0.576257407,-0.032444983,-0.069536693,0.250521654,-0.0210912,0.155889055,-0.046077765,1.222146554
12.05,0.625703519,-0.004656693,-1.463180509,0.577619843,-0.032638749,-0.071943057,0.249443559,-0.021075024,0.152148249,-0.045799588,1.223425127
12.06,0.631618427,-0.005003269,-1.464140541,0.578982278,-0.032832515,-0.074349422,0.248365463,-0.021058849,0.148407442,-0.04552141,1.224703701
12.07,0.637533334,-0.005349846,-1.465100573,0.580344714,-0.033026281,-0.076755786,0.247287368,-0.021042674,0.144666636,-0.045243232,1.225982274
12.08,0.643448242,-0.005696422,-1.466060605,0.581707149,-0.033220048,-0.07916215,0.246209273,-0.021026499,0.140925829,-0.044965054,1.227260848
12.09,0.649363149,-0.006042999,-1.467020637,0.583069585,-0.033413814,-0.081568515,0.245131177,-0.021010323,0.137185023,-0.044686876,1.228539421
12.1,0.655278057,-0.006389576,-1.467980669,0.58443202,-0.03360758,-0.083974879,0.244053082,-0.020994148,0.133444216,-0.044408698,1.229817994
12.11,0.660123899,-0.006612904,-1.469088941,0.588897645,-0.034869815,-0.132662439,0.24510789,-0.022031884,0.080055488,-0.044726147,1.262937536
12.12,0.666157592,-0.006973175,-1.470032502,0.589915282,-0.034944863,-0.129926448,0.243792806,-0.021898608,0.081831118,-0.044381788,1.260678224
12.13,0.672191284,-0.007333445,-1.470976063,0.590932918,-0.03501991,-0.127190457,0.242477721,-0.021765331,0.083606747,-0.04403743,1.258418912
12.14,0.678224977,-0.007693716,-1.471919624,0.591950555,-0.035094958,-0.124454467,0.241162636,-0.021632055,0.085382376,-0.043693071,1.2561596
12.15,0.684258669,-0.008053987,-1.472863185,0.592968191,-0.035170005,-0.121718476,0.239847552,-0.021498778,0.087158005,-0.043348713,1.253900288
12.16,0.690292361,-0.008414258,-1.473806746,0.593985828,-0.035245053,-0.118982485,0.238532467,-0.021365502,0.088933634,-0.043004354,1.251640976
12.17,0.696326054,-0.008774529,-1.474750306,0.595003465,-0.0353201,-0.116246495,0.237217382,-0.021232225,0.090709264,-0.042659995,1.249381664
12.18,0.702359746,-0.0091348,-1.475693867,0.596021101,-0.035395147,-0.113510504,0.235902298,-0.021098949,0.092484893,-0.042315637,1.247122352
12.19,0.708393439,-0.009495071,-1.476637428,0.597038738,-0.035470195,-0.110774513,0.234587213,-0.020965672,0.094260522,-0.041971278,1.24486304
12.2,0.714427131,-0.009855342,-1.477580989,0.598056374,-0.035545242,-0.108038522,0.233272128,-0.020832396,0.096036151,-0.04162692,1.242603728
12.21,0.719668474,-0.010209282,-1.481504718,0.601512304,-0.036853329,-0.115659694,0.233211761,-0.021812209,0.089052685,-0.042447676,1.211314099
12.22,0.725790205,-0.010570257,-1.482117149,0.60225902,-0.036791372,-0.111772907,0.231757263,-0.021555256,0.091801547,-0.04197386,1.212280378
12.23,0.731911937,-0.010931231,-1.48272958,0.603005735,-0.036729415,-0.107886121,0.230302765,-0.021298303,0.094550409,-0.041500045,1.213246657
12.24,0.738033668,-0.011292205,-1.483342011,0.60375245,-0.036667458,-0.103999334,0.228848268,-0.02104135,0.097299271,-0.041026229,1.214212935
12.25,0.744155399,-0.01165318,-1.483954442,0.604499165,-0.036605501,-0.100112548,0.22739377,-0.020784396,0.100048133,-0.040552413,1.215179214
12.26,0.75027713,-0.012014154,-1.484566873,0.60524588,-0.036543544,-0.096225761,0.225939272,-0.020527443,0.102796995,-0.040078597,1.216145493
12.27,0.756398861,-0.012375128,-1.485179305,0.605992595,-0.036481587,-0.092338975,0.224484775,-0.02027049,0.105545857,-0.039604782,1.217111771
12.28,0.762520593,-0.012736103,-1.485791736,0.60673931,-0.036419631,-0.088452188,0.223030277,-0.020013537,0.108294719,-0.039130966,1.21807805
12.29,0.768642324,-0.013097077,-1.486404167,0.607486026,-0.036357674,-0.084565402,0.221575779,-0.019756584,0.111043581,-0.03865715,1.219044329
12.3,0.774764055,-0.013458051,-1.487016598,0.608232741,-0.036295717,-0.080678615,0.220121282,-0.019499631,0.113792443,-0.038183334,1.220010608
12.31,0.780300378,-0.013939049,-1.487428355,0.610710725,-0.037528043,-0.002817428,0.219089005,-0.020305702,0.192989681,-0.039269201,1.212882729
12.32,0.786487155,-0.014286688,-1.488063083,0.611265077,-0.037322277,-0.00715002,0.217587594,-0.019930635,0.187244279,-0.038622087,1.214748358
12.33,0.792673931,-0.014634326,-1.488697812,0.611819429,-0.037116511,-0.011482611,0.216086183,-0.019555568,0.181498877,-0.037974974,1.216613988
12.34,0.798860708,-0.014981964,-1.48933254,0.612373781,-0.036910745,-0.015815202,0.214584772,-0.019180501,0.175753475,-0.03732786,1.218479617
12.35,0.805047484,-0.015329603,-1.489967268,0.612928133,-0.036704978,-0.020147794,0.213083361,-0.018805434,0.170008074,-0.036680746,1.220345247
12.36,0.811234261,-0.015677241,-1.490601996,0.613482484,-0.036499212,-0.024480385,0.211581949,-0.018430367,0.164262672,-0.036033632,1.222210876
12.37,0.817421038,-0.016024879,-1.491236725,0.614036836,-0.036293446,-0.028812976,0.210080538,-0.0180553,0.15851727,-0.035386518,1.224076506
12.38,0.823607814,-0.016372518,-1.491871453,0.614591188,-0.03608768,-0.033145568,0.208579127,-0.017680233,0.152771868,-0.034739404,1.225942135
12.39,0.829794591,-0.016720156,-1.492506181,0.61514554,-0.035881914,-0.037478159,0.207077716,-0.017305166,0.147026466,-0.034092291,1.227807765
12.4,0.835981367,-0.017067794,-1.493140909,0.615699892,-0.035676148,-0.04181075,0.205576305,-0.016930099,0.141281064,-0.033445177,1.229673394
12.41,0.84178524,-0.017667202,-1.491811069,0.618546607,-0.03695968,-0.084840567,0.205015987,-0.017706769,0.091667575,-0.034563014,1.325285141
12.42,0.848014562,-0.017986866,-1.492664083,0.618846252,-0.036588436,-0.084873466,0.20341001,-0.017203731,0.090796405,-0.033719794,1.316734536
12.43,0.854243883,-0.01830653,-1.493517096,0.619145897,-0.036217192,-0.084906366,0.201804033,-0.016700693,0.089925235,-0.032876575,1.30818393
12.44,0.860473204,-0.018626194,-1.49437011,0.619445542,-0.035845949,-0.084939266,0.200198056,-0.016197655,0.089054065,-0.032033355,1.299633324
12.45,0.866702526,-0.018945858,-1.495223124,0.619745187,-0.035474705,-0.084972165,0.198592079,-0.015694617,0.088182895,-0.031190136,1.291082718
12.46,0.872931847,-0.019265522,-1.496076137,0.620044831,-0.035103462,-0.085005065,0.196986101,-0.01519158,0.087311724,-0.030346916,1.282532113
12.47,0.879161168,-0.019585186,-1.496929151,0.620344476,-0.034732218,-0.085037965,0.195380124,-0.014688542,0.086440554,-0.029503697,1.273981507
12.48,0.88539049,-0.01990485,-1.497782165,0.620644121,-0.034360974,-0.085070864,0.193774147,-0.014185504,0.085569384,-0.028660477,1.265430901
12.49,0.891619811,-0.020224514,-1.498635178,0.620943766,-0.033989731,-0.085103764,0.19216817,-0.013682466,0.084698214,-0.027817258,1.256880295
12.5,0.897849132,-0.020544178,-1.499488192,0.621243411,-0.033618487,-0.085136664,0.190562193,-0.013179428,0.083827044,-0.026974038,1.24832969
12.51,0.903911703,-0.021327679,-1.500618508,0.623592032,-0.035962379,-0.091310549,0.189559813,-0.014938792,0.076030836,-0.028194184,1.161029781
12.52,0.910159553,-0.021595805,-1.50144071,0.623664013,-0.035289454,-0.090661117,0.18788677,-0.014184376,0.075929114,-0.027121701,1.161229098
12.53,0.916407402,-0.021863932,-1.502262912,0.623735994,-0.034616528,-0.090011685,0.186213726,-0.01342996,0.075827393,-0.026049219,1.161428415
12.54,0.922655251,-0.022132058,-1.503085115,0.623807974,-0.033943603,-0.089362253,0.184540683,-0.012675544,0.075725671,-0.024976737,1.161627731
12.55,0.9289031,-0.022400185,-1.503907317,0.623879955,-0.033270678,-0.088712821,0.182867639,-0.011921128,0.07562395,-0.023904255,1.161827048
12.56,0.935150949,-0.022668312,-1.504729519,0.623951936,-0.032597752,-0.088063389,0.181194596,-0.011166712,0.075522228,-0.022831772,1.162026365
12.57,0.941398798,-0.022936438,-1.505551722,0.624023917,-0.031924827,-0.087413957,0.179521552,-0.010412296,0.075420507,-0.02175929,1.162225682
12.58,0.947646648,-0.023204565,-1.506373924,0.624095897,-0.031251901,-0.086764525,0.177848509,-0.00965788,0.075318786,-0.020686808,1.162424999
12.59,0.953894497,-0.023472691,-1.507196126,0.624167878,-0.030578976,-0.086115093,0.176175465,-0.008903465,0.075217064,-0.019614325,1.162624316
12.6,0.960142346,-0.023740818,-1.508018329,0.624239859,-0.029906051,-0.085465661,0.174502422,-0.008149049,0.075115343,-0.018541843,1.162823632
12.61,0.96642341,-0.024752787,-1.509710865,0.626252767,-0.031939487,-0.090534809,0.173264567,-0.009422021,0.069203492,-0.01962152,1.188098444
12.62,0.972667568,-0.024938264,-1.510436364,0.626109089,-0.030965855,-0.089249979,0.171543169,-0.008442339,0.06974734,-0.018309909,1.185511595
12.63,0.978911727,-0.025123742,-1.511161862,0.625965411,-0.029992223,-0.087965149,0.169821771,-0.007462658,0.070291189,-0.016998297,1.182924746
12.64,0.985155886,-0.025309219,-1.511887361,0.625821733,-0.029018591,-0.086680319,0.168100373,-0.006482977,0.070835037,-0.015686686,1.180337896
12.65,0.991400044,-0.025494697,-1.512612859,0.625678055,-0.028044958,-0.08539549,0.166378975,-0.005503296,0.071378886,-0.014375075,1.177751047
12.66,0.997644203,-0.025680174,-1.513338358,0.625534377,-0.027071326,-0.08411066,0.164657578,-0.004523615,0.071922734,-0.013063464,1.175164198
12.67,1.003888362,-0.025865652,-1.514063856,0.625390699,-0.026097694,-0.08282583,0.16293618,-0.003543934,0.072466583,-0.011751853,1.172577349
12.68,1.01013252,-0.026051129,-1.514789355,0.625247021,-0.025124061,-0.081541,0.161214782,-0.002564252,0.073010431,-0.010440242,1.169990499
12.69,1.016376679,-0.026236606,-1.515514853,0.625103343,-0.024150429,-0.08025617,0.159493384,-0.001584571,0.07355428,-0.009128631,1.16740365
12.7,1.022620838,-0.026422084,-1.516240352,0.624959665,-0.023176797,-0.078971341,0.157771986,-0.00060489,0.074098129,-0.00781702,1.164816801
12.71,1.029086761,-0.027606206,-1.518141577,0.62664691,-0.024574066,-0.078074892,0.156332253,-0.001114397,0.07474306,-0.008456531,0.881248139
12.72,1.03530628,-0.027680723,-1.518736439,0.626299796,-0.023337,-0.076746909,0.154579559,0.0000307,0.075275677,-0.006928129,0.909881491
12.73,1.041525798,-0.02775524,-1.519331301,0.625952683,-0.022099935,-0.075418925,0.152826865,0.001175896,0.075808294,-0.005399726,0.938514843
12.74,1.047745316,-0.027829757,-1.519926164,0.625605569,-0.020862869,-0.074090942,0.151074171,0.002321042,0.076340911,-0.003871324,0.967148195
12.75,1.053964834,-0.027904274,-1.520521026,0.625258455,-0.019625803,-0.072762959,0.149321478,0.003466189,0.076873528,-0.002342922,0.995781548
12.76,1.060184352,-0.027978791,-1.521115888,0.624911341,-0.018388737,-0.071434975,0.147568784,0.004611335,0.077406145,-0.000814519,1.0244149
12.77,1.06640387,-0.028053308,-1.52171075,0.624564227,-0.017151672,-0.070106992,0.14581609,0.005756482,0.077938762,0.000713883,1.053048252
12.78,1.072623389,-0.028127825,-1.522305613,0.624217113,-0.015914606,-0.068779009,0.144063396,0.006901628,0.07847138,0.002242285,1.081681604
12.79,1.078842907,-0.028202341,-1.522900475,0.62387,-0.01467754,-0.067451026,0.142310702,0.008046775,0.079003997,0.003770688,1.110314956
12.8,1.085062425,-0.028276858,-1.523495337,0.623522886,-0.013440474,-0.066123042,0.140558008,0.009191922,0.079536614,0.00529909,1.138948309
12.81,1.091682862,-0.029565982,-1.524899636,0.624921064,-0.014118611,-0.057079633,0.138973182,0.009452497,0.088264013,0.00517717,1.497721953
12.82,1.097857834,-0.029505543,-1.525404561,0.624380029,-0.012668745,-0.056608919,0.137201836,0.010695929,0.087886098,0.006888941,1.489673051
12.83,1.104032805,-0.029445103,-1.525909486,0.623838994,-0.011218879,-0.056138206,0.13543049,0.011939362,0.087508184,0.008600713,1.481624148
12.84,1.110207777,-0.029384664,-1.52641441,0.623297958,-0.009769013,-0.055667492,0.133659144,0.013182794,0.08713027,0.010312484,1.473575246
12.85,1.116382749,-0.029324225,-1.526919335,0.622756923,-0.008319147,-0.055196778,0.131887798,0.014426226,0.086752356,0.012024256,1.465526343
12.86,1.12255772,-0.029263785,-1.52742426,0.622215888,-0.006869281,-0.054726064,0.130116452,0.015669658,0.086374442,0.013736027,1.457477441
12.87,1.128732692,-0.029203346,-1.527929185,0.621674853,-0.005419415,-0.054255351,0.128345106,0.01691309,0.085996528,0.015447799,1.449428538
12.88,1.134907663,-0.029142907,-1.52843411,0.621133818,-0.003969549,-0.053784637,0.12657376,0.018156523,0.085618614,0.01715957,1.441379636
12.89,1.141082635,-0.029082468,-1.528939035,0.620592782,-0.002519683,-0.053313923,0.124802414,0.019399955,0.085240699,0.018871342,1.433330733
12.9,1.147257606,-0.029022028,-1.529443959,0.620051747,-0.001069817,-0.05284321,0.123031069,0.020643387,0.084862785,0.020583113,1.425281831
12.91,1.153995086,-0.030323295,-1.530568793,0.620970525,-0.000616309,-0.056295962,0.121125324,0.02200955,0.080221283,0.020953098,1.405368662
12.92,1.160107557,-0.030111555,-1.531004839,0.620267288,0.000944264,-0.055389307,0.119368912,0.023239346,0.0803171,0.022813957,1.398638011
12.93,1.166220028,-0.029899815,-1.531440885,0.619564052,0.002504836,-0.054482653,0.117612499,0.024469141,0.080412918,0.024674816,1.391907361
12.94,1.172332498,-0.029688075,-1.531876931,0.618860815,0.004065409,-0.053575999,0.115856086,0.025698936,0.080508736,0.026535675,1.38517671
12.95,1.178444969,-0.029476335,-1.532312978,0.618157578,0.005625981,-0.052669344,0.114099673,0.026928732,0.080604554,0.028396534,1.378446059
12.96,1.18455744,-0.029264595,-1.532749024,0.617454342,0.007186554,-0.05176269,0.112343261,0.028158527,0.080700372,0.030257393,1.371715408
12.97,1.19066991,-0.029052855,-1.53318507,0.616751105,0.008747126,-0.050856036,0.110586848,0.029388323,0.08079619,0.032118251,1.364984758
12.98,1.196782381,-0.028841115,-1.533621116,0.616047868,0.010307699,-0.049949381,0.108830435,0.030618118,0.080892008,0.03397911,1.358254107
12.99,1.202894851,-0.028629375,-1.534057162,0.615344632,0.011868271,-0.049042727,0.107074022,0.031847913,0.080987826,0.035839969,1.351523456
13,1.209007322,-0.028417635,-1.534493208,0.614641395,0.013428844,-0.048136073,0.10531761,0.033077709,0.081083644,0.037700828,1.344792805
13.01,1.215815999,-0.029637557,-1.535383174,0.615161201,0.014493209,-0.039987252,0.103203468,0.034918112,0.088507864,0.03803513,1.118692848
13.02,1.221851114,-0.029266744,-1.535768785,0.614322071,0.016108915,-0.039885283,0.101486803,0.036080062,0.087789415,0.040065606,1.136336565
13.03,1.227886228,-0.02889593,-1.536154395,0.613482941,0.017724622,-0.039783313,0.099770138,0.037242013,0.087070966,0.042096083,1.153980282
13.04,1.233921342,-0.028525116,-1.536540006,0.61264381,0.019340329,-0.039681344,0.098053473,0.038403963,0.086352517,0.044126559,1.171623998
13.05,1.239956457,-0.028154303,-1.536925616,0.61180468,0.020956035,-0.039579375,0.096336808,0.039565913,0.085634068,0.046157035,1.189267715
13.06,1.245991571,-0.027783489,-1.537311227,0.61096555,0.022571742,-0.039477406,0.094620143,0.040727863,0.084915619,0.048187512,1.206911431
13.07,1.252026685,-0.027412676,-1.537696837,0.610126419,0.024187449,-0.039375437,0.092903477,0.041889813,0.08419717,0.050217988,1.224555148
13.08,1.2580618,-0.027041862,-1.538082447,0.609287289,0.025803156,-0.039273468,0.091186812,0.043051763,0.083478721,0.052248465,1.242198865
13.09,1.264096914,-0.026671049,-1.538468058,0.608448159,0.027418862,-0.039171499,0.089470147,0.044213713,0.082760272,0.054278941,1.259842581
13.1,1.270132028,-0.026300235,-1.538853668,0.607609029,0.029034569,-0.039069529,0.087753482,0.045375663,0.082041823,0.056309417,1.277486298
13.11,1.276939265,-0.02735235,-1.543092312,0.60711171,0.031035672,-0.114197313,0.08483363,0.047968765,0.005447017,0.055032245,1.383650376
13.12,1.282888588,-0.026823434,-1.543049808,0.6062346,0.032608557,-0.105736482,0.083250652,0.048971698,0.013159274,0.057430238,1.391458497
13.13,1.288837911,-0.026294517,-1.543007303,0.605357491,0.034181442,-0.097275652,0.081667674,0.049974631,0.020871531,0.059828231,1.399266618
13.14,1.294787234,-0.0257656,-1.542964799,0.604480382,0.035754327,-0.088814821,0.080084697,0.050977564,0.028583788,0.062226224,1.407074739
13.15,1.300736557,-0.025236684,-1.542922295,0.603603272,0.037327212,-0.080353991,0.078501719,0.051980498,0.036296046,0.064624216,1.41488286
13.16,1.30668588,-0.024707767,-1.54287979,0.602726163,0.038900097,-0.07189316,0.076918742,0.052983431,0.044008303,0.067022209,1.422690981
13.17,1.312635203,-0.02417885,-1.542837286,0.601849054,0.040472981,-0.06343233,0.075335764,0.053986364,0.05172056,0.069420202,1.430499102
13.18,1.318584526,-0.023649934,-1.542794782,0.600971944,0.042045866,-0.054971499,0.073752786,0.054989297,0.059432817,0.071818195,1.438307222
13.19,1.324533849,-0.023121017,-1.542752277,0.600094835,0.043618751,-0.046510669,0.072169809,0.055992231,0.067145075,0.074216188,1.446115343
13.2,1.330483172,-0.0225921,-1.542709773,0.599217726,0.045191636,-0.038049838,0.070586831,0.056995164,0.074857332,0.076614181,1.453923464
13.21,1.337319879,-0.023667636,-1.546756739,0.600351653,0.042797829,0.040910891,0.06959021,0.054934045,0.160010519,0.074300843,1.508840093
13.22,1.343170604,-0.022960447,-1.54625985,0.599251095,0.044811457,0.0415384,0.067942082,0.056277428,0.159118228,0.077222317,1.511413936
13.23,1.349021329,-0.022253258,-1.54576296,0.598150537,0.046825086,0.042165908,0.066293953,0.057620812,0.158225938,0.080143791,1.513987778
13.24,1.354872053,-0.021546069,-1.54526607,0.597049979,0.048838714,0.042793416,0.064645825,0.058964195,0.157333647,0.083065265,1.51656162
13.25,1.360722778,-0.02083888,-1.54476918,0.595949422,0.050852343,0.043420925,0.062997697,0.060307579,0.156441357,0.085986739,1.519135462
13.26,1.366573503,-0.020131691,-1.54427229,0.594848864,0.052865971,0.044048433,0.061349568,0.061650962,0.155549066,0.088908214,1.521709304
13.27,1.372424228,-0.019424501,-1.5437754,0.593748306,0.054879599,0.044675942,0.05970144,0.062994346,0.154656776,0.091829688,1.524283147
13.28,1.378274952,-0.018717312,-1.54327851,0.592647748,0.056893228,0.04530345,0.058053311,0.064337729,0.153764485,0.094751162,1.526856989
13.29,1.384125677,-0.018010123,-1.54278162,0.59154719,0.058906856,0.045930959,0.056405183,0.065681113,0.152872195,0.097672636,1.529430831
13.3,1.389976402,-0.017302934,-1.54228473,0.590446632,0.060920485,0.046558467,0.054757055,0.067024496,0.151979904,0.10059411,1.532004673
13.31,1.396882255,-0.018532063,-1.542683508,0.59062843,0.06059348,0.040569451,0.052907966,0.067236291,0.143668027,0.098806664,1.549955084
13.32,1.402615744,-0.017609727,-1.542087099,0.589385388,0.062867178,0.041932129,0.051282167,0.068705407,0.143600135,0.102251352,1.550820419
13.33,1.408349232,-0.016687392,-1.541490691,0.588142346,0.065140877,0.043294807,0.049656367,0.070174522,0.143532243,0.105696039,1.551685753
13.34,1.41408272,-0.015765056,-1.540894282,0.586899305,0.067414576,0.044657485,0.048030568,0.071643638,0.143464351,0.109140726,1.552551088
13.35,1.419816208,-0.01484272,-1.540297874,0.585656263,0.069688275,0.046020163,0.046404768,0.073112753,0.143396459,0.112585414,1.553416423
13.36,1.425549697,-0.013920385,-1.539701465,0.584413221,0.071961974,0.047382841,0.044778969,0.074581869,0.143328567,0.116030101,1.554281757
13.37,1.431283185,-0.012998049,-1.539105056,0.583170179,0.074235673,0.048745519,0.043153169,0.076050984,0.143260675,0.119474789,1.555147092
13.38,1.437016673,-0.012075713,-1.538508648,0.581927137,0.076509371,0.050108196,0.04152737,0.0775201,0.143192783,0.122919476,1.556012427
13.39,1.442750162,-0.011153378,-1.537912239,0.580684096,0.07878307,0.051470874,0.03990157,0.078989215,0.14312489,0.126364164,1.556877761
13.4,1.44848365,-0.010231042,-1.53731583,0.579441054,0.081056769,0.052833552,0.038275771,0.080458331,0.143056998,0.129808851,1.557743096
13.41,1.455414106,-0.011469318,-1.537012561,0.579752528,0.081164761,0.072863853,0.036741268,0.081083943,0.161595627,0.128545193,1.656697396
13.42,1.461014598,-0.010306914,-1.536383581,0.578336762,0.083679094,0.072152351,0.035105324,0.082646781,0.159460344,0.13251303,1.646663957
13.43,1.466615089,-0.009144511,-1.535754601,0.576920996,0.086193426,0.071440849,0.033469381,0.084209619,0.15732506,0.136480867,1.636630517
13.44,1.472215581,-0.007982107,-1.535125622,0.575505231,0.088707759,0.070729346,0.031833437,0.085772457,0.155189777,0.140448704,1.626597078
13.45,1.477816073,-0.006819703,-1.534496642,0.574089465,0.091222092,0.070017844,0.030197493,0.087335295,0.153054494,0.144416541,1.616563639
13.46,1.483416565,-0.0056573,-1.533867663,0.572673699,0.093736425,0.069306341,0.02856155,0.088898133,0.150919211,0.148384378,1.606530199
13.47,1.489017057,-0.004494896,-1.533238683,0.571257933,0.096250758,0.068594839,0.026925606,0.090460971,0.148783927,0.152352215,1.59649676
13.48,1.494617549,-0.003332493,-1.532609703,0.569842168,0.098765091,0.067883336,0.025289663,0.09202381,0.146648644,0.156320052,1.586463321
13.49,1.500218041,-0.002170089,-1.531980724,0.568426402,0.101279424,0.067171834,0.023653719,0.093586648,0.144513361,0.160287889,1.576429881
13.5,1.505818533,-0.001007685,-1.531351744,0.567010636,0.103793757,0.066460331,0.022017776,0.095149486,0.142378078,0.164255726,1.566396442
13.51,1.51275098,-0.002157641,-1.53032534,0.566729755,0.105433812,0.060893106,0.020044368,0.097244601,0.133465316,0.163941055,1.600273456
13.52,1.518203477,-0.000738309,-1.529740519,0.565187891,0.108045287,0.060721128,0.018445921,0.098748297,0.132083086,0.168384727,1.585361077
13.53,1.523655974,0.000681024,-1.529155698,0.563646027,0.110656762,0.06054915,0.016847473,0.100251993,0.130700856,0.172828398,1.570448699
13.54,1.52910847,0.002100356,-1.528570876,0.562104163,0.113268237,0.060377173,0.015249026,0.101755689,0.129318626,0.177272069,1.55553632
13.55,1.534560967,0.003519689,-1.527986055,0.560562299,0.115879712,0.060205195,0.013650578,0.103259385,0.127936396,0.181715741,1.540623942
13.56,1.540013464,0.004939021,-1.527401234,0.559020435,0.118491187,0.060033217,0.01205213,0.104763082,0.126554166,0.186159412,1.525711563
13.57,1.545465961,0.006358354,-1.526816412,0.557478571,0.121102662,0.05986124,0.010453683,0.106266778,0.125171936,0.190603083,1.510799185
13.58,1.550918458,0.007777686,-1.526231591,0.555936706,0.123714136,0.059689262,0.008855235,0.107770474,0.123789706,0.195046754,1.495886806
13.59,1.556370954,0.009197018,-1.52564677,0.554394842,0.126325611,0.059517284,0.007256788,0.10927417,0.122407475,0.199490426,1.480974428
13.6,1.561823451,0.010616351,-1.525061948,0.552852978,0.128937086,0.059345307,0.00565834,0.110777866,0.121025245,0.203934097,1.466062049
13.61,1.568718823,0.009661405,-1.52430325,0.552389841,0.131154967,0.059557722,0.003700017,0.113241295,0.118783401,0.205105499,1.362038744
13.62,1.574011,0.011344546,-1.523737749,0.550728118,0.133810174,0.059343034,0.002141555,0.114638354,0.117496684,0.209912756,1.35702758
13.63,1.579303178,0.013027687,-1.523172247,0.549066395,0.136465382,0.059128346,0.000583094,0.116035414,0.116209966,0.214720013,1.352016415
13.64,1.584595355,0.014710828,-1.522606745,0.547404673,0.13912059,0.058913658,-0.000975367,0.117432473,0.114923249,0.21952727,1.347005251
13.65,1.589887532,0.01639397,-1.522041244,0.54574295,0.141775797,0.05869897,-0.002533828,0.118829532,0.113636531,0.224334526,1.341994086
13.66,1.59517971,0.018077111,-1.521475742,0.544081227,0.144431005,0.058484282,-0.00409229,0.120226591,0.112349814,0.229141783,1.336982922
13.67,1.600471887,0.019760252,-1.52091024,0.542419505,0.147086212,0.058269594,-0.005650751,0.121623651,0.111063097,0.23394904,1.331971757
13.68,1.605764065,0.021443393,-1.520344739,0.540757782,0.14974142,0.058054906,-0.007209212,0.12302071,0.109776379,0.238756297,1.326960593
13.69,1.611056242,0.023126534,-1.519779237,0.539096059,0.152396627,0.057840218,-0.008767674,0.124417769,0.108489662,0.243563553,1.321949428
13.7,1.61634842,0.024809676,-1.519213735,0.537434337,0.155051835,0.05762553,-0.010326135,0.125814828,0.107202944,0.24837081,1.316938264
13.71,1.623184754,0.024099374,-1.51835509,0.536716682,0.157697161,0.059411432,-0.012343144,0.12845936,0.106758771,0.250962015,1.281830407
13.72,1.628305358,0.026048454,-1.51782216,0.534950063,0.160353467,0.058974456,-0.013850655,0.129717811,0.105378438,0.2560155,1.280163319
13.73,1.633425963,0.027997533,-1.517289229,0.533183444,0.163009772,0.058537481,-0.015358167,0.130976262,0.103998104,0.261068984,1.278496232
13.74,1.638546567,0.029946612,-1.516756299,0.531416825,0.165666077,0.058100505,-0.016865679,0.132234713,0.102617771,0.266122469,1.276829144
13.75,1.643667171,0.031895692,-1.516223369,0.529650206,0.168322383,0.057663529,-0.01837319,0.133493165,0.101237437,0.271175954,1.275162057
13.76,1.648787776,0.033844771,-1.515690439,0.527883587,0.170978688,0.057226553,-0.019880702,0.134751616,0.099857104,0.276229438,1.273494969
13.77,1.65390838,0.03579385,-1.515157509,0.526116968,0.173634994,0.056789578,-0.021388213,0.136010067,0.09847677,0.281282923,1.271827881
13.78,1.659028985,0.03774293,-1.514624579,0.524350348,0.176291299,0.056352602,-0.022895725,0.137268519,0.097096437,0.286336408,1.270160794
13.79,1.664149589,0.039692009,-1.514091649,0.522583729,0.178947605,0.055915626,-0.024403236,0.13852697,0.095716103,0.291389893,1.268493706
13.8,1.669270194,0.041641088,-1.513558719,0.52081711,0.18160391,0.05547865,-0.025910748,0.139785421,0.09433577,0.296443377,1.266826619
13.81,1.676010004,0.041233095,-1.512920572,0.519529231,0.185139472,0.049287695,-0.028296281,0.143055735,0.085959157,0.301385347,1.251883603
13.82,1.680950696,0.043444071,-1.512399333,0.517709418,0.187698083,0.04949005,-0.029706234,0.144090646,0.085356188,0.306451222,1.251691618
13.83,1.685891389,0.045655047,-1.511878093,0.515889606,0.190256693,0.049692405,-0.031116188,0.145125557,0.084753219,0.311517097,1.251499634
13.84,1.690832082,0.047866024,-1.511356854,0.514069794,0.192815303,0.049894761,-0.032526142,0.146160468,0.084150249,0.316582973,1.251307649
13.85,1.695772775,0.050077,-1.510835615,0.512249981,0.195373914,0.050097116,-0.033936095,0.147195379,0.08354728,0.321648848,1.251115665
13.86,1.700713467,0.052287976,-1.510314375,0.510430169,0.197932524,0.050299471,-0.035346049,0.14823029,0.082944311,0.326714723,1.25092368
13.87,1.70565416,0.054498952,-1.509793136,0.508610357,0.200491134,0.050501827,-0.036756003,0.149265201,0.082341342,0.331780599,1.250731696
13.88,1.710594853,0.056709929,-1.509271897,0.506790544,0.203049745,0.050704182,-0.038165956,0.150300112,0.081738373,0.336846474,1.250539712
13.89,1.715535545,0.058920905,-1.508750657,0.504970732,0.205608355,0.050906537,-0.03957591,0.151335023,0.081135404,0.341912349,1.250347727
13.9,1.720476238,0.061131881,-1.508229418,0.50315092,0.208166965,0.051108893,-0.040985864,0.152369934,0.080532435,0.346978225,1.250155743
13.91,1.727060421,0.06112331,-1.507232817,0.501324664,0.212549248,0.064466276,-0.043671219,0.156159937,0.092541822,0.354080713,1.251758776
13.92,1.731818503,0.063580902,-1.506764396,0.499505568,0.214905228,0.063206961,-0.044939462,0.156888727,0.09053748,0.358920298,1.251367345
13.93,1.736576586,0.066038495,-1.506295975,0.497686471,0.217261208,0.061947647,-0.046207704,0.157617516,0.088533138,0.363759883,1.250975914
13.94,1.741334669,0.068496088,-1.505827553,0.495867375,0.219617188,0.060688333,-0.047475946,0.158346306,0.086528796,0.368599468,1.250584483
13.95,1.746092752,0.07095368,-1.505359132,0.494048278,0.221973168,0.059429018,-0.048744189,0.159075096,0.084524454,0.373439053,1.250193052
13.96,1.750850834,0.073411273,-1.504890711,0.492229182,0.224329148,0.058169704,-0.050012431,0.159803885,0.082520112,0.378278638,1.249801621
13.97,1.755608917,0.075868866,-1.504422289,0.490410086,0.226685128,0.056910389,-0.051280674,0.160532675,0.08051577,0.383118223,1.249410191
13.98,1.760367,0.078326458,-1.503953868,0.488590989,0.229041109,0.055651075,-0.052548916,0.161261465,0.078511429,0.387957808,1.24901876
13.99,1.765125082,0.080784051,-1.503485446,0.486771893,0.231397089,0.05439176,-0.053817158,0.161990254,0.076507087,0.392797393,1.248627329
14,1.769883165,0.083241644,-1.503017025,0.484952796,0.233753069,0.053132446,-0.055085401,0.162719044,0.074502745,0.397636978,1.248235898
14.01,1.776249247,0.0836971,-1.501370349,0.482516803,0.238446005,0.052769428,-0.058111958,0.166440701,0.071590792,0.405194883,1.245581235
14.02,1.780828663,0.086377152,-1.501032844,0.480766251,0.240542324,0.051410525,-0.059184832,0.16683695,0.069687296,0.409732433,1.245441274
14.03,1.785408079,0.089057204,-1.50069534,0.479015699,0.242638642,0.050051622,-0.060257706,0.167233199,0.067783799,0.414269982,1.245301314
14.04,1.789987495,0.091737257,-1.500357836,0.477265146,0.24473496,0.048692719,-0.06133058,0.167629447,0.065880303,0.418807531,1.245161353
14.05,1.794566911,0.094417309,-1.500020332,0.475514594,0.246831279,0.047333816,-0.062403454,0.168025696,0.063976807,0.423345081,1.245021392
14.06,1.799146327,0.097097361,-1.499682828,0.473764042,0.248927597,0.045974913,-0.063476328,0.168421945,0.06207331,0.42788263,1.244881432
14.07,1.803725744,0.099777414,-1.499345324,0.472013489,0.251023915,0.04461601,-0.064549202,0.168818194,0.060169814,0.432420179,1.244741471
14.08,1.80830516,0.102457466,-1.499007819,0.470262937,0.253120233,0.043257107,-0.065622077,0.169214443,0.058266318,0.436957729,1.24460151
14.09,1.812884576,0.105137518,-1.498670315,0.468512385,0.255216552,0.041898204,-0.066694951,0.169610692,0.056362822,0.441495278,1.24446155
14.1,1.817463992,0.107817571,-1.498332811,0.466761832,0.25731287,0.040539301,-0.067767825,0.170006941,0.054459325,0.446032828,1.244321589
14.11,1.823579763,0.108722379,-1.496759663,0.464200216,0.261618106,0.039432073,-0.07061735,0.172968731,0.051094358,0.453558493,1.24335281
14.12,1.827988473,0.11159968,-1.496559453,0.462539782,0.263468989,0.038045206,-0.071492818,0.17307992,0.049353247,0.45776403,1.243304941
14.13,1.832397183,0.114476982,-1.496359242,0.460879348,0.265319872,0.036658339,-0.072368286,0.173191109,0.047612137,0.461969566,1.243257071
14.14,1.836805893,0.117354284,-1.496159032,0.459218914,0.267170755,0.035271472,-0.073243755,0.173302297,0.045871026,0.466175103,1.243209201
14.15,1.841214603,0.120231585,-1.495958821,0.45755848,0.269021638,0.033884605,-0.074119223,0.173413486,0.044129916,0.470380639,1.243161331
14.16,1.845623313,0.123108887,-1.495758611,0.455898046,0.270872521,0.032497738,-0.074994692,0.173524675,0.042388805,0.474586176,1.243113462
14.17,1.850032024,0.125986189,-1.495558401,0.454237611,0.272723404,0.031110871,-0.07587016,0.173635863,0.040647694,0.478791712,1.243065592
14.18,1.854440734,0.128863491,-1.49535819,0.452577177,0.274574287,0.029724004,-0.076745628,0.173747052,0.038906584,0.482997249,1.243017722
14.19,1.858849444,0.131740792,-1.49515798,0.450916743,0.27642517,0.028337137,-0.077621097,0.173858241,0.037165473,0.487202785,1.242969852
14.2,1.863258154,0.134618094,-1.49495777,0.449256309,0.278276053,0.026950271,-0.078496565,0.173969429,0.035424363,0.491408321,1.242921983
14.21,1.869103993,0.135944911,-1.494426812,0.44652503,0.282286708,0.007210277,-0.081230801,0.17634046,0.013763126,0.4976009,1.31593591
14.22,1.873353022,0.138994489,-1.494263352,0.444983578,0.283897616,0.007862646,-0.08189974,0.176200555,0.014235363,0.501585654,1.307770062
14.23,1.877602051,0.142044066,-1.494099891,0.443442127,0.285508524,0.008515016,-0.082568678,0.17606065,0.0147076,0.505570408,1.299604215
14.24,1.88185108,0.145093644,-1.49393643,0.441900676,0.287119433,0.009167385,-0.083237617,0.175920745,0.015179836,0.509555162,1.291438368
14.25,1.886100109,0.148143222,-1.493772969,0.440359225,0.288730341,0.009819754,-0.083906556,0.17578084,0.015652073,0.513539916,1.283272521
14.26,1.890349139,0.1511928,-1.493609509,0.438817774,0.290341249,0.010472124,-0.084575494,0.175640936,0.01612431,0.51752467,1.275106674
14.27,1.894598168,0.154242377,-1.493446048,0.437276322,0.291952157,0.011124493,-0.085244433,0.175501031,0.016596547,0.521509424,1.266940827
14.28,1.898847197,0.157291955,-1.493282587,0.435734871,0.293563066,0.011776862,-0.085913372,0.175361126,0.017068783,0.525494178,1.258774979
14.29,1.903096226,0.160341533,-1.493119126,0.43419342,0.295173974,0.012429232,-0.086582311,0.175221221,0.01754102,0.529478932,1.250609132
14.3,1.907345255,0.163391111,-1.492955666,0.432651969,0.296784882,0.013081601,-0.087251249,0.175081316,0.018013257,0.533463686,1.242443285
14.31,1.913011206,0.164997269,-1.490825913,0.431767442,0.298437916,0.064799875,-0.087865308,0.174857622,0.069976411,0.538384853,1.188110809
14.32,1.917102799,0.168207227,-1.490880929,0.430152999,0.300044144,0.059778255,-0.088540345,0.174727027,0.064727435,0.542265562,1.185074587
14.33,1.921194393,0.171417185,-1.490935945,0.428538556,0.301650371,0.054756635,-0.089215381,0.174596432,0.059478459,0.54614627,1.182038365
14.34,1.925285986,0.174627142,-1.490990961,0.426924114,0.303256599,0.049735015,-0.089890418,0.174465837,0.054229482,0.550026978,1.179002144
14.35,1.92937758,0.1778371,-1.491045978,0.425309671,0.304862827,0.044713395,-0.090565454,0.174335242,0.048980506,0.553907686,1.175965922
14.36,1.933469173,0.181047058,-1.491100994,0.423695228,0.306469054,0.039691775,-0.091240491,0.174204647,0.04373153,0.557788394,1.1729297
14.37,1.937560767,0.184257015,-1.49115601,0.422080785,0.308075282,0.034670155,-0.091915527,0.174074052,0.038482553,0.561669102,1.169893479
14.38,1.94165236,0.187466973,-1.491211026,0.420466342,0.30968151,0.029648535,-0.092590564,0.173943457,0.033233577,0.56554981,1.166857257
14.39,1.945743954,0.190676931,-1.491266042,0.418851899,0.311287737,0.024626914,-0.0932656,0.173812862,0.027984601,0.569430518,1.163821035
14.4,1.949835547,0.193886888,-1.491321058,0.417237456,0.312893965,0.019605294,-0.093940637,0.173682267,0.022735625,0.573311227,1.160784813
14.41,1.955336877,0.195729295,-1.489081777,0.414703013,0.316122289,-0.029917954,-0.096143207,0.175056233,-0.031739059,0.578529354,1.170299055
14.42,1.959271833,0.199091202,-1.489391715,0.413190792,0.317548284,-0.029994949,-0.096648517,0.174758464,-0.031518512,0.58226146,1.165868338
14.43,1.963206789,0.20245311,-1.489701653,0.411678572,0.318974278,-0.030071943,-0.097153828,0.174460696,-0.031297965,0.585993566,1.16143762
14.44,1.967141745,0.205815018,-1.490011591,0.410166351,0.320400273,-0.030148938,-0.097659138,0.174162928,-0.031077419,0.589725672,1.157006902
14.45,1.971076701,0.209176926,-1.49032153,0.40865413,0.321826268,-0.030225933,-0.098164449,0.173865159,-0.030856872,0.593457778,1.152576184
14.46,1.975011657,0.212538834,-1.490631468,0.40714191,0.323252263,-0.030302927,-0.09866976,0.173567391,-0.030636325,0.597189884,1.148145467
14.47,1.978946613,0.215900741,-1.490941406,0.405629689,0.324678258,-0.030379922,-0.09917507,0.173269623,-0.030415779,0.60092199,1.143714749
14.48,1.98288157,0.219262649,-1.491251344,0.404117469,0.326104252,-0.030456917,-0.099680381,0.172971854,-0.030195232,0.604654096,1.139284031
14.49,1.986816526,0.222624557,-1.491561282,0.402605248,0.327530247,-0.030533911,-0.100185691,0.172674086,-0.029974685,0.608386202,1.134853314
14.5,1.990751482,0.225986465,-1.49187122,0.401093028,0.328956242,-0.030610906,-0.100691002,0.172376317,-0.029754138,0.612118308,1.130422596
14.51,1.996035249,0.228115466,-1.491253704,0.399287907,0.331440334,-0.013523683,-0.101943992,0.172868655,-0.012170882,0.617715658,1.100039918
14.52,1.999820337,0.231614363,-1.491666692,0.397808231,0.332748763,-0.015507813,-0.102366227,0.172483097,-0.013879526,0.621240514,1.098492751
14.53,2.003605425,0.235113261,-1.492079681,0.396328555,0.334057191,-0.017491943,-0.102788462,0.172097539,-0.015588169,0.624765371,1.096945585
14.54,2.007390513,0.238612158,-1.492492669,0.394848879,0.335365619,-0.019476073,-0.103210697,0.171711981,-0.017296812,0.628290228,1.095398418
14.55,2.011175602,0.242111056,-1.492905658,0.393369203,0.336674048,-0.021460203,-0.103632932,0.171326423,-0.019005455,0.631815084,1.093851252
14.56,2.01496069,0.245609953,-1.493318646,0.391889526,0.337982476,-0.023444333,-0.104055167,0.170940865,-0.020714098,0.635339941,1.092304085
14.57,2.018745778,0.249108851,-1.493731635,0.39040985,0.339290905,-0.025428463,-0.104477402,0.170555308,-0.022422742,0.638864797,1.090756919
14.58,2.022530866,0.252607748,-1.494144623,0.388930174,0.340599333,-0.027412593,-0.104899637,0.17016975,-0.024131385,0.642389654,1.089209752
14.59,2.026315954,0.256106646,-1.494557612,0.387450498,0.341907762,-0.029396723,-0.105321872,0.169784192,-0.025840028,0.645914511,1.087662586
14.6,2.030101043,0.259605543,-1.4949706,0.385970822,0.34321619,-0.031380853,-0.105744107,0.169398634,-0.027548671,0.649439367,1.086115419
14.61,2.03514543,0.262028606,-1.496030258,0.38300943,0.346568682,-0.082012631,-0.10802807,0.170710137,-0.079442742,0.655451493,1.085746289
14.62,2.038790596,0.265647041,-1.496371394,0.381694389,0.347649992,-0.078591467,-0.108243447,0.170136017,-0.075575227,0.658699986,1.08406823
14.63,2.042435762,0.269265475,-1.49671253,0.380379348,0.348731303,-0.075170303,-0.108458823,0.169561897,-0.071707711,0.66194848,1.08239017
14.64,2.046080928,0.27288391,-1.497053667,0.379064307,0.349812613,-0.071749138,-0.108674199,0.168987777,-0.067840196,0.665196973,1.080712111
14.65,2.049726094,0.276502345,-1.497394803,0.377749266,0.350893923,-0.068327974,-0.108889576,0.168413656,-0.06397268,0.668445466,1.079034051
14.66,2.053371261,0.280120779,-1.497735939,0.376434225,0.351975234,-0.064906809,-0.109104952,0.167839536,-0.060105165,0.67169396,1.077355992
14.67,2.057016427,0.283739214,-1.498077076,0.375119184,0.353056544,-0.061485645,-0.109320329,0.167265416,-0.056237649,0.674942453,1.075677933
14.68,2.060661593,0.287357649,-1.498418212,0.373804143,0.354137854,-0.058064481,-0.109535705,0.166691296,-0.052370134,0.678190947,1.073999873
14.69,2.064306759,0.290976083,-1.498759348,0.372489102,0.355219165,-0.054643316,-0.109751081,0.166117175,-0.048502619,0.68143944,1.072321814
14.7,2.067951925,0.294594518,-1.499100485,0.371174061,0.356300475,-0.051222152,-0.109966458,0.165543055,-0.044635103,0.684687933,1.070643755
14.71,2.072754768,0.297297789,-1.500736075,0.369291307,0.358572499,-0.012108808,-0.110943385,0.16564294,-0.001594644,0.691167739,1.080572053
14.72,2.076271304,0.301017909,-1.500933383,0.368039345,0.359521508,-0.012653441,-0.111074145,0.164993931,-0.002079678,0.694057198,1.077604398
14.73,2.079787839,0.304738028,-1.501130692,0.366787384,0.360470517,-0.013198075,-0.111204905,0.164344921,-0.002564712,0.696946656,1.074636743
14.74,2.083304374,0.308458148,-1.501328,0.365535422,0.361419525,-0.013742708,-0.111335664,0.163695911,-0.003049746,0.699836115,1.071669089
14.75,2.08682091,0.312178267,-1.501525308,0.36428346,0.362368534,-0.014287341,-0.111466424,0.163046901,-0.00353478,0.702725574,1.068701434
14.76,2.090337445,0.315898387,-1.501722616,0.363031498,0.363317543,-0.014831975,-0.111597184,0.162397892,-0.004019814,0.705615032,1.065733779
14.77,2.09385398,0.319618506,-1.501919924,0.361779536,0.364266552,-0.015376608,-0.111727943,0.161748882,-0.004504848,0.708504491,1.062766125
14.78,2.097370515,0.323338626,-1.502117232,0.360527574,0.36521556,-0.015921241,-0.111858703,0.161099872,-0.004989881,0.71139395,1.05979847
14.79,2.100887051,0.327058745,-1.50231454,0.359275613,0.366164569,-0.016465875,-0.111989462,0.160450862,-0.005474915,0.714283408,1.056830815
14.8,2.104403586,0.330778865,-1.502511848,0.358023651,0.367113578,-0.017010508,-0.112120222,0.159801853,-0.005959949,0.717172867,1.053863161
14.81,2.108980498,0.333731158,-1.502478747,0.355408599,0.369796729,-0.022750722,-0.113731755,0.160302876,-0.012077094,0.723762916,1.6351923
14.82,2.112379214,0.337536591,-1.502701656,0.354308092,0.370553055,-0.022718069,-0.113697984,0.159526085,-0.011936338,0.726241198,1.567302779
14.83,2.11577793,0.341342025,-1.502924565,0.353207584,0.371309381,-0.022685415,-0.113664213,0.158749294,-0.011795582,0.72871948,1.499413259
14.84,2.119176645,0.345147459,-1.503147474,0.352107077,0.372065708,-0.022652762,-0.113630443,0.157972502,-0.011654825,0.731197762,1.431523738
14.85,2.122575361,0.348952892,-1.503370383,0.35100657,0.372822034,-0.022620109,-0.113596672,0.157195711,-0.011514069,0.733676044,1.363634217
14.86,2.125974077,0.352758326,-1.503593292,0.349906062,0.37357836,-0.022587455,-0.113562901,0.15641892,-0.011373313,0.736154326,1.295744696
14.87,2.129372792,0.356563759,-1.503816201,0.348805555,0.374334687,-0.022554802,-0.11352913,0.155642129,-0.011232557,0.738632608,1.227855176
14.88,2.132771508,0.360369193,-1.50403911,0.347705047,0.375091013,-0.022522148,-0.11349536,0.154865338,-0.0110918,0.74111089,1.159965655
14.89,2.136170224,0.364174626,-1.504262019,0.34660454,0.375847339,-0.022489495,-0.113461589,0.154088546,-0.010951044,0.743589172,1.092076134
14.9,2.139568939,0.36798006,-1.504484928,0.345504032,0.376603666,-0.022456842,-0.113427818,0.153311755,-0.010810288,0.746067454,1.024186614
14.91,2.143890364,0.371187071,-1.504180353,0.343017498,0.379012353,-0.011287362,-0.114749681,0.153488213,0.000593975,0.752542678,0.551245834
14.92,2.147186557,0.375058996,-1.504461871,0.342070993,0.379585083,-0.012492134,-0.114565284,0.152605505,-0.000516769,0.754576856,0.528362009
14.93,2.150482749,0.378930921,-1.504743389,0.341124489,0.380157814,-0.013696906,-0.114380888,0.151722797,-0.001627514,0.756611033,0.505478183
14.94,2.153778941,0.382802846,-1.505024908,0.340177985,0.380730545,-0.014901677,-0.114196491,0.150840089,-0.002738258,0.75864521,0.482594358
14.95,2.157075134,0.386674771,-1.505306426,0.33923148,0.381303276,-0.016106449,-0.114012094,0.149957382,-0.003849003,0.760679388,0.459710533
14.96,2.160371326,0.390546696,-1.505587944,0.338284976,0.381876006,-0.017311221,-0.113827697,0.149074674,-0.004959747,0.762713565,0.436826708
14.97,2.163667519,0.394418621,-1.505869463,0.337338471,0.382448737,-0.018515993,-0.113643301,0.148191966,-0.006070492,0.764747742,0.413942882
14.98,2.166963711,0.398290545,-1.506150981,0.336391967,0.383021468,-0.019720764,-0.113458904,0.147309259,-0.007181236,0.766781919,0.391059057
14.99,2.170259904,0.40216247,-1.506432499,0.335445463,0.383594199,-0.020925536,-0.113274507,0.146426551,-0.008291981,0.768816097,0.368175232
15,2.173556096,0.406034395,-1.506714018,0.334498958,0.384166929,-0.022130308,-0.11309011,0.145543843,-0.009402725,0.770850274,0.345291406
15.01,2.177620302,0.409479739,-1.506199578,0.331859095,0.386516317,-0.029102741,-0.114433116,0.145643356,-0.017280801,0.777046909,0.185899096
15.02,2.18083116,0.413399062,-1.506569536,0.331100742,0.386891642,-0.029666662,-0.114079008,0.144651513,-0.01763962,0.778618591,0.17818288
15.03,2.184042017,0.417318384,-1.506939494,0.330342388,0.387266966,-0.030230582,-0.113724899,0.143659669,-0.017998439,0.780190273,0.170466664
15.04,2.187252875,0.421237707,-1.507309452,0.329584035,0.38764229,-0.030794503,-0.113370791,0.142667826,-0.018357258,0.781761955,0.162750448
15.05,2.190463733,0.42515703,-1.50767941,0.328825682,0.388017615,-0.031358423,-0.113016683,0.141675983,-0.018716076,0.783333637,0.155034233
15.06,2.19367459,0.429076353,-1.508049368,0.328067328,0.388392939,-0.031922343,-0.112662575,0.140684139,-0.019074895,0.784905319,0.147318017
15.07,2.196885448,0.432995675,-1.508419326,0.327308975,0.388768264,-0.032486264,-0.112308467,0.139692296,-0.019433714,0.786477,0.139601801
15.08,2.200096305,0.436914998,-1.508789284,0.326550621,0.389143588,-0.033050184,-0.111954359,0.138700453,-0.019792533,0.788048682,0.131885585
15.09,2.203307163,0.440834321,-1.509159243,0.325792268,0.389518912,-0.033614105,-0.111600251,0.13770861,-0.020151351,0.789620364,0.124169369
15.1,2.20651802,0.444753644,-1.509529201,0.325033915,0.389894237,-0.034178025,-0.111246143,0.136716766,-0.02051017,0.791192046,0.116453154
15.11,2.210325693,0.448421393,-1.509438415,0.322556509,0.391974274,-0.035678734,-0.11229239,0.136536977,-0.022128714,0.79686534,0.062616027
15.12,2.213470238,0.452368668,-1.509859566,0.321989161,0.392160186,-0.036138567,-0.111782687,0.135454906,-0.022347563,0.797981288,0.060024357
15.13,2.216614783,0.456315944,-1.510280718,0.321421814,0.392346098,-0.036598399,-0.111272984,0.134372834,-0.022566412,0.799097235,0.057432687
15.14,2.219759327,0.460263219,-1.51070187,0.320854466,0.39253201,-0.037058232,-0.110763281,0.133290763,-0.022785262,0.800213182,0.054841017
15.15,2.222903872,0.464210494,-1.511123022,0.320287119,0.392717921,-0.037518065,-0.110253578,0.132208691,-0.023004111,0.801329129,0.052249346
15.16,2.226048417,0.46815777,-1.511544174,0.319719771,0.392903833,-0.037977898,-0.109743875,0.13112662,-0.02322296,0.802445077,0.049657676
15.17,2.229192962,0.472105045,-1.511965326,0.319152424,0.393089745,-0.038437731,-0.109234172,0.130044548,-0.02344181,0.803561024,0.047066006
15.18,2.232337506,0.47605232,-1.512386478,0.318585076,0.393275657,-0.038897564,-0.108724469,0.128962476,-0.023660659,0.804676971,0.044474336
15.19,2.235482051,0.479999596,-1.51280763,0.318017729,0.393461568,-0.039357397,-0.108214765,0.127880405,-0.023879508,0.805792918,0.041882666
15.2,2.238626596,0.483946871,-1.513228782,0.317450381,0.39364748,-0.03981723,-0.107705062,0.126798333,-0.024098357,0.806908866,0.039290996
15.21,2.242195937,0.487804702,-1.513318121,0.315172835,0.395358414,-0.041918853,-0.108446825,0.126267419,-0.026155961,0.811853112,0.021276953
15.22,2.245293282,0.491761915,-1.513776141,0.31479551,0.395374879,-0.042196265,-0.10779807,0.125124108,-0.026170505,0.812543693,0.02039888
15.23,2.248390628,0.495719129,-1.514234161,0.314418184,0.395391343,-0.042473676,-0.107149315,0.123980796,-0.026185048,0.813234273,0.019520807
15.24,2.251487973,0.499676343,-1.514692181,0.314040859,0.395407808,-0.042751088,-0.10650056,0.122837485,-0.026199591,0.813924854,0.018642734
15.25,2.254585318,0.503633556,-1.515150201,0.313663533,0.395424273,-0.0430285,-0.105851806,0.121694174,-0.026214134,0.814615435,0.017764661
15.26,2.257682663,0.50759077,-1.515608221,0.313286208,0.395440738,-0.043305911,-0.105203051,0.120550863,-0.026228678,0.815306015,0.016886588
15.27,2.260780008,0.511547984,-1.516066241,0.312908882,0.395457203,-0.043583323,-0.104554296,0.119407551,-0.026243221,0.815996596,0.016008515
15.28,2.263877353,0.515505198,-1.516524261,0.312531557,0.395473668,-0.043860735,-0.103905541,0.11826424,-0.026257764,0.816687177,0.015130442
15.29,2.266974698,0.519462411,-1.516982281,0.312154231,0.395490133,-0.044138147,-0.103256786,0.117120929,-0.026272307,0.817377757,0.014252369
15.3,2.270072043,0.523419625,-1.517440301,0.311776906,0.395506598,-0.044415558,-0.102608032,0.115977618,-0.02628685,0.818068338,0.013374296
15.31,2.273425041,0.527430624,-1.517943997,0.309731896,0.396869065,-0.050600769,-0.103043082,0.115151329,-0.032222281,0.822274026,0.007222303
15.32,2.27649398,0.531381862,-1.518396942,0.309539868,0.396735974,-0.050221759,-0.102273904,0.113972793,-0.031578948,0.822574039,0.006930221
15.33,2.27956292,0.535333099,-1.518849886,0.309347841,0.396602883,-0.049842748,-0.101504727,0.112794257,-0.030935615,0.822874052,0.006638139
15.34,2.282631859,0.539284337,-1.519302831,0.309155814,0.396469793,-0.049463738,-0.100735549,0.111615721,-0.030292282,0.823174066,0.006346057
15.35,2.285700798,0.543235574,-1.519755776,0.308963787,0.396336702,-0.049084727,-0.099966372,0.110437185,-0.029648949,0.823474079,0.006053975
15.36,2.288769737,0.547186812,-1.520208721,0.308771759,0.396203611,-0.048705717,-0.099197194,0.109258649,-0.029005615,0.823774092,0.005761893
15.37,2.291838677,0.551138049,-1.520661666,0.308579732,0.39607052,-0.048326707,-0.098428016,0.108080113,-0.028362282,0.824074105,0.005469811
15.38,2.294907616,0.555089287,-1.521114611,0.308387705,0.395937429,-0.047947696,-0.097658839,0.106901577,-0.027718949,0.824374118,0.005177729
15.39,2.297976555,0.559040525,-1.521567556,0.308195678,0.395804338,-0.047568686,-0.096889661,0.105723041,-0.027075616,0.824674131,0.004885647
15.4,2.301045494,0.562991762,-1.522020501,0.30800365,0.395671247,-0.047189676,-0.096120484,0.104544505,-0.026432283,0.824974144,0.004593565
15.41,2.304207653,0.567124415,-1.522842524,0.306232194,0.396752506,-0.04737077,-0.096238475,0.103519637,-0.025770055,0.828510596,0.002546124
15.42,2.307266234,0.571055495,-1.52325446,0.306215659,0.396484487,-0.046929526,-0.095370723,0.102324027,-0.025128821,0.828451005,0.002449082
15.43,2.310324816,0.574986576,-1.523666396,0.306199124,0.396216469,-0.046488282,-0.094502971,0.101128416,-0.024487587,0.828391414,0.00235204
15.44,2.313383397,0.578917656,-1.524078332,0.306182589,0.39594845,-0.046047038,-0.093635219,0.099932806,-0.023846354,0.828331822,0.002254998
15.45,2.316441979,0.582848736,-1.524490269,0.306166053,0.395680432,-0.045605793,-0.092767468,0.098737196,-0.02320512,0.828272231,0.002157956
15.46,2.319500561,0.586779817,-1.524902205,0.306149518,0.395412413,-0.045164549,-0.091899716,0.097541586,-0.022563886,0.82821264,0.002060914
15.47,2.322559142,0.590710897,-1.525314141,0.306132983,0.395144394,-0.044723305,-0.091031964,0.096345976,-0.021922652,0.828153049,0.001963872
15.48,2.325617724,0.594641977,-1.525726077,0.306116448,0.394876376,-0.044282061,-0.090164212,0.095150366,-0.021281419,0.828093458,0.00186683
15.49,2.328676305,0.598573057,-1.526138014,0.306099913,0.394608357,-0.043840817,-0.08929646,0.093954756,-0.020640185,0.828033867,0.001769788
15.5,2.331734887,0.602504138,-1.52654995,0.306083378,0.394340339,-0.043399572,-0.088428708,0.092759146,-0.019998951,0.827974276,0.001672746
15.51,2.334732287,0.606735108,-1.526898543,0.304558893,0.39523632,-0.033749701,-0.088287929,0.091651487,-0.00957198,0.830715466,0.00097331
15.52,2.337797666,0.610632867,-1.527317517,0.304709908,0.394838968,-0.034331638,-0.087339402,0.090446104,-0.010018051,0.830344676,0.000943201
15.53,2.340863046,0.614530626,-1.527736492,0.304860923,0.394441616,-0.034913574,-0.086390875,0.089240722,-0.010464121,0.829973887,0.000913092
15.54,2.343928425,0.618428385,-1.528155466,0.305011937,0.394044264,-0.035495511,-0.085442349,0.08803534,-0.010910191,0.829603098,0.000882982
15.55,2.346993805,0.622326145,-1.52857444,0.305162952,0.393646912,-0.036077447,-0.084493822,0.086829957,-0.011356262,0.829232309,0.000852873
15.56,2.350059184,0.626223904,-1.528993415,0.305313967,0.39324956,-0.036659384,-0.083545296,0.085624575,-0.011802332,0.82886152,0.000822764
15.57,2.353124564,0.630121663,-1.529412389,0.305464982,0.392852208,-0.03724132,-0.082596769,0.084419192,-0.012248403,0.828490731,0.000792654
15.58,2.356189943,0.634019422,-1.529831363,0.305615996,0.392454856,-0.037823257,-0.081648242,0.08321381,-0.012694473,0.828119942,0.000762545
15.59,2.359255322,0.637917181,-1.530250338,0.305767011,0.392057504,-0.038405194,-0.080699716,0.082008428,-0.013140543,0.827749153,0.000732436
15.6,2.362320702,0.641814941,-1.530669312,0.305918026,0.391660153,-0.03898713,-0.079751189,0.080803045,-0.013586614,0.827378364,0.000702327
15.61,2.365182203,0.646120376,-1.531882005,0.304723535,0.392293898,-0.065919065,-0.079294494,0.079543916,-0.040784146,0.829712048,0.0000665
15.62,2.368270236,0.649972837,-1.532212789,0.30502405,0.39178198,-0.063573224,-0.078291319,0.078344506,-0.038257832,0.829040762,0.000103729
15.63,2.371358269,0.653825299,-1.532543572,0.305324566,0.391270061,-0.061227383,-0.077288145,0.077145095,-0.035731517,0.828369476,0.000140917
15.64,2.374446301,0.657677761,-1.532874355,0.305625081,0.390758143,-0.058881542,-0.07628497,0.075945685,-0.033205203,0.82769819,0.000178105
15.65,2.377534334,0.661530223,-1.533205139,0.305925596,0.390246225,-0.056535701,-0.075281796,0.074746274,-0.030678889,0.827026904,0.000215293
15.66,2.380622366,0.665382685,-1.533535922,0.306226112,0.389734306,-0.05418986,-0.074278621,0.073546863,-0.028152575,0.826355618,0.000252481
15.67,2.383710399,0.669235147,-1.533866705,0.306526627,0.389222388,-0.051844019,-0.073275447,0.072347453,-0.02562626,0.825684332,0.000289669
15.68,2.386798431,0.673087609,-1.534197489,0.306827142,0.38871047,-0.049498178,-0.072272272,0.071148042,-0.023099946,0.825013046,0.000326857
15.69,2.389886464,0.676940071,-1.534528272,0.307127657,0.388198551,-0.047152336,-0.071269098,0.069948632,-0.020573632,0.82434176,0.000364045
15.7,2.392974497,0.680792532,-1.534859055,0.307428173,0.387686633,-0.044806495,-0.070265923,0.068749221,-0.018047318,0.823670474,0.000401233
15.71,2.395719479,0.685181844,-1.536396173,0.306281895,0.388737215,-0.024363182,-0.069806685,0.068032841,0.004850151,0.825895574,0.000864728
15.72,2.398845628,0.688974656,-1.536592919,0.306743165,0.388051685,-0.024028171,-0.068743073,0.066779761,0.005113004,0.824902468,0.000854549
15.73,2.401971777,0.692767468,-1.536789665,0.307204435,0.387366156,-0.023693161,-0.067679461,0.06552668,0.005375857,0.823909361,0.000844369
15.74,2.405097927,0.69656028,-1.536986411,0.307665705,0.386680626,-0.02335815,-0.066615849,0.0642736,0.005638709,0.822916254,0.00083419
15.75,2.408224076,0.700353092,-1.537183158,0.308126975,0.385995097,-0.023023139,-0.065552237,0.063020519,0.005901562,0.821923148,0.000824011
15.76,2.411350225,0.704145904,-1.537379904,0.308588245,0.385309568,-0.022688128,-0.064488626,0.061767438,0.006164414,0.820930041,0.000813831
15.77,2.414476375,0.707938716,-1.53757665,0.309049515,0.384624038,-0.022353117,-0.063425014,0.060514358,0.006427267,0.819936934,0.000803652
15.78,2.417602524,0.711731527,-1.537773396,0.309510785,0.383938509,-0.022018106,-0.062361402,0.059261277,0.00669012,0.818943828,0.000793473
15.79,2.420728673,0.715524339,-1.537970142,0.309972055,0.383252979,-0.021683096,-0.06129779,0.058008197,0.006952972,0.817950721,0.000783294
15.8,2.423854823,0.719317151,-1.538166888,0.310433326,0.38256745,-0.021348085,-0.060234178,0.056755116,0.007215825,0.816957614,0.000773114
15.81,2.42649812,0.723804212,-1.539544823,0.309410507,0.383599478,-0.0386101,-0.059697404,0.056091821,-0.009881782,0.819767963,-0.058791266
15.82,2.429677919,0.727519885,-1.539610326,0.310036676,0.382723109,-0.036319864,-0.058575255,0.054773208,-0.007689989,0.81835225,-0.052184312
15.83,2.432857719,0.731235558,-1.539675829,0.310662845,0.38184674,-0.034029628,-0.057453105,0.053454596,-0.005498197,0.816936537,-0.045577358
15.84,2.436037518,0.734951231,-1.539741332,0.311289014,0.380970371,-0.031739392,-0.056330956,0.052135984,-0.003306404,0.815520825,-0.038970404
15.85,2.439217318,0.738666904,-1.539806835,0.311915182,0.380094001,-0.029449156,-0.055208806,0.050817371,-0.001114612,0.814105112,-0.03236345
15.86,2.442397118,0.742382577,-1.539872338,0.312541351,0.379217632,-0.02715892,-0.054086657,0.049498759,0.001077181,0.812689399,-0.025756496
15.87,2.445576917,0.746098251,-1.53993784,0.31316752,0.378341263,-0.024868684,-0.052964508,0.048180147,0.003268973,0.811273686,-0.019149541
15.88,2.448756717,0.749813924,-1.540003343,0.313793689,0.377464894,-0.022578449,-0.051842358,0.046861535,0.005460766,0.809857973,-0.012542587
15.89,2.451936516,0.753529597,-1.540068846,0.314419858,0.376588525,-0.020288213,-0.050720209,0.045542922,0.007652558,0.80844226,-0.005935633
15.9,2.455116316,0.75724527,-1.540134349,0.315046026,0.375712155,-0.017997977,-0.049598059,0.04422431,0.00984435,0.807026548,0.000671321
15.91,2.457603856,0.761908698,-1.54183626,0.313009227,0.378169632,-0.00721706,-0.050128944,0.045052793,0.022499437,0.810326936,0.097149531
15.92,2.460860573,0.765519065,-1.54171994,0.313931281,0.376922836,-0.005870233,-0.048823124,0.043495614,0.023528641,0.808387212,0.09377079
15.93,2.46411729,0.769129432,-1.54160362,0.314853335,0.375676039,-0.004523406,-0.047517304,0.041938436,0.024557845,0.806447488,0.090392049
15.94,2.467374008,0.772739799,-1.541487299,0.315775389,0.374429243,-0.003176579,-0.046211484,0.040381258,0.025587049,0.804507764,0.087013308
15.95,2.470630725,0.776350166,-1.541370979,0.316697444,0.373182446,-0.001829752,-0.044905665,0.038824079,0.026616254,0.80256804,0.083634567
15.96,2.473887442,0.779960533,-1.541254659,0.317619498,0.37193565,-0.000482925,-0.043599845,0.037266901,0.027645458,0.800628315,0.080255826
15.97,2.47714416,0.7835709,-1.541138338,0.318541552,0.370688853,0.000863902,-0.042294025,0.035709722,0.028674662,0.798688591,0.076877085
15.98,2.480400877,0.787181267,-1.541022018,0.319463606,0.369442057,0.002210729,-0.040988205,0.034152544,0.029703867,0.796748867,0.073498344
15.99,2.483657594,0.790791634,-1.540905698,0.32038566,0.36819526,0.003557556,-0.039682385,0.032595365,0.030733071,0.794809143,0.070119603
16,2.486914311,0.794402002,-1.540789378,0.321307714,0.366948464,0.004904383,-0.038376566,0.031038187,0.031762275,0.792869419,0.066740862
16.01,2.489220209,0.79930057,-1.541908785,0.31992847,0.368946261,0.005778923,-0.038196806,0.031324143,0.033245476,0.7956444,0.049904343
16.02,2.492582573,0.802767803,-1.541655161,0.321106224,0.367338954,0.007178227,-0.036765869,0.029562171,0.034224237,0.79318082,0.04802091
16.03,2.495944937,0.806235037,-1.541401538,0.322283978,0.365731647,0.00857753,-0.035334931,0.0278002,0.035202997,0.79071724,0.046137478
16.04,2.499307301,0.80970227,-1.541147915,0.323461732,0.36412434,0.009976833,-0.033903993,0.026038229,0.036181757,0.788253659,0.044254046
16.05,2.502669665,0.813169504,-1.540894291,0.324639486,0.362517033,0.011376137,-0.032473056,0.024276258,0.037160517,0.785790079,0.042370614
16.06,2.506032029,0.816636738,-1.540640668,0.32581724,0.360909726,0.01277544,-0.031042118,0.022514287,0.038139277,0.783326499,0.040487182
16.07,2.509394393,0.820103971,-1.540387044,0.326994994,0.359302419,0.014174743,-0.029611181,0.020752316,0.039118037,0.780862919,0.038603749
16.08,2.512756756,0.823571205,-1.540133421,0.328172748,0.357695112,0.015574047,-0.028180243,0.018990345,0.040096797,0.778399339,0.036720317
16.09,2.51611912,0.827038438,-1.539879798,0.329350502,0.356087805,0.01697335,-0.026749305,0.017228374,0.041075558,0.775935758,0.034836885
16.1,2.519481484,0.830505672,-1.539626174,0.330528256,0.354480498,0.018372653,-0.025318368,0.015466403,0.042054318,0.773472178,0.032953453
16.11,2.521696755,0.835560947,-1.54063524,0.330054065,0.355593876,0.019706859,-0.02425153,0.014839343,0.043848865,0.775716125,-0.913390124
16.12,2.525186573,0.838851732,-1.540241318,0.331415369,0.35368427,0.021113396,-0.022780137,0.01295127,0.044736982,0.772729486,-0.81033354
16.13,2.528676392,0.842142516,-1.539847396,0.332776672,0.351774665,0.022519932,-0.021308744,0.011063198,0.045625099,0.769742847,-0.707276957
16.14,2.532166211,0.845433301,-1.539453474,0.334137975,0.34986506,0.023926468,-0.019837351,0.009175126,0.046513216,0.766756209,-0.604220373
16.15,2.535656029,0.848724085,-1.539059552,0.335499279,0.347955454,0.025333005,-0.018365958,0.007287054,0.047401333,0.76376957,-0.501163789
16.16,2.539145848,0.85201487,-1.538665629,0.336860582,0.346045849,0.026739541,-0.016894564,0.005398981,0.04828945,0.760782931,-0.398107205
16.17,2.542635667,0.855305654,-1.538271707,0.338221885,0.344136244,0.028146077,-0.015423171,0.003510909,0.049177568,0.757796292,-0.295050621
16.18,2.546125485,0.858596439,-1.537877785,0.339583189,0.342226638,0.029552614,-0.013951778,0.001622837,0.050065685,0.754809654,-0.191994037
16.19,2.549615304,0.861887223,-1.537483863,0.340944492,0.340317033,0.03095915,-0.012480385,-0.000265236,0.050953802,0.751823015,-0.088937453
16.2,2.553105123,0.865178008,-1.537089941,0.342305795,0.338407428,0.032365686,-0.011008991,-0.002153308,0.051841919,0.748836376,0.014119131
16.21,2.555304368,0.870295416,-1.537842812,0.342436081,0.338536932,0.036156626,-0.009444361,-0.003701535,0.055913745,0.750553561,0.730637719
16.22,2.558937584,0.873383242,-1.537321468,0.343934164,0.336400759,0.037298229,-0.007983328,-0.005627368,0.056448117,0.747044276,0.765531858
16.23,2.5625708,0.876471069,-1.536800125,0.345432247,0.334264586,0.038439832,-0.006522294,-0.007553201,0.056982489,0.74353499,0.800425997
16.24,2.566204015,0.879558895,-1.536278781,0.34693033,0.332128413,0.039581434,-0.005061261,-0.009479033,0.05751686,0.740025704,0.835320136
16.25,2.569837231,0.882646721,-1.535757438,0.348428413,0.32999224,0.040723037,-0.003600227,-0.011404866,0.058051232,0.736516418,0.870214274
16.26,2.573470447,0.885734548,-1.535236094,0.349926496,0.327856067,0.041864639,-0.002139193,-0.013330699,0.058585604,0.733007132,0.905108413
16.27,2.577103662,0.888822374,-1.53471475,0.351424579,0.325719894,0.043006242,-0.00067816,-0.015256532,0.059119976,0.729497847,0.940002552
16.28,2.580736878,0.8919102,-1.534193407,0.352922662,0.32358372,0.044147845,0.000782874,-0.017182365,0.059654347,0.725988561,0.974896691
16.29,2.584370094,0.894998027,-1.533672063,0.354420745,0.321447547,0.045289447,0.002243907,-0.019108198,0.060188719,0.722479275,1.00979083
16.3,2.58800331,0.898085853,-1.533150719,0.355918828,0.319311374,0.04643105,0.003704941,-0.02103403,0.060723091,0.718969989,1.044684969
16.31,2.590216746,0.903214641,-1.53106071,0.356242748,0.319169352,0.099507097,0.005306741,-0.022698962,0.113672841,0.716904508,2.150008496
16.32,2.594007715,0.906075694,-1.530713663,0.357871293,0.316811606,0.094878205,0.006752134,-0.024653784,0.108383282,0.713234799,2.065966036
16.33,2.597798684,0.908936747,-1.530366616,0.359499839,0.314453861,0.090249314,0.008197527,-0.026608606,0.103093723,0.709565091,1.981923577
16.34,2.601589653,0.9117978,-1.530019568,0.361128385,0.312096116,0.085620423,0.00964292,-0.028563428,0.097804163,0.705895382,1.897881117
16.35,2.605380622,0.914658852,-1.529672521,0.36275693,0.30973837,0.080991532,0.011088313,-0.030518249,0.092514604,0.702225674,1.813838657
16.36,2.609171591,0.917519905,-1.529325473,0.364385476,0.307380625,0.076362641,0.012533705,-0.032473071,0.087225045,0.698555965,1.729796197
16.37,2.61296256,0.920380958,-1.528978426,0.366014021,0.305022879,0.071733749,0.013979098,-0.034427893,0.081935485,0.694886257,1.645753738
16.38,2.616753529,0.923242011,-1.528631378,0.367642567,0.302665134,0.067104858,0.015424491,-0.036382715,0.076645926,0.691216549,1.561711278
16.39,2.620544498,0.926103063,-1.528284331,0.369271113,0.300307388,0.062475967,0.016869884,-0.038337537,0.071356367,0.68754684,1.477668818
16.4,2.624335467,0.928964116,-1.527937283,0.370899658,0.297949643,0.057847076,0.018315277,-0.040292359,0.066066808,0.683877132,1.393626358
16.41,2.626765011,0.93380161,-1.526503486,0.374776759,0.292396327,-0.008358875,0.023310078,-0.047202091,-0.005560415,0.677570859,0.88028754
16.42,2.63070725,0.936443058,-1.526277188,0.376155465,0.290393645,-0.006145871,0.024361092,-0.048606367,-0.003479123,0.674194103,0.843944676
16.43,2.634649488,0.939084507,-1.526050891,0.377534171,0.288390963,-0.003932866,0.025412106,-0.050010643,-0.00139783,0.670817346,0.807601811
16.44,2.638591726,0.941725955,-1.525824593,0.378912877,0.286388281,-0.001719862,0.026463121,-0.05141492,0.000683462,0.667440589,0.771258947
16.45,2.642533965,0.944367403,-1.525598296,0.380291584,0.284385599,0.000493142,0.027514135,-0.052819196,0.002764754,0.664063832,0.734916083
16.46,2.646476203,0.947008851,-1.525371998,0.38167029,0.282382916,0.002706147,0.028565149,-0.054223472,0.004846046,0.660687075,0.698573218
16.47,2.650418442,0.9496503,-1.525145701,0.383048996,0.280380234,0.004919151,0.029616163,-0.055627749,0.006927338,0.657310318,0.662230354
16.48,2.65436068,0.952291748,-1.524919403,0.384427702,0.278377552,0.007132155,0.030667177,-0.057032025,0.009008631,0.653933562,0.62588749
16.49,2.658302918,0.954933196,-1.524693106,0.385806409,0.27637487,0.00934516,0.031718191,-0.058436301,0.011089923,0.650556805,0.589544625
16.5,2.662245157,0.957574644,-1.524466808,0.387185115,0.274372188,0.011558164,0.032769206,-0.059840578,0.013171215,0.647180048,0.553201761
16.51,2.665021409,0.961908441,-1.526257616,0.390020062,0.270231973,0.013260073,0.036222374,-0.064646236,0.016614574,0.640413891,0.302139327
16.52,2.669093201,0.96436185,-1.525807195,0.391236964,0.268466794,0.015529865,0.037006482,-0.065672581,0.018544526,0.637413734,0.289654193
16.53,2.673164993,0.96681526,-1.525356775,0.392453865,0.266701616,0.017799658,0.03779059,-0.066698926,0.020474477,0.634413577,0.277169059
16.54,2.677236786,0.969268669,-1.524906355,0.393670767,0.264936438,0.020069451,0.038574698,-0.067725271,0.022404428,0.63141342,0.264683924
16.55,2.681308578,0.971722079,-1.524455935,0.394887669,0.263171259,0.022339244,0.039358806,-0.068751616,0.02433438,0.628413263,0.25219879
16.56,2.685380371,0.974175488,-1.524005515,0.39610457,0.261406081,0.024609036,0.040142915,-0.069777961,0.026264331,0.625413107,0.239713655
16.57,2.689452163,0.976628898,-1.523555094,0.397321472,0.259640902,0.026878829,0.040927023,-0.070804306,0.028194283,0.62241295,0.227228521
16.58,2.693523956,0.979082307,-1.523104674,0.398538374,0.257875724,0.029148622,0.041711131,-0.071830651,0.030124234,0.619412793,0.214743386
16.59,2.697595748,0.981535717,-1.522654254,0.399755275,0.256110545,0.031418415,0.042495239,-0.072856996,0.032054185,0.616412636,0.202258252
16.6,2.70166754,0.983989126,-1.522203834,0.400972177,0.254345367,0.033688207,0.043279347,-0.073883341,0.033984137,0.613412479,0.189773118
16.61,2.704717891,0.98792493,-1.524814833,0.403618508,0.250533591,0.015583124,0.046198582,-0.077879994,0.017276169,0.607420169,0.083950299
16.62,2.708903177,0.990213629,-1.524024255,0.404676584,0.248995813,0.020116792,0.046745454,-0.078576305,0.021277,0.604752474,0.081836018
16.63,2.713088463,0.992502329,-1.523233677,0.40573466,0.247458034,0.02465046,0.047292326,-0.079272615,0.025277831,0.602084779,0.079721737
16.64,2.717273749,0.994791028,-1.522443099,0.406792736,0.245920255,0.029184128,0.047839198,-0.079968926,0.029278663,0.599417083,0.077607457
16.65,2.721459035,0.997079727,-1.521652521,0.407850813,0.244382476,0.033717796,0.04838607,-0.080665237,0.033279494,0.596749388,0.075493176
16.66,2.725644321,0.999368426,-1.520861943,0.408908889,0.242844698,0.038251463,0.048932941,-0.081361548,0.037280325,0.594081693,0.073378896
16.67,2.729829607,1.001657125,-1.520071365,0.409966965,0.241306919,0.042785131,0.049479813,-0.082057859,0.041281157,0.591413997,0.071264615
16.68,2.734014893,1.003945824,-1.519280788,0.411025041,0.23976914,0.047318799,0.050026685,-0.082754169,0.045281988,0.588746302,0.069150335
16.69,2.738200179,1.006234523,-1.51849021,0.412083117,0.238231362,0.051852467,0.050573557,-0.08345048,0.049282819,0.586078607,0.067036054
16.7,2.742385465,1.008523222,-1.517699632,0.413141193,0.236693583,0.056386135,0.051120429,-0.084146791,0.053283651,0.583410911,0.064921773
16.71,2.745653576,1.012150987,-1.519677271,0.414870698,0.234338037,0.08715941,0.052830914,-0.086287549,0.087124837,0.578577499,0.024539437
16.72,2.74994077,1.014290901,-1.518579114,0.415854171,0.232891121,0.088777566,0.053248495,-0.086823365,0.087810073,0.576150439,0.026677163
16.73,2.754227964,1.016430815,-1.517480956,0.416837644,0.231444206,0.090395721,0.053666077,-0.087359182,0.08849531,0.573723379,0.028814888
16.74,2.758515159,1.018570729,-1.516382798,0.417821117,0.22999729,0.092013877,0.054083658,-0.087894999,0.089180546,0.571296319,0.030952614
16.75,2.762802353,1.020710643,-1.515284641,0.41880459,0.228550374,0.093632033,0.05450124,-0.088430816,0.089865782,0.568869258,0.033090339
16.76,2.767089547,1.022850557,-1.514186483,0.419788063,0.227103458,0.095250189,0.054918821,-0.088966632,0.090551019,0.566442198,0.035228065
16.77,2.771376742,1.02499047,-1.513088326,0.420771536,0.225656543,0.096868345,0.055336403,-0.089502449,0.091236255,0.564015138,0.037365791
16.78,2.775663936,1.027130384,-1.511990168,0.421755009,0.224209627,0.098486501,0.055753984,-0.090038266,0.091921491,0.561588078,0.039503516
16.79,2.77995113,1.029270298,-1.51089201,0.422738482,0.222762711,0.100104657,0.056171566,-0.090574082,0.092606727,0.559161018,0.041641242
16.8,2.784238324,1.031410212,-1.509793853,0.423721955,0.221315796,0.101722813,0.056589147,-0.091109899,0.093291964,0.556733958,0.043778968
16.81,2.787679554,1.034816229,-1.509987955,0.42546735,0.219245545,0.106620706,0.058144475,-0.092751285,0.09787365,0.553063153,0.001287575
16.82,2.792060745,1.036815465,-1.508746213,0.426366165,0.217867889,0.107874446,0.05843564,-0.093164261,0.098125947,0.550774286,0.008384091
16.83,2.796441935,1.0388147,-1.507504471,0.42726498,0.216490233,0.109128187,0.058726805,-0.093577237,0.098378244,0.54848542,0.015480608
16.84,2.800823125,1.040813936,-1.506262729,0.428163795,0.215112576,0.110381928,0.059017971,-0.093990212,0.098630542,0.546196554,0.022577124
16.85,2.805204316,1.042813172,-1.505020987,0.42906261,0.21373492,0.111635669,0.059309136,-0.094403188,0.098882839,0.543907688,0.029673641
16.86,2.809585506,1.044812408,-1.503779245,0.429961425,0.212357264,0.112889409,0.059600301,-0.094816164,0.099135137,0.541618821,0.036770158
16.87,2.813966696,1.046811643,-1.502537503,0.43086024,0.210979608,0.11414315,0.059891466,-0.095229139,0.099387434,0.539329955,0.043866674
16.88,2.818347886,1.048810879,-1.501295761,0.431759055,0.209601951,0.115396891,0.060182632,-0.095642115,0.099639732,0.537041089,0.050963191
16.89,2.822729077,1.050810115,-1.500054019,0.432657869,0.208224295,0.116650631,0.060473797,-0.096055091,0.099892029,0.534752223,0.058059707
16.9,2.827110267,1.05280935,-1.498812277,0.433556684,0.206846639,0.117904372,0.060764962,-0.096468066,0.100144327,0.532463357,0.065156224
16.91,2.830718358,1.056038533,-1.498684473,0.435166907,0.205345662,0.119445459,0.062029584,-0.09737604,0.100911038,0.529845236,0.080236715
16.92,2.835185449,1.057901108,-1.49731896,0.435986677,0.203981708,0.120667272,0.062212588,-0.097734016,0.101106178,0.527592954,0.086446123
16.93,2.839652539,1.059763683,-1.495953447,0.436806446,0.202617754,0.121889086,0.062395591,-0.098091992,0.101301319,0.525340671,0.092655532
16.94,2.844119629,1.061626258,-1.494587934,0.437626216,0.2012538,0.123110899,0.062578594,-0.098449968,0.101496459,0.523088389,0.09886494
16.95,2.848586719,1.063488833,-1.493222421,0.438445985,0.199889846,0.124332713,0.062761598,-0.098807943,0.101691599,0.520836106,0.105074348
16.96,2.853053809,1.065351407,-1.491856908,0.439265755,0.198525892,0.125554526,0.062944601,-0.099165919,0.10188674,0.518583824,0.111283756
16.97,2.857520899,1.067213982,-1.490491395,0.440085525,0.197161938,0.126776339,0.063127605,-0.099523895,0.10208188,0.516331542,0.117493165
16.98,2.861987989,1.069076557,-1.489125882,0.440905294,0.195797984,0.127998153,0.063310608,-0.099881871,0.10227702,0.514079259,0.123702573
16.99,2.86645508,1.070939132,-1.487760369,0.441725064,0.19443403,0.129219966,0.063493612,-0.100239847,0.102472161,0.511826977,0.129911981
17,2.87092217,1.072801707,-1.486394856,0.442544833,0.193070076,0.130441779,0.063676615,-0.100597822,0.102667301,0.509574694,0.136121389
17.01,2.874684876,1.075905478,-1.485882862,0.444031669,0.192050495,0.136584719,0.064691388,-0.100933603,0.107959194,0.507883699,0.118931399
17.02,2.879230231,1.077630143,-1.484422514,0.444777321,0.190648278,0.137259741,0.064781973,-0.101294045,0.107588029,0.505569051,0.127740741
17.03,2.883775586,1.079354807,-1.482962165,0.445522972,0.18924606,0.137934762,0.064872557,-0.101654487,0.107216863,0.503254404,0.136550082
17.04,2.888320941,1.081079471,-1.481501817,0.446268623,0.187843842,0.138609784,0.064963142,-0.102014929,0.106845698,0.500939756,0.145359424
17.05,2.892866296,1.082804135,-1.480041469,0.447014274,0.186441624,0.139284805,0.065053726,-0.102375371,0.106474532,0.498625108,0.154168765
17.06,2.897411651,1.084528799,-1.47858112,0.447759925,0.185039407,0.139959827,0.065144311,-0.102735813,0.106103367,0.496310461,0.162978106
17.07,2.901957006,1.086253464,-1.477120772,0.448505576,0.183637189,0.140634848,0.065234896,-0.103096255,0.105732201,0.493995813,0.171787448
17.08,2.906502361,1.087978128,-1.475660423,0.449251227,0.182234971,0.14130987,0.06532548,-0.103456697,0.105361035,0.491681166,0.180596789
17.09,2.911047716,1.089702792,-1.474200075,0.449996878,0.180832753,0.141984891,0.065416065,-0.103817138,0.10498987,0.489366518,0.189406131
17.1,2.915593071,1.091427456,-1.472739727,0.450742529,0.179430536,0.142659913,0.065506649,-0.10417758,0.104618704,0.48705187,0.198215472
17.11,2.91950113,1.094450006,-1.471771636,0.452162237,0.178832909,0.145638666,0.066352817,-0.104057829,0.106217221,0.486190999,0.210199585
17.12,2.924117296,1.09603046,-1.470256592,0.452832993,0.177341292,0.146057717,0.066359448,-0.104471626,0.105627202,0.483714821,0.218656174
17.13,2.928733461,1.097610915,-1.468741548,0.453503749,0.175849675,0.146476769,0.066366079,-0.104885423,0.105037183,0.481238642,0.227112763
17.14,2.933349627,1.09919137,-1.467226505,0.454174505,0.174358059,0.14689582,0.06637271,-0.105299219,0.104447164,0.478762464,0.235569352
17.15,2.937965793,1.100771825,-1.465711461,0.454845261,0.172866442,0.147314871,0.066379341,-0.105713016,0.103857145,0.476286286,0.244025941
17.16,2.942581958,1.10235228,-1.464196417,0.455516016,0.171374825,0.147733923,0.066385972,-0.106126813,0.103267126,0.473810107,0.25248253
17.17,2.947198124,1.103932734,-1.462681374,0.456186772,0.169883208,0.148152974,0.066392602,-0.10654061,0.102677107,0.471333929,0.260939119
17.18,2.95181429,1.105513189,-1.46116633,0.456857528,0.168391592,0.148572025,0.066399233,-0.106954406,0.102087088,0.468857751,0.269395708
17.19,2.956430456,1.107093644,-1.459651286,0.457528284,0.166899975,0.148991077,0.066405864,-0.107368203,0.101497068,0.466381572,0.277852297
17.2,2.961046621,1.108674099,-1.458136243,0.45819904,0.165408358,0.149410128,0.066412495,-0.107782,0.100907049,0.463905394,0.286308886
17.21,2.965095769,1.111651616,-1.457233238,0.459615757,0.16506473,0.145130146,0.067171055,-0.107420225,0.09508698,0.463667113,0.209275496
17.22,2.969774937,1.113076842,-1.45565019,0.460203628,0.163445559,0.146071312,0.067094138,-0.107920196,0.095078077,0.460942279,0.227230972
17.23,2.974454104,1.114502067,-1.454067142,0.460791499,0.161826388,0.147012478,0.067017222,-0.108420168,0.095069175,0.458217446,0.245186447
17.24,2.979133272,1.115927293,-1.452484094,0.461379371,0.160207217,0.147953645,0.066940305,-0.108920139,0.095060272,0.455492612,0.263141923
17.25,2.98381244,1.117352519,-1.450901046,0.461967242,0.158588046,0.148894811,0.066863388,-0.109420111,0.09505137,0.452767779,0.281097398
17.26,2.988491608,1.118777744,-1.449317998,0.462555113,0.156968875,0.149835977,0.066786471,-0.109920082,0.095042468,0.450042945,0.299052874
17.27,2.993170775,1.12020297,-1.44773495,0.463142985,0.155349704,0.150777143,0.066709555,-0.110420053,0.095033565,0.447318112,0.317008349
17.28,2.997849943,1.121628195,-1.446151902,0.463730856,0.153730533,0.151718309,0.066632638,-0.110920025,0.095024663,0.444593278,0.334963824
17.29,3.002529111,1.123053421,-1.444568854,0.464318727,0.152111361,0.152659476,0.066555721,-0.111419996,0.09501576,0.441868445,0.3529193
17.3,3.007208279,1.124478647,-1.442985806,0.464906599,0.15049219,0.153600642,0.066478804,-0.111919968,0.095006858,0.439143611,0.370874775
17.31,3.011398142,1.127435317,-1.442127303,0.466309509,0.150403844,0.156990621,0.067147701,-0.111339088,0.097438757,0.439286529,0.323098792
17.32,3.016131677,1.128690382,-1.44046375,0.46680682,0.148614582,0.157659697,0.066987916,-0.111959154,0.097158654,0.436243057,0.348357763
17.33,3.020865212,1.129945447,-1.438800197,0.467304132,0.146825319,0.158328773,0.066828132,-0.11257922,0.096878552,0.433199584,0.373616734
17.34,3.025598747,1.131200512,-1.437136644,0.467801443,0.145036056,0.158997849,0.066668347,-0.113199286,0.096598449,0.430156112,0.398875705
17.35,3.030332282,1.132455577,-1.435473091,0.468298755,0.143246793,0.159666925,0.066508562,-0.113819352,0.096318347,0.427112639,0.424134676
17.36,3.035065817,1.133710642,-1.433809538,0.468796066,0.141457531,0.160336,0.066348777,-0.114439418,0.096038244,0.424069166,0.449393647
17.37,3.039799351,1.134965707,-1.432145985,0.469293377,0.139668268,0.161005076,0.066188992,-0.115059484,0.095758142,0.421025694,0.474652617
17.38,3.044532886,1.136220772,-1.430482432,0.469790689,0.137879005,0.161674152,0.066029207,-0.11567955,0.095478039,0.417982221,0.499911588
17.39,3.049266421,1.137475837,-1.428818879,0.470288,0.136089742,0.162343228,0.065869422,-0.116299616,0.095197937,0.414938748,0.525170559
17.4,3.053999956,1.138730902,-1.427155326,0.470785312,0.134300479,0.163012304,0.065709637,-0.116919682,0.094917834,0.411895276,0.55042953
17.41,3.058330336,1.141690366,-1.425733826,0.472194902,0.13442311,0.170882464,0.066318324,-0.116185914,0.101586724,0.412196858,0.659095699
17.42,3.063108666,1.142756054,-1.424043378,0.472590849,0.132421415,0.170751419,0.066073153,-0.116956405,0.100534511,0.408781712,0.675087204
17.43,3.067886996,1.143821741,-1.42235293,0.472986796,0.130419719,0.170620374,0.065827983,-0.117726897,0.099482298,0.405366567,0.691078708
17.44,3.072665326,1.144887428,-1.420662483,0.473382743,0.128418024,0.17048933,0.065582812,-0.118497389,0.098430085,0.401951421,0.707070212
17.45,3.077443656,1.145953116,-1.418972035,0.47377869,0.126416329,0.170358285,0.065337641,-0.119267881,0.097377873,0.398536276,0.723061717
17.46,3.082221986,1.147018803,-1.417281587,0.474174638,0.124414633,0.17022724,0.065092471,-0.120038373,0.09632566,0.395121131,0.739053221
17.47,3.087000316,1.148084491,-1.41559114,0.474570585,0.122412938,0.170096196,0.0648473,-0.120808865,0.095273447,0.391705985,0.755044725
17.48,3.091778646,1.149150178,-1.413900692,0.474966532,0.120411243,0.169965151,0.064602129,-0.121579357,0.094221234,0.38829084,0.771036229
17.49,3.096556975,1.150215866,-1.412210244,0.475362479,0.118409547,0.169834107,0.064356959,-0.122349849,0.093169022,0.384875694,0.787027734
17.5,3.101335305,1.151281553,-1.410519797,0.475758426,0.116407852,0.169703062,0.064111788,-0.123120341,0.092116809,0.381460549,0.803019238
17.51,3.105812764,1.154230127,-1.409128307,0.477292841,0.116019028,0.161233624,0.064784431,-0.122971405,0.081779212,0.381700599,0.957692103
17.52,3.110624524,1.155086605,-1.407404641,0.477562292,0.113838124,0.162029068,0.064437281,-0.123844055,0.081758709,0.377879321,0.958274568
17.53,3.115436284,1.155943083,-1.405680976,0.477831743,0.111657221,0.162824511,0.064090131,-0.124716706,0.081738205,0.374058042,0.958857032
17.54,3.120248044,1.15679956,-1.403957311,0.478101193,0.109476318,0.163619955,0.063742981,-0.125589357,0.081717702,0.370236764,0.959439496
17.55,3.125059804,1.157656038,-1.402233646,0.478370644,0.107295415,0.164415398,0.063395831,-0.126462007,0.081697198,0.366415486,0.96002196
17.56,3.129871564,1.158512516,-1.40050998,0.478640095,0.105114511,0.165210842,0.063048681,-0.127334658,0.081676695,0.362594208,0.960604424
17.57,3.134683324,1.159368994,-1.398786315,0.478909546,0.102933608,0.166006285,0.062701531,-0.128207309,0.081656192,0.35877293,0.961186888
17.58,3.139495084,1.160225472,-1.39706265,0.479178997,0.100752705,0.166801729,0.062354381,-0.129079959,0.081635688,0.354951651,0.961769353
17.59,3.144306844,1.16108195,-1.395338985,0.479448447,0.098571802,0.167597172,0.062007231,-0.12995261,0.081615185,0.351130373,0.962351817
17.6,3.149118605,1.161938428,-1.39361532,0.479717898,0.096390898,0.168392615,0.061660081,-0.130825261,0.081594682,0.347309095,0.962934281
17.61,3.153749004,1.164865444,-1.391719821,0.481237228,0.09637017,0.186941735,0.062250375,-0.130323122,0.099309401,0.34735412,0.956741374
17.62,3.158580916,1.165491862,-1.390015249,0.481367803,0.093949247,0.185764548,0.061799065,-0.131348527,0.097318318,0.343103253,0.958076657
17.63,3.163412827,1.16611828,-1.388310676,0.481498379,0.091528324,0.184587361,0.061347754,-0.132373932,0.095327234,0.338852385,0.959411941
17.64,3.168244738,1.166744698,-1.386606103,0.481628954,0.089107402,0.183410173,0.060896444,-0.133399337,0.09333615,0.334601518,0.960747224
17.65,3.173076649,1.167371116,-1.384901531,0.481759529,0.086686479,0.182232986,0.060445133,-0.134424742,0.091345066,0.33035065,0.962082507
17.66,3.17790856,1.167997535,-1.383196958,0.481890105,0.084265556,0.181055799,0.059993823,-0.135450147,0.089353983,0.326099783,0.96341779
17.67,3.182740471,1.168623953,-1.381492385,0.48202068,0.081844634,0.179878612,0.059542512,-0.136475552,0.087362899,0.321848916,0.964753073
17.68,3.187572383,1.169250371,-1.379787813,0.482151256,0.079423711,0.178701424,0.059091202,-0.137500957,0.085371815,0.317598048,0.966088356
17.69,3.192404294,1.169876789,-1.37808324,0.482281831,0.077002788,0.177524237,0.058639892,-0.138526362,0.083380732,0.313347181,0.967423639
17.7,3.197236205,1.170503208,-1.376378667,0.482412406,0.074581866,0.17634705,0.058188581,-0.139551767,0.081389648,0.309096313,0.968758922
17.71,3.20202086,1.173371598,-1.374604758,0.483973343,0.073401208,0.15536687,0.058761453,-0.140259771,0.057803596,0.309157638,0.968801951
17.72,3.206858022,1.173748908,-1.372907889,0.48394499,0.070842478,0.156390015,0.058196344,-0.141320443,0.058211953,0.304427638,0.970280818
17.73,3.211695184,1.174126218,-1.371211021,0.483916636,0.068283748,0.15741316,0.057631236,-0.142381115,0.05862031,0.299697638,0.971759685
17.74,3.216532345,1.174503528,-1.369514152,0.483888282,0.065725018,0.158436306,0.057066127,-0.143441787,0.059028667,0.294967638,0.973238552
17.75,3.221369507,1.174880839,-1.367817284,0.483859929,0.063166288,0.159459451,0.056501019,-0.144502459,0.059437025,0.290237638,0.974717419
17.76,3.226206669,1.175258149,-1.366120415,0.483831575,0.060607558,0.160482596,0.055935911,-0.14556313,0.059845382,0.285507638,0.976196286
17.77,3.231043831,1.175635459,-1.364423547,0.483803221,0.058048828,0.161505741,0.055370802,-0.146623802,0.060253739,0.280777638,0.977675153
17.78,3.235880993,1.176012769,-1.362726678,0.483774868,0.055490099,0.162528887,0.054805694,-0.147684474,0.060662096,0.276047638,0.97915402
17.79,3.240718155,1.17639008,-1.36102981,0.483746514,0.052931369,0.163552032,0.054240585,-0.148745146,0.061070453,0.271317638,0.980632887
17.8,3.245555317,1.17676739,-1.359332941,0.48371816,0.050372639,0.164575177,0.053675477,-0.149805818,0.06147881,0.266587638,0.982111754
17.81,3.250500594,1.179616543,-1.355543699,0.485352035,0.051319328,0.22585778,0.054263999,-0.148315674,0.122514147,0.266567597,0.653601745
17.82,3.255325743,1.179719204,-1.354079317,0.485138989,0.048371107,0.22018543,0.05357071,-0.14965977,0.116186173,0.261314268,0.691746043
17.83,3.260150892,1.179821865,-1.352614934,0.484925944,0.045422886,0.21451308,0.05287742,-0.151003866,0.109858199,0.256060939,0.72989034
17.84,3.264976041,1.179924526,-1.351150551,0.484712898,0.042474665,0.20884073,0.05218413,-0.152347961,0.103530225,0.250807611,0.768034638
17.85,3.26980119,1.180027187,-1.349686169,0.484499852,0.039526444,0.20316838,0.051490841,-0.153692057,0.097202251,0.245554282,0.806178935
17.86,3.274626339,1.180129848,-1.348221786,0.484286806,0.036578223,0.19749603,0.050797551,-0.155036153,0.090874277,0.240300954,0.844323233
17.87,3.279451488,1.180232509,-1.346757403,0.484073761,0.033630002,0.19182368,0.050104261,-0.156380248,0.084546303,0.235047625,0.88246753
17.88,3.284276637,1.18033517,-1.345293021,0.483860715,0.030681781,0.18615133,0.049410972,-0.157724344,0.07821833,0.229794296,0.920611828
17.89,3.289101786,1.180437831,-1.343828638,0.483647669,0.02773356,0.18047898,0.048717682,-0.15906844,0.071890356,0.224540968,0.958756125
17.9,3.293926935,1.180540492,-1.342364255,0.483434623,0.024785339,0.17480663,0.048024392,-0.160412535,0.065562382,0.219287639,0.996900423
17.91,3.299010374,1.183333766,-1.338784296,0.484541309,0.022475294,0.109345394,0.048026873,-0.162328142,-0.006249654,0.218738126,1.509770373
17.92,3.303806824,1.18313747,-1.337554978,0.484181626,0.019456164,0.110316254,0.047256276,-0.163608736,-0.005301621,0.212962151,1.495167376
17.93,3.308603274,1.182941174,-1.336325659,0.483821944,0.016437035,0.111287113,0.046485678,-0.164889331,-0.004353588,0.207186176,1.480564378
17.94,3.313399724,1.182744878,-1.33509634,0.483462261,0.013417905,0.112257973,0.045715081,-0.166169925,-0.003405555,0.201410202,1.465961381
17.95,3.318196175,1.182548582,-1.333867022,0.483102579,0.010398776,0.113228832,0.044944483,-0.16745052,-0.002457522,0.195634227,1.451358384
17.96,3.322992625,1.182352287,-1.332637703,0.482742896,0.007379646,0.114199691,0.044173886,-0.168731114,-0.001509489,0.189858252,1.436755386
17.97,3.327789075,1.182155991,-1.331408385,0.482383214,0.004360517,0.115170551,0.043403288,-0.170011709,-0.000561456,0.184082277,1.422152389
17.98,3.332585525,1.181959695,-1.330179066,0.482023531,0.001341387,0.11614141,0.042632691,-0.171292303,0.000386577,0.178306302,1.407549392
17.99,3.337381975,1.181763399,-1.328949747,0.481663848,-0.001677742,0.11711227,0.041862093,-0.172572898,0.00133461,0.172530328,1.392946394
18,3.342178426,1.181567103,-1.327720429,0.481304166,-0.004696871,0.118083129,0.041091496,-0.173853492,0.002282643,0.166754353,1.378343397
18.01,3.347379326,1.184162486,-1.326784929,0.482582713,-0.006452732,0.130659435,0.04126559,-0.175023353,0.015689352,0.165684716,1.231426196
18.02,3.352130838,1.183656004,-1.325522964,0.482041005,-0.009612225,0.1303408,0.040390026,-0.176316251,0.015253088,0.159385815,1.231524777
18.03,3.356882349,1.183149521,-1.324260999,0.481499297,-0.012771717,0.130022166,0.039514463,-0.17760915,0.014816824,0.153086913,1.231623358
18.04,3.36163386,1.182643039,-1.322999033,0.480957589,-0.01593121,0.129703531,0.0386389,-0.178902048,0.014380559,0.146788012,1.231721939
18.05,3.366385371,1.182136556,-1.321737068,0.480415881,-0.019090703,0.129384897,0.037763337,-0.180194946,0.013944295,0.140489111,1.23182052
18.06,3.371136883,1.181630074,-1.320475103,0.479874172,-0.022250195,0.129066262,0.036887773,-0.181487844,0.013508031,0.13419021,1.2319191
18.07,3.375888394,1.181123592,-1.319213138,0.479332464,-0.025409688,0.128747628,0.03601221,-0.182780743,0.013071767,0.127891309,1.232017681
18.08,3.380639905,1.180617109,-1.317951173,0.478790756,-0.028569181,0.128428993,0.035136647,-0.184073641,0.012635502,0.121592407,1.232116262
18.09,3.385391416,1.180110627,-1.316689208,0.478249048,-0.031728673,0.128110359,0.034261084,-0.185366539,0.012199238,0.115293506,1.232214843
18.1,3.390142928,1.179604144,-1.315427243,0.47770734,-0.034888166,0.127791724,0.03338552,-0.186659438,0.011762974,0.108994605,1.232313424
18.11,3.395465392,1.181957876,-1.31386746,0.478843667,-0.037754457,0.127694709,0.033399985,-0.188822743,0.011155691,0.107036668,1.223073885
18.12,3.400153464,1.181133592,-1.312638586,0.478115511,-0.040946528,0.12735145,0.03242553,-0.190018929,0.010738429,0.100255437,1.224210035
18.13,3.404841536,1.180309308,-1.311409712,0.477387354,-0.044138598,0.127008191,0.031451075,-0.191215116,0.010321167,0.093474207,1.225346185
18.14,3.409529608,1.179485024,-1.310180837,0.476659198,-0.047330669,0.126664932,0.030476619,-0.192411302,0.009903905,0.086692976,1.226482334
18.15,3.41421768,1.17866074,-1.308951963,0.475931042,-0.05052274,0.126321673,0.029502164,-0.193607488,0.009486642,0.079911745,1.227618484
18.16,3.418905752,1.177836456,-1.307723089,0.475202885,-0.05371481,0.125978415,0.028527709,-0.194803675,0.00906938,0.073130515,1.228754634
18.17,3.423593824,1.177012172,-1.306494214,0.474474729,-0.056906881,0.125635156,0.027553254,-0.195999861,0.008652118,0.066349284,1.229890783
18.18,3.428281896,1.176187888,-1.30526534,0.473746573,-0.060098951,0.125291897,0.026578798,-0.197196047,0.008234856,0.059568054,1.231026933
18.19,3.432969968,1.175363604,-1.304036466,0.473018416,-0.063291022,0.124948638,0.025604343,-0.198392234,0.007817593,0.052786823,1.232163083
18.2,3.43765804,1.174539321,-1.302807591,0.47229026,-0.066483092,0.124605379,0.024629888,-0.19958842,0.007400331,0.046005593,1.233299232
18.21,3.443087207,1.176592257,-1.301254779,0.473279921,-0.06963106,0.124563035,0.024496241,-0.201817071,0.006908448,0.042724652,1.300808822
18.22,3.447692935,1.175448282,-1.300061898,0.472360896,-0.072828031,0.124186341,0.023428362,-0.202898539,0.006499477,0.035554501,1.294570145
18.23,3.452298663,1.174304307,-1.298869017,0.471441871,-0.076025001,0.123809647,0.022360484,-0.203980007,0.006090506,0.028384349,1.288331468
18.24,3.456904391,1.173160332,-1.297676136,0.470522846,-0.079221972,0.123432953,0.021292606,-0.205061475,0.005681535,0.021214197,1.282092791
18.25,3.461510119,1.172016357,-1.296483255,0.469603821,-0.082418943,0.123056259,0.020224727,-0.206142943,0.005272564,0.014044046,1.275854114
18.26,3.466115847,1.170872382,-1.295290373,0.468684796,-0.085615914,0.122679565,0.019156849,-0.207224411,0.004863593,0.006873894,1.269615437
18.27,3.470721575,1.169728407,-1.294097492,0.467765771,-0.088812885,0.122302871,0.018088971,-0.208305879,0.004454622,-0.000296258,1.26337676
18.28,3.475327304,1.168584431,-1.292904611,0.466846746,-0.092009856,0.121926178,0.017021092,-0.209387347,0.004045651,-0.007466409,1.257138083
18.29,3.479933032,1.167440456,-1.29171173,0.465927721,-0.095206827,0.121549484,0.015953214,-0.210468815,0.00363668,-0.014636561,1.250899406
18.3,3.48453876,1.166296481,-1.290518849,0.465008696,-0.098403798,0.12117279,0.014885336,-0.211550283,0.003227709,-0.021806712,1.244660729
18.31,3.490070909,1.168062076,-1.28792244,0.466120753,-0.100859631,0.142081958,0.014887449,-0.212863935,0.023736526,-0.025229195,1.073187637
18.32,3.494573702,1.166594816,-1.286885506,0.464976053,-0.104138951,0.139340168,0.013700682,-0.213919605,0.021003357,-0.032815755,1.08530834
18.33,3.499076494,1.165127555,-1.285848572,0.463831352,-0.10741827,0.136598379,0.012513916,-0.214975275,0.018270187,-0.040402314,1.097429042
18.34,3.503579286,1.163660295,-1.284811639,0.462686651,-0.11069759,0.133856589,0.01132715,-0.216030945,0.015537017,-0.047988873,1.109549745
18.35,3.508082079,1.162193034,-1.283774705,0.46154195,-0.113976909,0.131114799,0.010140384,-0.217086615,0.012803847,-0.055575432,1.121670447
18.36,3.512584871,1.160725773,-1.282737771,0.460397249,-0.117256229,0.128373009,0.008953617,-0.218142285,0.010070678,-0.063161991,1.13379115
18.37,3.517087663,1.159258513,-1.281700838,0.459252549,-0.120535548,0.12563122,0.007766851,-0.219197954,0.007337508,-0.070748551,1.145911852
18.38,3.521590456,1.157791252,-1.280663904,0.458107848,-0.123814868,0.12288943,0.006580085,-0.220253624,0.004604338,-0.07833511,1.158032555
18.39,3.526093248,1.156323991,-1.27962697,0.456963147,-0.127094187,0.12014764,0.005393318,-0.221309294,0.001871168,-0.085921669,1.170153257
18.4,3.53059604,1.154856731,-1.278590036,0.455818446,-0.130373507,0.11740585,0.004206552,-0.222364964,-0.000862001,-0.093508228,1.182273959
18.41,3.536203944,1.156297382,-1.277322172,0.456153838,-0.134617157,0.069933046,0.003431789,-0.225335068,-0.050786038,-0.098177469,1.348436467
18.42,3.540583946,1.15450702,-1.276310897,0.454844683,-0.137789329,0.072161369,0.002199244,-0.226178023,-0.048275778,-0.106088174,1.343441413
18.43,3.544963948,1.152716658,-1.275299622,0.453535527,-0.1409615,0.074389692,0.0009667,-0.227020978,-0.045765518,-0.11399888,1.33844636
18.44,3.54934395,1.150926296,-1.274288348,0.452226371,-0.144133672,0.076618015,-0.000265845,-0.227863933,-0.043255258,-0.121909586,1.333451306
18.45,3.553723952,1.149135934,-1.273277073,0.450917216,-0.147305844,0.078846338,-0.001498389,-0.228706888,-0.040744999,-0.129820292,1.328456252
18.46,3.558103955,1.147345572,-1.272265798,0.44960806,-0.150478015,0.081074661,-0.002730934,-0.229549843,-0.038234739,-0.137730997,1.323461199
18.47,3.562483957,1.14555521,-1.271254523,0.448298905,-0.153650187,0.083302984,-0.003963478,-0.230392798,-0.035724479,-0.145641703,1.318466145
18.48,3.566863959,1.143764848,-1.270243249,0.446989749,-0.156822358,0.085531307,-0.005196022,-0.231235753,-0.033214219,-0.153552409,1.313471091
18.49,3.571243961,1.141974486,-1.269231974,0.445680594,-0.15999453,0.08775963,-0.006428567,-0.232078708,-0.030703959,-0.161463115,1.308476038
18.5,3.575623963,1.140184125,-1.268220699,0.444371438,-0.163166701,0.089987953,-0.007661111,-0.232921663,-0.028193699,-0.16937382,1.303480984
18.51,3.581284011,1.141252169,-1.268024156,0.445020204,-0.166489627,0.116039106,-0.008045024,-0.234674031,0.000398626,-0.176660707,1.315536277
18.52,3.585521786,1.139144206,-1.266922356,0.443493502,-0.169645048,0.115620448,-0.009371861,-0.23541594,0.0000109,-0.184640726,1.308646741
18.53,3.589759561,1.137036243,-1.265820555,0.441966799,-0.172800469,0.11520179,-0.010698698,-0.236157849,-0.000376869,-0.192620745,1.301757204
18.54,3.593997336,1.134928281,-1.264718755,0.440440097,-0.17595589,0.114783132,-0.012025535,-0.236899758,-0.000764616,-0.200600764,1.294867667
18.55,3.598235111,1.132820318,-1.263616954,0.438913394,-0.179111311,0.114364473,-0.013352372,-0.237641667,-0.001152363,-0.208580783,1.287978131
18.56,3.602472885,1.130712356,-1.262515154,0.437386692,-0.182266733,0.113945815,-0.014679208,-0.238383576,-0.001540111,-0.216560802,1.281088594
18.57,3.60671066,1.128604393,-1.261413353,0.43585999,-0.185422154,0.113527157,-0.016006045,-0.239125485,-0.001927858,-0.224540821,1.274199057
18.58,3.610948435,1.126496431,-1.260311553,0.434333287,-0.188577575,0.113108499,-0.017332882,-0.239867394,-0.002315605,-0.23252084,1.267309521
18.59,3.61518621,1.124388468,-1.259209752,0.432806585,-0.191732996,0.11268984,-0.018659719,-0.240609303,-0.002703352,-0.240500859,1.260419984
18.6,3.619423985,1.122280506,-1.258107952,0.431279882,-0.194888417,0.112271182,-0.019986556,-0.241351212,-0.0030911,-0.248480878,1.253530447
18.61,3.625102456,1.122938326,-1.25663667,0.431046669,-0.199556097,0.111707164,-0.021214057,-0.244273098,-0.00397318,-0.257035223,1.318408633
18.62,3.629180153,1.120523054,-1.255575923,0.429376246,-0.202543489,0.111304657,-0.022551931,-0.244772787,-0.004306001,-0.264951428,1.303544905
18.63,3.633257851,1.118107782,-1.254515176,0.427705822,-0.205530882,0.110902149,-0.023889805,-0.245272477,-0.004638822,-0.272867633,1.288681177
18.64,3.637335548,1.115692511,-1.253454429,0.426035399,-0.208518274,0.110499642,-0.025227679,-0.245772166,-0.004971644,-0.280783838,1.273817449
18.65,3.641413246,1.113277239,-1.252393682,0.424364975,-0.211505667,0.110097135,-0.026565554,-0.246271856,-0.005304465,-0.288700043,1.258953721
18.66,3.645490943,1.110861967,-1.251332935,0.422694552,-0.214493059,0.109694628,-0.027903428,-0.246771545,-0.005637287,-0.296616248,1.244089993
18.67,3.64956864,1.108446696,-1.250272188,0.421024128,-0.217480452,0.109292121,-0.029241302,-0.247271235,-0.005970108,-0.304532453,1.229226265
18.68,3.653646338,1.106031424,-1.249211441,0.419353705,-0.220467844,0.108889614,-0.030579176,-0.247770924,-0.006302929,-0.312448658,1.214362537
18.69,3.657724035,1.103616152,-1.248150694,0.417683282,-0.223455237,0.108487107,-0.03191705,-0.248270613,-0.006635751,-0.320364863,1.199498809
18.7,3.661801733,1.101200881,-1.247089947,0.416012858,-0.226442629,0.1080846,-0.033254925,-0.248770303,-0.006968572,-0.328281068,1.184635081
18.71,3.667428504,1.10137654,-1.246417331,0.415303097,-0.231284018,0.092669916,-0.034836223,-0.251573709,-0.022613109,-0.336374262,1.061985637
18.72,3.671334082,1.098673387,-1.245313458,0.413525933,-0.234065411,0.093935429,-0.03614705,-0.25181743,-0.021244629,-0.344270801,1.0590981
18.73,3.675239661,1.095970234,-1.244209586,0.41174877,-0.236846804,0.095200941,-0.037457877,-0.252061151,-0.019876148,-0.352167341,1.056210562
18.74,3.679145239,1.093267081,-1.243105713,0.409971606,-0.239628197,0.096466454,-0.038768704,-0.252304872,-0.018507668,-0.360063881,1.053323025
18.75,3.683050817,1.090563928,-1.242001841,0.408194442,-0.24240959,0.097731966,-0.040079531,-0.252548593,-0.017139188,-0.36796042,1.050435487
18.76,3.686956395,1.087860775,-1.240897968,0.406417278,-0.245190983,0.098997479,-0.041390359,-0.252792314,-0.015770707,-0.37585696,1.04754795
18.77,3.690861973,1.085157622,-1.239794096,0.404640115,-0.247972376,0.100262991,-0.042701186,-0.253036035,-0.014402227,-0.383753499,1.044660413
18.78,3.694767551,1.08245447,-1.238690223,0.402862951,-0.250753768,0.101528503,-0.044012013,-0.253279756,-0.013033747,-0.391650039,1.041772875
18.79,3.698673129,1.079751317,-1.237586351,0.401085787,-0.253535161,0.102794016,-0.04532284,-0.253523477,-0.011665266,-0.399546578,1.038885338
18.8,3.702578707,1.077048164,-1.236482478,0.399308623,-0.256316554,0.104059528,-0.046633667,-0.253767197,-0.010296786,-0.407443118,1.0359978
18.81,3.708183894,1.076834688,-1.235679832,0.399592006,-0.259327474,0.122076789,-0.047063692,-0.254459794,0.009055075,-0.414874541,0.991977488
18.82,3.711900627,1.073854905,-1.23454249,0.397585892,-0.262083364,0.121480996,-0.048472386,-0.25465364,0.008425402,-0.42282276,0.993660259
18.83,3.71561736,1.070875121,-1.233405148,0.395579779,-0.264839254,0.120885203,-0.04988108,-0.254847486,0.007795729,-0.430770979,0.99534303
18.84,3.719334093,1.067895337,-1.232267806,0.393573666,-0.267595144,0.12028941,-0.051289774,-0.255041332,0.007166055,-0.438719198,0.997025801
18.85,3.723050825,1.064915553,-1.231130464,0.391567552,-0.270351033,0.119693617,-0.052698468,-0.255235177,0.006536382,-0.446667418,0.998708572
18.86,3.726767558,1.06193577,-1.229993122,0.389561439,-0.273106923,0.119097825,-0.054107162,-0.255429023,0.005906709,-0.454615637,1.000391343
18.87,3.730484291,1.058955986,-1.22885578,0.387555326,-0.275862813,0.118502032,-0.055515856,-0.255622869,0.005277036,-0.462563856,1.002074114
18.88,3.734201023,1.055976202,-1.227718437,0.385549212,-0.278618703,0.117906239,-0.05692455,-0.255816715,0.004647363,-0.470512075,1.003756885
18.89,3.737917756,1.052996418,-1.226581095,0.383543099,-0.281374593,0.117310446,-0.058333244,-0.25601056,0.00401769,-0.478460294,1.005439656
18.9,3.741634489,1.050016634,-1.225443753,0.381536986,-0.284130483,0.116714653,-0.059741938,-0.256204406,0.003388017,-0.486408514,1.007122427
18.91,3.747238149,1.049466956,-1.22386175,0.38108958,-0.287991487,0.114291378,-0.060859749,-0.257677828,0.000364156,-0.494598985,1.007424793
18.92,3.750745223,1.046217161,-1.222773815,0.378910277,-0.290624587,0.113898639,-0.062300763,-0.257729499,0.000000504,-0.502520288,1.009260942
18.93,3.754252297,1.042967365,-1.221685879,0.376730974,-0.293257686,0.113505899,-0.063741778,-0.257781169,-0.000363148,-0.51044159,1.011097092
18.94,3.757759371,1.03971757,-1.220597944,0.374551671,-0.295890785,0.11311316,-0.065182792,-0.25783284,-0.0007268,-0.518362892,1.012933241
18.95,3.761266445,1.036467774,-1.219510009,0.372372368,-0.298523885,0.112720421,-0.066623806,-0.257884511,-0.001090453,-0.526284194,1.01476939
18.96,3.764773519,1.033217979,-1.218422073,0.370193065,-0.301156984,0.112327681,-0.06806482,-0.257936181,-0.001454105,-0.534205497,1.01660554
18.97,3.768280593,1.029968183,-1.217334138,0.368013762,-0.303790083,0.111934942,-0.069505835,-0.257987852,-0.001817757,-0.542126799,1.018441689
18.98,3.771787668,1.026718388,-1.216246203,0.365834459,-0.306423183,0.111542203,-0.070946849,-0.258039523,-0.002181409,-0.550048101,1.020277838
18.99,3.775294742,1.023468592,-1.215158268,0.363655155,-0.309056282,0.111149464,-0.072387863,-0.258091193,-0.002545061,-0.557969403,1.022113987
19,3.778801816,1.020218797,-1.214070332,0.361475852,-0.311689381,0.110756724,-0.073828877,-0.258142864,-0.002908713,-0.565890705,1.023950137
19.01,3.78432329,1.019253955,-1.212988131,0.360277923,-0.316098474,0.103183122,-0.075585431,-0.260017032,-0.010780515,-0.575177582,1.036445997
19.02,3.787606542,1.015750276,-1.211899559,0.357989578,-0.318534241,0.103588257,-0.076991386,-0.259866203,-0.010309928,-0.582947153,1.037097733
19.03,3.790889794,1.012246596,-1.210810986,0.355701234,-0.320970007,0.103993391,-0.07839734,-0.259715374,-0.009839342,-0.590716725,1.03774947
19.04,3.794173046,1.008742917,-1.209722414,0.353412889,-0.323405774,0.104398525,-0.079803294,-0.259564545,-0.009368755,-0.598486297,1.038401207
19.05,3.797456298,1.005239238,-1.208633842,0.351124545,-0.325841541,0.10480366,-0.081209248,-0.259413716,-0.008898168,-0.606255869,1.039052944
19.06,3.80073955,1.001735558,-1.207545269,0.3488362,-0.328277307,0.105208794,-0.082615203,-0.259262887,-0.008427582,-0.614025441,1.039704681
19.07,3.804022801,0.998231879,-1.206456697,0.346547856,-0.330713074,0.105613928,-0.084021157,-0.259112058,-0.007956995,-0.621795012,1.040356418
19.08,3.807306053,0.9947282,-1.205368124,0.344259511,-0.333148841,0.106019063,-0.085427111,-0.258961229,-0.007486408,-0.629564584,1.041008155
19.09,3.810589305,0.991224521,-1.204279552,0.341971167,-0.335584607,0.106424197,-0.086833065,-0.2588104,-0.007015822,-0.637334156,1.041659892
19.1,3.813872557,0.987720841,-1.20319098,0.339682822,-0.338020374,0.106829331,-0.08823902,-0.258659571,-0.006545235,-0.645103728,1.042311629
19.11,3.819255721,0.9863148,-1.202336448,0.338121201,-0.342403082,0.109848495,-0.09018361,-0.260319937,-0.00303709,-0.65542157,1.046568952
19.12,3.82230565,0.982578049,-1.201221871,0.335752109,-0.344622522,0.109963182,-0.091529716,-0.259967864,-0.00290401,-0.662908,1.046820069
19.13,3.825355578,0.978841299,-1.200107294,0.333383018,-0.346841962,0.110077869,-0.092875822,-0.259615791,-0.00277093,-0.670394431,1.047071185
19.14,3.828405506,0.975104549,-1.198992717,0.331013926,-0.349061402,0.110192555,-0.094221927,-0.259263718,-0.00263785,-0.677880861,1.047322301
19.15,3.831455435,0.971367799,-1.19787814,0.328644835,-0.351280841,0.110307242,-0.095568033,-0.258911645,-0.00250477,-0.685367292,1.047573417
19.16,3.834505363,0.967631049,-1.196763564,0.326275743,-0.353500281,0.110421928,-0.096914139,-0.258559572,-0.002371689,-0.692853723,1.047824534
19.17,3.837555291,0.963894299,-1.195648987,0.323906652,-0.355719721,0.110536615,-0.098260245,-0.258207499,-0.002238609,-0.700340153,1.04807565
19.18,3.84060522,0.960157549,-1.19453441,0.321537561,-0.357939161,0.110651301,-0.099606351,-0.257855426,-0.002105529,-0.707826584,1.048326766
19.19,3.843655148,0.956420799,-1.193419833,0.319168469,-0.360158601,0.110765988,-0.100952457,-0.257503353,-0.001972449,-0.715313015,1.048577882
19.2,3.846705076,0.952684049,-1.192305256,0.316799378,-0.362378041,0.110880674,-0.102298562,-0.257151281,-0.001839368,-0.722799445,1.048828999
19.21,3.851898711,0.95083299,-1.191343592,0.314579845,-0.366856651,0.110002975,-0.104706605,-0.258741512,-0.002578902,-0.733816746,1.05024622
19.22,3.85471045,0.946886719,-1.190212025,0.312194136,-0.368825072,0.110227926,-0.105934717,-0.258173628,-0.002348865,-0.740910857,1.050367769
19.23,3.857522188,0.942940447,-1.189080457,0.309808427,-0.370793493,0.110452878,-0.10716283,-0.257605743,-0.002118827,-0.748004969,1.050489318
19.24,3.860333927,0.938994176,-1.18794889,0.307422718,-0.372761914,0.11067783,-0.108390943,-0.257037859,-0.00188879,-0.755099081,1.050610867
19.25,3.863145666,0.935047904,-1.186817323,0.305037009,-0.374730335,0.110902781,-0.109619056,-0.256469974,-0.001658753,-0.762193193,1.050732416
19.26,3.865957404,0.931101633,-1.185685756,0.3026513,-0.376698756,0.111127733,-0.110847169,-0.25590209,-0.001428715,-0.769287305,1.050853965
19.27,3.868769143,0.927155362,-1.184554188,0.30026559,-0.378667177,0.111352685,-0.112075282,-0.255334205,-0.001198678,-0.776381416,1.050975514
19.28,3.871580882,0.92320909,-1.183422621,0.297879881,-0.380635598,0.111577637,-0.113303395,-0.254766321,-0.000968641,-0.783475528,1.051097063
19.29,3.87439262,0.919262819,-1.182291054,0.295494172,-0.382604019,0.111802588,-0.114531508,-0.254198436,-0.000738603,-0.79056964,1.051218612
19.3,3.877204359,0.915316548,-1.181159487,0.293108463,-0.38457244,0.11202754,-0.115759621,-0.253630552,-0.000508566,-0.797663752,1.051340161
19.31,3.882146228,0.913021793,-1.180480806,0.290308911,-0.38894315,0.107244671,-0.118506879,-0.25495386,-0.005079316,-0.808997526,1.051891646
19.32,3.884721285,0.90889202,-1.179298918,0.287969184,-0.39064465,0.108026047,-0.119566198,-0.254175843,-0.004315857,-0.815620564,1.051965424
19.33,3.887296343,0.904762247,-1.17811703,0.285629458,-0.39234615,0.108807423,-0.120625517,-0.253397826,-0.003552399,-0.822243603,1.052039203
19.34,3.8898714,0.900632473,-1.176935142,0.283289731,-0.39404765,0.1095888,-0.121684836,-0.252619809,-0.002788941,-0.828866641,1.052112981
19.35,3.892446458,0.8965027,-1.175753254,0.280950005,-0.39574915,0.110370176,-0.122744155,-0.251841792,-0.002025483,-0.835489679,1.05218676
19.36,3.895021516,0.892372927,-1.174571367,0.278610278,-0.39745065,0.111151552,-0.123803474,-0.251063775,-0.001262025,-0.842112717,1.052260538
19.37,3.897596573,0.888243153,-1.173389479,0.276270551,-0.39915215,0.111932928,-0.124862793,-0.250285758,-0.000498567,-0.848735755,1.052334316
19.38,3.900171631,0.88411338,-1.172207591,0.273930825,-0.40085365,0.112714305,-0.125922112,-0.249507741,0.000264892,-0.855358793,1.052408095
19.39,3.902746688,0.879983607,-1.171025703,0.271591098,-0.40255515,0.113495681,-0.126981431,-0.248729724,0.00102835,-0.861981832,1.052481873
19.4,3.905321746,0.875853834,-1.169843815,0.269251372,-0.40425665,0.114277057,-0.12804075,-0.247951707,0.001791808,-0.86860487,1.052555652
19.41,3.909977798,0.873145963,-1.169052195,0.266351418,-0.408137559,0.121318157,-0.130613683,-0.248652883,0.009502102,-0.879846477,1.05283374
19.42,3.912321634,0.8688582,-1.167826943,0.264073939,-0.409596902,0.121404009,-0.131504823,-0.247710511,0.00949369,-0.88595634,1.052884817
19.43,3.91466547,0.864570438,-1.166601692,0.26179646,-0.411056246,0.12148986,-0.132395963,-0.246768139,0.009485277,-0.892066204,1.052935895
19.44,3.917009306,0.860282676,-1.165376441,0.259518981,-0.412515589,0.121575712,-0.133287102,-0.245825767,0.009476865,-0.898176068,1.052986972
19.45,3.919353142,0.855994913,-1.16415119,0.257241502,-0.413974933,0.121661563,-0.134178242,-0.244883395,0.009468452,-0.904285932,1.053038049
19.46,3.921696978,0.851707151,-1.162925939,0.254964023,-0.415434277,0.121747414,-0.135069382,-0.243941024,0.00946004,-0.910395796,1.053089127
19.47,3.924040814,0.847419388,-1.161700688,0.252686544,-0.41689362,0.121833266,-0.135960521,-0.242998652,0.009451627,-0.91650566,1.053140204
19.48,3.92638465,0.843131626,-1.160475437,0.250409065,-0.418352964,0.121919117,-0.136851661,-0.24205628,0.009443215,-0.922615524,1.053191281
19.49,3.928728486,0.838843863,-1.159250186,0.248131586,-0.419812307,0.122004968,-0.137742801,-0.241113908,0.009434802,-0.928725388,1.053242359
19.5,3.931072322,0.834556101,-1.158024935,0.245854106,-0.421271651,0.12209082,-0.13863394,-0.240171536,0.00942639,-0.934835252,1.053293436
19.51,3.935614675,0.831586205,-1.147437487,0.246237878,-0.422817347,0.310973556,-0.137665855,-0.238467382,0.198207291,-0.945657973,1.045662337
19.52,3.937714231,0.827152013,-1.14725248,0.243664705,-0.424267095,0.290081976,-0.138763575,-0.237609653,0.177222288,-0.951244186,1.046566989
19.53,3.939813787,0.822717821,-1.147067473,0.241091531,-0.425716844,0.269190396,-0.139861295,-0.236751924,0.156237285,-0.956830399,1.047471642
19.54,3.941913343,0.818283629,-1.146882467,0.238518357,-0.427166593,0.248298815,-0.140959015,-0.235894194,0.135252282,-0.962416612,1.048376294
19.55,3.9440129,0.813849437,-1.14669746,0.235945184,-0.428616342,0.227407235,-0.142056736,-0.235036465,0.114267279,-0.968002825,1.049280947
19.56,3.946112456,0.809415245,-1.146512453,0.23337201,-0.430066091,0.206515655,-0.143154456,-0.234178735,0.093282276,-0.973589038,1.050185599
19.57,3.948212012,0.804981053,-1.146327446,0.230798837,-0.43151584,0.185624074,-0.144252176,-0.233321006,0.072297273,-0.979175251,1.051090252
19.58,3.950311568,0.800546861,-1.146142439,0.228225663,-0.432965588,0.164732494,-0.145349896,-0.232463277,0.05131227,-0.984761464,1.051994904
19.59,3.952411125,0.796112669,-1.145957432,0.22565249,-0.434415337,0.143840914,-0.146447617,-0.231605547,0.030327267,-0.990347677,1.052899556
19.6,3.954510681,0.791678477,-1.145772425,0.223079316,-0.435865086,0.122949333,-0.147545337,-0.230747818,0.009342264,-0.99593389,1.053804209
19.61,3.958314242,0.788153878,-1.150212937,0.208423375,-0.444970788,-0.3665093,-0.161713772,-0.236774085,-0.499096294,-1.006229578,1.061463057
19.62,3.960224464,0.78361862,-1.149513983,0.207192731,-0.445569875,-0.335337874,-0.161359191,-0.235151467,-0.465919791,-1.011292516,1.061617243
19.63,3.962134687,0.779083362,-1.14881503,0.205962087,-0.446168962,-0.304166449,-0.161004609,-0.233528849,-0.432743288,-1.016355454,1.06177143
19.64,3.964044909,0.774548104,-1.148116076,0.204731444,-0.44676805,-0.272995023,-0.160650028,-0.231906231,-0.399566785,-1.021418392,1.061925616
19.65,3.965955132,0.770012846,-1.147417123,0.2035008,-0.447367137,-0.241823598,-0.160295446,-0.230283614,-0.366390281,-1.02648133,1.062079802
19.66,3.967865354,0.765477588,-1.146718169,0.202270156,-0.447966225,-0.210652172,-0.159940865,-0.228660996,-0.333213778,-1.031544268,1.062233988
19.67,3.969775577,0.76094233,-1.146019216,0.201039512,-0.448565312,-0.179480747,-0.159586283,-0.227038378,-0.300037275,-1.036607207,1.062388175
19.68,3.971685799,0.756407072,-1.145320263,0.199808868,-0.449164399,-0.148309321,-0.159231702,-0.22541576,-0.266860772,-1.041670145,1.062542361
19.69,3.973596021,0.751871814,-1.144621309,0.198578224,-0.449763487,-0.117137896,-0.158877121,-0.223793142,-0.233684269,-1.046733083,1.062696547
19.7,3.975506244,0.747336556,-1.143922356,0.19734758,-0.450362574,-0.08596647,-0.158522539,-0.222170524,-0.200507766,-1.051796021,1.062850733
19.71,3.978777966,0.743399145,-1.150503201,0.201021847,-0.44987129,0.360696234,-0.152943924,-0.217997179,0.278018869,-1.061573715,1.070847418
19.72,3.980536911,0.73879746,-1.148995381,0.199246213,-0.45059153,0.345701962,-0.15316979,-0.216657975,0.261712024,-1.066112791,1.070130215
19.73,3.982295855,0.734195774,-1.147487561,0.197470579,-0.45131177,0.33070769,-0.153395657,-0.215318772,0.245405179,-1.070651867,1.069413013
19.74,3.9840548,0.729594089,-1.145979741,0.195694945,-0.45203201,0.315713417,-0.153621524,-0.213979568,0.229098334,-1.075190944,1.06869581
19.75,3.985813745,0.724992404,-1.144471921,0.193919311,-0.452752249,0.300719145,-0.153847391,-0.212640364,0.21279149,-1.07973002,1.067978608
19.76,3.98757269,0.720390718,-1.142964101,0.192143677,-0.453472489,0.285724873,-0.154073257,-0.211301161,0.196484645,-1.084269096,1.067261406
19.77,3.989331634,0.715789033,-1.141456281,0.190368043,-0.454192729,0.270730601,-0.154299124,-0.209961957,0.1801778,-1.088808173,1.066544203
19.78,3.991090579,0.711187348,-1.139948462,0.188592409,-0.454912969,0.255736329,-0.154524991,-0.208622753,0.163870955,-1.093347249,1.065827001
19.79,3.992849524,0.706585662,-1.138440642,0.186816775,-0.455633209,0.240742057,-0.154750858,-0.20728355,0.147564111,-1.097886325,1.065109798
19.8,3.994608468,0.701983977,-1.136932822,0.185041141,-0.456353448,0.225747785,-0.154976724,-0.205944346,0.131257266,-1.102425401,1.064392596
19.81,3.997714354,0.697891221,-1.128791422,0.178228489,-0.459735611,0.073525527,-0.160442889,-0.206061782,-0.036953725,-1.11168177,1.058166393
19.82,3.999323638,0.693232988,-1.128020666,0.177012523,-0.460160082,0.073778809,-0.160086501,-0.20456073,-0.036382331,-1.115696702,1.058061302
19.83,4.000932923,0.688574755,-1.127249911,0.175796558,-0.460584553,0.074032091,-0.159730112,-0.203059677,-0.035810938,-1.119711635,1.05795621
19.84,4.002542208,0.683916522,-1.126479155,0.174580593,-0.461009023,0.074285373,-0.159373723,-0.201558625,-0.035239544,-1.123726568,1.057851119
19.85,4.004151492,0.679258289,-1.1257084,0.173364627,-0.461433494,0.074538654,-0.159017335,-0.200057572,-0.03466815,-1.127741501,1.057746028
19.86,4.005760777,0.674600056,-1.124937644,0.172148662,-0.461857964,0.074791936,-0.158660946,-0.19855652,-0.034096757,-1.131756433,1.057640936
19.87,4.007370061,0.669941823,-1.124166889,0.170932697,-0.462282435,0.075045218,-0.158304558,-0.197055467,-0.033525363,-1.135771366,1.057535845
19.88,4.008979346,0.66528359,-1.123396133,0.169716732,-0.462706905,0.0752985,-0.157948169,-0.195554414,-0.032953969,-1.139786299,1.057430754
19.89,4.01058863,0.660625357,-1.122625378,0.168500766,-0.463131376,0.075551782,-0.15759178,-0.194053362,-0.032382576,-1.143801231,1.057325662
19.9,4.013263926,0.65631535,-1.121246724,0.164366428,-0.465001166,0.093025526,-0.159797376,-0.192496576,-0.014019325,-1.153052048,1.056466344
19.91,4.01476661,0.651622294,-1.120536758,0.1634423,-0.465281104,0.091556762,-0.159184789,-0.191001097,-0.015227117,-1.156543392,1.056436676
19.92,4.016269293,0.646929239,-1.119826792,0.162518172,-0.465561043,0.090087998,-0.158572202,-0.189505618,-0.016434909,-1.160034737,1.056407007
19.93,4.017771977,0.642236183,-1.119116827,0.161594044,-0.465840981,0.088619233,-0.157959615,-0.188010138,-0.017642701,-1.163526081,1.056377338
19.94,4.01927466,0.637543127,-1.118406861,0.160669916,-0.46612092,0.087150469,-0.157347028,-0.186514659,-0.018850493,-1.167017425,1.05634767
19.95,4.020777344,0.632850072,-1.117696896,0.159745788,-0.466400859,0.085681704,-0.156734441,-0.18501918,-0.020058285,-1.17050877,1.056318001
19.96,4.022280027,0.628157016,-1.11698693,0.15882166,-0.466680797,0.08421294,-0.156121854,-0.183523701,-0.021266077,-1.174000114,1.056288332
19.97,4.023782711,0.623463961,-1.116276965,0.157897532,-0.466960736,0.082744175,-0.155509267,-0.182028221,-0.022473869,-1.177491458,1.056258663
19.98,4.025285394,0.618770905,-1.115566999,0.156973404,-0.467240674,0.081275411,-0.15489668,-0.180532742,-0.023681661,-1.180982803,1.056228995
19.99,4.026788077,0.614077849,-1.114857034,0.156049276,-0.467520613,0.079806646,-0.154284093,-0.179037263,-0.024889453,-1.184474147,1.056199326
20,4.029076189,0.609606933,-1.113782966,0.152458141,-0.468886405,0.056242373,-0.155725926,-0.177132158,-0.049400546,-1.193201346,1.060523505
20.01,4.03050033,0.604891664,-1.11310941,0.151800713,-0.469057758,0.056983159,-0.154907897,-0.175677641,-0.048278008,-1.196169105,1.060058451
20.02,4.031924471,0.600176394,-1.112435855,0.151143286,-0.469229111,0.057723946,-0.154089868,-0.174223124,-0.04715547,-1.199136864,1.059593398
20.03,4.033348611,0.595461125,-1.1117623,0.150485859,-0.469400464,0.058464732,-0.153271839,-0.172768608,-0.046032932,-1.202104622,1.059128345
20.04,4.034772752,0.590745855,-1.111088744,0.149828431,-0.469571818,0.059205519,-0.15245381,-0.171314091,-0.044910394,-1.205072381,1.058663291
20.05,4.036196892,0.586030585,-1.110415189,0.149171004,-0.469743171,0.059946305,-0.151635781,-0.169859574,-0.043787856,-1.20804014,1.058198238
20.06,4.037621033,0.581315316,-1.109741634,0.148513577,-0.469914524,0.060687092,-0.150817752,-0.168405058,-0.042665318,-1.211007899,1.057733184
20.07,4.039045174,0.576600046,-1.109068078,0.147856149,-0.470085877,0.061427878,-0.149999723,-0.166950541,-0.04154278,-1.213975658,1.057268131
20.08,4.040469314,0.571884777,-1.108394523,0.147198722,-0.470257231,0.062168665,-0.149181694,-0.165496024,-0.040420242,-1.216943417,1.056803077
20.09,4.041893455,0.567169507,-1.107720968,0.146541295,-0.470428584,0.062909451,-0.148363665,-0.164041508,-0.039297703,-1.219911176,1.056338024
20.1,4.0438713,0.562587568,-1.108015211,0.143873767,-0.471320108,0.059108808,-0.148737707,-0.161852646,-0.041594056,-1.228114809,1.073350825
20.11,4.04524007,0.557858965,-1.107244875,0.14341735,-0.471419445,0.060303738,-0.147800471,-0.160471563,-0.040129629,-1.23055898,1.071137986
20.12,4.04660884,0.553130363,-1.10647454,0.142960932,-0.471518781,0.061498667,-0.146863235,-0.159090481,-0.038665202,-1.233003152,1.068925147
20.13,4.04797761,0.54840176,-1.105704205,0.142504515,-0.471618117,0.062693596,-0.145925999,-0.157709399,-0.037200775,-1.235447323,1.066712309
20.14,4.04934638,0.543673158,-1.10493387,0.142048098,-0.471717453,0.063888526,-0.144988763,-0.156328317,-0.035736348,-1.237891495,1.06449947
20.15,4.050715151,0.538944555,-1.104163535,0.14159168,-0.471816789,0.065083455,-0.144051526,-0.154947235,-0.03427192,-1.240335666,1.062286631
20.16,4.052083921,0.534215953,-1.1033932,0.141135263,-0.471916125,0.066278384,-0.14311429,-0.153566153,-0.032807493,-1.242779838,1.060073792
20.17,4.053452691,0.52948735,-1.102622865,0.140678846,-0.472015461,0.067473314,-0.142177054,-0.152185071,-0.031343066,-1.245224009,1.057860953
20.18,4.054821461,0.524758747,-1.10185253,0.140222428,-0.472114798,0.068668243,-0.141239818,-0.150803989,-0.029878639,-1.24766818,1.055648114
20.19,4.056190231,0.520030145,-1.101082195,0.139766011,-0.472214134,0.069863172,-0.140302582,-0.149422907,-0.028414212,-1.250112352,1.053435275
20.2,4.057896165,0.515366898,-1.112168528,0.13704675,-0.472964904,-0.142177632,-0.140690953,-0.147312177,-0.238721091,-1.257598533,1.711019735
20.21,4.059231219,0.51063176,-1.110212526,0.136816617,-0.472999097,-0.119659129,-0.139621156,-0.14600406,-0.216079533,-1.259538503,1.642827167
20.22,4.060566273,0.505896622,-1.108256524,0.136586484,-0.47303329,-0.097140626,-0.138551359,-0.144695942,-0.193437975,-1.261478474,1.574634598
20.23,4.061901327,0.501161484,-1.106300522,0.136356351,-0.473067482,-0.074622124,-0.137481562,-0.143387825,-0.170796417,-1.263418444,1.506442029
20.24,4.06323638,0.496426346,-1.10434452,0.136126218,-0.473101675,-0.052103621,-0.136411766,-0.142079708,-0.148154859,-1.265358415,1.43824946
20.25,4.064571434,0.491691207,-1.102388518,0.135896085,-0.473135868,-0.029585118,-0.135341969,-0.14077159,-0.125513302,-1.267298385,1.370056892
20.26,4.065906488,0.486956069,-1.100432516,0.135665952,-0.473170061,-0.007066615,-0.134272172,-0.139463473,-0.102871744,-1.269238356,1.301864323
20.27,4.067241542,0.482220931,-1.098476514,0.135435819,-0.473204253,0.015451887,-0.133202375,-0.138155356,-0.080230186,-1.271178326,1.233671754
20.28,4.068576596,0.477485793,-1.096520512,0.135205687,-0.473238446,0.03797039,-0.132132578,-0.136847238,-0.057588628,-1.273118296,1.165479185
20.29,4.069911649,0.472750655,-1.09456451,0.134975554,-0.473272639,0.060488893,-0.131062781,-0.135539121,-0.03494707,-1.275058267,1.097286616
20.3,4.071477011,0.46803066,-1.094976439,0.134866137,-0.473645986,0.486018388,-0.128802471,-0.133262041,0.413347038,-1.280922851,0.562016443
20.31,4.072789034,0.463294008,-1.092783644,0.134623932,-0.473646264,0.468235792,-0.127851726,-0.13205082,0.393423341,-1.28247036,0.540531635
20.32,4.074101057,0.458557355,-1.090590849,0.134381728,-0.473646541,0.450453195,-0.12690098,-0.130839599,0.373499644,-1.284017869,0.519046827
20.33,4.07541308,0.453820703,-1.088398054,0.134139523,-0.473646818,0.432670598,-0.125950234,-0.129628378,0.353575946,-1.285565378,0.497562018
20.34,4.076725103,0.44908405,-1.086205259,0.133897318,-0.473647095,0.414888002,-0.124999489,-0.128417157,0.333652249,-1.287112887,0.47607721
20.35,4.078037126,0.444347398,-1.084012464,0.133655114,-0.473647372,0.397105405,-0.124048743,-0.127205936,0.313728552,-1.288660396,0.454592402
20.36,4.079349149,0.439610745,-1.081819669,0.133412909,-0.47364765,0.379322809,-0.123097998,-0.125994715,0.293804855,-1.290207905,0.433107593
20.37,4.080661172,0.434874093,-1.079626874,0.133170705,-0.473647927,0.361540212,-0.122147252,-0.124783494,0.273881158,-1.291755414,0.411622785
20.38,4.081973195,0.43013744,-1.077434079,0.1329285,-0.473648204,0.343757616,-0.121196507,-0.123572273,0.25395746,-1.293302923,0.390137977
20.39,4.083285218,0.425400788,-1.075241284,0.132686296,-0.473648481,0.325975019,-0.120245761,-0.122361051,0.234033763,-1.294850432,0.368653169
20.4,4.084809941,0.42066563,-1.069251695,0.131919691,-0.473580696,0.028476219,-0.11886867,-0.119870547,-0.085529835,-1.299346488,0.210808492
20.41,4.086100694,0.415928828,-1.067438579,0.131729926,-0.473587779,0.038665242,-0.117960559,-0.118787254,-0.075489542,-1.300599142,0.202959671
20.42,4.087391447,0.411192026,-1.065625464,0.131540162,-0.473594863,0.048854266,-0.117052448,-0.117703961,-0.065449249,-1.301851797,0.195110849
20.43,4.0886822,0.406455224,-1.063812348,0.131350397,-0.473601946,0.05904329,-0.116144337,-0.116620669,-0.055408956,-1.303104451,0.187262028
20.44,4.089972953,0.401718422,-1.061999232,0.131160632,-0.47360903,0.069232314,-0.115236226,-0.115537376,-0.045368664,-1.304357106,0.179413206
20.45,4.091263706,0.39698162,-1.060186116,0.130970868,-0.473616113,0.079421338,-0.114328115,-0.114454083,-0.035328371,-1.30560976,0.171564385
20.46,4.092554459,0.392244818,-1.058373001,0.130781103,-0.473623197,0.089610362,-0.113420004,-0.11337079,-0.025288078,-1.306862415,0.163715563
20.47,4.093845213,0.387508016,-1.056559885,0.130591339,-0.47363028,0.099799386,-0.112511893,-0.112287498,-0.015247785,-1.308115069,0.155866742
20.48,4.095135966,0.382771214,-1.054746769,0.130401574,-0.473637364,0.109988409,-0.111603782,-0.111204205,-0.005207492,-1.309367724,0.14801792
20.49,4.096426719,0.378034412,-1.052933654,0.13021181,-0.473644447,0.120177433,-0.110695671,-0.110120912,0.004832801,-1.310620378,0.140169099
20.5,4.097925988,0.373307304,-1.049402566,0.130403578,-0.473587557,0.368506347,-0.108497915,-0.107890353,0.263053277,-1.314082787,0.080277168
20.51,4.09919589,0.368569533,-1.047761248,0.130175661,-0.473601038,0.354881382,-0.107718769,-0.106921787,0.248275551,-1.315114466,0.077632658
20.52,4.100465791,0.363831761,-1.046119929,0.129947743,-0.473614519,0.341256417,-0.106939622,-0.105953221,0.233497826,-1.316146145,0.074988147
20.53,4.101735693,0.35909399,-1.044478611,0.129719825,-0.473628,0.327631452,-0.106160475,-0.104984655,0.218720101,-1.317177824,0.072343636
20.54,4.103005594,0.354356218,-1.042837292,0.129491907,-0.47364148,0.314006486,-0.105381329,-0.104016089,0.203942375,-1.318209503,0.069699126
20.55,4.104275496,0.349618447,-1.041195974,0.129263989,-0.473654961,0.300381521,-0.104602182,-0.103047523,0.18916465,-1.319241182,0.067054615
20.56,4.105545397,0.344880676,-1.039554655,0.129036071,-0.473668442,0.286756556,-0.103823036,-0.102078957,0.174386925,-1.320272861,0.064410104
20.57,4.106815299,0.340142904,-1.037913336,0.128808153,-0.473681923,0.273131591,-0.103043889,-0.10111039,0.159609199,-1.32130454,0.061765594
20.58,4.1080852,0.335405133,-1.036272018,0.128580236,-0.473695404,0.259506626,-0.102264742,-0.100141824,0.144831474,-1.322336219,0.059121083
20.59,4.109355102,0.330667362,-1.034630699,0.128352318,-0.473708884,0.245881661,-0.101485596,-0.099173258,0.130053749,-1.323367898,0.056476572
20.6,4.110843151,0.325952625,-1.029881646,0.127955076,-0.47351942,0.021912019,-0.100096626,-0.097033181,-0.109846379,-1.325837813,0.041390528
20.61,4.112091238,0.32121255,-1.028551101,0.127744091,-0.473553195,0.029321521,-0.099378462,-0.096181766,-0.102111864,-1.326725668,0.039990171
20.62,4.113339324,0.316472475,-1.027220556,0.127533105,-0.47358697,0.036731024,-0.098660297,-0.095330351,-0.094377349,-1.327613524,0.038589813
20.63,4.114587411,0.3117324,-1.025890011,0.12732212,-0.473620746,0.044140527,-0.097942133,-0.094478936,-0.086642834,-1.328501379,0.037189456
20.64,4.115835498,0.306992325,-1.024559466,0.127111134,-0.473654521,0.051550029,-0.097223969,-0.093627521,-0.07890832,-1.329389235,0.035789099
20.65,4.117083585,0.302252251,-1.02322892,0.126900149,-0.473688296,0.058959532,-0.096505804,-0.092776106,-0.071173805,-1.33027709,0.034388742
20.66,4.118331671,0.297512176,-1.021898375,0.126689163,-0.473722072,0.066369034,-0.09578764,-0.091924691,-0.06343929,-1.331164946,0.032988384
20.67,4.119579758,0.292772101,-1.02056783,0.126478178,-0.473755847,0.073778537,-0.095069476,-0.091073276,-0.055704775,-1.332052801,0.031588027
20.68,4.120827845,0.288032026,-1.019237285,0.126267192,-0.473789622,0.081188039,-0.094351311,-0.090221861,-0.04797026,-1.332940657,0.03018767
20.69,4.122075932,0.283291952,-1.01790674,0.126056207,-0.473823398,0.088597542,-0.093633147,-0.089370446,-0.040235745,-1.333828512,0.028787313
20.7,4.123559261,0.278598792,-1.015915507,0.126306094,-0.473596434,0.257410908,-0.091735945,-0.087406877,0.136637148,-1.335958304,0.021192167
20.71,4.124783823,0.273854025,-1.014651031,0.126049022,-0.473656283,0.248680025,-0.091135685,-0.086666677,0.127457825,-1.336721966,0.020411289
20.72,4.126008386,0.269109259,-1.013386554,0.125791949,-0.473716132,0.239949141,-0.090535424,-0.085926477,0.118278502,-1.337485628,0.01963041
20.73,4.127232948,0.264364493,-1.012122078,0.125534876,-0.473775982,0.231218257,-0.089935163,-0.085186278,0.109099179,-1.33824929,0.018849532
20.74,4.128457511,0.259619726,-1.010857602,0.125277803,-0.473835831,0.222487373,-0.089334903,-0.084446078,0.099919856,-1.339012951,0.018068653
20.75,4.129682073,0.25487496,-1.009593126,0.125020731,-0.47389568,0.213756489,-0.088734642,-0.083705879,0.090740533,-1.339776613,0.017287775
20.76,4.130906636,0.250130194,-1.008328649,0.124763658,-0.473955529,0.205025606,-0.088134382,-0.082965679,0.08156121,-1.340540275,0.016506897
20.77,4.132131198,0.245385428,-1.007064173,0.124506585,-0.474015378,0.196294722,-0.087534121,-0.082225479,0.072381887,-1.341303937,0.015726018
20.78,4.133355761,0.240640661,-1.005799697,0.124249512,-0.474075227,0.187563838,-0.08693386,-0.08148528,0.063202564,-1.342067599,0.01494514
20.79,4.134580323,0.235895895,-1.00453522,0.123992439,-0.474135077,0.178832954,-0.0863336,-0.08074508,0.054023241,-1.342831261,0.014164261
20.8,4.136051902,0.231217975,-1.00121144,0.123540453,-0.474056751,0.036670455,-0.085327992,-0.079126506,-0.097767019,-1.344511779,0.008908004
20.81,4.137251763,0.226466524,-1.000152894,0.123302872,-0.474130418,0.041282733,-0.084768266,-0.078474144,-0.092685249,-1.345183755,0.008574663
20.82,4.138451624,0.221715073,-0.999094348,0.12306529,-0.474204084,0.045895011,-0.08420854,-0.077821782,-0.087603478,-1.345855732,0.008241322
20.83,4.139651485,0.216963622,-0.998035802,0.122827709,-0.474277751,0.050507288,-0.083648814,-0.07716942,-0.082521707,-1.346527708,0.007907982
20.84,4.140851346,0.212212171,-0.996977257,0.122590127,-0.474351418,0.055119566,-0.083089088,-0.076517057,-0.077439936,-1.347199684,0.007574641
20.85,4.142051206,0.20746072,-0.995918711,0.122352546,-0.474425084,0.059731844,-0.082529363,-0.075864695,-0.072358165,-1.34787166,0.007241301
20.86,4.143251067,0.20270927,-0.994860165,0.122114964,-0.474498751,0.064344121,-0.081969637,-0.075212333,-0.067276395,-1.348543636,0.00690796
20.87,4.144450928,0.197957819,-0.993801619,0.121877383,-0.474572418,0.068956399,-0.081409911,-0.074559971,-0.062194624,-1.349215612,0.00657462
20.88,4.145650789,0.193206368,-0.992743073,0.121639802,-0.474646084,0.073568677,-0.080850185,-0.073907609,-0.057112853,-1.349887589,0.006241279
20.89,4.14685065,0.188454917,-0.991684527,0.12140222,-0.474719751,0.078180955,-0.080290459,-0.073255246,-0.052031082,-1.350559565,0.005907938
20.9,4.148307429,0.183791599,-0.989009297,0.121532811,-0.474510322,0.207372522,-0.078802835,-0.071667427,0.082711749,-1.351868387,0.003732333
20.91,4.149481599,0.179031335,-0.98811242,0.121258412,-0.474612298,0.19952687,-0.078335899,-0.07110861,0.074827414,-1.352476679,0.003583219
20.92,4.150655768,0.174271071,-0.987215542,0.120984014,-0.474714274,0.191681219,-0.077868963,-0.070549794,0.066943078,-1.35308497,0.003434105
20.93,4.151829937,0.169510807,-0.986318665,0.120709615,-0.474816251,0.183835568,-0.077402027,-0.069990977,0.059058743,-1.353693262,0.003284991
20.94,4.153004106,0.164750543,-0.985421788,0.120435216,-0.474918227,0.175989917,-0.076935091,-0.069432161,0.051174408,-1.354301554,0.003135877
20.95,4.154178275,0.159990278,-0.98452491,0.120160818,-0.475020203,0.168144265,-0.076468154,-0.068873344,0.043290073,-1.354909845,0.002986762
20.96,4.155352444,0.155230014,-0.983628033,0.119886419,-0.475122179,0.160298614,-0.076001218,-0.068314528,0.035405737,-1.355518137,0.002837648
20.97,4.156526613,0.15046975,-0.982731155,0.119612021,-0.475224155,0.152452963,-0.075534282,-0.067755711,0.027521402,-1.356126428,0.002688534
20.98,4.157700782,0.145709486,-0.981834278,0.119337622,-0.475326132,0.144607312,-0.075067346,-0.067196895,0.019637067,-1.35673472,0.00253942
20.99,4.158874951,0.140949222,-0.980937401,0.119063223,-0.475428108,0.13676166,-0.07460041,-0.066638079,0.011752732,-1.357343011,0.002390306
21,4.16031308,0.136294833,-0.975680329,0.11855906,-0.475461585,0.059206934,-0.073896302,-0.065451947,-0.073725014,-1.358551268,0.001007605
21.01,4.161460853,0.131523982,-0.975219471,0.118307638,-0.475570411,0.05833219,-0.073453083,-0.064955862,-0.073850008,-1.359099563,0.000981849
21.02,4.162608626,0.12675313,-0.974758613,0.118056216,-0.475679237,0.057457446,-0.073009864,-0.064459777,-0.073975002,-1.359647858,0.000956094
21.03,4.163756399,0.121982278,-0.974297755,0.117804794,-0.475788063,0.056582703,-0.072566645,-0.063963692,-0.074099996,-1.360196153,0.000930339
21.04,4.164904172,0.117211426,-0.973836897,0.117553372,-0.475896889,0.055707959,-0.072123426,-0.063467607,-0.074224991,-1.360744448,0.000904584
21.05,4.166051945,0.112440575,-0.973376039,0.117301949,-0.476005715,0.054833215,-0.071680207,-0.062971522,-0.074349985,-1.361292743,0.000878828
21.06,4.167199718,0.107669723,-0.972915181,0.117050527,-0.476114541,0.053958471,-0.071236988,-0.062475437,-0.074474979,-1.361841038,0.000853073
21.07,4.168347491,0.102898871,-0.972454323,0.116799105,-0.476223368,0.053083728,-0.070793769,-0.061979352,-0.074599973,-1.362389333,0.000827318
21.08,4.169495264,0.09812802,-0.971993465,0.116547683,-0.476332194,0.052208984,-0.070350551,-0.061483268,-0.074724967,-1.362937628,0.000801563
21.09,4.170643037,0.093357168,-0.971532607,0.116296261,-0.47644102,0.05133424,-0.069907332,-0.060987183,-0.074849962,-1.363485923,0.000775807
21.1,4.172031168,0.088698287,-0.970814218,0.115791283,-0.476501111,0.038115328,-0.069274449,-0.059946278,-0.087444119,-1.364730171,0.000675435
21.11,4.173154905,0.083916238,-0.970379113,0.115565216,-0.47661481,0.038475001,-0.068850197,-0.059504675,-0.086322197,-1.365208871,0.000657142
21.12,4.174278642,0.07913419,-0.969944008,0.11533915,-0.47672851,0.038834674,-0.068425944,-0.059063072,-0.085200274,-1.365687571,0.000638848
21.13,4.175402379,0.074352141,-0.969508904,0.115113083,-0.476842209,0.039194347,-0.068001691,-0.058621469,-0.084078352,-1.36616627,0.000620555
21.14,4.176526116,0.069570092,-0.969073799,0.114887016,-0.476955909,0.03955402,-0.067577439,-0.058179866,-0.08295643,-1.36664497,0.000602261
21.15,4.177649854,0.064788043,-0.968638694,0.11466095,-0.477069608,0.039913693,-0.067153186,-0.057738263,-0.081834508,-1.36712367,0.000583968
21.16,4.178773591,0.060005995,-0.968203589,0.114434883,-0.477183308,0.040273366,-0.066728934,-0.05729666,-0.080712586,-1.36760237,0.000565674
21.17,4.179897328,0.055223946,-0.967768484,0.114208816,-0.477297008,0.04063304,-0.066304681,-0.056855057,-0.079590664,-1.368081069,0.00054738
21.18,4.181021065,0.050441897,-0.967333379,0.11398275,-0.477410707,0.040992713,-0.065880429,-0.056413454,-0.078468742,-1.368559769,0.000529087
21.19,4.182144803,0.045659848,-0.966898275,0.113756683,-0.477524407,0.041352386,-0.065456176,-0.055971851,-0.07734682,-1.369038469,0.000510793
21.2,4.183478898,0.040993172,-0.965122414,0.11318238,-0.47761788,0.075720693,-0.064955907,-0.05506842,-0.041094342,-1.370354177,0.000366344
21.21,4.184581599,0.036199586,-0.964821385,0.112991137,-0.477733602,0.072679503,-0.064539256,-0.054673,-0.043485475,-1.370749176,0.000360666
21.22,4.1856843,0.031406,-0.964520356,0.112799894,-0.477849325,0.069638312,-0.064122605,-0.05427758,-0.045876609,-1.371144175,0.000354988
21.23,4.186787002,0.026612414,-0.964219326,0.112608651,-0.477965047,0.066597122,-0.063705954,-0.053882159,-0.048267742,-1.371539174,0.00034931
21.24,4.187889703,0.021818828,-0.963918297,0.112417408,-0.478080769,0.063555932,-0.063289303,-0.053486739,-0.050658876,-1.371934173,0.000343632
21.25,4.188992405,0.017025242,-0.963617268,0.112226165,-0.478196491,0.060514741,-0.062872652,-0.053091319,-0.053050009,-1.372329172,0.000337954
21.26,4.190095106,0.012231656,-0.963316238,0.112034922,-0.478312213,0.057473551,-0.062456002,-0.052695899,-0.055441143,-1.372724171,0.000332276
21.27,4.191197808,0.00743807,-0.963015209,0.111843679,-0.478427935,0.054432361,-0.062039351,-0.052300479,-0.057832276,-1.373119169,0.000326598
21.28,4.192300509,0.002644484,-0.96271418,0.111652436,-0.478543657,0.051391171,-0.0616227,-0.051905059,-0.06022341,-1.373514168,0.00032092
21.29,4.19340321,-0.002149102,-0.962413151,0.111461193,-0.47865938,0.04834998,-0.061206049,-0.051509639,-0.062614543,-1.373909167,0.000315242
21.3,4.194666801,-0.006831578,-0.960557468,0.110655781,-0.478855867,0.015578009,-0.060986915,-0.050799564,-0.097127592,-1.375120878,0.000505569
21.31,4.195753413,-0.011636275,-0.960411904,0.110525955,-0.478963513,0.015509896,-0.060550513,-0.05043561,-0.096306534,-1.375434206,0.000480291
21.32,4.196840026,-0.016440972,-0.96026634,0.110396129,-0.479071158,0.015441784,-0.06011411,-0.050071655,-0.095485476,-1.375747533,0.000455012
21.33,4.197926638,-0.021245669,-0.960120776,0.110266303,-0.479178804,0.015373672,-0.059677707,-0.049707701,-0.094664418,-1.376060861,0.000429734
21.34,4.199013251,-0.026050366,-0.959975212,0.110136477,-0.479286449,0.01530556,-0.059241305,-0.049343746,-0.09384336,-1.376374189,0.000404455
21.35,4.200099863,-0.030855063,-0.959829648,0.11000665,-0.479394095,0.015237448,-0.058804902,-0.048979791,-0.093022302,-1.376687517,0.000379177
21.36,4.201186476,-0.03565976,-0.959684084,0.109876824,-0.479501741,0.015169336,-0.058368499,-0.048615837,-0.092201244,-1.377000845,0.000353898
21.37,4.202273088,-0.040464457,-0.95953852,0.109746998,-0.479609386,0.015101223,-0.057932097,-0.048251882,-0.091380186,-1.377314173,0.00032862
21.38,4.203359701,-0.045269154,-0.959392957,0.109617172,-0.479717032,0.015033111,-0.057495694,-0.047887928,-0.090559128,-1.377627501,0.000303342
21.39,4.204446313,-0.050073851,-0.959247393,0.109487345,-0.479824678,0.014964999,-0.057059291,-0.047523973,-0.08973807,-1.377940828,0.000278063
21.4,4.205631622,-0.054769604,-0.959425208,0.108673677,-0.479916183,0.007067042,-0.056870328,-0.046779924,-0.0959258,-1.380011734,-0.004947198
21.41,4.206708365,-0.059585195,-0.959247306,0.108612235,-0.480025442,0.007781914,-0.056409181,-0.046453978,-0.094403863,-1.380149304,-0.004452478
21.42,4.207785108,-0.064400786,-0.959069404,0.108550793,-0.480134702,0.008496786,-0.055948034,-0.046128033,-0.092881926,-1.380286874,-0.003957758
21.43,4.208861851,-0.069216378,-0.958891503,0.108489351,-0.480243962,0.009211659,-0.055486888,-0.045802088,-0.09135999,-1.380424444,-0.003463039
21.44,4.209938594,-0.074031969,-0.958713601,0.108427909,-0.480353221,0.009926531,-0.055025741,-0.045476143,-0.089838053,-1.380562014,-0.002968319
21.45,4.211015337,-0.078847561,-0.958535699,0.108366467,-0.480462481,0.010641403,-0.054564595,-0.045150198,-0.088316116,-1.380699584,-0.002473599
21.46,4.212092079,-0.083663152,-0.958357797,0.108305025,-0.480571741,0.011356276,-0.054103448,-0.044824253,-0.086794179,-1.380837154,-0.001978879
21.47,4.213168822,-0.088478744,-0.958179895,0.108243583,-0.480681,0.012071148,-0.053642301,-0.044498308,-0.085272243,-1.380974725,-0.001484159
21.48,4.214245565,-0.093294335,-0.958001994,0.108182141,-0.48079026,0.012786021,-0.053181155,-0.044172363,-0.083750306,-1.381112295,-0.00098944
21.49,4.215322308,-0.098109926,-0.957824092,0.108120699,-0.48089952,0.013500893,-0.052720008,-0.043846418,-0.082228369,-1.381249865,-0.00049472
21.5,4.216402708,-0.102820868,-0.956870654,0.106820988,-0.481121305,0.044023715,-0.053035984,-0.043307054,-0.049376546,-1.384517756,0.008368728
21.51,4.217479085,-0.107646924,-0.956770306,0.106883373,-0.481219312,0.041757792,-0.052497126,-0.04300245,-0.050987598,-1.384342294,0.008026575
21.52,4.218555462,-0.112472981,-0.956669957,0.106945758,-0.481317319,0.03949187,-0.051958267,-0.042697847,-0.05259865,-1.384166832,0.007684422
21.53,4.21963184,-0.117299037,-0.956569609,0.107008143,-0.481415326,0.037225947,-0.051419408,-0.042393244,-0.054209702,-1.38399137,0.007342269
21.54,4.220708217,-0.122125094,-0.956469261,0.107070528,-0.481513333,0.034960025,-0.050880549,-0.042088641,-0.055820754,-1.383815908,0.007000116
21.55,4.221784594,-0.12695115,-0.956368913,0.107132912,-0.481611341,0.032694102,-0.05034169,-0.041784038,-0.057431806,-1.383640446,0.006657963
21.56,4.222860971,-0.131777207,-0.956268565,0.107195297,-0.481709348,0.03042818,-0.049802831,-0.041479435,-0.059042858,-1.383464984,0.00631581
21.57,4.223937349,-0.136603263,-0.956168217,0.107257682,-0.481807355,0.028162257,-0.049263972,-0.041174832,-0.06065391,-1.383289522,0.005973657
21.58,4.225013726,-0.141429319,-0.956067868,0.107320067,-0.481905362,0.025896334,-0.048725113,-0.040870229,-0.062264962,-1.38311406,0.005631504
21.59,4.226090103,-0.146255376,-0.95596752,0.107382452,-0.482003369,0.023630412,-0.048186255,-0.040565625,-0.063876013,-1.382938598,0.005289351
21.6,4.227036832,-0.150992868,-0.956244886,0.106114682,-0.482276871,-0.031508563,-0.048438692,-0.040131914,-0.11997117,-1.386193925,0.002322065
21.61,4.228126174,-0.155827781,-0.956106766,0.106310082,-0.482357329,-0.02848718,-0.047820703,-0.039840222,-0.116133811,-1.385675384,0.002242425
21.62,4.229215516,-0.160662693,-0.955968647,0.106505483,-0.482437786,-0.025465798,-0.047202715,-0.03954853,-0.112296453,-1.385156843,0.002162785
21.63,4.230304858,-0.165497606,-0.955830527,0.106700883,-0.482518244,-0.022444415,-0.046584726,-0.039256837,-0.108459094,-1.384638302,0.002083146
21.64,4.2313942,-0.170332519,-0.955692408,0.106896284,-0.482598701,-0.019423032,-0.045966738,-0.038965145,-0.104621736,-1.384119761,0.002003506
21.65,4.232483542,-0.175167432,-0.955554288,0.107091684,-0.482679159,-0.01640165,-0.045348749,-0.038673453,-0.100784377,-1.38360122,0.001923866
21.66,4.233572884,-0.180002345,-0.955416169,0.107287085,-0.482759617,-0.013380267,-0.044730761,-0.03838176,-0.096947019,-1.383082679,0.001844227
21.67,4.234662226,-0.184837258,-0.955278049,0.107482485,-0.482840074,-0.010358884,-0.044112772,-0.038090068,-0.09310966,-1.382564138,0.001764587
21.68,4.235751568,-0.189672171,-0.95513993,0.107677885,-0.482920532,-0.007337502,-0.043494784,-0.037798376,-0.089272302,-1.382045597,0.001684947
21.69,4.23684091,-0.194507084,-0.95500181,0.107873286,-0.483000989,-0.004316119,-0.042876795,-0.037506683,-0.085434943,-1.381527057,0.001605308
21.7,4.237656942,-0.199262357,-0.953870414,0.106508659,-0.483096432,0.078998132,-0.043200846,-0.036938283,0.002532643,-1.38408631,0.00109432
21.71,4.238773615,-0.204105233,-0.953831622,0.106860062,-0.483175391,0.073990228,-0.042488654,-0.036674262,-0.002043022,-1.38325999,0.001057815
21.72,4.239890288,-0.20894811,-0.95379283,0.107211465,-0.48325435,0.068982324,-0.041776461,-0.03641024,-0.006618686,-1.382433669,0.00102131
21.73,4.241006961,-0.213790987,-0.953754039,0.107562868,-0.483333309,0.06397442,-0.041064269,-0.036146219,-0.01119435,-1.381607349,0.000984805
21.74,4.242123634,-0.218633864,-0.953715247,0.107914271,-0.483412268,0.058966515,-0.040352077,-0.035882197,-0.015770014,-1.380781028,0.0009483
21.75,4.243240308,-0.223476741,-0.953676455,0.108265674,-0.483491227,0.053958611,-0.039639884,-0.035618176,-0.020345678,-1.379954708,0.000911795
21.76,4.244356981,-0.228319618,-0.953637663,0.108617078,-0.483570186,0.048950707,-0.038927692,-0.035354154,-0.024921343,-1.379128388,0.00087529
21.77,4.245473654,-0.233162495,-0.953598871,0.108968481,-0.483649145,0.043942803,-0.038215499,-0.035090132,-0.029497007,-1.378302067,0.000838785
21.78,4.246590327,-0.238005372,-0.953560079,0.109319884,-0.483728105,0.038934899,-0.037503307,-0.034826111,-0.034072671,-1.377475747,0.000802281
21.79,4.247707,-0.242848249,-0.953521287,0.109671287,-0.483807064,0.033926994,-0.036791115,-0.034562089,-0.038648335,-1.376649427,0.000765776
21.8,4.248444565,-0.247622642,-0.956959591,0.109526696,-0.48409747,-0.140780932,-0.035862724,-0.034245493,-0.217499685,-1.378058775,0.000241194
21.81,4.249599149,-0.252472367,-0.95657309,0.109927699,-0.484155284,-0.128818834,-0.035172151,-0.033986729,-0.204647781,-1.377008888,0.000253496
21.82,4.250753733,-0.257322092,-0.956186588,0.110328701,-0.484213099,-0.116856736,-0.034481579,-0.033727965,-0.191795877,-1.375959,0.000265799
21.83,4.251908317,-0.262171818,-0.955800087,0.110729704,-0.484270913,-0.104894638,-0.033791006,-0.033469201,-0.178943972,-1.374909113,0.000278102
21.84,4.2530629,-0.267021543,-0.955413585,0.111130707,-0.484328728,-0.09293254,-0.033100434,-0.033210437,-0.166092068,-1.373859226,0.000290405
21.85,4.254217484,-0.271871268,-0.955027084,0.111531709,-0.484386542,-0.080970442,-0.032409861,-0.032951673,-0.153240164,-1.372809339,0.000302708
21.86,4.255372068,-0.276720994,-0.954640582,0.111932712,-0.484444356,-0.069008344,-0.031719289,-0.032692909,-0.140388259,-1.371759451,0.000315011
21.87,4.256526652,-0.281570719,-0.954254081,0.112333714,-0.484502171,-0.057046246,-0.031028716,-0.032434145,-0.127536355,-1.370709564,0.000327313
21.88,4.257681236,-0.286420444,-0.953867579,0.112734717,-0.484559985,-0.045084148,-0.030338143,-0.03217538,-0.114684451,-1.369659677,0.000339616
21.89,4.25883582,-0.29127017,-0.953481078,0.113135719,-0.4846178,-0.03312205,-0.029647571,-0.031916616,-0.101832546,-1.36860979,0.000351919
21.9,4.259485172,-0.296063397,-0.955186628,0.111400331,-0.484747433,0.176240494,-0.030402816,-0.031470907,0.121271708,-1.369237106,-0.000285545
21.91,4.260690279,-0.300918773,-0.954590921,0.112014973,-0.484798065,0.168462547,-0.029567662,-0.031230837,0.113098378,-1.368019498,-0.000208265
21.92,4.261895386,-0.305774148,-0.953995214,0.112629615,-0.484848698,0.1606846,-0.028732508,-0.030990768,0.104925047,-1.366801891,-0.000130986
21.93,4.263100493,-0.310629523,-0.953399508,0.113244256,-0.48489933,0.152906654,-0.027897353,-0.030750698,0.096751716,-1.365584283,-0.0000537
21.94,4.2643056,-0.315484898,-0.952803801,0.113858898,-0.484949963,0.145128707,-0.027062199,-0.030510628,0.088578386,-1.364366676,0.0000236
21.95,4.265510707,-0.320340273,-0.952208094,0.114473539,-0.485000595,0.13735076,-0.026227045,-0.030270559,0.080405055,-1.363149068,0.000100853
21.96,4.266715814,-0.325195648,-0.951612387,0.115088181,-0.485051228,0.129572814,-0.02539189,-0.030030489,0.072231724,-1.361931461,0.000178132
21.97,4.267920921,-0.330051023,-0.951016681,0.115702823,-0.48510186,0.121794867,-0.024556736,-0.02979042,0.064058393,-1.360713853,0.000255412
21.98,4.269126028,-0.334906398,-0.950420974,0.116317464,-0.485152493,0.11401692,-0.023721582,-0.02955035,0.055885063,-1.359496246,0.000332691
21.99,4.270331135,-0.339761773,-0.949825267,0.116932106,-0.485203125,0.106238974,-0.022886427,-0.02931028,0.047711732,-1.358278638,0.000409971
22,4.270888305,-0.34459151,-0.946717617,0.116886704,-0.485788716,-0.00685932,-0.021876162,-0.029365099,-0.073955277,-1.358442414,0.001752022
22.01,4.272158206,-0.349449449,-0.946373105,0.11756735,-0.485785852,-0.004105232,-0.021058519,-0.029095541,-0.07077924,-1.357086668,0.001702824
22.02,4.273428107,-0.354307387,-0.946028592,0.118247996,-0.485782989,-0.001351144,-0.020240876,-0.028825982,-0.067603202,-1.355730922,0.001653627
22.03,4.274698008,-0.359165326,-0.94568408,0.118928642,-0.485780126,0.001402944,-0.019423232,-0.028556424,-0.064427165,-1.354375177,0.001604429
22.04,4.275967908,-0.364023265,-0.945339568,0.119609288,-0.485777263,0.004157032,-0.018605589,-0.028286865,-0.061251128,-1.353019431,0.001555231
22.05,4.277237809,-0.368881204,-0.944995055,0.120289934,-0.485774399,0.00691112,-0.017787946,-0.028017307,-0.058075091,-1.351663685,0.001506034
22.06,4.27850771,-0.373739143,-0.944650543,0.12097058,-0.485771536,0.009665208,-0.016970302,-0.027747749,-0.054899054,-1.350307939,0.001456836
22.07,4.279777611,-0.378597081,-0.94430603,0.121651226,-0.485768673,0.012419296,-0.016152659,-0.02747819,-0.051723017,-1.348952193,0.001407638
22.08,4.281047512,-0.38345502,-0.943961518,0.122331872,-0.485765809,0.015173384,-0.015335016,-0.027208632,-0.04854698,-1.347596447,0.00135844
22.09,4.282317412,-0.388312959,-0.943617006,0.123012518,-0.485762946,0.017927472,-0.014517372,-0.026939073,-0.045370943,-1.346240701,0.001309243
22.1,4.283587313,-0.393170898,-0.943272493,0.123693164,-0.485760083,0.02068156,-0.013699729,-0.026669515,-0.042194905,-1.344884955,0.001260045
22.11,4.284187248,-0.398058991,-0.945237598,0.123229153,-0.486330078,0.026816599,-0.013290864,-0.026730212,-0.032779484,-1.344648794,0.001031574
22.12,4.28553159,-0.40291358,-0.944636461,0.124036983,-0.486263564,0.029195026,-0.012427801,-0.026423959,-0.030296712,-1.34316865,0.001002296
22.13,4.286875931,-0.407768168,-0.944035325,0.124844813,-0.48619705,0.031573453,-0.011564737,-0.026117705,-0.02781394,-1.341688505,0.000973017
22.14,4.288220273,-0.412622756,-0.943434188,0.125652644,-0.486130536,0.03395188,-0.010701674,-0.025811452,-0.025331167,-1.340208361,0.000943739
22.15,4.289564614,-0.417477344,-0.942833052,0.126460474,-0.486064021,0.036330307,-0.009838611,-0.025505198,-0.022848395,-1.338728217,0.00091446
22.16,4.290908956,-0.422331933,-0.942231915,0.127268304,-0.485997507,0.038708734,-0.008975548,-0.025198945,-0.020365623,-1.337248073,0.000885182
22.17,4.292253297,-0.427186521,-0.941630779,0.128076134,-0.485930993,0.04108716,-0.008112485,-0.024892691,-0.017882851,-1.335767928,0.000855903
22.18,4.293597639,-0.432041109,-0.941029642,0.128883964,-0.485864479,0.043465587,-0.007249422,-0.024586438,-0.015400079,-1.334287784,0.000826625
22.19,4.29494198,-0.436895698,-0.940428506,0.129691794,-0.485797965,0.045844014,-0.006386359,-0.024280184,-0.012917306,-1.33280764,0.000797347
22.2,4.295382356,-0.441861284,-0.939076614,0.128512732,-0.486677547,0.110804943,-0.006647125,-0.024613774,0.05463074,-1.333038537,-0.198476661
22.21,4.296817094,-0.446704772,-0.938550553,0.129519251,-0.486516423,0.10692512,-0.005671679,-0.024243536,0.050606985,-1.331387288,-0.178581467
22.22,4.298251832,-0.451548261,-0.938024492,0.130525771,-0.486355299,0.103045297,-0.004696233,-0.023873298,0.04658323,-1.32973604,-0.158686272
22.23,4.29968657,-0.456391749,-0.937498431,0.13153229,-0.486194176,0.099165473,-0.003720787,-0.023503061,0.042559475,-1.328084792,-0.138791078
22.24,4.301121308,-0.461235238,-0.93697237,0.132538809,-0.486033052,0.09528565,-0.002745341,-0.023132823,0.038535719,-1.326433543,-0.118895883
22.25,4.302556046,-0.466078726,-0.936446309,0.133545329,-0.485871928,0.091405826,-0.001769895,-0.022762585,0.034511964,-1.324782295,-0.099000689
22.26,4.303990784,-0.470922215,-0.935920248,0.134551848,-0.485710804,0.087526003,-0.000794449,-0.022392347,0.030488209,-1.323131046,-0.079105494
22.27,4.305425522,-0.475765703,-0.935394187,0.135558367,-0.48554968,0.08364618,0.000180997,-0.022022109,0.026464454,-1.321479798,-0.0592103
22.28,4.30686026,-0.480609192,-0.934868126,0.136564887,-0.485388556,0.079766356,0.001156443,-0.021651872,0.022440698,-1.319828549,-0.039315106
22.29,4.308294998,-0.48545268,-0.934342065,0.137571406,-0.485227432,0.075886533,0.002131889,-0.021281634,0.018416943,-1.318177301,-0.019419911
22.3,4.308692265,-0.490502999,-0.935513647,0.137832002,-0.486037823,-0.039545093,0.003336857,-0.021512673,-0.10118237,-1.320073731,-0.308070419
22.31,4.31023075,-0.495325804,-0.934817822,0.138913113,-0.485779548,-0.032269736,0.004289351,-0.021082307,-0.09364857,-1.318067715,-0.257320654
22.32,4.311769235,-0.50014861,-0.934121997,0.139994225,-0.485521272,-0.024994379,0.005241844,-0.020651942,-0.086114769,-1.316061698,-0.206570889
22.33,4.31330772,-0.504971415,-0.933426171,0.141075337,-0.485262997,-0.017719023,0.006194338,-0.020221576,-0.078580969,-1.314055682,-0.155821125
22.34,4.314846205,-0.509794221,-0.932730346,0.142156448,-0.485004722,-0.010443666,0.007146832,-0.019791211,-0.071047168,-1.312049666,-0.10507136
22.35,4.31638469,-0.514617026,-0.932034521,0.14323756,-0.484746446,-0.003168309,0.008099326,-0.019360845,-0.063513367,-1.31004365,-0.054321595
22.36,4.317923175,-0.519439832,-0.931338695,0.144318672,-0.484488171,0.004107048,0.009051819,-0.01893048,-0.055979567,-1.308037633,-0.003571831
22.37,4.31946166,-0.524262637,-0.93064287,0.145399783,-0.484229896,0.011382405,0.010004313,-0.018500114,-0.048445766,-1.306031617,0.047177934
22.38,4.321000145,-0.529085443,-0.929947045,0.146480895,-0.483971621,0.018657762,0.010956807,-0.018069749,-0.040911966,-1.304025601,0.097927699
22.39,4.32253863,-0.533908248,-0.929251219,0.147562007,-0.483713345,0.025933119,0.0119093,-0.017639383,-0.033378165,-1.302019585,0.148677463
22.4,4.32280401,-0.539084596,-0.931977522,0.144679515,-0.485449756,0.110269161,0.009850685,-0.018773338,0.058750122,-1.305153787,0.150240443
22.41,4.324469806,-0.543872047,-0.930939484,0.146156987,-0.484992012,0.10983845,0.011104289,-0.01818654,0.057824474,-1.302633749,0.205908887
22.42,4.326135602,-0.548659498,-0.929901446,0.147634459,-0.484534268,0.109407738,0.012357894,-0.017599743,0.056898825,-1.300113711,0.26157733
22.43,4.327801397,-0.55344695,-0.928863408,0.149111931,-0.484076524,0.108977027,0.013611499,-0.017012945,0.055973177,-1.297593673,0.317245773
22.44,4.329467193,-0.558234401,-0.92782537,0.150589403,-0.48361878,0.108546315,0.014865103,-0.016426148,0.055047529,-1.295073635,0.372914216
22.45,4.331132988,-0.563021852,-0.926787331,0.152066875,-0.483161036,0.108115603,0.016118708,-0.01583935,0.054121881,-1.292553597,0.428582659
22.46,4.332798784,-0.567809304,-0.925749293,0.153544347,-0.482703292,0.107684892,0.017372313,-0.015252553,0.053196233,-1.290033558,0.484251102
22.47,4.334464579,-0.572596755,-0.924711255,0.155021819,-0.482245549,0.10725418,0.018625917,-0.014665755,0.052270585,-1.28751352,0.539919545
22.48,4.336130375,-0.577384206,-0.923673217,0.156499291,-0.481787805,0.106823468,0.019879522,-0.014078958,0.051344937,-1.284993482,0.595587988
22.49,4.337796171,-0.582171658,-0.922635179,0.157976763,-0.481330061,0.106392757,0.021133127,-0.01349216,0.050419289,-1.282473444,0.651256431
22.5,4.337832681,-0.587517151,-0.920968052,0.156513799,-0.482898508,0.109928999,0.0206999,-0.014344756,0.052534947,-1.285190669,1.059956081
22.51,4.339661405,-0.592248798,-0.919992922,0.158285315,-0.482238145,0.109101592,0.022122188,-0.013614019,0.051305168,-1.282146904,1.080321403
22.52,4.341490129,-0.596980445,-0.919017793,0.16005683,-0.481577782,0.108274185,0.023544476,-0.012883283,0.05007539,-1.27910314,1.100686726
22.53,4.343318853,-0.601712092,-0.918042664,0.161828346,-0.480917419,0.107446778,0.024966764,-0.012152546,0.048845611,-1.276059375,1.121052048
22.54,4.345147577,-0.606443739,-0.917067535,0.163599861,-0.480257056,0.106619371,0.026389051,-0.011421809,0.047615832,-1.273015611,1.141417371
22.55,4.346976302,-0.611175386,-0.916092406,0.165371377,-0.479596693,0.105791964,0.027811339,-0.010691072,0.046386054,-1.269971846,1.161782693
22.56,4.348805026,-0.615907033,-0.915117276,0.167142892,-0.47893633,0.104964557,0.029233627,-0.009960335,0.045156275,-1.266928082,1.182148016
22.57,4.35063375,-0.620638681,-0.914142147,0.168914408,-0.478275967,0.10413715,0.030655915,-0.009229598,0.043926497,-1.263884317,1.202513338
22.58,4.352462474,-0.625370328,-0.913167018,0.170685924,-0.477615604,0.103309743,0.032078203,-0.008498861,0.042696718,-1.260840553,1.22287866
22.59,4.354291198,-0.630101975,-0.912191889,0.172457439,-0.476955241,0.102482336,0.03350049,-0.007768125,0.041466939,-1.257796789,1.243243983
22.6,4.356119922,-0.634833622,-0.91121676,0.174228955,-0.476294878,0.101654929,0.034922778,-0.007037388,0.040237161,-1.254753024,1.263609305
22.61,4.356241406,-0.640256695,-0.909127061,0.173840227,-0.477592301,0.108225887,0.035464881,-0.007606773,0.045298947,-1.256393811,1.405493873
22.62,4.358259823,-0.644911517,-0.908275773,0.175851769,-0.476714406,0.10657644,0.036984967,-0.006731578,0.043370106,-1.252829541,1.412357057
22.63,4.36027824,-0.649566339,-0.907424484,0.177863312,-0.475836511,0.104926992,0.038505054,-0.005856384,0.041441264,-1.249265271,1.419220241
22.64,4.362296658,-0.654221161,-0.906573196,0.179874855,-0.474958617,0.103277545,0.04002514,-0.004981189,0.039512423,-1.245701001,1.426083425
22.65,4.364315075,-0.658875983,-0.905721908,0.181886397,-0.474080722,0.101628097,0.041545226,-0.004105994,0.037583582,-1.242136731,1.432946609
22.66,4.366333493,-0.663530805,-0.90487062,0.18389794,-0.473202827,0.09997865,0.043065312,-0.003230799,0.03565474,-1.23857246,1.439809794
22.67,4.36835191,-0.668185627,-0.904019332,0.185909483,-0.472324932,0.098329202,0.044585398,-0.002355604,0.033725899,-1.23500819,1.446672978
22.68,4.370370328,-0.672840449,-0.903168044,0.187921025,-0.471447038,0.096679754,0.046105484,-0.001480409,0.031797058,-1.23144392,1.453536162
22.69,4.372388745,-0.677495271,-0.902316756,0.189932568,-0.470569143,0.095030307,0.04762557,-0.000605214,0.029868216,-1.22787965,1.460399346
22.7,4.372306787,-0.683139238,-0.899666816,0.190268871,-0.471930234,0.096365684,0.048990503,-0.00109381,0.028995358,-1.229275755,1.512758239
22.71,4.374535242,-0.687695146,-0.898995393,0.192447938,-0.47082844,0.094417754,0.050526104,-0.0000822,0.026960918,-1.225215447,1.515071852
22.72,4.376763697,-0.692251053,-0.89832397,0.194627004,-0.469726647,0.092469824,0.052061705,0.000929338,0.024926479,-1.221155139,1.517385466
22.73,4.378992152,-0.696806961,-0.897652547,0.196806071,-0.468624854,0.090521894,0.053597307,0.001940912,0.022892039,-1.217094832,1.519699079
22.74,4.381220607,-0.701362868,-0.896981124,0.198985137,-0.467523061,0.088573964,0.055132908,0.002952486,0.0208576,-1.213034524,1.522012692
22.75,4.383449062,-0.705918776,-0.896309702,0.201164204,-0.466421268,0.086626034,0.05666851,0.00396406,0.01882316,-1.208974216,1.524326305
22.76,4.385677517,-0.710474684,-0.895638279,0.20334327,-0.465319474,0.084678103,0.058204111,0.004975634,0.01678872,-1.204913909,1.526639919
22.77,4.387905972,-0.715030591,-0.894966856,0.205522337,-0.464217681,0.082730173,0.059739712,0.005987208,0.014754281,-1.200853601,1.528953532
22.78,4.390134427,-0.719586499,-0.894295433,0.207701403,-0.463115888,0.080782243,0.061275314,0.006998782,0.012719841,-1.196793293,1.531267145
22.79,4.392362882,-0.724142406,-0.89362401,0.20988047,-0.462014095,0.078834313,0.062810915,0.008010356,0.010685401,-1.192732986,1.533580758
22.8,4.392223379,-0.729990616,-0.884974183,0.208441284,-0.464761891,0.197497916,0.062263865,0.006183914,0.127228055,-1.192610004,1.551228915
22.81,4.39468863,-0.734417293,-0.885100601,0.210982176,-0.463275138,0.183488833,0.064007732,0.00747929,0.113335906,-1.188155964,1.552009074
22.82,4.39715388,-0.738843971,-0.885227018,0.213523067,-0.461788386,0.169479749,0.065751598,0.008774665,0.099443757,-1.183701924,1.552789232
22.83,4.399619131,-0.743270648,-0.885353436,0.216063959,-0.460301634,0.155470666,0.067495465,0.010070041,0.085551608,-1.179247883,1.553569391
22.84,4.402084382,-0.747697326,-0.885479853,0.218604851,-0.458814882,0.141461583,0.069239331,0.011365416,0.071659459,-1.174793843,1.55434955
22.85,4.404549633,-0.752124003,-0.885606271,0.221145743,-0.45732813,0.1274525,0.070983198,0.012660792,0.05776731,-1.170339803,1.555129709
22.86,4.407014883,-0.75655068,-0.885732688,0.223686635,-0.455841378,0.113443416,0.072727064,0.013956167,0.043875161,-1.165885762,1.555909868
22.87,4.409480134,-0.760977358,-0.885859106,0.226227526,-0.454354625,0.099434333,0.074470931,0.015251543,0.029983012,-1.161431722,1.556690027
22.88,4.411945385,-0.765404035,-0.885985523,0.228768418,-0.452867873,0.08542525,0.076214797,0.016546918,0.016090863,-1.156977682,1.557470186
22.89,4.414410636,-0.769830713,-0.886111941,0.23130931,-0.451381121,0.071416166,0.077958664,0.017842294,0.002198714,-1.152523641,1.558250345
22.9,4.414754331,-0.775586635,-0.890636829,0.242381899,-0.446555247,-0.310738692,0.089978094,0.023772166,-0.393731359,-1.150239768,2.024238944
22.91,4.417431738,-0.779880388,-0.890323399,0.244069621,-0.445402407,-0.287933198,0.090694404,0.024604092,-0.369419715,-1.145568711,1.978498259
22.92,4.420109144,-0.784174141,-0.89000997,0.245757343,-0.444249567,-0.265127703,0.091410714,0.025436018,-0.345108072,-1.140897654,1.932757574
22.93,4.42278655,-0.788467894,-0.88969654,0.247445065,-0.443096727,-0.242322209,0.092127024,0.026267944,-0.320796428,-1.136226597,1.887016889
22.94,4.425463956,-0.792761647,-0.889383111,0.249132787,-0.441943887,-0.219516715,0.092843334,0.027099869,-0.296484785,-1.13155554,1.841276203
22.95,4.428141363,-0.7970554,-0.889069681,0.250820509,-0.440791047,-0.196711221,0.093559644,0.027931795,-0.272173142,-1.126884483,1.795535518
22.96,4.430818769,-0.801349153,-0.888756251,0.252508231,-0.439638207,-0.173905727,0.094275954,0.028763721,-0.247861498,-1.122213426,1.749794833
22.97,4.433496175,-0.805642906,-0.888442822,0.254195953,-0.438485367,-0.151100232,0.094992265,0.029595647,-0.223549855,-1.117542368,1.704054148
22.98,4.436173581,-0.809936658,-0.888129392,0.255883675,-0.437332527,-0.128294738,0.095708575,0.030427572,-0.199238211,-1.112871311,1.658313463
22.99,4.438850987,-0.814230411,-0.887815963,0.257571398,-0.436179687,-0.105489244,0.096424885,0.031259498,-0.174926568,-1.108200254,1.612572778
23,4.439371335,-0.820123795,-0.887342428,0.249940466,-0.444105686,0.376626818,0.088538852,0.02384451,0.333007287,-1.105563248,0.803703285
23.01,4.442264447,-0.824257585,-0.887045009,0.252560054,-0.442044962,0.353501256,0.090115396,0.025501128,0.30895671,-1.100688785,0.834275481
23.02,4.445157559,-0.828391375,-0.88674759,0.255179641,-0.439984239,0.330375693,0.091691941,0.027157745,0.284906132,-1.095814323,0.864847677
23.03,4.448050671,-0.832525165,-0.886450171,0.257799228,-0.437923515,0.307250131,0.093268485,0.028814362,0.260855554,-1.090939861,0.895419873
23.04,4.450943783,-0.836658954,-0.886152752,0.260418816,-0.435862791,0.284124568,0.094845029,0.030470979,0.236804977,-1.086065399,0.925992068
23.05,4.453836895,-0.840792744,-0.885855333,0.263038403,-0.433802067,0.260999005,0.096421574,0.032127596,0.212754399,-1.081190937,0.956564264
23.06,4.456730007,-0.844926534,-0.885557913,0.265657991,-0.431741343,0.237873443,0.097998118,0.033784213,0.188703821,-1.076316475,0.98713646
23.07,4.45962312,-0.849060324,-0.885260494,0.268277578,-0.429680619,0.21474788,0.099574663,0.03544083,0.164653243,-1.071442013,1.017708656
23.08,4.462516232,-0.853194113,-0.884963075,0.270897165,-0.427619895,0.191622317,0.101151207,0.037097448,0.140602666,-1.066567551,1.048280852
23.09,4.465409344,-0.857327903,-0.884665656,0.273516753,-0.425559171,0.168496755,0.102727752,0.038754065,0.116552088,-1.061693089,1.078853047
23.1,4.468302456,-0.861461693,-0.884368237,0.27613634,-0.423498447,0.145371192,0.104304296,0.040410682,0.09250151,-1.056818626,1.109425243
23.11,4.469360072,-0.86712906,-0.886128337,0.289199338,-0.414853514,-0.335162529,0.117743141,0.050142464,-0.410602746,-1.052740812,1.714934589
23.12,4.472457128,-0.871092452,-0.885602305,0.290658546,-0.413524368,-0.307464963,0.118001652,0.05090184,-0.381425137,-1.047777834,1.681624879
23.13,4.475554184,-0.875055844,-0.885076272,0.292117755,-0.412195223,-0.279767397,0.118260163,0.051661217,-0.352247528,-1.042814855,1.648315169
23.14,4.47865124,-0.879019236,-0.88455024,0.293576963,-0.410866078,-0.252069831,0.118518674,0.052420594,-0.32306992,-1.037851877,1.61500546
23.15,4.481748296,-0.882982629,-0.884024208,0.295036172,-0.409536933,-0.224372265,0.118777185,0.05317997,-0.293892311,-1.032888898,1.58169575
23.16,4.484845353,-0.886946021,-0.883498176,0.29649538,-0.408207788,-0.196674699,0.119035696,0.053939347,-0.264714702,-1.02792592,1.54838604
23.17,4.487942409,-0.890909413,-0.882972143,0.297954589,-0.406878643,-0.168977132,0.119294207,0.054698723,-0.235537094,-1.022962941,1.51507633
23.18,4.491039465,-0.894872805,-0.882446111,0.299413797,-0.405549498,-0.141279566,0.119552718,0.0554581,-0.206359485,-1.017999962,1.481766621
23.19,4.494136521,-0.898836198,-0.881920079,0.300873006,-0.404220353,-0.113582,0.119811229,0.056217477,-0.177181876,-1.013036984,1.448456911
23.2,4.495297802,-0.904726256,-0.881594032,0.292955358,-0.414973456,0.464066945,0.110951395,0.045653981,0.431124721,-1.009400559,0.757164664
23.21,4.498588436,-0.908496982,-0.881048002,0.295352252,-0.412436086,0.436769374,0.112121741,0.047545645,0.402389431,-1.004304925,0.789653208
23.22,4.501879069,-0.912267707,-0.880501971,0.297749146,-0.409898716,0.409471802,0.113292087,0.049437309,0.373654141,-0.999209291,0.822141752
23.23,4.505169703,-0.916038433,-0.87995594,0.30014604,-0.407361346,0.38217423,0.114462432,0.051328973,0.344918851,-0.994113657,0.854630296
23.24,4.508460337,-0.919809159,-0.879409909,0.302542934,-0.404823976,0.354876658,0.115632778,0.053220636,0.316183561,-0.989018023,0.88711884
23.25,4.51175097,-0.923579884,-0.878863878,0.304939828,-0.402286606,0.327579086,0.116803123,0.0551123,0.287448271,-0.983922389,0.919607384
23.26,4.515041604,-0.92735061,-0.878317847,0.307336723,-0.399749236,0.300281514,0.117973469,0.057003964,0.258712981,-0.978826755,0.952095928
23.27,4.518332237,-0.931121336,-0.877771816,0.309733617,-0.397211866,0.272983942,0.119143814,0.058895628,0.22997769,-0.973731121,0.984584472
23.28,4.521622871,-0.934892061,-0.877225785,0.312130511,-0.394674496,0.24568637,0.12031416,0.060787292,0.2012424,-0.968635488,1.017073016
23.29,4.524913505,-0.938662787,-0.876679754,0.314527405,-0.392137126,0.218388798,0.121484506,0.062678955,0.17250711,-0.963539854,1.04956156
23.3,4.526167194,-0.944743661,-0.864205359,0.324061062,-0.384931196,-0.116292249,0.13096196,0.071130843,-0.192346946,-0.958323817,1.637128233
23.31,4.529661522,-0.948283372,-0.864852165,0.32574428,-0.382860682,-0.112851474,0.131301595,0.072366484,-0.187470359,-0.953240224,1.614108964
23.32,4.53315585,-0.951823083,-0.86549897,0.327427498,-0.380790168,-0.109410698,0.131641229,0.073602126,-0.182593773,-0.94815663,1.591089696
23.33,4.536650178,-0.955362794,-0.866145776,0.329110716,-0.378719654,-0.105969922,0.131980864,0.074837767,-0.177717186,-0.943073036,1.568070427
23.34,4.540144506,-0.958902504,-0.866792581,0.330793933,-0.37664914,-0.102529147,0.132320499,0.076073408,-0.1728406,-0.937989443,1.545051158
23.35,4.543638834,-0.962442215,-0.867439387,0.332477151,-0.374578626,-0.099088371,0.132660133,0.07730905,-0.167964013,-0.932905849,1.522031889
23.36,4.547133162,-0.965981926,-0.868086192,0.334160369,-0.372508112,-0.095647595,0.132999768,0.078544691,-0.163087427,-0.927822255,1.49901262
23.37,4.55062749,-0.969521637,-0.868732998,0.335843587,-0.370437598,-0.09220682,0.133339403,0.079780333,-0.15821084,-0.922738662,1.475993351
23.38,4.554121818,-0.973061348,-0.869379803,0.337526804,-0.368367084,-0.088766044,0.133679037,0.081015974,-0.153334254,-0.917655068,1.452974082
23.39,4.557616146,-0.976601059,-0.870026609,0.339210022,-0.36629657,-0.085325268,0.134018672,0.082251616,-0.148457667,-0.912571474,1.429954813
23.4,4.559551457,-0.982200364,-0.876233693,0.343496829,-0.363864844,-0.124270093,0.13730153,0.08508411,-0.181090095,-0.906000709,1.354980098
23.41,4.563201687,-0.985534116,-0.876324471,0.344919687,-0.361830452,-0.116590758,0.137346843,0.086160067,-0.172462607,-0.901065833,1.337156373
23.42,4.566851916,-0.988867867,-0.876415248,0.346342546,-0.359796059,-0.108911422,0.137392155,0.087236023,-0.163835119,-0.896130956,1.319332649
23.43,4.570502146,-0.992201618,-0.876506026,0.347765405,-0.357761666,-0.101232086,0.137437467,0.088311979,-0.155207631,-0.891196079,1.301508925
23.44,4.574152376,-0.99553537,-0.876596804,0.349188264,-0.355727273,-0.09355275,0.13748278,0.089387935,-0.146580144,-0.886261203,1.2836852
23.45,4.577802606,-0.998869121,-0.876687581,0.350611123,-0.35369288,-0.085873415,0.137528092,0.090463891,-0.137952656,-0.881326326,1.265861476
23.46,4.581452835,-1.002202872,-0.876778359,0.352033982,-0.351658488,-0.078194079,0.137573404,0.091539847,-0.129325168,-0.87639145,1.248037751
23.47,4.585103065,-1.005536624,-0.876869137,0.353456841,-0.349624095,-0.070514743,0.137618717,0.092615803,-0.12069768,-0.871456573,1.230214027
23.48,4.588753295,-1.008870375,-0.876959914,0.354879699,-0.347589702,-0.062835408,0.137664029,0.093691759,-0.112070192,-0.866521697,1.212390303
23.49,4.592403525,-1.012204126,-0.877050692,0.356302558,-0.345555309,-0.055156072,0.137709341,0.094767715,-0.103442704,-0.86158682,1.194566578
23.5,4.594597484,-1.01783704,-0.874127621,0.357097686,-0.348920481,0.166384178,0.137172234,0.091520063,0.127673186,-0.85934602,0.618291689
23.51,4.598393341,-1.020940875,-0.874519784,0.358583318,-0.346346132,0.152677422,0.137275789,0.09302838,0.114051833,-0.854141735,0.656313081
23.52,4.602189198,-1.02404471,-0.874911946,0.36006895,-0.343771782,0.138970667,0.137379343,0.094536697,0.100430481,-0.848937451,0.694334473
23.53,4.605985054,-1.027148545,-0.875304109,0.361554582,-0.341197433,0.125263911,0.137482897,0.096045014,0.086809129,-0.843733167,0.732355865
23.54,4.609780911,-1.03025238,-0.875696271,0.363040214,-0.338623084,0.111557155,0.137586451,0.097553331,0.073187776,-0.838528883,0.770377257
23.55,4.613576768,-1.033356215,-0.876088434,0.364525846,-0.336048735,0.0978504,0.137690005,0.099061647,0.059566424,-0.833324599,0.80839865
23.56,4.617372625,-1.03646005,-0.876480596,0.366011478,-0.333474385,0.084143644,0.13779356,0.100569964,0.045945072,-0.828120315,0.846420042
23.57,4.621168482,-1.039563886,-0.876872759,0.36749711,-0.330900036,0.070436888,0.137897114,0.102078281,0.032323719,-0.822916031,0.884441434
23.58,4.624964338,-1.042667721,-0.877264921,0.368982742,-0.328325687,0.056730132,0.138000668,0.103586598,0.018702367,-0.817711747,0.922462826
23.59,4.628760195,-1.045771556,-0.877657084,0.370468374,-0.325751338,0.043023377,0.138104222,0.105094915,0.005081015,-0.812507462,0.960484218
23.6,4.632556052,-1.048875391,-0.878049246,0.371954006,-0.323176988,0.029316621,0.138207777,0.106603232,-0.008540338,-0.807303178,0.99850561
23.61,4.635242361,-1.05407749,-0.877259242,0.377838272,-0.316149229,-0.20746902,0.142803164,0.113922444,-0.257499792,-0.80182732,1.684436173
23.62,4.639161501,-1.056948185,-0.877782756,0.378835167,-0.314069703,-0.196389233,0.142407626,0.114785106,-0.244972467,-0.796653211,1.650467658
23.63,4.643080641,-1.059818879,-0.878306271,0.379832062,-0.311990177,-0.185309446,0.142012088,0.115647768,-0.232445141,-0.791479102,1.616499142
23.64,4.64699978,-1.062689574,-0.878829785,0.380828957,-0.309910651,-0.174229659,0.141616549,0.11651043,-0.219917815,-0.786304993,1.582530626
23.65,4.65091892,-1.065560269,-0.8793533,0.381825851,-0.307831126,-0.163149872,0.141221011,0.117373092,-0.20739049,-0.781130883,1.54856211
23.66,4.65483806,-1.068430963,-0.879876814,0.382822746,-0.3057516,-0.152070085,0.140825472,0.118235754,-0.194863164,-0.775956774,1.514593594
23.67,4.6587572,-1.071301658,-0.880400328,0.383819641,-0.303672074,-0.140990298,0.140429934,0.119098416,-0.182335838,-0.770782665,1.480625079
23.68,4.66267634,-1.074172353,-0.880923843,0.384816536,-0.301592548,-0.129910511,0.140034396,0.119961078,-0.169808513,-0.765608556,1.446656563
23.69,4.66659548,-1.077043047,-0.881447357,0.385813431,-0.299513022,-0.118830724,0.139638857,0.12082374,-0.157281187,-0.760434446,1.412688047
23.7,4.669491281,-1.082234272,-0.883107903,0.38640277,-0.302161741,0.091107107,0.138440225,0.117820819,0.066631508,-0.753951109,1.114434758
23.71,4.673512755,-1.084872914,-0.883517714,0.38744042,-0.29960939,0.08230109,0.138124996,0.119070039,0.058020297,-0.748907922,1.106894719
23.72,4.677534229,-1.087511556,-0.883927526,0.388478071,-0.29705704,0.073495073,0.137809767,0.120319259,0.049409085,-0.743864736,1.099354681
23.73,4.681555703,-1.090150197,-0.884337337,0.389515721,-0.294504689,0.064689055,0.137494538,0.121568479,0.040797874,-0.73882155,1.091814642
23.74,4.685577176,-1.092788839,-0.884747148,0.390553372,-0.291952339,0.055883038,0.137179309,0.122817699,0.032186663,-0.733778363,1.084274604
23.75,4.68959865,-1.095427481,-0.885156959,0.391591022,-0.289399988,0.047077021,0.13686408,0.12406692,0.023575452,-0.728735177,1.076734566
23.76,4.693620124,-1.098066122,-0.88556677,0.392628672,-0.286847638,0.038271003,0.136548851,0.12531614,0.01496424,-0.72369199,1.069194527
23.77,4.697641597,-1.100704764,-0.885976582,0.393666323,-0.284295287,0.029464986,0.136233622,0.12656536,0.006353029,-0.718648804,1.061654489
23.78,4.701663071,-1.103343405,-0.886386393,0.394703973,-0.281742937,0.020658969,0.135918393,0.12781458,-0.002258182,-0.713605618,1.05411445
23.79,4.705684545,-1.105982047,-0.886796204,0.395741623,-0.279190587,0.011852951,0.135603164,0.129063801,-0.010869393,-0.708562431,1.046574412
23.8,4.708818945,-1.11105881,-0.883035944,0.399723809,-0.274345956,-0.089673044,0.137917241,0.133854522,-0.120811794,-0.705977151,1.253274465
23.81,4.712929126,-1.11345364,-0.883862762,0.400467006,-0.272022833,-0.089207064,0.137339082,0.134749592,-0.119289887,-0.700688174,1.224310418
23.82,4.717039307,-1.115848469,-0.88468958,0.401210203,-0.269699711,-0.088741083,0.136760922,0.135644662,-0.117767979,-0.695399197,1.19534637
23.83,4.721149488,-1.118243299,-0.885516399,0.4019534,-0.267376588,-0.088275103,0.136182763,0.136539732,-0.116246071,-0.69011022,1.166382323
23.84,4.725259669,-1.120638128,-0.886343217,0.402696596,-0.265053466,-0.087809122,0.135604603,0.137434802,-0.114724164,-0.684821243,1.137418275
23.85,4.72936985,-1.123032958,-0.887170035,0.403439793,-0.262730344,-0.087343142,0.135026444,0.138329873,-0.113202256,-0.679532266,1.108454227
23.86,4.733480031,-1.125427787,-0.887996854,0.40418299,-0.260407221,-0.086877161,0.134448284,0.139224943,-0.111680348,-0.674243289,1.07949018
23.87,4.737590213,-1.127822617,-0.888823672,0.404926187,-0.258084099,-0.086411181,0.133870124,0.140120013,-0.11015844,-0.668954312,1.050526132
23.88,4.741700394,-1.130217446,-0.88965049,0.405669384,-0.255760976,-0.0859452,0.133291965,0.141015083,-0.108636533,-0.663665335,1.021562084
23.89,4.745810575,-1.132612276,-0.890477309,0.406412581,-0.253437854,-0.08547922,0.132713805,0.141910153,-0.107114625,-0.658376358,0.992598037
23.9,4.749238807,-1.137347895,-0.890331388,0.408259961,-0.25142572,-0.056239031,0.13266167,0.143389306,-0.075296601,-0.655363308,0.708427652
23.91,4.753417183,-1.139508646,-0.89125548,0.40889274,-0.249071498,-0.058650471,0.132030908,0.144225968,-0.076804305,-0.649846739,0.704984238
23.92,4.757595559,-1.141669396,-0.892179573,0.409525518,-0.246717277,-0.061061911,0.131400146,0.14506263,-0.078312009,-0.644330169,0.701540824
23.93,4.761773935,-1.143830147,-0.893103665,0.410158297,-0.244363056,-0.063473352,0.130769384,0.145899291,-0.079819713,-0.638813599,0.69809741
23.94,4.765952311,-1.145990897,-0.894027757,0.410791075,-0.242008835,-0.065884792,0.130138622,0.146735953,-0.081327417,-0.63329703,0.694653996
23.95,4.770130687,-1.148151648,-0.894951849,0.411423854,-0.239654614,-0.068296232,0.12950786,0.147572615,-0.082835121,-0.62778046,0.691210583
23.96,4.774309063,-1.150312398,-0.895875941,0.412056632,-0.237300392,-0.070707673,0.128877098,0.148409277,-0.084342825,-0.62226389,0.687767169
23.97,4.778487439,-1.152473149,-0.896800033,0.412689411,-0.234946171,-0.073119113,0.128246336,0.149245939,-0.085850529,-0.61674732,0.684323755
23.98,4.782665815,-1.154633899,-0.897724126,0.41332219,-0.23259195,-0.075530553,0.127615574,0.150082601,-0.087358232,-0.611230751,0.680880341
23.99,4.786844191,-1.15679465,-0.898648218,0.413954968,-0.230237729,-0.077941993,0.126984812,0.150919263,-0.088865936,-0.605714181,0.677436927
24,4.790433245,-1.161309839,-0.89621656,0.415432845,-0.227896589,-0.061467759,0.126568387,0.152579505,-0.07299567,-0.59958118,0.670210923
24.01,4.794670553,-1.163235146,-0.897476227,0.415981114,-0.22554106,-0.065767767,0.125916191,0.153333809,-0.076241171,-0.594126254,0.667145768
24.02,4.798907862,-1.165160452,-0.898735894,0.416529383,-0.22318553,-0.070067775,0.125263995,0.154088113,-0.079486671,-0.588671327,0.664080614
24.03,4.80314517,-1.167085759,-0.899995561,0.417077651,-0.220830001,-0.074367782,0.1246118,0.154842417,-0.082732172,-0.583216401,0.661015459
24.04,4.807382478,-1.169011065,-0.901255229,0.41762592,-0.218474472,-0.07866779,0.123959604,0.155596721,-0.085977673,-0.577761474,0.657950304
24.05,4.811619786,-1.170936372,-0.902514896,0.418174189,-0.216118942,-0.082967798,0.123307409,0.156351025,-0.089223174,-0.572306547,0.654885149
24.06,4.815857095,-1.172861678,-0.903774563,0.418722457,-0.213763413,-0.087267806,0.122655213,0.157105329,-0.092468675,-0.566851621,0.651819994
24.07,4.820094403,-1.174786985,-0.90503423,0.419270726,-0.211407883,-0.091567813,0.122003017,0.157859633,-0.095714176,-0.561396694,0.648754839
24.08,4.824331711,-1.176712292,-0.906293897,0.419818995,-0.209052354,-0.095867821,0.121350822,0.158613937,-0.098959677,-0.555941767,0.645689684
24.09,4.828569019,-1.178637598,-0.907553565,0.420367263,-0.206696825,-0.100167829,0.120698626,0.159368241,-0.102205178,-0.550486841,0.642624529
24.1,4.832806328,-1.180562905,-0.908813232,0.420915532,-0.204341295,-0.104467837,0.12004643,0.160122545,-0.105450679,-0.545031914,0.639559374
24.11,4.836596977,-1.184548949,-0.908073728,0.422376037,-0.200812213,-0.146185054,0.119719495,0.162729275,-0.149034341,-0.537763611,0.697289472
24.12,4.840883914,-1.186245284,-0.909555525,0.422822946,-0.198587078,-0.146327594,0.11903116,0.163277754,-0.147797824,-0.532510171,0.687469289
24.13,4.845170851,-1.18794162,-0.911037323,0.423269855,-0.196361944,-0.146470134,0.118342824,0.163826233,-0.146561307,-0.52725673,0.677649106
24.14,4.849457788,-1.189637956,-0.91251912,0.423716765,-0.194136809,-0.146612674,0.117654488,0.164374712,-0.14532479,-0.52200329,0.667828923
24.15,4.853744725,-1.191334292,-0.914000917,0.424163674,-0.191911674,-0.146755214,0.116966153,0.16492319,-0.144088273,-0.51674985,0.65800874
24.16,4.858031662,-1.193030627,-0.915482715,0.424610583,-0.18968654,-0.146897754,0.116277817,0.165471669,-0.142851756,-0.511496409,0.648188557
24.17,4.862318599,-1.194726963,-0.916964512,0.425057492,-0.187461405,-0.147040294,0.115589481,0.166020148,-0.141615239,-0.506242969,0.638368374
24.18,4.866605536,-1.196423299,-0.918446309,0.425504401,-0.185236271,-0.147182834,0.114901145,0.166568627,-0.140378722,-0.500989529,0.628548191
24.19,4.870892473,-1.198119635,-0.919928106,0.42595131,-0.183011136,-0.147325374,0.11421281,0.167117105,-0.139142205,-0.495736088,0.618728008
24.2,4.87476553,-1.202036267,-0.920791636,0.427046192,-0.180693039,-0.137953589,0.113484111,0.168307026,-0.127154846,-0.489439121,0.18543082
24.21,4.879093855,-1.203510573,-0.92233526,0.427428303,-0.1784772,-0.139047561,0.112799812,0.16879136,-0.126993414,-0.484290034,0.217958338
24.22,4.88342218,-1.204984879,-0.923878884,0.427810415,-0.176261362,-0.140141534,0.112115512,0.169275695,-0.126831981,-0.479140946,0.250485855
24.23,4.887750505,-1.206459185,-0.925422508,0.428192527,-0.174045524,-0.141235506,0.111431213,0.16976003,-0.126670548,-0.473991858,0.283013373
24.24,4.89207883,-1.207933492,-0.926966132,0.428574638,-0.171829685,-0.142329479,0.110746913,0.170244364,-0.126509115,-0.468842771,0.31554089
24.25,4.896407155,-1.209407798,-0.928509756,0.42895675,-0.169613847,-0.143423451,0.110062614,0.170728699,-0.126347683,-0.463693683,0.348068408
24.26,4.90073548,-1.210882104,-0.93005338,0.429338862,-0.167398009,-0.144517423,0.109378314,0.171213033,-0.12618625,-0.458544595,0.380595925
24.27,4.905063805,-1.21235641,-0.931597005,0.429720974,-0.16518217,-0.145611396,0.108694015,0.171697368,-0.126024817,-0.453395508,0.413123443
24.28,4.90939213,-1.213830716,-0.933140629,0.430103085,-0.162966332,-0.146705368,0.108009716,0.172181703,-0.125863384,-0.44824642,0.445650961
24.29,4.913720455,-1.215305022,-0.934684253,0.430485197,-0.160750494,-0.147799341,0.107325416,0.172666037,-0.125701952,-0.443097332,0.478178478
24.3,4.917698649,-1.218980203,-0.93513657,0.43149859,-0.158234365,-0.148946706,0.106588099,0.173934997,-0.125432479,-0.436827031,0.858334252
24.31,4.922061987,-1.220234421,-0.936789324,0.431817574,-0.156048556,-0.150035339,0.105909101,0.174340869,-0.12528185,-0.431790065,0.856098944
24.32,4.926425325,-1.22148864,-0.938442079,0.432136558,-0.153862746,-0.151123972,0.105230104,0.174746741,-0.125131221,-0.426753098,0.853863636
24.33,4.930788663,-1.222742858,-0.940094834,0.432455541,-0.151676937,-0.152212605,0.104551106,0.175152613,-0.124980592,-0.421716132,0.851628328
24.34,4.935152001,-1.223997077,-0.941747589,0.432774525,-0.149491128,-0.153301238,0.103872108,0.175558485,-0.124829964,-0.416679166,0.84939302
24.35,4.939515339,-1.225251295,-0.943400344,0.433093508,-0.147305319,-0.154389871,0.103193111,0.175964357,-0.124679335,-0.411642199,0.847157712
24.36,4.943878678,-1.226505514,-0.945053098,0.433412492,-0.145119509,-0.155478505,0.102514113,0.176370229,-0.124528706,-0.406605233,0.844922404
24.37,4.948242016,-1.227759733,-0.946705853,0.433731475,-0.1429337,-0.156567138,0.101835115,0.176776101,-0.124378077,-0.401568267,0.842687096
24.38,4.952605354,-1.229013951,-0.948358608,0.434050459,-0.140747891,-0.157655771,0.101156118,0.177181973,-0.124227449,-0.396531301,0.840451788
24.39,4.956968692,-1.23026817,-0.950011363,0.434369442,-0.138562082,-0.158744404,0.10047712,0.177587846,-0.12407682,-0.391494334,0.83821648
24.4,4.961042565,-1.233691693,-0.950629072,0.435269318,-0.136047413,-0.160904921,0.099700017,0.178728449,-0.124847446,-0.385672671,0.838386561
24.41,4.96543485,-1.234728981,-0.952385332,0.435530213,-0.13389449,-0.161886366,0.09903083,0.179060848,-0.124604692,-0.380714174,0.835910714
24.42,4.969827134,-1.235766269,-0.954141591,0.435791107,-0.131741566,-0.16286781,0.098361643,0.179393247,-0.124361937,-0.375755678,0.833434867
24.43,4.974219419,-1.236803557,-0.95589785,0.436052001,-0.129588643,-0.163849255,0.097692455,0.179725646,-0.124119183,-0.370797181,0.83095902
24.44,4.978611703,-1.237840845,-0.95765411,0.436312895,-0.12743572,-0.1648307,0.097023268,0.180058045,-0.123876429,-0.365838685,0.828483173
24.45,4.983003988,-1.238878134,-0.959410369,0.43657379,-0.125282796,-0.165812145,0.096354081,0.180390444,-0.123633675,-0.360880188,0.826007326
24.46,4.987396273,-1.239915422,-0.961166628,0.436834684,-0.123129873,-0.166793589,0.095684894,0.180722843,-0.12339092,-0.355921692,0.823531479
24.47,4.991788557,-1.24095271,-0.962922888,0.437095578,-0.12097695,-0.167775034,0.095015707,0.181055242,-0.123148166,-0.350963195,0.821055632
24.48,4.996180842,-1.241989998,-0.964679147,0.437356473,-0.118824027,-0.168756479,0.09434652,0.181387641,-0.122905412,-0.346004698,0.818579785
24.49,5.000573127,-1.243027286,-0.966435407,0.437617367,-0.116671103,-0.169737924,0.093677333,0.181720039,-0.122662658,-0.341046202,0.816103938
24.5,5.004731839,-1.246195794,-0.967566809,0.438415816,-0.114094965,-0.177851438,0.092876513,0.182808053,-0.129309218,-0.335435788,0.652656913
24.51,5.009147481,-1.24701996,-0.969385554,0.438622955,-0.111984363,-0.178119676,0.092220489,0.18306489,-0.128377532,-0.330542483,0.666278184
24.52,5.013563123,-1.247844126,-0.971204299,0.438830093,-0.109873761,-0.178387913,0.091564465,0.183321728,-0.127445847,-0.325649178,0.679899455
24.53,5.017978765,-1.248668292,-0.973023044,0.439037232,-0.107763159,-0.178656151,0.090908441,0.183578565,-0.126514161,-0.320755873,0.693520726
24.54,5.022394407,-1.249492458,-0.974841789,0.439244371,-0.105652558,-0.178924389,0.090252417,0.183835402,-0.125582475,-0.315862568,0.707141996
24.55,5.026810049,-1.250316624,-0.976660534,0.43945151,-0.103541956,-0.179192627,0.089596393,0.18409224,-0.124650789,-0.310969264,0.720763267
24.56,5.03122569,-1.25114079,-0.978479279,0.439658649,-0.101431354,-0.179460865,0.08894037,0.184349077,-0.123719104,-0.306075959,0.734384538
24.57,5.035641332,-1.251964957,-0.980298024,0.439865788,-0.099320752,-0.179729103,0.088284346,0.184605915,-0.122787418,-0.301182654,0.748005808
24.58,5.040056974,-1.252789123,-0.982116769,0.440072927,-0.097210151,-0.179997341,0.087628322,0.184862752,-0.121855732,-0.296289349,0.761627079
24.59,5.044472616,-1.253613289,-0.983935514,0.440280066,-0.095099549,-0.180265578,0.086972298,0.18511959,-0.120924046,-0.291396044,0.77524835
24.6,5.048888258,-1.254437455,-0.985754259,0.440487205,-0.092988947,-0.180533816,0.086316274,0.185376427,-0.119992361,-0.286502739,0.788869621
24.61,5.053138698,-1.257159434,-0.986986108,0.441115366,-0.090856962,-0.173892746,0.085490852,0.185885802,-0.11131285,-0.281234731,0.926775116
24.62,5.057572695,-1.257772732,-0.988870064,0.441275725,-0.088748736,-0.174928685,0.08485365,0.186114579,-0.111242034,-0.27638306,0.926587029
24.63,5.062006693,-1.25838603,-0.99075402,0.441436084,-0.086640511,-0.175964624,0.084216448,0.186343357,-0.111171217,-0.271531389,0.926398941
24.64,5.066440691,-1.258999328,-0.992637975,0.441596442,-0.084532285,-0.177000562,0.083579246,0.186572135,-0.111100401,-0.266679718,0.926210853
24.65,5.070874688,-1.259612626,-0.994521931,0.441756801,-0.082424059,-0.178036501,0.082942045,0.186800913,-0.111029585,-0.261828047,0.926022766
24.66,5.075308686,-1.260225924,-0.996405887,0.441917159,-0.080315833,-0.17907244,0.082304843,0.187029691,-0.110958768,-0.256976375,0.925834678
24.67,5.079742683,-1.260839222,-0.998289843,0.442077518,-0.078207607,-0.180108379,0.081667641,0.187258469,-0.110887952,-0.252124704,0.925646591
24.68,5.084176681,-1.26145252,-1.000173798,0.442237877,-0.076099381,-0.181144317,0.081030439,0.187487247,-0.110817136,-0.247273033,0.925458503
24.69,5.088610678,-1.262065818,-1.002057754,0.442398235,-0.073991155,-0.182180256,0.080393238,0.187716024,-0.11074632,-0.242421362,0.925270415
24.7,5.09290827,-1.264774334,-1.003252779,0.443037345,-0.071639118,-0.19015674,0.079597586,0.188417392,-0.117545232,-0.237581025,0.82878968
24.71,5.097355908,-1.26517811,-1.005205628,0.443149829,-0.069555273,-0.190498624,0.078976229,0.188598911,-0.116787443,-0.23272822,0.838230858
24.72,5.101803546,-1.265581886,-1.007158476,0.443262312,-0.067471428,-0.190840508,0.078354872,0.18878043,-0.116029654,-0.227875416,0.847672035
24.73,5.106251185,-1.265985662,-1.009111325,0.443374796,-0.065387584,-0.191182393,0.077733515,0.188961949,-0.115271864,-0.223022611,0.857113212
24.74,5.110698823,-1.266389439,-1.011064174,0.443487279,-0.063303739,-0.191524277,0.077112159,0.189143468,-0.114514075,-0.218169807,0.866554389
24.75,5.115146461,-1.266793215,-1.013017023,0.443599762,-0.061219894,-0.191866161,0.076490802,0.189324986,-0.113756286,-0.213317002,0.875995566
24.76,5.119594099,-1.267196991,-1.014969871,0.443712246,-0.059136049,-0.192208045,0.075869445,0.189506505,-0.112998497,-0.208464198,0.885436743
24.77,5.124041737,-1.267600767,-1.01692272,0.443824729,-0.057052205,-0.19254993,0.075248088,0.189688024,-0.112240708,-0.203611393,0.89487792
24.78,5.128489376,-1.268004544,-1.018875569,0.443937213,-0.05496836,-0.192891814,0.074626732,0.189869543,-0.111482919,-0.198758589,0.904319097
24.79,5.132937014,-1.26840832,-1.020828418,0.444049696,-0.052884515,-0.193233698,0.074005375,0.190051062,-0.110725129,-0.193905784,0.913760274
24.8,5.137296523,-1.270882387,-1.023045007,0.444652513,-0.050542767,-0.205688381,0.073252995,0.190672003,-0.12132235,-0.189234473,0.899526326
24.81,5.141752974,-1.271079134,-1.024971481,0.444715963,-0.048484713,-0.204818985,0.072644741,0.19080958,-0.11942906,-0.184363519,0.911335016
24.82,5.146209425,-1.271275881,-1.026897956,0.444779413,-0.046426658,-0.20394959,0.072036486,0.190947157,-0.11753577,-0.179492565,0.923143705
24.83,5.150665876,-1.271472628,-1.028824431,0.444842863,-0.044368604,-0.203080194,0.071428232,0.191084733,-0.11564248,-0.174621611,0.934952395
24.84,5.155122327,-1.271669375,-1.030750906,0.444906313,-0.04231055,-0.202210798,0.070819977,0.19122231,-0.113749189,-0.169750657,0.946761085
24.85,5.159578778,-1.271866123,-1.03267738,0.444969763,-0.040252495,-0.201341403,0.070211723,0.191359887,-0.111855899,-0.164879704,0.958569774
24.86,5.164035229,-1.27206287,-1.034603855,0.445033214,-0.038194441,-0.200472007,0.069603468,0.191497463,-0.109962609,-0.16000875,0.970378464
24.87,5.168491681,-1.272259617,-1.03653033,0.445096664,-0.036136387,-0.199602612,0.068995214,0.19163504,-0.108069319,-0.155137796,0.982187153
24.88,5.172948132,-1.272456364,-1.038456805,0.445160114,-0.034078332,-0.198733216,0.068386959,0.191772617,-0.106176029,-0.150266842,0.993995843
24.89,5.177404583,-1.272653111,-1.04038328,0.445223564,-0.032020278,-0.19786382,0.067778705,0.191910193,-0.104282739,-0.145395888,1.005804533
24.9,5.181824023,-1.274994752,-1.039619394,0.445873613,-0.031884666,-0.125803379,0.067148795,0.190262904,-0.029305113,-0.142224799,0.874819784
24.91,5.186284175,-1.27497701,-1.041814905,0.445878403,-0.029634367,-0.132053088,0.066542706,0.190578967,-0.034720257,-0.137183859,0.900907818
24.92,5.190744327,-1.274959268,-1.044010416,0.445883193,-0.027384069,-0.138302797,0.065936617,0.19089503,-0.0401354,-0.132142919,0.926995851
24.93,5.195204479,-1.274941525,-1.046205927,0.445887983,-0.02513377,-0.144552506,0.065330529,0.191211094,-0.045550543,-0.127101978,0.953083884
24.94,5.199664631,-1.274923783,-1.048401437,0.445892774,-0.022883472,-0.150802215,0.06472444,0.191527157,-0.050965687,-0.122061038,0.979171918
24.95,5.204124783,-1.274906041,-1.050596948,0.445897564,-0.020633173,-0.157051924,0.064118351,0.19184322,-0.05638083,-0.117020098,1.005259951
24.96,5.208584936,-1.274888299,-1.052792459,0.445902354,-0.018382875,-0.163301632,0.063512262,0.192159283,-0.061795974,-0.111979158,1.031347985
24.97,5.213045088,-1.274870557,-1.05498797,0.445907144,-0.016132576,-0.169551341,0.062906173,0.192475346,-0.067211117,-0.106938217,1.057436018
24.98,5.21750524,-1.274852815,-1.057183481,0.445911934,-0.013882277,-0.17580105,0.062300084,0.19279141,-0.07262626,-0.101897277,1.083524051
24.99,5.221965392,-1.274835072,-1.059378991,0.445916724,-0.011631979,-0.182050759,0.061693995,0.193107473,-0.078041404,-0.096856337,1.109612085
25,5.2264695,-1.277073743,-1.058626539,0.446957733,-0.009613733,-0.254338443,0.061518036,0.193507547,-0.154909666,-0.094993179,1.352151026
25.01,5.230925256,-1.276830359,-1.061116846,0.446858901,-0.007340229,-0.253984355,0.060868934,0.193815209,-0.153179497,-0.089634461,1.356593968
25.02,5.235381013,-1.276586976,-1.063607153,0.446760069,-0.005066725,-0.253630266,0.060219832,0.194122871,-0.151449329,-0.084275742,1.361036911
25.03,5.23983677,-1.276343592,-1.06609746,0.446661238,-0.002793221,-0.253276177,0.05957073,0.194430533,-0.14971916,-0.078917024,1.365479854
25.04,5.244292526,-1.276100209,-1.068587767,0.446562406,-0.000519718,-0.252922089,0.058921628,0.194738195,-0.147988992,-0.073558305,1.369922796
25.05,5.248748283,-1.275856826,-1.071078074,0.446463574,0.001753786,-0.252568,0.058272526,0.195045857,-0.146258823,-0.068199587,1.374365739
25.06,5.253204039,-1.275613442,-1.073568382,0.446364742,0.00402729,-0.252213911,0.057623424,0.19535352,-0.144528655,-0.062840868,1.378808681
25.07,5.257659796,-1.275370059,-1.076058689,0.446265911,0.006300794,-0.251859823,0.056974322,0.195661182,-0.142798486,-0.05748215,1.383251624
25.08,5.262115553,-1.275126675,-1.078548996,0.446167079,0.008574298,-0.251505734,0.05632522,0.195968844,-0.141068318,-0.052123432,1.387694567
25.09,5.266571309,-1.274883292,-1.081039303,0.446068247,0.010847802,-0.251151645,0.055676118,0.196276506,-0.13933815,-0.046764713,1.392137509
25.1,5.271027066,-1.274639908,-1.08352961,0.445969415,0.013121305,-0.250797557,0.055027016,0.196584168,-0.137607981,-0.041405995,1.396580452
25.11,5.275627517,-1.276510335,-1.086560674,0.447000602,0.01412214,-0.254883708,0.054923741,0.195896057,-0.138760901,-0.038360466,1.468515952
25.12,5.280067196,-1.276032084,-1.088990897,0.446776212,0.016537052,-0.25403626,0.054213992,0.196314361,-0.13671039,-0.032744727,1.465459722
25.13,5.284506876,-1.275553832,-1.09142112,0.446551823,0.018951963,-0.253188811,0.053504242,0.196732665,-0.134659878,-0.027128987,1.462403491
25.14,5.288946556,-1.275075581,-1.093851343,0.446327434,0.021366875,-0.252341362,0.052794493,0.197150968,-0.132609366,-0.021513248,1.459347261
25.15,5.293386235,-1.27459733,-1.096281566,0.446103044,0.023781786,-0.251493914,0.052084744,0.197569272,-0.130558855,-0.015897508,1.45629103
25.16,5.297825915,-1.274119079,-1.098711789,0.445878655,0.026196698,-0.250646465,0.051374994,0.197987575,-0.128508343,-0.010281769,1.4532348
25.17,5.302265594,-1.273640828,-1.101142012,0.445654266,0.028611609,-0.249799016,0.050665245,0.198405879,-0.126457831,-0.004666029,1.45017857
25.18,5.306705274,-1.273162577,-1.103572235,0.445429876,0.031026521,-0.248951567,0.049955496,0.198824183,-0.12440732,0.000949711,1.447122339
25.19,5.311144953,-1.272684326,-1.106002458,0.445205487,0.033441432,-0.248104119,0.049245746,0.199242486,-0.122356808,0.00656545,1.444066109
25.2,5.315873678,-1.274666488,-1.109664715,0.446278957,0.035026729,-0.254946824,0.049124107,0.199249479,-0.125945938,0.010725981,1.466587047
25.21,5.320284453,-1.273942196,-1.111971735,0.445924782,0.037524602,-0.25333036,0.048355547,0.199708913,-0.123331462,0.016487241,1.4609731
25.22,5.324695228,-1.273217903,-1.114278754,0.445570606,0.040022475,-0.251713895,0.047586986,0.200168348,-0.120716986,0.022248502,1.455359153
25.23,5.329106003,-1.272493611,-1.116585774,0.445216431,0.042520348,-0.250097431,0.046818426,0.200627783,-0.118102511,0.028009762,1.449745205
25.24,5.333516778,-1.271769318,-1.118892794,0.444862256,0.045018221,-0.248480967,0.046049866,0.201087218,-0.115488035,0.033771023,1.444131258
25.25,5.337927553,-1.271045026,-1.121199813,0.444508081,0.047516094,-0.246864503,0.045281305,0.201546652,-0.112873559,0.039532283,1.438517311
25.26,5.342338328,-1.270320733,-1.123506833,0.444153905,0.050013967,-0.245248039,0.044512745,0.202006087,-0.110259083,0.045293543,1.432903364
25.27,5.346749103,-1.269596441,-1.125813853,0.44379973,0.05251184,-0.243631575,0.043744185,0.202465522,-0.107644607,0.051054804,1.427289416
25.28,5.351159878,-1.268872148,-1.128120872,0.443445555,0.055009713,-0.242015111,0.042975624,0.202924956,-0.105030131,0.056816064,1.421675469
25.29,5.355570653,-1.268147855,-1.130427892,0.443091379,0.057507586,-0.240398647,0.042207064,0.203384391,-0.102415655,0.062577324,1.416061522
25.3,5.360404292,-1.269962557,-1.134006263,0.44411535,0.059254531,-0.231878436,0.042048089,0.203552333,-0.090282957,0.067765256,1.412270557
25.31,5.364772781,-1.268984365,-1.136186147,0.44362336,0.061827497,-0.230952347,0.04121857,0.204040917,-0.088620304,0.07358385,1.406474311
25.32,5.369141269,-1.268006173,-1.138366032,0.44313137,0.064400462,-0.230026257,0.040389051,0.204529501,-0.08695765,0.079402443,1.400678066
25.33,5.373509758,-1.267027981,-1.140545916,0.44263938,0.066973428,-0.229100168,0.039559532,0.205018085,-0.085294996,0.085221036,1.39488182
25.34,5.377878247,-1.26604979,-1.142725801,0.44214739,0.069546394,-0.228174078,0.038730014,0.205506669,-0.083632342,0.091039629,1.389085575
25.35,5.382246735,-1.265071598,-1.144905685,0.4416554,0.07211936,-0.227247989,0.037900495,0.205995253,-0.081969689,0.096858222,1.383289329
25.36,5.386615224,-1.264093406,-1.14708557,0.441163411,0.074692325,-0.226321899,0.037070976,0.206483837,-0.080307035,0.102676816,1.377493084
25.37,5.390983712,-1.263115214,-1.149265454,0.440671421,0.077265291,-0.22539581,0.036241457,0.206972421,-0.078644381,0.108495409,1.371696838
25.38,5.395352201,-1.262137022,-1.151445339,0.440179431,0.079838257,-0.22446972,0.035411938,0.207461005,-0.076981728,0.114314002,1.365900593
25.39,5.399720689,-1.26115883,-1.153625224,0.439687441,0.082411222,-0.223543631,0.034582419,0.207949589,-0.075319074,0.120132595,1.360104347
25.4,5.404658086,-1.262801854,-1.155343475,0.440745387,0.084083346,-0.19486179,0.034473317,0.208025915,-0.044238015,0.125905332,1.356982143
25.41,5.408969683,-1.26156154,-1.157569523,0.440098403,0.086746396,-0.196711276,0.033571757,0.208555724,-0.045517202,0.131728511,1.350918494
25.42,5.413281281,-1.260321227,-1.159795571,0.43945142,0.089409446,-0.198560761,0.032670196,0.209085534,-0.046796389,0.13755169,1.344854844
25.43,5.417592879,-1.259080913,-1.162021619,0.438804436,0.092072496,-0.200410247,0.031768636,0.209615344,-0.048075575,0.143374869,1.338791195
25.44,5.421904477,-1.257840599,-1.164247667,0.438157453,0.094735546,-0.202259732,0.030867075,0.210145154,-0.049354762,0.149198048,1.332727545
25.45,5.426216075,-1.256600286,-1.166473715,0.43751047,0.097398596,-0.204109218,0.029965514,0.210674963,-0.050633949,0.155021226,1.326663895
25.46,5.430527672,-1.255359972,-1.168699762,0.436863486,0.100061646,-0.205958704,0.029063954,0.211204773,-0.051913136,0.160844405,1.320600246
25.47,5.43483927,-1.254119659,-1.17092581,0.436216503,0.102724695,-0.207808189,0.028162393,0.211734583,-0.053192323,0.166667584,1.314536596
25.48,5.439150868,-1.252879345,-1.173151858,0.435569519,0.105387745,-0.209657675,0.027260833,0.212264393,-0.054471509,0.172490763,1.308472947
25.49,5.443462466,-1.251639031,-1.175377906,0.434922536,0.108050795,-0.211507161,0.026359272,0.212794203,-0.055750696,0.178313942,1.302409297
25.5,5.448481587,-1.253016257,-1.177189416,0.435472116,0.111683651,-0.242054253,0.025752715,0.214823628,-0.087006677,0.184527492,1.254490024
25.51,5.452722432,-1.251514189,-1.179456918,0.434705477,0.11424972,-0.241033978,0.024821654,0.215203476,-0.085288184,0.190311634,1.252611936
25.52,5.456963278,-1.250012122,-1.181724419,0.433938837,0.11681579,-0.240013703,0.023890593,0.215583324,-0.083569692,0.196095776,1.250733849
25.53,5.461204123,-1.248510054,-1.183991921,0.433172197,0.119381859,-0.238993428,0.022959533,0.215963173,-0.081851199,0.201879917,1.248855762
25.54,5.465444969,-1.247007987,-1.186259423,0.432405557,0.121947928,-0.237973153,0.022028472,0.216343021,-0.080132707,0.207664059,1.246977675
25.55,5.469685814,-1.245505919,-1.188526924,0.431638917,0.124513998,-0.236952878,0.021097411,0.216722869,-0.078414214,0.213448201,1.245099588
25.56,5.473926659,-1.244003852,-1.190794426,0.430872278,0.127080067,-0.235932603,0.02016635,0.217102717,-0.076695722,0.219232343,1.2432215
25.57,5.478167505,-1.242501784,-1.193061928,0.430105638,0.129646136,-0.234912328,0.019235289,0.217482565,-0.074977229,0.225016484,1.241343413
25.58,5.48240835,-1.240999717,-1.195329429,0.429338998,0.132212206,-0.233892053,0.018304228,0.217862414,-0.073258736,0.230800626,1.239465326
25.59,5.486649196,-1.239497649,-1.197596931,0.428572358,0.134778275,-0.232871778,0.017373167,0.218242262,-0.071540244,0.236584768,1.237587239
25.6,5.491723313,-1.240542555,-1.200659451,0.429112015,0.137781936,-0.227345015,0.016817342,0.21943955,-0.063596771,0.243253107,1.223209167
25.61,5.495880831,-1.23878579,-1.202847451,0.428214746,0.140304246,-0.226775389,0.015848758,0.219737654,-0.062500776,0.248948829,1.222581078
25.62,5.50003835,-1.237029025,-1.20503545,0.427317476,0.142826556,-0.226205762,0.014880173,0.220035758,-0.061404782,0.254644551,1.221952989
25.63,5.504195868,-1.23527226,-1.20722345,0.426420207,0.145348866,-0.225636136,0.013911589,0.220333862,-0.060308787,0.260340273,1.221324901
25.64,5.508353386,-1.233515496,-1.20941145,0.425522937,0.147871176,-0.22506651,0.012943004,0.220631967,-0.059212793,0.266035995,1.220696812
25.65,5.512510904,-1.231758731,-1.21159945,0.424625667,0.150393486,-0.224496884,0.01197442,0.220930071,-0.058116798,0.271731717,1.220068723
25.66,5.516668423,-1.230001966,-1.21378745,0.423728398,0.152915797,-0.223927257,0.011005835,0.221228175,-0.057020804,0.277427439,1.219440635
25.67,5.520825941,-1.228245202,-1.215975449,0.422831128,0.155438107,-0.223357631,0.010037251,0.22152628,-0.055924809,0.283123161,1.218812546
25.68,5.524983459,-1.226488437,-1.218163449,0.421933859,0.157960417,-0.222788005,0.009068666,0.221824384,-0.054828815,0.288818883,1.218184457
25.69,5.529140978,-1.224731672,-1.220351449,0.421036589,0.160482727,-0.222218379,0.008100082,0.222122488,-0.05373282,0.294514605,1.217556368
25.7,5.534250871,-1.225453907,-1.22320884,0.421208366,0.163917561,-0.223642877,0.007231959,0.22363122,-0.053534956,0.301534603,1.212728653
25.71,5.538313152,-1.223449242,-1.225329901,0.420204191,0.166348619,-0.222873838,0.006253328,0.223808262,-0.052349148,0.307097897,1.212520527
25.72,5.542375432,-1.221444578,-1.227450961,0.419200017,0.168779677,-0.222104799,0.005274697,0.223985303,-0.051163341,0.312661192,1.212312401
25.73,5.546437713,-1.219439913,-1.229572022,0.418195843,0.171210734,-0.221335761,0.004296067,0.224162345,-0.049977533,0.318224486,1.212104275
25.74,5.550499994,-1.217435248,-1.231693083,0.417191669,0.173641792,-0.220566722,0.003317436,0.224339386,-0.048791726,0.323787781,1.211896149
25.75,5.554562275,-1.215430584,-1.233814144,0.416187495,0.17607285,-0.219797683,0.002338805,0.224516428,-0.047605918,0.329351075,1.211688023
25.76,5.558624555,-1.213425919,-1.235935204,0.415183321,0.178503908,-0.219028645,0.001360175,0.224693469,-0.046420111,0.334914369,1.211479897
25.77,5.562686836,-1.211421254,-1.238056265,0.414179147,0.180934966,-0.218259606,0.000381544,0.224870511,-0.045234303,0.340477664,1.211271771
25.78,5.566749117,-1.20941659,-1.240177326,0.413174973,0.183366024,-0.217490567,-0.000597086,0.225047552,-0.044048496,0.346040958,1.211063645
25.79,5.570811398,-1.207411925,-1.242298386,0.412170799,0.185797081,-0.216721529,-0.001575717,0.225224593,-0.042862688,0.351604253,1.210855519
25.8,5.575922724,-1.207782949,-1.244937426,0.411952037,0.189524763,-0.210925996,-0.002747566,0.2268753,-0.03546458,0.360135195,1.205693565
25.81,5.5798801,-1.205540715,-1.247006689,0.410869321,0.191826158,-0.210659607,-0.003706875,0.226904975,-0.034900002,0.365401724,1.205980822
25.82,5.583837477,-1.203298482,-1.249075952,0.409786606,0.194127554,-0.210393218,-0.004666184,0.22693465,-0.034335425,0.370668254,1.206268079
25.83,5.587794853,-1.201056248,-1.251145215,0.408703891,0.196428949,-0.210126828,-0.005625493,0.226964325,-0.033770847,0.375934784,1.206555336
25.84,5.591752229,-1.198814015,-1.253214478,0.407621175,0.198730345,-0.209860439,-0.006584801,0.226994,-0.03320627,0.381201313,1.206842592
25.85,5.595709605,-1.196571781,-1.25528374,0.40653846,0.20103174,-0.20959405,-0.00754411,0.227023675,-0.032641693,0.386467843,1.207129849
25.86,5.599666982,-1.194329548,-1.257353003,0.405455745,0.203333136,-0.20932766,-0.008503419,0.22705335,-0.032077115,0.391734373,1.207417106
25.87,5.603624358,-1.192087314,-1.259422266,0.404373029,0.205634531,-0.209061271,-0.009462728,0.227083025,-0.031512538,0.397000902,1.207704363
25.88,5.607581734,-1.189845081,-1.261491529,0.403290314,0.207935927,-0.208794882,-0.010422036,0.2271127,-0.030947961,0.402267432,1.20799162
25.89,5.61153911,-1.187602847,-1.263560792,0.402207599,0.210237322,-0.208528492,-0.011381345,0.227142375,-0.030383383,0.407533962,1.208278876
25.9,5.616575489,-1.187526418,-1.266181357,0.400930668,0.215379207,-0.213957334,-0.013494178,0.230042214,-0.03494946,0.417425341,1.213531279
25.91,5.620424965,-1.185067604,-1.268195489,0.399867374,0.217396553,-0.213121422,-0.014338135,0.229784872,-0.033871817,0.422229386,1.213322021
25.92,5.624274441,-1.18260879,-1.270209622,0.398804081,0.2194139,-0.21228551,-0.015182091,0.229527531,-0.032794174,0.42703343,1.213112763
25.93,5.628123917,-1.180149976,-1.272223754,0.397740787,0.221431246,-0.211449597,-0.016026047,0.22927019,-0.031716531,0.431837475,1.212903506
25.94,5.631973393,-1.177691163,-1.274237887,0.396677493,0.223448593,-0.210613685,-0.016870003,0.229012848,-0.030638889,0.43664152,1.212694248
25.95,5.635822869,-1.175232349,-1.276252019,0.395614199,0.22546594,-0.209777772,-0.01771396,0.228755507,-0.029561246,0.441445564,1.21248499
25.96,5.639672345,-1.172773535,-1.278266152,0.394550906,0.227483286,-0.20894186,-0.018557916,0.228498165,-0.028483603,0.446249609,1.212275732
25.97,5.643521821,-1.170314721,-1.280280285,0.393487612,0.229500633,-0.208105947,-0.019401872,0.228240824,-0.02740596,0.451053654,1.212066475
25.98,5.647371297,-1.167855907,-1.282294417,0.392424318,0.231517979,-0.207270035,-0.020245829,0.227983483,-0.026328318,0.455857698,1.211857217
25.99,5.651220773,-1.165397093,-1.28430855,0.391361024,0.233535326,-0.206434122,-0.021089785,0.227726141,-0.025250675,0.460661743,1.211647959
26,5.656110819,-1.164816825,-1.287135626,0.38981766,0.238269582,-0.205141025,-0.023257768,0.229928368,-0.022638204,0.470129085,1.210290025
26.01,5.659856238,-1.162170156,-1.289068465,0.388802373,0.240015238,-0.204350831,-0.023969322,0.22942507,-0.021714044,0.4744668,1.210195635
26.02,5.663601657,-1.159523488,-1.291001303,0.387787087,0.241760893,-0.203560637,-0.024680876,0.228921771,-0.020789884,0.478804515,1.210101245
26.03,5.667347076,-1.156876819,-1.292934141,0.3867718,0.243506549,-0.202770443,-0.025392429,0.228418473,-0.019865724,0.48314223,1.210006855
26.04,5.671092495,-1.154230151,-1.294866979,0.385756513,0.245252205,-0.201980249,-0.026103983,0.227915175,-0.018941564,0.487479945,1.209912465
26.05,5.674837914,-1.151583482,-1.296799817,0.384741227,0.24699786,-0.201190055,-0.026815536,0.227411877,-0.018017404,0.49181766,1.209818075
26.06,5.678583333,-1.148936814,-1.298732655,0.38372594,0.248743516,-0.200399861,-0.02752709,0.226908578,-0.017093244,0.496155375,1.209723684
26.07,5.682328752,-1.146290145,-1.300665494,0.382710653,0.250489171,-0.199609667,-0.028238644,0.22640528,-0.016169084,0.50049309,1.209629294
26.08,5.686074171,-1.143643477,-1.302598332,0.381695367,0.252234827,-0.198819473,-0.028950197,0.225901982,-0.015244924,0.504830804,1.209534904
26.09,5.68981959,-1.140996808,-1.30453117,0.38068008,0.253980483,-0.198029279,-0.029661751,0.225398684,-0.014320764,0.509168519,1.209440514
26.1,5.693565009,-1.13835014,-1.306464008,0.379664793,0.255726138,-0.197239085,-0.030373305,0.224895386,-0.013396604,0.513506234,1.209346124
26.11,5.698197997,-1.137165885,-1.309042363,0.378109181,0.259596505,-0.195137324,-0.032265582,0.22606383,-0.010329133,0.521655619,1.20872603
26.12,5.701844797,-1.134356726,-1.310903477,0.37715393,0.261106082,-0.19449286,-0.032845944,0.225374783,-0.009643119,0.525569815,1.208690051
26.13,5.705491597,-1.131547567,-1.312764591,0.37619868,0.262615658,-0.193848396,-0.033426306,0.224685735,-0.008957104,0.529484011,1.208654073
26.14,5.709138397,-1.128738408,-1.314625705,0.375243429,0.264125235,-0.193203931,-0.034006669,0.223996688,-0.00827109,0.533398207,1.208618094
26.15,5.712785198,-1.125929249,-1.316486819,0.374288179,0.265634812,-0.192559467,-0.034587031,0.223307641,-0.007585076,0.537312403,1.208582116
26.16,5.716431998,-1.12312009,-1.318347934,0.373332928,0.267144388,-0.191915003,-0.035167393,0.222618593,-0.006899061,0.541226599,1.208546137
26.17,5.720078798,-1.120310931,-1.320209048,0.372377678,0.268653965,-0.191270538,-0.035747755,0.221929546,-0.006213047,0.545140795,1.208510159
26.18,5.723725598,-1.117501772,-1.322070162,0.371422427,0.270163541,-0.190626074,-0.036328117,0.221240498,-0.005527033,0.549054991,1.20847418
26.19,5.727372399,-1.114692613,-1.323931276,0.370467177,0.271673118,-0.18998161,-0.036908479,0.220551451,-0.004841018,0.552969187,1.208438202
26.2,5.73193995,-1.113287269,-1.3264088,0.368809677,0.275249014,-0.188777472,-0.038771452,0.221239675,-0.002909316,0.560619759,1.208182057
26.21,5.735494675,-1.110337729,-1.328208273,0.367924652,0.276551958,-0.188188975,-0.039223553,0.2204129,-0.00234787,0.564160318,1.208168095
26.22,5.7390494,-1.107388188,-1.330007746,0.367039626,0.277854903,-0.187600478,-0.039675654,0.219586126,-0.001786425,0.567700876,1.208154133
26.23,5.742604125,-1.104438648,-1.331807219,0.366154601,0.279157848,-0.187011981,-0.040127755,0.218759351,-0.001224979,0.571241434,1.208140172
26.24,5.74615885,-1.101489108,-1.333606692,0.365269575,0.280460792,-0.186423484,-0.040579856,0.217932577,-0.000663534,0.574781993,1.20812621
26.25,5.749713575,-1.098539567,-1.335406165,0.364384549,0.281763737,-0.185834987,-0.041031957,0.217105802,-0.000102088,0.578322551,1.208112248
26.26,5.753268301,-1.095590027,-1.337205638,0.363499524,0.283066682,-0.18524649,-0.041484058,0.216279027,0.000459358,0.581863109,1.208098286
26.27,5.756823026,-1.092640486,-1.339005111,0.362614498,0.284369627,-0.184657993,-0.041936159,0.215452253,0.001020803,0.585403668,1.208084324
26.28,5.760377751,-1.089690946,-1.340804584,0.361729473,0.285672571,-0.184069496,-0.04238826,0.214625478,0.001582249,0.588944226,1.208070363
26.29,5.763932476,-1.086741406,-1.342604057,0.360844447,0.286975516,-0.183480999,-0.042840361,0.213798704,0.002143694,0.592484785,1.208056401
26.3,5.768364609,-1.085041565,-1.341297487,0.359771473,0.289416116,-0.109001335,-0.043932512,0.21328281,0.077157752,0.599415609,1.208289263
26.31,5.771831593,-1.081967055,-1.343407564,0.358905242,0.290605295,-0.115801955,-0.044320608,0.212424947,0.070273936,0.602617141,1.208250619
26.32,5.775298578,-1.078892544,-1.345517641,0.358039011,0.291794475,-0.122602575,-0.044708704,0.211567085,0.063390121,0.605818673,1.208211975
26.33,5.778765562,-1.075818034,-1.347627719,0.357172781,0.292983654,-0.129403194,-0.0450968,0.210709222,0.056506305,0.609020204,1.20817333
26.34,5.782232547,-1.072743523,-1.349737796,0.35630655,0.294172833,-0.136203814,-0.045484896,0.209851359,0.049622489,0.612221736,1.208134686
26.35,5.785699531,-1.069669013,-1.351847874,0.355440319,0.295362012,-0.143004434,-0.045872992,0.208993497,0.042738674,0.615423268,1.208096042
26.36,5.789166516,-1.066594503,-1.353957951,0.354574088,0.296551191,-0.149805054,-0.046261088,0.208135634,0.035854858,0.6186248,1.208057398
26.37,5.7926335,-1.063519992,-1.356068029,0.353707858,0.29774037,-0.156605673,-0.046649184,0.207277771,0.028971042,0.621826331,1.208018754
26.38,5.796100484,-1.060445482,-1.358178106,0.352841627,0.29892955,-0.163406293,-0.04703728,0.206419909,0.022087227,0.625027863,1.20798011
26.39,5.799567469,-1.057370971,-1.360288184,0.351975396,0.300118729,-0.170206913,-0.047425376,0.205562046,0.015203411,0.628229395,1.207941465
26.4,5.803034453,-1.054296461,-1.362398261,0.351109166,0.301307908,-0.177007532,-0.047813472,0.204704183,0.008319595,0.631430927,1.207902821
26.41,5.807213799,-1.052151701,-1.361191947,0.348882031,0.305313644,-0.239892302,-0.049911758,0.205890801,-0.060843804,0.637326693,1.207468879
26.42,5.810601633,-1.048973885,-1.363670512,0.348167012,0.306189872,-0.24046135,-0.050109833,0.204805774,-0.060807666,0.640228865,1.207474156
26.43,5.813989466,-1.045796069,-1.366149078,0.347451993,0.307066101,-0.241030397,-0.050307907,0.203720747,-0.060771528,0.643131038,1.207479434
26.44,5.817377299,-1.042618253,-1.368627643,0.346736974,0.307942329,-0.241599444,-0.050505982,0.20263572,-0.06073539,0.64603321,1.207484712
26.45,5.820765132,-1.039440437,-1.371106208,0.346021954,0.308818557,-0.242168492,-0.050704057,0.201550692,-0.060699252,0.648935382,1.20748999
26.46,5.824152965,-1.036262621,-1.373584774,0.345306935,0.309694786,-0.242737539,-0.050902132,0.200465665,-0.060663114,0.651837555,1.207495268
26.47,5.827540798,-1.033084805,-1.376063339,0.344591916,0.310571014,-0.243306587,-0.051100207,0.199380638,-0.060626975,0.654739727,1.207500546
26.48,5.830928631,-1.029906989,-1.378541905,0.343876897,0.311447243,-0.243875634,-0.051298282,0.198295611,-0.060590837,0.657641899,1.207505824
26.49,5.834316464,-1.026729173,-1.38102047,0.343161878,0.312323471,-0.244444682,-0.051496357,0.197210584,-0.060554699,0.660544072,1.207511101
26.5,5.838360226,-1.024308877,-1.383580914,0.341237197,0.31551695,-0.258033567,-0.053102168,0.19735778,-0.07350226,0.666675006,1.207632132
26.51,5.841682467,-1.021055309,-1.386051291,0.340643144,0.316161454,-0.257300631,-0.053159469,0.196149531,-0.072167752,0.669254302,1.207625835
26.52,5.845004707,-1.017801741,-1.388521669,0.340049091,0.316805957,-0.256567694,-0.05321677,0.194941281,-0.070833244,0.671833598,1.207619537
26.53,5.848326947,-1.014548173,-1.390992046,0.339455038,0.31745046,-0.255834758,-0.053274071,0.193733032,-0.069498736,0.674412894,1.20761324
26.54,5.851649187,-1.011294605,-1.393462424,0.338860985,0.318094963,-0.255101822,-0.053331373,0.192524782,-0.068164228,0.67699219,1.207606942
26.55,5.854971428,-1.008041037,-1.395932801,0.338266932,0.318739467,-0.254368886,-0.053388674,0.191316532,-0.06682972,0.679571487,1.207600645
26.56,5.858293668,-1.004787469,-1.398403179,0.337672879,0.31938397,-0.253635949,-0.053445975,0.190108283,-0.065495212,0.682150783,1.207594348
26.57,5.861615908,-1.001533901,-1.400873557,0.337078826,0.320028473,-0.252903013,-0.053503276,0.188900033,-0.064160704,0.684730079,1.20758805
26.58,5.864938148,-0.998280333,-1.403343934,0.336484773,0.320672977,-0.252170077,-0.053560578,0.187691784,-0.062826196,0.687309375,1.207581753
26.59,5.868260389,-0.995026764,-1.405814312,0.33589072,0.32131748,-0.251437141,-0.053617879,0.186483534,-0.061491688,0.689888671,1.207575455
26.6,5.871582629,-0.991773196,-1.408284689,0.335296667,0.321961983,-0.250704204,-0.05367518,0.185275285,-0.06015718,0.692467968,1.207569158
26.61,5.875375259,-0.989004435,-1.412591823,0.333408048,0.324459945,-0.273514595,-0.055078619,0.184833069,-0.081164941,0.698788423,1.225832473
26.62,5.878645234,-0.985697,-1.414858117,0.332957835,0.324898508,-0.270165733,-0.054986349,0.183539704,-0.077347959,0.700952035,1.223796218
26.63,5.881915209,-0.982389564,-1.41712441,0.332507623,0.325337072,-0.266816872,-0.054894079,0.18224634,-0.073530977,0.703115647,1.221759964
26.64,5.885185183,-0.979082129,-1.419390704,0.332057411,0.325775635,-0.263468011,-0.05480181,0.180952976,-0.069713994,0.705279259,1.21972371
26.65,5.888455158,-0.975774693,-1.421656997,0.331607198,0.326214199,-0.260119149,-0.05470954,0.179659611,-0.065897012,0.707442871,1.217687455
26.66,5.891725133,-0.972467258,-1.423923291,0.331156986,0.326652762,-0.256770288,-0.054617271,0.178366247,-0.062080029,0.709606482,1.215651201
26.67,5.894995107,-0.969159822,-1.426189584,0.330706774,0.327091326,-0.253421426,-0.054525001,0.177072882,-0.058263047,0.711770094,1.213614947
26.68,5.898265082,-0.965852387,-1.428455878,0.330256561,0.327529889,-0.250072565,-0.054432731,0.175779518,-0.054446064,0.713933706,1.211578692
26.69,5.901535057,-0.962544951,-1.430722172,0.329806349,0.327968453,-0.246723703,-0.054340462,0.174486154,-0.050629082,0.716097318,1.209542438
26.7,5.905195723,-0.95959874,-1.435528256,0.328183393,0.329897013,-0.227194415,-0.055328667,0.173389422,-0.02681469,0.722807877,1.219028853
26.71,5.908426628,-0.956255182,-1.437540571,0.327850455,0.330186577,-0.225463596,-0.05512835,0.172076394,-0.024997448,0.724516794,1.215840332
26.72,5.911657534,-0.952911624,-1.439552885,0.327517517,0.330476141,-0.223732777,-0.054928033,0.170763366,-0.023180207,0.726225711,1.21265181
26.73,5.914888439,-0.949568066,-1.4415652,0.327184579,0.330765705,-0.222001958,-0.054727716,0.169450339,-0.021362965,0.727934628,1.209463289
26.74,5.918119345,-0.946224508,-1.443577514,0.326851641,0.331055268,-0.22027114,-0.054527399,0.168137311,-0.019545724,0.729643545,1.206274768
26.75,5.92135025,-0.94288095,-1.445589829,0.326518703,0.331344832,-0.218540321,-0.054327081,0.166824284,-0.017728482,0.731352462,1.203086246
26.76,5.924581156,-0.939537392,-1.447602143,0.326185765,0.331634396,-0.216809502,-0.054126764,0.165511256,-0.015911241,0.733061379,1.199897725
26.77,5.927812062,-0.936193834,-1.449614457,0.325852827,0.33192396,-0.215078683,-0.053926447,0.164198228,-0.014093999,0.734770297,1.196709204
26.78,5.931042967,-0.932850276,-1.451626772,0.325519889,0.332213524,-0.213347864,-0.05372613,0.162885201,-0.012276758,0.736479214,1.193520683
26.79,5.934273873,-0.929506718,-1.453639086,0.325186951,0.332503088,-0.211617046,-0.053525813,0.161572173,-0.010459516,0.738188131,1.190332161
26.8,5.937781064,-0.926389218,-1.457305172,0.323746526,0.334009209,-0.208345957,-0.054232666,0.160162675,-0.005284763,0.744194193,1.84183167
26.81,5.940984341,-0.923023054,-1.45915211,0.323524337,0.334177117,-0.206769165,-0.053941632,0.158859294,-0.003803273,0.745473396,1.773174346
26.82,5.944187618,-0.91965689,-1.460999047,0.323302148,0.334345025,-0.205192373,-0.053650598,0.157555914,-0.002321782,0.746752598,1.704517022
26.83,5.947390895,-0.916290727,-1.462845984,0.323079959,0.334512933,-0.203615581,-0.053359564,0.156252533,-0.000840292,0.748031801,1.635859697
26.84,5.950594172,-0.912924563,-1.464692921,0.322857769,0.334680841,-0.20203879,-0.05306853,0.154949153,0.000641199,0.749311003,1.567202373
26.85,5.953797449,-0.909558399,-1.466539859,0.32263558,0.334848749,-0.200461998,-0.052777496,0.153645772,0.002122689,0.750590206,1.498545049
26.86,5.957000726,-0.906192236,-1.468386796,0.322413391,0.335016657,-0.198885206,-0.052486462,0.152342392,0.003604179,0.751869408,1.429887724
26.87,5.960204003,-0.902826072,-1.470233733,0.322191202,0.335184565,-0.197308414,-0.052195428,0.151039011,0.00508567,0.753148611,1.3612304
26.88,5.96340728,-0.899459908,-1.47208067,0.321969012,0.335352473,-0.195731623,-0.051904394,0.14973563,0.00656716,0.754427813,1.292573076
26.89,5.966610557,-0.896093745,-1.473927608,0.321746823,0.335520382,-0.194154831,-0.05161336,0.14843225,0.00804865,0.755707015,1.223915752
26.9,5.969813834,-0.892727581,-1.475774545,0.321524634,0.33568829,-0.192578039,-0.051322326,0.147128869,0.009530141,0.756986218,1.155258427
26.91,5.97317338,-0.88946897,-1.479020333,0.320455607,0.336688329,-0.190596386,-0.051616199,0.145484578,0.012749834,0.761642195,0.677039572
26.92,5.976359293,-0.886090856,-1.480711843,0.320327511,0.336763778,-0.189064579,-0.051260175,0.144219076,0.01403819,0.7625462,0.653889084
26.93,5.979545207,-0.882712742,-1.482403352,0.320199415,0.336839227,-0.187532772,-0.050904151,0.142953574,0.015326547,0.763450205,0.630738597
26.94,5.982731121,-0.879334628,-1.484094861,0.320071319,0.336914677,-0.186000964,-0.050548128,0.141688073,0.016614904,0.764354211,0.607588109
26.95,5.985917035,-0.875956514,-1.485786371,0.319943223,0.336990126,-0.184469157,-0.050192104,0.140422571,0.017903261,0.765258216,0.584437622
26.96,5.989102949,-0.8725784,-1.48747788,0.319815126,0.337065575,-0.18293735,-0.04983608,0.13915707,0.019191617,0.766162221,0.561287134
26.97,5.992288863,-0.869200286,-1.48916939,0.31968703,0.337141024,-0.181405543,-0.049480057,0.137891568,0.020479974,0.767066226,0.538136647
26.98,5.995474776,-0.865822172,-1.490860899,0.319558934,0.337216473,-0.179873736,-0.049124033,0.136626067,0.021768331,0.767970232,0.514986159
26.99,5.99866069,-0.862444058,-1.492552408,0.319430838,0.337291922,-0.178341929,-0.048768009,0.135360565,0.023056688,0.768874237,0.491835672
27,6.00193536,-0.859104745,-1.495711084,0.318547509,0.338068724,-0.175517525,-0.048811194,0.133530915,0.026925997,0.772903512,0.315282714
27.01,6.005112398,-0.85572275,-1.497255876,0.318494937,0.338074038,-0.174114978,-0.04841525,0.132321829,0.027956259,0.77349499,0.307472473
27.02,6.008289436,-0.852340756,-1.498800669,0.318442364,0.338079352,-0.17271243,-0.048019305,0.131112742,0.02898652,0.774086469,0.299662233
27.03,6.011466475,-0.848958762,-1.500345462,0.318389791,0.338084666,-0.171309882,-0.047623361,0.129903655,0.030016782,0.774677947,0.291851992
27.04,6.014643513,-0.845576768,-1.501890255,0.318337218,0.338089979,-0.169907335,-0.047227416,0.128694568,0.031047043,0.775269425,0.284041752
27.05,6.017820551,-0.842194774,-1.503435048,0.318284645,0.338095293,-0.168504787,-0.046831472,0.127485482,0.032077305,0.775860904,0.276231511
27.06,6.020997589,-0.83881278,-1.50497984,0.318232072,0.338100607,-0.16710224,-0.046435527,0.126276395,0.033107566,0.776452382,0.26842127
27.07,6.024174628,-0.835430786,-1.506524633,0.318179499,0.338105921,-0.165699692,-0.046039582,0.125067308,0.034137827,0.77704386,0.26061103
27.08,6.027351666,-0.832048792,-1.508069426,0.318126926,0.338111234,-0.164297145,-0.045643638,0.123858221,0.035168089,0.777635338,0.252800789
27.09,6.030528704,-0.828666798,-1.509614219,0.318074353,0.338116548,-0.162894597,-0.045247693,0.122649135,0.03619835,0.778226817,0.244990549
27.1,6.033705743,-0.825284804,-1.511159012,0.31802178,0.338121862,-0.16149205,-0.044851749,0.121440048,0.037228612,0.778818295,0.237180308
27.11,6.036903323,-0.821882322,-1.513945525,0.317463891,0.338611527,-0.159678163,-0.04460477,0.119627134,0.039597448,0.781620914,0.182815483
27.12,6.040078079,-0.818502604,-1.515352349,0.317467464,0.338563024,-0.158321319,-0.044192274,0.118485139,0.040478979,0.78196671,0.180177974
27.13,6.043252835,-0.815122887,-1.516759173,0.317471038,0.338514521,-0.156964476,-0.043779777,0.117343145,0.04136051,0.782312506,0.177540465
27.14,6.046427591,-0.811743169,-1.518165997,0.317474611,0.338466017,-0.155607633,-0.043367281,0.11620115,0.042242041,0.782658301,0.174902957
27.15,6.049602347,-0.808363452,-1.51957282,0.317478184,0.338417514,-0.15425079,-0.042954785,0.115059155,0.043123571,0.783004097,0.172265448
27.16,6.052777102,-0.804983734,-1.520979644,0.317481758,0.338369011,-0.152893947,-0.042542289,0.11391716,0.044005102,0.783349893,0.169627939
27.17,6.055951858,-0.801604016,-1.522386468,0.317485331,0.338320508,-0.151537104,-0.042129792,0.112775165,0.044886633,0.783695689,0.16699043
27.18,6.059126614,-0.798224299,-1.523793292,0.317488904,0.338272005,-0.15018026,-0.041717296,0.11163317,0.045768164,0.784041485,0.164352921
27.19,6.06230137,-0.794844581,-1.525200116,0.317492477,0.338223502,-0.148823417,-0.0413048,0.110491175,0.046649695,0.784387281,0.161715412
27.2,6.065452986,-0.791394644,-1.528029984,0.317138432,0.338593327,-0.148790646,-0.040837426,0.108625514,0.047088685,0.786543526,0.1818673
27.21,6.068630056,-0.788021948,-1.529294504,0.317177767,0.338502991,-0.147301395,-0.040430417,0.107555886,0.04801447,0.786708277,0.176950851
27.22,6.071807125,-0.784649252,-1.530559023,0.317217102,0.338412655,-0.145812145,-0.040023409,0.106486257,0.048940255,0.786873028,0.172034403
27.23,6.074984195,-0.781276557,-1.531823542,0.317256437,0.33832232,-0.144322895,-0.0396164,0.105416629,0.04986604,0.787037779,0.167117954
27.24,6.078161265,-0.777903861,-1.533088062,0.317295772,0.338231984,-0.142833644,-0.039209392,0.104347001,0.050791825,0.787202531,0.162201506
27.25,6.081338335,-0.774531166,-1.534352581,0.317335108,0.338141648,-0.141344394,-0.038802383,0.103277373,0.05171761,0.787367282,0.157285057
27.26,6.084515404,-0.77115847,-1.5356171,0.317374443,0.338051312,-0.139855144,-0.038395375,0.102207745,0.052643395,0.787532033,0.152368608
27.27,6.087692474,-0.767785774,-1.536881619,0.317413778,0.337960976,-0.138365893,-0.037988366,0.101138116,0.05356918,0.787696784,0.14745216
27.28,6.090869544,-0.764413079,-1.538146139,0.317453113,0.33787064,-0.136876643,-0.037581358,0.100068488,0.054494965,0.787861535,0.142535711
27.29,6.094046613,-0.761040383,-1.539410658,0.317492448,0.337780304,-0.135387393,-0.037174349,0.09899886,0.05542075,0.788026286,0.137619262
27.3,6.097174667,-0.757559485,-1.541989641,0.317371676,0.338037187,-0.130402417,-0.036520439,0.097206822,0.060768045,0.789410542,0.138858585
27.31,6.100356639,-0.75419761,-1.543122714,0.317427022,0.337912129,-0.12926274,-0.036138121,0.096209435,0.061251679,0.789453343,0.133326559
27.32,6.10353861,-0.750835735,-1.544255787,0.317482368,0.337787071,-0.128123062,-0.035755802,0.095212047,0.061735313,0.789496143,0.127794534
27.33,6.106720581,-0.747473859,-1.54538886,0.317537714,0.337662014,-0.126983384,-0.035373484,0.09421466,0.062218947,0.789538944,0.122262508
27.34,6.109902553,-0.744111984,-1.546521933,0.317593059,0.337536956,-0.125843706,-0.034991166,0.093217273,0.062702581,0.789581745,0.116730482
27.35,6.113084524,-0.740750109,-1.547655006,0.317648405,0.337411898,-0.124704028,-0.034608847,0.092219886,0.063186215,0.789624545,0.111198456
27.36,6.116266495,-0.737388233,-1.548788079,0.317703751,0.33728684,-0.12356435,-0.034226529,0.091222499,0.063669849,0.789667346,0.105666431
27.37,6.119448466,-0.734026358,-1.549921152,0.317759097,0.337161783,-0.122424672,-0.03384421,0.090225111,0.064153483,0.789710147,0.100134405
27.38,6.122630438,-0.730664483,-1.551054224,0.317814443,0.337036725,-0.121284995,-0.033461892,0.089227724,0.064637117,0.789752947,0.094602379
27.39,6.125812409,-0.727302607,-1.552187297,0.317869789,0.336911667,-0.120145317,-0.033079573,0.088230337,0.065120751,0.789795748,0.089070353
27.4,6.12899438,-0.723940732,-1.55332037,0.317925135,0.336786609,-0.119005639,-0.032697255,0.08723295,0.065604385,0.789838549,0.083538328
27.41,6.132127048,-0.720452724,-1.555398368,0.31802175,0.336927111,-0.116250248,-0.03192958,0.085603473,0.068139002,0.790465158,-0.663944106
27.42,6.135314498,-0.717104864,-1.556426449,0.318072511,0.336772547,-0.115290094,-0.031590079,0.084676318,0.068394749,0.790443091,-0.587037198
27.43,6.138501947,-0.713757003,-1.55745453,0.318123271,0.336617982,-0.11432994,-0.031250578,0.083749163,0.068650496,0.790421024,-0.510130289
27.44,6.141689397,-0.710409142,-1.558482612,0.318174031,0.336463418,-0.113369786,-0.030911077,0.082822008,0.068906243,0.790398957,-0.433223381
27.45,6.144876846,-0.707061282,-1.559510693,0.318224792,0.336308854,-0.112409631,-0.030571576,0.081894853,0.06916199,0.79037689,-0.356316472
27.46,6.148064295,-0.703713421,-1.560538774,0.318275552,0.336154289,-0.111449477,-0.030232075,0.080967698,0.069417737,0.790354823,-0.279409564
27.47,6.151251745,-0.700365561,-1.561566855,0.318326312,0.335999725,-0.110489323,-0.029892574,0.080040543,0.069673484,0.790332756,-0.202502655
27.48,6.154439194,-0.6970177,-1.562594936,0.318377073,0.335845161,-0.109529169,-0.029553073,0.079113388,0.069929231,0.79031069,-0.125595747
27.49,6.157626644,-0.693669839,-1.563623018,0.318427833,0.335690596,-0.108569015,-0.029213572,0.078186232,0.070184978,0.790288623,-0.048688838
27.5,6.160774194,-0.69015421,-1.565697326,0.318727242,0.335797969,-0.109330338,-0.028285921,0.076593859,0.068974995,0.79040808,0.558234037
27.51,6.163965634,-0.686823127,-1.566620785,0.318753137,0.335617211,-0.108198036,-0.028005235,0.075733226,0.069377315,0.790371861,0.582139349
27.52,6.167157073,-0.683492043,-1.567544243,0.318779033,0.335436453,-0.107065734,-0.027724549,0.074872592,0.069779635,0.790335641,0.606044661
27.53,6.170348512,-0.680160959,-1.568467702,0.318804928,0.335255695,-0.105933432,-0.027443863,0.074011959,0.070181955,0.790299422,0.629949972
27.54,6.173539952,-0.676829875,-1.56939116,0.318830824,0.335074937,-0.10480113,-0.027163177,0.073151326,0.070584275,0.790263203,0.653855284
27.55,6.176731391,-0.673498792,-1.570314619,0.318856719,0.334894179,-0.103668828,-0.026882491,0.072290693,0.070986595,0.790226983,0.677760596
27.56,6.17992283,-0.670167708,-1.571238077,0.318882615,0.334713421,-0.102536526,-0.026601805,0.07143006,0.071388915,0.790190764,0.701665908
27.57,6.18311427,-0.666836624,-1.572161535,0.31890851,0.334532663,-0.101404224,-0.026321119,0.070569426,0.071791235,0.790154545,0.725571219
27.58,6.186305709,-0.66350554,-1.573084994,0.318934405,0.334351905,-0.100271922,-0.026040433,0.069708793,0.072193555,0.790118325,0.749476531
27.59,6.189497148,-0.660174456,-1.574008452,0.318960301,0.334171147,-0.09913962,-0.025759747,0.06884816,0.072595875,0.790082106,0.773381843
27.6,6.192688588,-0.656843373,-1.574931911,0.318986196,0.333990389,-0.098007318,-0.025479061,0.067987527,0.072998195,0.790045887,0.797287155
27.61,6.195874444,-0.653337955,-1.577002207,0.319390168,0.334045042,-0.099430377,-0.024567681,0.066587734,0.071207242,0.789765506,0.897987549
27.62,6.199066504,-0.650026241,-1.577798239,0.319374055,0.333838127,-0.098014146,-0.024357072,0.065787007,0.071853259,0.789756415,0.913360074
27.63,6.202258563,-0.646714528,-1.578594271,0.319357942,0.333631212,-0.096597915,-0.024146463,0.064986281,0.072499276,0.789747325,0.928732598
27.64,6.205450623,-0.643402815,-1.579390303,0.319341829,0.333424298,-0.095181684,-0.023935854,0.064185554,0.073145293,0.789738235,0.944105123
27.65,6.208642683,-0.640091101,-1.580186335,0.319325716,0.333217383,-0.093765453,-0.023725245,0.063384828,0.07379131,0.789729145,0.959477648
27.66,6.211834743,-0.636779388,-1.580982367,0.319309603,0.333010468,-0.092349223,-0.023514636,0.062584101,0.074437327,0.789720055,0.974850173
27.67,6.215026802,-0.633467675,-1.581778399,0.31929349,0.332803554,-0.090932992,-0.023304027,0.061783374,0.075083344,0.789710964,0.990222698
27.68,6.218218862,-0.630155962,-1.582574431,0.319277377,0.332596639,-0.089516761,-0.023093418,0.060982648,0.075729361,0.789701874,1.005595223
27.69,6.221410922,-0.626844248,-1.583370463,0.319261264,0.332389725,-0.08810053,-0.022882809,0.060181921,0.076375378,0.789692784,1.020967747
27.7,6.224646398,-0.623311013,-1.585468297,0.319815048,0.332479907,-0.084395814,-0.021891694,0.058877565,0.079955896,0.789099971,1.342068551
27.71,6.227834116,-0.620021452,-1.586134149,0.319741946,0.332243282,-0.083208432,-0.021759135,0.058127201,0.080308463,0.789149253,1.326868248
27.72,6.231021834,-0.616731891,-1.5868,0.319668843,0.332006658,-0.082021049,-0.021626577,0.057376838,0.08066103,0.789198535,1.311667945
27.73,6.234209552,-0.613442329,-1.587465852,0.31959574,0.331770034,-0.080833667,-0.021494019,0.056626474,0.081013597,0.789247818,1.296467642
27.74,6.23739727,-0.610152768,-1.588131704,0.319522637,0.33153341,-0.079646284,-0.021361461,0.055876111,0.081366164,0.7892971,1.281267339
27.75,6.240584988,-0.606863207,-1.588797556,0.319449534,0.331296785,-0.078458902,-0.021228902,0.055125747,0.081718731,0.789346382,1.266067036
27.76,6.243772706,-0.603573646,-1.589463408,0.319376431,0.331060161,-0.077271519,-0.021096344,0.054375383,0.082071297,0.789395664,1.250866733
27.77,6.246960424,-0.600284085,-1.590129259,0.319303328,0.330823537,-0.076084137,-0.020963786,0.05362502,0.082423864,0.789444946,1.23566643
27.78,6.250148142,-0.596994524,-1.590795111,0.319230226,0.330586912,-0.074896754,-0.020831228,0.052874656,0.082776431,0.789494228,1.220466127
27.79,6.25333586,-0.593704963,-1.591460963,0.319157123,0.330350288,-0.073709372,-0.020698669,0.052124293,0.083128998,0.78954351,1.205265824
27.8,6.256631069,-0.590162467,-1.593149243,0.319793264,0.330445613,-0.069223043,-0.019724309,0.050955515,0.087133078,0.788778317,0.996069994
27.81,6.259808038,-0.586898199,-1.593712852,0.319649237,0.330175794,-0.068365555,-0.019675931,0.050246993,0.087120494,0.788909047,1.000269243
27.82,6.262985007,-0.583633932,-1.594276461,0.319505209,0.329905975,-0.067508067,-0.019627553,0.049538471,0.087107909,0.789039776,1.004468493
27.83,6.266161975,-0.580369664,-1.59484007,0.319361182,0.329636156,-0.066650579,-0.019579175,0.048829949,0.087095325,0.789170506,1.008667743
27.84,6.269338944,-0.577105396,-1.595403679,0.319217155,0.329366336,-0.065793091,-0.019530797,0.048121426,0.08708274,0.789301235,1.012866992
27.85,6.272515913,-0.573841129,-1.595967288,0.319073128,0.329096517,-0.064935603,-0.019482419,0.047412904,0.087070156,0.789431965,1.017066242
27.86,6.275692882,-0.570576861,-1.596530897,0.3189291,0.328826698,-0.064078115,-0.019434041,0.046704382,0.087057571,0.789562694,1.021265491
27.87,6.278869851,-0.567312594,-1.597094506,0.318785073,0.328556878,-0.063220628,-0.019385663,0.04599586,0.087044987,0.789693423,1.025464741
27.88,6.28204682,-0.564048326,-1.597658115,0.318641046,0.328287059,-0.06236314,-0.019337285,0.045287337,0.087032403,0.789824153,1.029663991
27.89,6.285223789,-0.560784059,-1.598221724,0.318497019,0.32801724,-0.061505652,-0.019288906,0.044578815,0.087019818,0.789954882,1.03386324
27.9,6.288400758,-0.557519791,-1.598785333,0.318352991,0.327747421,-0.060648164,-0.019240528,0.043870293,0.087007234,0.790085612,1.03806249
27.91,6.291742923,-0.553996051,-1.600083553,0.318921265,0.327828118,-0.059048281,-0.018436309,0.042874618,0.087725718,0.791447351,0.787246744
27.92,6.294901537,-0.550760614,-1.600565538,0.318698094,0.327519353,-0.058273282,-0.018471913,0.042198001,0.087631904,0.791441302,0.819780993
27.93,6.298060151,-0.547525177,-1.601047524,0.318474922,0.327210587,-0.057498282,-0.018507518,0.041521385,0.087538089,0.791435252,0.852315242
27.94,6.301218765,-0.54428974,-1.601529509,0.31825175,0.326901821,-0.056723283,-0.018543122,0.040844769,0.087444275,0.791429203,0.884849491
27.95,6.304377378,-0.541054302,-1.602011495,0.318028578,0.326593056,-0.055948283,-0.018578726,0.040168152,0.087350461,0.791423154,0.91738374
27.96,6.307535992,-0.537818865,-1.60249348,0.317805406,0.32628429,-0.055173283,-0.018614331,0.039491536,0.087256646,0.791417104,0.949917989
27.97,6.310694606,-0.534583428,-1.602975466,0.317582234,0.325975524,-0.054398284,-0.018649935,0.03881492,0.087162832,0.791411055,0.982452239
27.98,6.313853219,-0.53134799,-1.603457451,0.317359062,0.325666759,-0.053623284,-0.01868554,0.038138303,0.087069018,0.791405005,1.014986488
27.99,6.317011833,-0.528112553,-1.603939437,0.317135891,0.325357993,-0.052848285,-0.018721144,0.037461687,0.086975203,0.791398956,1.047520737
28,6.320432315,-0.524542902,-1.605143496,0.31770121,0.325570267,-0.051015004,-0.018003862,0.036629494,0.087845855,0.795422626,1.515824435
28.01,6.323564742,-0.521340886,-1.605553275,0.317399189,0.325209397,-0.050345833,-0.018114755,0.035968435,0.087655594,0.795013605,1.50478174
28.02,6.326697169,-0.51813887,-1.605963053,0.317097168,0.324848528,-0.049676661,-0.018225648,0.035307376,0.087465334,0.794604583,1.493739044
28.03,6.329829596,-0.514936854,-1.606372831,0.316795147,0.324487658,-0.04900749,-0.018336541,0.034646318,0.087275073,0.794195562,1.482696348
28.04,6.332962023,-0.511734838,-1.606782609,0.316493126,0.324126789,-0.048338318,-0.018447434,0.033985259,0.087084812,0.793786541,1.471653652
28.05,6.33609445,-0.508532822,-1.607192387,0.316191105,0.323765919,-0.047669147,-0.018558327,0.033324201,0.086894551,0.793377519,1.460610956
28.06,6.339226877,-0.505330807,-1.607602166,0.315889084,0.32340505,-0.046999975,-0.01866922,0.032663142,0.08670429,0.792968498,1.449568261
28.07,6.342359303,-0.502128791,-1.608011944,0.315587063,0.32304418,-0.046330804,-0.018780113,0.032002083,0.086514029,0.792559477,1.438525565
28.08,6.34549173,-0.498926775,-1.608421722,0.315285042,0.32268331,-0.045661632,-0.018891006,0.031341025,0.086323768,0.792150455,1.427482869
28.09,6.348624157,-0.495724759,-1.6088315,0.314983021,0.322322441,-0.044992461,-0.019001899,0.030679966,0.086133507,0.791741434,1.416440173
28.1,6.351756584,-0.492522743,-1.609241278,0.314681,0.321961571,-0.044323289,-0.019112792,0.030018907,0.085943246,0.791332412,1.405397477
28.11,6.355202084,-0.488973331,-1.610456744,0.315227044,0.322051181,-0.047723028,-0.018475424,0.029213376,0.08151284,0.794901435,1.130398726
28.12,6.358299725,-0.485809915,-1.610777001,0.314830794,0.321640259,-0.046601755,-0.018669457,0.02856837,0.081793707,0.794050408,1.148684481
28.13,6.361397366,-0.482646498,-1.611097258,0.314434543,0.321229336,-0.045480482,-0.01886349,0.027923364,0.082074573,0.793199382,1.166970236
28.14,6.364495007,-0.479483082,-1.611417516,0.314038293,0.320818413,-0.04435921,-0.019057523,0.027278357,0.082355439,0.792348356,1.18525599
28.15,6.367592648,-0.476319666,-1.611737773,0.313642043,0.32040749,-0.043237937,-0.019251556,0.026633351,0.082636305,0.79149733,1.203541745
28.16,6.370690289,-0.473156249,-1.612058031,0.313245792,0.319996567,-0.042116665,-0.01944559,0.025988345,0.082917171,0.790646304,1.2218275
28.17,6.37378793,-0.469992833,-1.612378288,0.312849542,0.319585644,-0.040995392,-0.019639623,0.025343339,0.083198038,0.789795277,1.240113255
28.18,6.376885571,-0.466829417,-1.612698545,0.312453291,0.319174722,-0.03987412,-0.019833656,0.024698333,0.083478904,0.788944251,1.25839901
28.19,6.379983212,-0.463666001,-1.613018803,0.312057041,0.318763799,-0.038752847,-0.020027689,0.024053327,0.08375977,0.788093225,1.276684764
28.2,6.383528411,-0.460064842,-1.614425309,0.312688909,0.318895852,-0.036931366,-0.019387637,0.023306291,0.08502171,0.79148865,1.416194382
28.21,6.386581297,-0.4569452,-1.614636942,0.312189847,0.318430631,-0.035880115,-0.019665079,0.022671488,0.085204469,0.790212978,1.422357751
28.22,6.389634182,-0.453825558,-1.614848574,0.311690785,0.317965411,-0.034828863,-0.01994252,0.022036685,0.085387228,0.788937307,1.428521119
28.23,6.392687067,-0.450705916,-1.615060207,0.311191722,0.317500191,-0.033777611,-0.020219962,0.021401882,0.085569987,0.787661636,1.434684488
28.24,6.395739952,-0.447586274,-1.615271839,0.31069266,0.31703497,-0.032726359,-0.020497404,0.020767079,0.085752746,0.786385965,1.440847856
28.25,6.398792837,-0.444466632,-1.615483472,0.310193598,0.31656975,-0.031675108,-0.020774846,0.020132276,0.085935504,0.785110293,1.447011225
28.26,6.401845723,-0.44134699,-1.615695104,0.309694536,0.316104529,-0.030623856,-0.021052287,0.019497473,0.086118263,0.783834622,1.453174593
28.27,6.404898608,-0.438227348,-1.615906737,0.309195473,0.315639309,-0.029572604,-0.021329729,0.01886267,0.086301022,0.782558951,1.459337962
28.28,6.407951493,-0.435107706,-1.616118369,0.308696411,0.315174089,-0.028521352,-0.021607171,0.018227867,0.086483781,0.781283279,1.465501331
28.29,6.411004378,-0.431988064,-1.616330002,0.308197349,0.314708868,-0.027470101,-0.021884612,0.017593064,0.086666539,0.780007608,1.471664699
28.3,6.414608022,-0.428374029,-1.617484589,0.30872929,0.314832638,-0.024253144,-0.021408493,0.016912448,0.089197762,0.782524507,1.51868826
28.31,6.417605831,-0.425303827,-1.617601926,0.308127127,0.314308518,-0.023418463,-0.021761291,0.016282226,0.089145674,0.780869578,1.520765609
28.32,6.420603641,-0.422233624,-1.617719263,0.307524965,0.313784399,-0.022583781,-0.022114088,0.015652005,0.089093587,0.77921465,1.522842958
28.33,6.42360145,-0.419163421,-1.6178366,0.306922802,0.31326028,-0.0217491,-0.022466886,0.015021783,0.089041499,0.777559722,1.524920308
28.34,6.426599259,-0.416093218,-1.617953937,0.30632064,0.31273616,-0.020914419,-0.022819684,0.014391561,0.088989412,0.775904794,1.526997657
28.35,6.429597068,-0.413023016,-1.618071274,0.305718477,0.312212041,-0.020079738,-0.023172482,0.013761339,0.088937324,0.774249865,1.529075006
28.36,6.432594878,-0.409952813,-1.618188611,0.305116315,0.311687921,-0.019245056,-0.02352528,0.013131118,0.088885236,0.772594937,1.531152356
28.37,6.435592687,-0.40688261,-1.618305948,0.304514152,0.311163802,-0.018410375,-0.023878077,0.012500896,0.088833149,0.770940009,1.533229705
28.38,6.438590496,-0.403812407,-1.618423285,0.30391199,0.310639683,-0.017575694,-0.024230875,0.011870674,0.088781061,0.769285081,1.535307054
28.39,6.441588306,-0.400742205,-1.618540623,0.303309827,0.310115563,-0.016741012,-0.024583673,0.011240453,0.088728974,0.767630152,1.537384404
28.4,6.444586115,-0.397672002,-1.61865796,0.302707665,0.309591444,-0.015906331,-0.024936471,0.010610231,0.088676886,0.765975224,1.539461753
28.41,6.448170518,-0.394105356,-1.619684288,0.303008698,0.309537641,-0.01822735,-0.024703591,0.009883126,0.08542222,0.763551381,1.664477445
28.42,6.451103151,-0.391090314,-1.619700626,0.30230618,0.308961264,-0.017042035,-0.025121464,0.009263669,0.085725974,0.761981888,1.652894978
28.43,6.454035783,-0.388075271,-1.619716964,0.301603662,0.308384887,-0.015856721,-0.025539337,0.008644212,0.086029729,0.760412394,1.641312512
28.44,6.456968415,-0.385060229,-1.619733302,0.300901145,0.307808511,-0.014671406,-0.02595721,0.008024755,0.086333483,0.758842901,1.629730045
28.45,6.459901047,-0.382045187,-1.61974964,0.300198627,0.307232134,-0.013486092,-0.026375083,0.007405298,0.086637238,0.757273408,1.618147579
28.46,6.462833679,-0.379030144,-1.619765978,0.29949611,0.306655757,-0.012300777,-0.026792956,0.006785841,0.086940992,0.755703915,1.606565112
28.47,6.465766312,-0.376015102,-1.619782317,0.298793592,0.30607938,-0.011115462,-0.02721083,0.006166384,0.087244747,0.754134421,1.594982646
28.48,6.468698944,-0.373000059,-1.619798655,0.298091075,0.305503003,-0.009930148,-0.027628703,0.005546928,0.087548501,0.752564928,1.583400179
28.49,6.471631576,-0.369985017,-1.619814993,0.297388557,0.304926626,-0.008744833,-0.028046576,0.004927471,0.087852256,0.750995435,1.571817713
28.5,6.475326456,-0.366374038,-1.620565641,0.297898145,0.304703971,0.001460432,-0.027670216,0.004042278,0.097479715,0.744189999,1.360633433
28.51,6.478182863,-0.363418589,-1.620508548,0.297074417,0.304092222,0.001743752,-0.028167513,0.003449395,0.096851099,0.7431441,1.369011147
28.52,6.481039271,-0.360463141,-1.620451455,0.296250689,0.303480473,0.002027071,-0.028664809,0.002856511,0.096222483,0.742098201,1.377388862
28.53,6.483895678,-0.357507692,-1.620394362,0.295426961,0.302868724,0.002310391,-0.029162105,0.002263628,0.095593867,0.741052302,1.385766577
28.54,6.486752086,-0.354552243,-1.620337269,0.294603232,0.302256975,0.00259371,-0.029659402,0.001670745,0.094965251,0.740006403,1.394144292
28.55,6.489608493,-0.351596794,-1.620280176,0.293779504,0.301645226,0.00287703,-0.030156698,0.001077861,0.094336635,0.738960504,1.402522007
28.56,6.4924649,-0.348641346,-1.620223083,0.292955776,0.301033477,0.003160349,-0.030653994,0.000484978,0.093708019,0.737914605,1.410899721
28.57,6.495321308,-0.345685897,-1.62016599,0.292132048,0.300421728,0.003443669,-0.031151291,-0.000107906,0.093079403,0.736868706,1.419277436
28.58,6.498177715,-0.342730448,-1.620108898,0.29130832,0.299809979,0.003726989,-0.031648587,-0.000700789,0.092450787,0.735822807,1.427655151
28.59,6.501034123,-0.339774999,-1.620051805,0.290484592,0.29919823,0.004010308,-0.032145883,-0.001293673,0.091822171,0.734776908,1.436032866
28.6,6.50389053,-0.33681955,-1.619994712,0.289660864,0.298586481,0.004293628,-0.03264318,-0.001886556,0.091193555,0.733731009,1.444410581
28.61,6.507538797,-0.333307066,-1.620453498,0.289837747,0.298097346,-0.000640967,-0.032587431,-0.002890421,0.08478127,0.727972648,1.549145278
28.62,6.51030722,-0.33041351,-1.620339085,0.28890284,0.297471973,0.000222121,-0.033146177,-0.00343764,0.084795284,0.727450356,1.546816661
28.63,6.513075643,-0.327519954,-1.620224673,0.287967933,0.2968466,0.001085208,-0.033704922,-0.003984859,0.084809298,0.726928064,1.544488045
28.64,6.515844066,-0.324626398,-1.62011026,0.287033026,0.296221228,0.001948296,-0.034263668,-0.004532077,0.084823312,0.726405772,1.542159428
28.65,6.518612489,-0.321732843,-1.619995847,0.286098119,0.295595855,0.002811384,-0.034822414,-0.005079296,0.084837326,0.725883479,1.539830811
28.66,6.521380912,-0.318839287,-1.619881434,0.285163211,0.294970482,0.003674472,-0.03538116,-0.005626515,0.08485134,0.725361187,1.537502195
28.67,6.524149335,-0.315945731,-1.619767021,0.284228304,0.294345109,0.00453756,-0.035939905,-0.006173734,0.084865354,0.724838895,1.535173578
28.68,6.526917758,-0.313052175,-1.619652609,0.283293397,0.293719737,0.005400647,-0.036498651,-0.006720953,0.084879367,0.724316603,1.532844962
28.69,6.529686181,-0.310158619,-1.619538196,0.28235849,0.293094364,0.006263735,-0.037057397,-0.007268172,0.084893381,0.72379431,1.530516345
28.7,6.533378426,-0.306676944,-1.626690445,0.281210166,0.291651754,-0.12094452,-0.038388305,-0.009179846,-0.043149934,0.718035973,1.46119485
28.71,6.536054467,-0.3038422,-1.625849366,0.2802966,0.291108105,-0.107274298,-0.038869835,-0.00959062,-0.030330188,0.718037285,1.465565522
28.72,6.538730508,-0.301007456,-1.625008287,0.279383035,0.290564456,-0.093604076,-0.039351364,-0.010001393,-0.017510441,0.718038597,1.469936193
28.73,6.541406549,-0.298172712,-1.624167208,0.278469469,0.290020807,-0.079933854,-0.039832894,-0.010412166,-0.004690694,0.71803991,1.474306864
28.74,6.54408259,-0.295337968,-1.623326129,0.277555904,0.289477158,-0.066263632,-0.040314423,-0.01082294,0.008129053,0.718041222,1.478677535
28.75,6.546758631,-0.292503224,-1.62248505,0.276642338,0.288933509,-0.05259341,-0.040795953,-0.011233713,0.0209488,0.718042534,1.483048207
28.76,6.549434671,-0.28966848,-1.621643971,0.275728773,0.28838986,-0.038923188,-0.041277482,-0.011644486,0.033768546,0.718043846,1.487418878
28.77,6.552110712,-0.286833735,-1.620802892,0.274815207,0.28784621,-0.025252965,-0.041759012,-0.01205526,0.046588293,0.718045159,1.491789549
28.78,6.554786753,-0.283998991,-1.619961813,0.273901642,0.287302561,-0.011582743,-0.042240541,-0.012466033,0.05940804,0.718046471,1.49616022
28.79,6.557462794,-0.281164247,-1.619120734,0.272988076,0.286758912,0.002087479,-0.042722071,-0.012876806,0.072227787,0.718047783,1.500530892
28.8,6.561205829,-0.27776478,-1.624533758,0.275200389,0.286570958,0.164079436,-0.040559251,-0.013342658,0.246189016,0.712812979,1.533901258
28.81,6.56377517,-0.274986508,-1.623067269,0.273974236,0.285991739,0.162917485,-0.041305216,-0.013747924,0.242894614,0.713337903,1.535371959
28.82,6.566344512,-0.272208236,-1.62160078,0.272748083,0.28541252,0.161755533,-0.04205118,-0.014153189,0.239600213,0.713862827,1.536842661
28.83,6.568913853,-0.269429964,-1.62013429,0.271521929,0.284833302,0.160593582,-0.042797144,-0.014558455,0.236305811,0.714387751,1.538313363
28.84,6.571483195,-0.266651693,-1.618667801,0.270295776,0.284254083,0.159431631,-0.043543109,-0.01496372,0.23301141,0.714912675,1.539784065
28.85,6.574052536,-0.263873421,-1.617201312,0.269069623,0.283674865,0.158269679,-0.044289073,-0.015368986,0.229717008,0.715437599,1.541254766
28.86,6.576621877,-0.261095149,-1.615734822,0.267843469,0.283095646,0.157107728,-0.045035038,-0.015774251,0.226422607,0.715962523,1.542725468
28.87,6.579191219,-0.258316877,-1.614268333,0.266617316,0.282516427,0.155945776,-0.045781002,-0.016179517,0.223128206,0.716487447,1.54419617
28.88,6.58176056,-0.255538605,-1.612801844,0.265391163,0.281937209,0.154783825,-0.046526966,-0.016584782,0.219833804,0.717012371,1.545666872
28.89,6.584329902,-0.252760334,-1.611335354,0.264165009,0.28135799,0.153621874,-0.047272931,-0.016990047,0.216539403,0.717537295,1.547137574
28.9,6.586899243,-0.249982062,-1.609868865,0.262938856,0.280778772,0.152459922,-0.048018895,-0.017395313,0.213245001,0.718062219,1.548608275
28.91,6.59063871,-0.246706317,-1.607130268,0.263003078,0.279776948,0.155824912,-0.048145852,-0.018587923,0.21151258,0.713874156,1.558853082
28.92,6.593078037,-0.24398332,-1.605805124,0.26163355,0.279244685,0.154159967,-0.048960595,-0.018905706,0.208044625,0.714922745,1.559348883
28.93,6.595517365,-0.241260323,-1.60447998,0.260264021,0.278712423,0.152495022,-0.049775338,-0.019223488,0.204576671,0.715971334,1.559844685
28.94,6.597956692,-0.238537326,-1.603154836,0.258894493,0.27818016,0.150830077,-0.050590081,-0.019541271,0.201108716,0.717019924,1.560340486
28.95,6.60039602,-0.235814329,-1.601829692,0.257524965,0.277647898,0.149165133,-0.051404824,-0.019859054,0.197640761,0.718068513,1.560836287
28.96,6.602835347,-0.233091332,-1.600504548,0.256155436,0.277115636,0.147500188,-0.052219567,-0.020176836,0.194172806,0.719117102,1.561332088
28.97,6.605274675,-0.230368335,-1.599179404,0.254785908,0.276583373,0.145835243,-0.05303431,-0.020494619,0.190704851,0.720165691,1.561827889
28.98,6.607714003,-0.227645338,-1.59785426,0.253416379,0.276051111,0.144170298,-0.053849053,-0.020812402,0.187236897,0.72121428,1.562323691
28.99,6.61015333,-0.224922341,-1.596529116,0.252046851,0.275518848,0.142505353,-0.054663796,-0.021130185,0.183768942,0.722262869,1.562819492
29,6.614020168,-0.221673981,-1.593510704,0.251791452,0.274943274,0.141406814,-0.055179152,-0.021809062,0.177399439,0.718073815,1.566601225
29.01,6.616316744,-0.21900352,-1.592354886,0.250310511,0.274415343,0.139685229,-0.056023834,-0.022090735,0.174221639,0.719646168,1.566768433
29.02,6.618613321,-0.21633306,-1.591199069,0.24882957,0.273887412,0.137963643,-0.056868516,-0.022372409,0.171043839,0.721218522,1.566935641
29.03,6.620909897,-0.213662599,-1.590043252,0.247348628,0.27335948,0.136242058,-0.057713197,-0.022654082,0.167866039,0.722790875,1.567102849
29.04,6.623206474,-0.210992138,-1.588887435,0.245867687,0.272831549,0.134520472,-0.058557879,-0.022935755,0.164688239,0.724363229,1.567270057
29.05,6.62550305,-0.208321678,-1.587731617,0.244386745,0.272303618,0.132798887,-0.059402561,-0.023217428,0.161510439,0.725935582,1.567437265
29.06,6.627799627,-0.205651217,-1.5865758,0.242905804,0.271775687,0.131077301,-0.060247242,-0.023499102,0.158332639,0.727507936,1.567604473
29.07,6.630096203,-0.202980756,-1.585419983,0.241424863,0.271247756,0.129355716,-0.061091924,-0.023780775,0.155154839,0.729080289,1.567771681
29.08,6.63239278,-0.200310296,-1.584264166,0.239943921,0.270719824,0.12763413,-0.061936606,-0.024062448,0.151977039,0.730652643,1.567938889
29.09,6.634689356,-0.197639835,-1.583108348,0.23846298,0.270191893,0.125912545,-0.062781288,-0.024344121,0.148799239,0.732224996,1.568106097
29.1,6.636985933,-0.194969374,-1.581952531,0.236982038,0.269663962,0.124190959,-0.063625969,-0.024625795,0.145621439,0.73379735,1.568273305
29.11,6.640650717,-0.191804395,-1.579468335,0.236162936,0.2695951,0.118048565,-0.064569025,-0.024701904,0.135162811,0.730655888,1.569437669
29.12,6.64279527,-0.189188881,-1.578460115,0.234608457,0.269016161,0.116818181,-0.065402777,-0.025006418,0.132793992,0.732751999,1.569494082
29.13,6.644939824,-0.186573367,-1.577451896,0.233053978,0.268437222,0.115587796,-0.066236528,-0.025310932,0.130425173,0.73484811,1.569550495
29.14,6.647084377,-0.183957852,-1.576443676,0.231499499,0.267858283,0.114357412,-0.067070279,-0.025615445,0.128056354,0.736944221,1.569606908
29.15,6.649228931,-0.181342338,-1.575435457,0.22994502,0.267279344,0.113127027,-0.06790403,-0.025919959,0.125687535,0.739040331,1.569663321
29.16,6.651373484,-0.178726824,-1.574427237,0.228390541,0.266700406,0.111896642,-0.068737781,-0.026224473,0.123318716,0.741136442,1.569719734
29.17,6.653518037,-0.17611131,-1.573419017,0.226836062,0.266121467,0.110666258,-0.069571533,-0.026528986,0.120949897,0.743232553,1.569776146
29.18,6.655662591,-0.173495796,-1.572410798,0.225281583,0.265542528,0.109435873,-0.070405284,-0.0268335,0.118581078,0.745328663,1.569832559
29.19,6.657807144,-0.170880282,-1.571402578,0.223727104,0.264963589,0.108205488,-0.071239035,-0.027138014,0.116212259,0.747424774,1.569888972
29.2,6.659951698,-0.168264768,-1.570394359,0.222172624,0.26438465,0.106975104,-0.072072786,-0.027442527,0.11384344,0.749520885,1.569945385
29.21,6.663520676,-0.165091729,-1.568286609,0.221084047,0.26456455,0.105588724,-0.073191012,-0.027262264,0.109186688,0.746903908,1.5703381
29.22,6.66550696,-0.162538162,-1.56740056,0.219477801,0.263901295,0.104375672,-0.073993155,-0.027620642,0.107072084,0.749523695,1.570357146
29.23,6.667493244,-0.159984596,-1.56651451,0.217871555,0.263238041,0.10316262,-0.074795298,-0.02797902,0.10495748,0.752143483,1.570376192
29.24,6.669479528,-0.157431029,-1.56562846,0.216265309,0.262574787,0.101949568,-0.075597441,-0.028337398,0.102842876,0.75476327,1.570395238
29.25,6.671465812,-0.154877462,-1.564742411,0.214659063,0.261911532,0.100736516,-0.076399584,-0.028695775,0.100728271,0.757383057,1.570414284
29.26,6.673452096,-0.152323895,-1.563856361,0.213052817,0.261248278,0.099523465,-0.077201727,-0.029054153,0.098613667,0.760002844,1.57043333
29.27,6.67543838,-0.149770328,-1.562970311,0.211446571,0.260585024,0.098310413,-0.07800387,-0.029412531,0.096499063,0.762622631,1.570452376
29.28,6.677424664,-0.147216761,-1.562084262,0.209840325,0.259921769,0.097097361,-0.078806013,-0.029770908,0.094384458,0.765242418,1.570471422
29.29,6.679410948,-0.144663194,-1.561198212,0.20823408,0.259258515,0.095884309,-0.079608156,-0.030129286,0.092269854,0.767862205,1.570490468
29.3,6.683017931,-0.141397872,-1.559108738,0.206873157,0.25958159,0.094479126,-0.080967118,-0.029859712,0.087848514,0.765245324,1.570635929
29.31,6.684842145,-0.138915481,-1.558343031,0.205242379,0.258819703,0.093285288,-0.081713579,-0.030280885,0.085964584,0.768388777,1.570642333
29.32,6.686666359,-0.136433089,-1.557577324,0.2036116,0.258057815,0.092091449,-0.08246004,-0.030702058,0.084080653,0.771532231,1.570648738
29.33,6.688490573,-0.133950698,-1.556811617,0.201980822,0.257295928,0.09089761,-0.083206501,-0.031123231,0.082196722,0.774675685,1.570655142
29.34,6.690314787,-0.131468307,-1.556045909,0.200350044,0.256534041,0.089703772,-0.083952962,-0.031544404,0.080312792,0.777819139,1.570661547
29.35,6.692139002,-0.128985915,-1.555280202,0.198719266,0.255772154,0.088509933,-0.084699423,-0.031965576,0.078428861,0.780962593,1.570667951
29.36,6.693963216,-0.126503524,-1.554514495,0.197088488,0.255010266,0.087316094,-0.085445884,-0.032386749,0.07654493,0.784106047,1.570674356
29.37,6.69578743,-0.124021133,-1.553748788,0.195457709,0.254248379,0.086122256,-0.086192345,-0.032807922,0.074660999,0.787249501,1.570680761
29.38,6.697611644,-0.121538741,-1.55298308,0.193826931,0.253486492,0.084928417,-0.086938806,-0.033229095,0.072777069,0.790392955,1.570687165
29.39,6.699435858,-0.11905635,-1.552217373,0.192196153,0.252724605,0.083734578,-0.087685267,-0.033650268,0.070893138,0.793536409,1.57069357
29.4,6.701260073,-0.116573959,-1.551451666,0.190565375,0.251962717,0.08254074,-0.088431728,-0.034071441,0.069009207,0.796679863,1.570699974
29.41,6.704553253,-0.113359112,-1.549636862,0.188923992,0.252139651,0.080840137,-0.089860608,-0.033932848,0.064922975,0.795110342,1.570744832
29.42,6.706214248,-0.110958104,-1.548987721,0.187294392,0.25127345,0.079702606,-0.090531244,-0.034416217,0.063283744,0.79877746,1.570746964
29.43,6.707875244,-0.108557097,-1.54833858,0.185664792,0.25040725,0.078565074,-0.091201881,-0.034899586,0.061644514,0.802444578,1.570749096
29.44,6.70953624,-0.10615609,-1.547689439,0.184035192,0.249541049,0.077427543,-0.091872517,-0.035382955,0.060005283,0.806111695,1.570751228
29.45,6.711197236,-0.103755082,-1.547040298,0.182405592,0.248674848,0.076290011,-0.092543154,-0.035866324,0.058366053,0.809778813,1.57075336
29.46,6.712858231,-0.101354075,-1.546391157,0.180775992,0.247808648,0.07515248,-0.093213791,-0.036349693,0.056726822,0.813445931,1.570755492
29.47,6.714519227,-0.098953067,-1.545742016,0.179146393,0.246942447,0.074014948,-0.093884427,-0.036833062,0.055087592,0.817113049,1.570757624
29.48,6.716180223,-0.09655206,-1.545092875,0.177516793,0.246076246,0.072877416,-0.094555064,-0.037316431,0.053448361,0.820780166,1.570759756
29.49,6.717841219,-0.094151053,-1.544443734,0.175887193,0.245210046,0.071739885,-0.0952257,-0.0377998,0.051809131,0.824447284,1.570761888
29.5,6.721121841,-0.090831672,-1.542687624,0.174026941,0.245383432,0.06999146,-0.096797625,-0.037726951,0.047919776,0.825165778,2.612112139
29.51,6.722620874,-0.088522502,-1.54214918,0.172420406,0.244413273,0.068915018,-0.097378133,-0.038265942,0.046505558,0.829127758,2.507979459
29.52,6.724119907,-0.086213332,-1.541610736,0.170813871,0.243443113,0.067838575,-0.097958641,-0.038804932,0.04509134,0.833089738,2.403846779
29.53,6.72561894,-0.083904162,-1.541072292,0.169207337,0.242472954,0.066762133,-0.098539148,-0.039343923,0.043677122,0.837051718,2.299714099
29.54,6.727117973,-0.081594992,-1.540533848,0.167600802,0.241502795,0.065685691,-0.099119656,-0.039882914,0.042262903,0.841013698,2.195581419
29.55,6.728617006,-0.079285821,-1.539995404,0.165994267,0.240532635,0.064609249,-0.099700164,-0.040421905,0.040848685,0.844975678,2.091448739
29.56,6.730116039,-0.076976651,-1.53945696,0.164387732,0.239562476,0.063532807,-0.100280672,-0.040960896,0.039434467,0.848937659,1.987316059
29.57,6.731615072,-0.074667481,-1.538918516,0.162781197,0.238592316,0.062456364,-0.10086118,-0.041499886,0.038020249,0.852899639,1.883183379
29.58,6.733114106,-0.072358311,-1.538380072,0.161174663,0.237622157,0.061379922,-0.101441687,-0.042038877,0.036606031,0.856861619,1.7790507
29.59,6.734613139,-0.070049141,-1.537841628,0.159568128,0.236651998,0.06030348,-0.102022195,-0.042577868,0.035191812,0.860823599,1.67491802
29.6,6.736112172,-0.067739971,-1.537303184,0.157961593,0.235681838,0.059227038,-0.102602703,-0.043116859,0.033777594,0.864785579,1.57078534
