0,0,0,0,0,0,0,0,0,0,0,0
10.01,0.06756998,0.012235102,-0.855303826,-0.006070682,0.0000502,-0.46280403,-0.005856554,0.0000484,-0.502858233,0.000235874,1.97E-22
10.02,0.067633282,0.012234567,-0.859655713,-0.005131806,0.0000424,-0.460830993,-0.00494147,0.0000408,-0.496434729,0.000198668,1.87E-22
10.03,0.067696585,0.012234032,-0.8640076,-0.00419293,0.0000346,-0.458857956,-0.004026386,0.0000332,-0.490011225,0.000161463,1.78E-22
10.04,0.067759887,0.012233497,-0.868359488,-0.003254054,0.0000267,-0.456884919,-0.003111302,0.0000255,-0.483587721,0.000124257,1.69E-22
10.05,0.067823189,0.012232961,-0.872711375,-0.002315178,0.0000189,-0.454911882,-0.002196218,0.0000179,-0.477164217,0.0000871,1.59E-22
10.06,0.067886492,0.012232426,-0.877063262,-0.001376302,0.0000111,-0.452938845,-0.001281134,0.0000103,-0.470740713,0.0000498,1.5E-22
10.07,0.067949794,0.012231891,-0.88141515,-0.000437427,0.00000325,-0.450965808,-0.000366051,0.00000265,-0.464317209,0.0000126,1.4E-22
10.08,0.068013096,0.012231356,-0.885767037,0.000501449,-0.00000458,-0.448992771,0.000549033,-0.00000498,-0.457893705,-0.0000246,1.31E-22
10.09,0.068076399,0.012230821,-0.890118925,0.001440325,-0.0000124,-0.447019734,0.001464117,-0.0000126,-0.451470201,-0.0000618,1.22E-22
10.1,0.068139701,0.012230286,-0.894470812,0.002379201,-0.0000202,-0.445046697,0.002379201,-0.0000202,-0.445046697,-0.000099,1.12E-22
10.11,0.066978922,0.01223956,-0.900629537,-0.004036656,0.0000227,-0.443702999,-0.003236873,0.000016,-0.433471378,0.000216146,1E-22
10.12,0.067178234,0.012237935,-0.904780665,-0.002280588,0.00000921,-0.441660035,-0.001596105,0.00000352,-0.427620298,0.000139793,9.1E-23
10.13,0.067377545,0.01223631,-0.908931793,-0.00052452,-0.00000425,-0.439617072,0.0000447,-0.00000898,-0.421769218,0.0000634,8.19E-23
10.14,0.067576856,0.012234685,-0.91308292,0.001231549,-0.0000177,-0.437574109,0.001685431,-0.0000215,-0.415918138,-0.0000129,7.28E-23
10.15,0.067776168,0.01223306,-0.917234048,0.002987617,-0.0000312,-0.435531145,0.003326199,-0.000034,-0.410067058,-0.0000893,6.36E-23
10.16,0.067975479,0.012231435,-0.921385175,0.004743686,-0.0000447,-0.433488182,0.004966967,-0.0000465,-0.404215978,-0.000165618,5.45E-23
10.17,0.06817479,0.01222981,-0.925536303,0.006499754,-0.0000581,-0.431445218,0.006607735,-0.000059,-0.398364898,-0.000241971,4.54E-23
10.18,0.068374102,0.012228185,-0.92968743,0.008255823,-0.0000716,-0.429402255,0.008248503,-0.0000715,-0.392513818,-0.000318324,3.63E-23
10.19,0.068573413,0.01222656,-0.933838558,0.010011891,-0.0000851,-0.427359291,0.009889271,-0.000084,-0.386662738,-0.000394677,2.72E-23
10.2,0.068772724,0.012224935,-0.937989686,0.011767959,-0.0000985,-0.425316328,0.011530039,-0.0000965,-0.380811658,-0.000471029,1.8E-23
10.21,0.067083229,0.012236577,-0.944049667,0.007584198,-0.0000967,-0.424679064,0.008707669,-0.000104982,-0.371100306,-0.00014588,3.69E-22
10.22,0.067492408,0.012233478,-0.947988699,0.010000248,-0.000111883,-0.422479912,0.010844341,-0.000117931,-0.365678145,-0.000266845,3.2E-22
10.23,0.067901587,0.012230379,-0.951927732,0.012416297,-0.000127047,-0.420280759,0.012981014,-0.00013088,-0.360255984,-0.000387809,2.71E-22
10.24,0.068310766,0.01222728,-0.955866765,0.014832347,-0.000142211,-0.418081607,0.015117686,-0.000143829,-0.354833823,-0.000508773,2.22E-22
10.25,0.068719944,0.01222418,-0.959805798,0.017248396,-0.000157375,-0.415882455,0.017254358,-0.000156778,-0.349411662,-0.000629737,1.72E-22
10.26,0.069129123,0.012221081,-0.96374483,0.019664446,-0.000172539,-0.413683302,0.01939103,-0.000169727,-0.343989501,-0.000750701,1.23E-22
10.27,0.069538302,0.012217982,-0.967683863,0.022080495,-0.000187703,-0.41148415,0.021527703,-0.000182676,-0.33856734,-0.000871665,7.42E-23
10.28,0.069947481,0.012214883,-0.971622896,0.024496545,-0.000202868,-0.409284998,0.023664375,-0.000195625,-0.333145179,-0.00099263,2.51E-23
10.29,0.070356659,0.012211784,-0.975561929,0.026912594,-0.000218032,-0.407085846,0.025801047,-0.000208573,-0.327723019,-0.001113594,-2.41E-23
10.3,0.070765838,0.012208685,-0.979500962,0.029328643,-0.000233196,-0.404886693,0.027937719,-0.000221522,-0.322300858,-0.001234558,-7.32E-23
10.31,0.068756847,0.012217785,-0.985458539,0.027070304,-0.000286619,-0.403472394,0.027323007,-0.000284385,-0.312783605,-0.00096967,-1.16E-21
10.32,0.069434711,0.01221333,-0.989173289,0.03000573,-0.000297533,-0.401186036,0.029765389,-0.000291788,-0.307816454,-0.001133506,-1.09E-21
10.33,0.070112576,0.012208875,-0.992888039,0.032941156,-0.000308446,-0.398899677,0.032207771,-0.000299191,-0.302849304,-0.001297343,-1.03E-21
10.34,0.07079044,0.012204421,-0.996602789,0.035876582,-0.000319359,-0.396613319,0.034650152,-0.000306594,-0.297882153,-0.00146118,-9.6E-22
10.35,0.071468304,0.012199966,-1.000317539,0.038812008,-0.000330272,-0.394326961,0.037092534,-0.000313997,-0.292915002,-0.001625016,-8.94E-22
10.36,0.072146169,0.012195511,-1.004032289,0.041747434,-0.000341185,-0.392040603,0.039534916,-0.0003214,-0.287947852,-0.001788853,-8.28E-22
10.37,0.072824033,0.012191057,-1.007747039,0.04468286,-0.000352098,-0.389754245,0.041977297,-0.000328803,-0.282980701,-0.00195269,-7.62E-22
10.38,0.073501897,0.012186602,-1.011461789,0.047618286,-0.000363011,-0.387467887,0.044419679,-0.000336205,-0.27801355,-0.002116526,-6.96E-22
10.39,0.074179761,0.012182148,-1.015176539,0.050553712,-0.000373924,-0.385181528,0.046862061,-0.000343608,-0.2730464,-0.002280363,-6.3E-22
10.4,0.074857626,0.012177693,-1.018891289,0.053489138,-0.000384837,-0.38289517,0.049304442,-0.000351011,-0.268079249,-0.0024442,-5.64E-22
10.41,0.072702877,0.012179198,-1.024545806,0.052791224,-0.00047613,-0.378246228,0.050311627,-0.000445457,-0.256279079,-0.002290428,2.11E-22
10.42,0.073695476,0.012174081,-1.028045027,0.056130354,-0.000478112,-0.37622238,0.052913475,-0.000443188,-0.252071153,-0.002489554,1.98E-22
10.43,0.074688076,0.012168964,-1.031544247,0.059469485,-0.000480094,-0.374198531,0.055515323,-0.00044092,-0.247863226,-0.002688681,1.85E-22
10.44,0.075680675,0.012163847,-1.035043467,0.062808615,-0.000482076,-0.372174682,0.058117171,-0.000438651,-0.2436553,-0.002887807,1.72E-22
10.45,0.076673274,0.012158731,-1.038542688,0.066147746,-0.000484058,-0.370150833,0.060719019,-0.000436383,-0.239447374,-0.003086934,1.59E-22
10.46,0.077665873,0.012153614,-1.042041908,0.069486877,-0.00048604,-0.368126984,0.063320867,-0.000434115,-0.235239448,-0.00328606,1.47E-22
10.47,0.078658472,0.012148497,-1.045541128,0.072826007,-0.000488022,-0.366103135,0.065922715,-0.000431846,-0.231031521,-0.003485187,1.34E-22
10.48,0.079651071,0.01214338,-1.049040349,0.076165138,-0.000490004,-0.364079286,0.068524563,-0.000429578,-0.226823595,-0.003684313,1.21E-22
10.49,0.08064367,0.012138263,-1.052539569,0.079504268,-0.000491986,-0.362055437,0.071126411,-0.000427309,-0.222615669,-0.003883439,1.08E-22
10.5,0.081636269,0.012133147,-1.056038789,0.082843399,-0.000493968,-0.360031589,0.073728258,-0.000425041,-0.218407742,-0.004082566,9.55E-23
10.51,0.079487805,0.012125841,-1.061304769,0.08363123,-0.000573056,-0.356908887,0.07612047,-0.000497837,-0.20931383,-0.004027971,-3.34E-23
10.52,0.080829411,0.012120967,-1.064607683,0.087253838,-0.000566471,-0.355007133,0.078745611,-0.000487228,-0.205648791,-0.004255289,-3.33E-23
10.53,0.082171017,0.012116094,-1.067910597,0.090876446,-0.000559885,-0.353105379,0.081370752,-0.000476619,-0.201983752,-0.004482606,-3.32E-23
10.54,0.083512623,0.01211122,-1.071213511,0.094499055,-0.0005533,-0.351203625,0.083995893,-0.00046601,-0.198318713,-0.004709924,-3.31E-23
10.55,0.084854229,0.012106347,-1.074516424,0.098121663,-0.000546714,-0.34930187,0.086621034,-0.000455401,-0.194653674,-0.004937242,-3.29E-23
10.56,0.086195835,0.012101473,-1.077819338,0.101744271,-0.000540129,-0.347400116,0.089246175,-0.000444792,-0.190988635,-0.00516456,-3.28E-23
10.57,0.087537441,0.0120966,-1.081122252,0.105366879,-0.000533544,-0.345498362,0.091871315,-0.000434183,-0.187323596,-0.005391877,-3.27E-23
10.58,0.088879047,0.012091726,-1.084425165,0.108989488,-0.000526958,-0.343596608,0.094496456,-0.000423574,-0.183658557,-0.005619195,-3.25E-23
10.59,0.090220653,0.012086852,-1.087728079,0.112612096,-0.000520373,-0.341694854,0.097121597,-0.000412966,-0.179993518,-0.005846513,-3.24E-23
10.6,0.091562259,0.012081979,-1.091030993,0.116234704,-0.000513787,-0.3397931,0.099746738,-0.000402357,-0.176328479,-0.006073831,-3.23E-23
10.61,0.089625592,0.012062065,-1.097813284,0.119627652,-0.000807956,-0.373242935,0.104504845,-0.000682953,-0.204716495,-0.007000666,-0.016885823
10.62,0.09133145,0.012058863,-1.1007296,0.123275778,-0.000767953,-0.367413227,0.10689299,-0.000639988,-0.197490005,-0.007150259,-0.01500962
10.63,0.093037309,0.01205566,-1.103645916,0.126923904,-0.000727951,-0.361583518,0.109281134,-0.000597023,-0.190263516,-0.007299853,-0.013133418
10.64,0.094743167,0.012052458,-1.106562233,0.13057203,-0.000687948,-0.35575381,0.111669279,-0.000554058,-0.183037027,-0.007449446,-0.011257215
10.65,0.096449026,0.012049255,-1.109478549,0.134220156,-0.000647946,-0.349924101,0.114057423,-0.000511093,-0.175810537,-0.00759904,-0.009381013
10.66,0.098154885,0.012046053,-1.112394865,0.137868282,-0.000607943,-0.344094393,0.116445568,-0.000468127,-0.168584048,-0.007748634,-0.00750481
10.67,0.099860743,0.012042851,-1.115311181,0.141516408,-0.000567941,-0.338264684,0.118833713,-0.000425162,-0.161357559,-0.007898227,-0.005628608
10.68,0.101566602,0.012039648,-1.118227497,0.145164534,-0.000527938,-0.332434976,0.121221857,-0.000382197,-0.154131069,-0.008047821,-0.003752405
10.69,0.10327246,0.012036446,-1.121143814,0.14881266,-0.000487936,-0.326605267,0.123610002,-0.000339232,-0.14690458,-0.008197415,-0.001876203
10.7,0.104978319,0.012033243,-1.12406013,0.152460786,-0.000447933,-0.320775559,0.125998146,-0.000296267,-0.13967809,-0.008347008,-3.1E-23
10.71,0.102949222,0.011932613,-1.122378411,0.147176172,-0.001577952,-0.118046603,0.121602881,-0.001384654,0.070951487,-0.008623112,-0.015196171
10.72,0.105070076,0.011940236,-1.12580562,0.151816825,-0.001407947,-0.134094588,0.124744738,-0.001215983,0.055577633,-0.008758649,-0.011423038
10.73,0.107190929,0.011947859,-1.129232829,0.156457478,-0.001237942,-0.150142574,0.127886595,-0.001047312,0.04020378,-0.008894186,-0.007649905
10.74,0.109311783,0.011955482,-1.132660038,0.16109813,-0.001067938,-0.16619056,0.131028451,-0.000878641,0.024829926,-0.009029723,-0.003876772
10.75,0.111432637,0.011963105,-1.136087247,0.165738783,-0.000897933,-0.182238545,0.134170308,-0.00070997,0.009456072,-0.00916526,-0.000103639
10.76,0.11355349,0.011970728,-1.139514456,0.170379436,-0.000727928,-0.198286531,0.137312165,-0.000541299,-0.005917782,-0.009300797,0.003669494
10.77,0.115674344,0.011978351,-1.142941665,0.175020089,-0.000557923,-0.214334517,0.140454022,-0.000372628,-0.021291635,-0.009436334,0.007442626
10.78,0.117795197,0.011985974,-1.146368874,0.179660741,-0.000387918,-0.230382503,0.143595879,-0.000203957,-0.036665489,-0.009571871,0.011215759
10.79,0.119916051,0.011993597,-1.149796083,0.184301394,-0.000217914,-0.246430488,0.146737735,-0.0000353,-0.052039343,-0.009707408,0.014988892
10.8,0.122036904,0.01200122,-1.153223292,0.188942047,-0.0000479,-0.262478474,0.149879592,0.000133385,-0.067413197,-0.009842945,0.018762025
10.81,0.120681222,0.011882806,-1.159725284,0.207709734,0.000697738,-0.628880711,0.169976154,0.001029502,-0.44697777,-0.009887546,0.041905456
10.82,0.123188357,0.011904433,-1.162810851,0.210780716,0.000803783,-0.606000447,0.171234155,0.001117345,-0.421885988,-0.010033187,0.043526333
10.83,0.125695493,0.01192606,-1.165896417,0.213851698,0.000909828,-0.583120182,0.172492156,0.001205189,-0.396794207,-0.010178828,0.045147211
10.84,0.128202628,0.011947687,-1.168981983,0.216922681,0.001015872,-0.560239918,0.173750156,0.001293033,-0.371702425,-0.010324469,0.046768089
10.85,0.130709763,0.011969314,-1.17206755,0.219993663,0.001121917,-0.537359653,0.175008157,0.001380876,-0.346610643,-0.01047011,0.048388966
10.86,0.133216899,0.011990941,-1.175153116,0.223064645,0.001227961,-0.514479389,0.176266158,0.00146872,-0.321518861,-0.010615751,0.050009844
10.87,0.135724034,0.012012568,-1.178238682,0.226135627,0.001334006,-0.491599125,0.177524158,0.001556564,-0.29642708,-0.010761392,0.051630722
10.88,0.13823117,0.012034195,-1.181324248,0.22920661,0.00144005,-0.46871886,0.178782159,0.001644407,-0.271335298,-0.010907033,0.053251599
10.89,0.140738305,0.012055822,-1.184409815,0.232277592,0.001546095,-0.445838596,0.18004016,0.001732251,-0.246243516,-0.011052674,0.054872477
10.9,0.14324544,0.012077449,-1.187495381,0.235348574,0.00165214,-0.422958331,0.18129816,0.001820094,-0.221151734,-0.011198315,0.056493354
10.91,0.142116994,0.011935042,-1.189347051,0.221141929,0.000409987,0.036450942,0.166410734,0.0006388,0.26305166,-0.011633371,0.057936147
10.92,0.145028083,0.011974895,-1.192569717,0.226132648,0.000665831,0.010827983,0.169462671,0.000867659,0.237131041,-0.011746854,0.059576812
10.93,0.147939172,0.012014748,-1.195792383,0.231123366,0.000921676,-0.014794975,0.172514608,0.001096518,0.211210421,-0.011860338,0.061217477
10.94,0.150850261,0.012054601,-1.199015048,0.236114085,0.00117752,-0.040417934,0.175566545,0.001325377,0.185289801,-0.011973822,0.062858142
10.95,0.15376135,0.012094454,-1.202237714,0.241104804,0.001433364,-0.066040893,0.178618482,0.001554236,0.159369182,-0.012087306,0.064498807
10.96,0.156672439,0.012134307,-1.20546038,0.246095522,0.001689208,-0.091663852,0.181670419,0.001783095,0.133448562,-0.01220079,0.066139472
10.97,0.159583527,0.012174161,-1.208683046,0.251086241,0.001945053,-0.117286811,0.184722356,0.002011954,0.107527942,-0.012314274,0.067780137
10.98,0.162494616,0.012214014,-1.211905712,0.25607696,0.002200897,-0.14290977,0.187774293,0.002240813,0.081607322,-0.012427757,0.069420801
10.99,0.165405705,0.012253867,-1.215128378,0.261067678,0.002456741,-0.168532729,0.19082623,0.002469672,0.055686703,-0.012541241,0.071061466
11,0.168316794,0.01229372,-1.218351044,0.266058397,0.002712585,-0.194155687,0.193878167,0.002698531,0.029766083,-0.012654725,0.072702131
11.01,0.167785503,0.012177473,-1.223496583,0.292011438,0.004636658,-0.719450293,0.22063917,0.004801591,-0.519154741,-0.01115448,0.144050421
11.02,0.171079078,0.012234671,-1.226505596,0.29467301,0.004707144,-0.68955418,0.221056766,0.004822206,-0.486964227,-0.011447267,0.137945794
11.03,0.174372654,0.012291869,-1.22951461,0.297334581,0.004777629,-0.659658067,0.221474362,0.00484282,-0.454773713,-0.011740054,0.131841167
11.04,0.177666229,0.012349066,-1.232523623,0.299996153,0.004848115,-0.629761954,0.221891959,0.004863434,-0.422583199,-0.012032841,0.125736541
11.05,0.180959805,0.012406264,-1.235532636,0.302657725,0.0049186,-0.599865841,0.222309555,0.004884049,-0.390392684,-0.012325628,0.119631914
11.06,0.18425338,0.012463461,-1.23854165,0.305319296,0.004989086,-0.569969728,0.222727151,0.004904663,-0.35820217,-0.012618415,0.113527287
11.07,0.187546956,0.012520659,-1.241550663,0.307980868,0.005059571,-0.540073615,0.223144748,0.004925277,-0.326011656,-0.012911202,0.10742266
11.08,0.190840531,0.012577857,-1.244559676,0.31064244,0.005130057,-0.510177502,0.223562344,0.004945891,-0.293821142,-0.013203989,0.101318033
11.09,0.194134107,0.012635054,-1.24756869,0.313304011,0.005200542,-0.480281389,0.22397994,0.004966506,-0.261630628,-0.013496776,0.095213406
11.1,0.197427682,0.012692252,-1.250577703,0.315965583,0.005271028,-0.450385276,0.224397537,0.00498712,-0.229440114,-0.013789563,0.089108779
11.11,0.197504225,0.012748554,-1.257480167,0.302371307,0.006679162,0.039777875,0.208935122,0.006363936,0.291988901,-0.012806619,0.043099845
11.12,0.201155249,0.012805851,-1.260056575,0.306839084,0.00660102,0.018533206,0.211117164,0.006233861,0.269819582,-0.013241154,0.04142903
11.13,0.204806272,0.012863148,-1.262632982,0.311306861,0.006522878,-0.002711463,0.213299206,0.006103786,0.247650262,-0.013675689,0.039758215
11.14,0.208457296,0.012920445,-1.26520939,0.315774638,0.006444736,-0.023956132,0.215481248,0.005973712,0.225480943,-0.014110224,0.0380874
11.15,0.212108319,0.012977742,-1.267785798,0.320242415,0.006366593,-0.045200801,0.21766329,0.005843637,0.203311624,-0.014544759,0.036416585
11.16,0.215759343,0.01303504,-1.270362205,0.324710192,0.006288451,-0.06644547,0.219845332,0.005713562,0.181142304,-0.014979294,0.034745771
11.17,0.219410367,0.013092337,-1.272938613,0.329177969,0.006210309,-0.087690139,0.222027374,0.005583487,0.158972985,-0.015413829,0.033074956
11.18,0.22306139,0.013149634,-1.275515021,0.333645746,0.006132167,-0.108934808,0.224209416,0.005453413,0.136803666,-0.015848364,0.031404141
11.19,0.226712414,0.013206931,-1.278091428,0.338113523,0.006054025,-0.130179478,0.226391458,0.005323338,0.114634346,-0.016282899,0.029733326
11.2,0.230363437,0.013264228,-1.280667836,0.3425813,0.005975883,-0.151424147,0.2285735,0.005193263,0.092465027,-0.016717434,0.028062511
11.21,0.230664364,0.013431838,-1.279858094,0.360422036,0.006564721,-0.487352203,0.246092338,0.005613101,-0.264340067,-0.017415935,0.017867576
11.22,0.23468762,0.013476878,-1.28281074,0.363403928,0.00641247,-0.473632051,0.246570292,0.005421925,-0.249327634,-0.017821141,0.017143886
11.23,0.238710877,0.013521919,-1.285763387,0.366385821,0.006260219,-0.459911899,0.247048245,0.005230749,-0.2343152,-0.018226346,0.016420195
11.24,0.242734133,0.013566959,-1.288716033,0.369367714,0.006107968,-0.446191748,0.247526199,0.005039572,-0.219302767,-0.018631552,0.015696505
11.25,0.24675739,0.013611999,-1.29166868,0.372349606,0.005955716,-0.432471596,0.248004152,0.004848396,-0.204290333,-0.019036757,0.014972814
11.26,0.250780647,0.013657039,-1.294621326,0.375331499,0.005803465,-0.418751444,0.248482106,0.00465722,-0.1892779,-0.019441963,0.014249124
11.27,0.254803903,0.013702079,-1.297573973,0.378313392,0.005651214,-0.405031292,0.248960059,0.004466044,-0.174265466,-0.019847168,0.013525433
11.28,0.25882716,0.013747119,-1.30052662,0.381295284,0.005498963,-0.391311141,0.249438013,0.004274868,-0.159253033,-0.020252374,0.012801742
11.29,0.262850416,0.013792159,-1.303479266,0.384277177,0.005346712,-0.377590989,0.249915966,0.004083692,-0.1442406,-0.020657579,0.012078052
11.3,0.266873673,0.013837199,-1.306431913,0.38725907,0.005194461,-0.363870837,0.25039392,0.003892515,-0.129228166,-0.021062785,0.011354361
11.31,0.268033027,0.014078817,-1.313752781,0.386730407,0.006258881,-0.190550165,0.247791475,0.004745951,0.058895977,-0.021900986,0.007410832
11.32,0.272374495,0.014102015,-1.31622007,0.390102361,0.005971444,-0.194563405,0.248611695,0.004438707,0.054673776,-0.022258081,0.007044901
11.33,0.276715963,0.014125214,-1.318687358,0.393474316,0.005684007,-0.198576644,0.249431915,0.004131463,0.050451575,-0.022615176,0.00667897
11.34,0.281057431,0.014148412,-1.321154647,0.39684627,0.005396571,-0.202589883,0.250252135,0.003824219,0.046229374,-0.022972271,0.00631304
11.35,0.285398899,0.01417161,-1.323621935,0.400218224,0.005109134,-0.206603123,0.251072355,0.003516974,0.042007173,-0.023329366,0.005947109
11.36,0.289740367,0.014194808,-1.326089224,0.403590179,0.004821698,-0.210616362,0.251892575,0.00320973,0.037784972,-0.02368646,0.005581178
11.37,0.294081835,0.014218006,-1.328556512,0.406962133,0.004534261,-0.214629601,0.252712795,0.002902486,0.033562771,-0.024043555,0.005215248
11.38,0.298423303,0.014241204,-1.331023801,0.410334088,0.004246825,-0.218642841,0.253533015,0.002595242,0.02934057,-0.02440065,0.004849317
11.39,0.302764771,0.014264403,-1.333491089,0.413706042,0.003959388,-0.22265608,0.254353235,0.002287998,0.025118369,-0.024757745,0.004483386
11.4,0.307106239,0.014287601,-1.335958378,0.417077997,0.003671951,-0.226669319,0.255173455,0.001980754,0.020896168,-0.02511484,0.004117456
11.41,0.308627368,0.014602733,-1.337931117,0.424752197,0.004020481,-0.293030469,0.261034118,0.002032956,-0.049473924,-0.025920087,-0.662794763
11.42,0.313282207,0.014593494,-1.340453355,0.427646124,0.003662382,-0.290116163,0.261294289,0.001685774,-0.046346359,-0.026227387,-0.589099995
11.43,0.317937046,0.014584255,-1.342975594,0.430540051,0.003304282,-0.287201856,0.261554459,0.001338591,-0.043218795,-0.026534688,-0.515405227
11.44,0.322591885,0.014575016,-1.345497832,0.433433978,0.002946183,-0.28428755,0.26181463,0.000991408,-0.04009123,-0.026841988,-0.441710459
11.45,0.327246724,0.014565777,-1.348020071,0.436327905,0.002588083,-0.281373244,0.2620748,0.000644226,-0.036963665,-0.027149288,-0.368015691
11.46,0.331901563,0.014556538,-1.350542309,0.439221832,0.002229984,-0.278458938,0.262334971,0.000297043,-0.033836101,-0.027456588,-0.294320923
11.47,0.336556402,0.014547299,-1.353064548,0.44211576,0.001871884,-0.275544631,0.262595142,-0.0000501,-0.030708536,-0.027763888,-0.220626155
11.48,0.341211241,0.01453806,-1.355586787,0.445009687,0.001513785,-0.272630325,0.262855312,-0.000397322,-0.027580971,-0.028071189,-0.146931387
11.49,0.34586608,0.014528821,-1.358109025,0.447903614,0.001155685,-0.269716019,0.263115483,-0.000744505,-0.024453407,-0.028378489,-0.073236619
11.5,0.350520919,0.014519583,-1.360631264,0.450797541,0.000797585,-0.266801713,0.263375654,-0.001091687,-0.021325842,-0.028685789,0.000458149
11.51,0.352696671,0.014865293,-1.365994156,0.45622191,0.001048795,-0.26824338,0.26640042,-0.001142025,-0.019739443,-0.029333533,0.335607259
11.52,0.357626964,0.014816615,-1.368200767,0.458834677,0.000622995,-0.264845077,0.266353413,-0.00152219,-0.016440638,-0.029603006,0.380251545
11.53,0.362557257,0.014767937,-1.370407377,0.461447444,0.000197194,-0.261446774,0.266306406,-0.001902356,-0.013141832,-0.02987248,0.42489583
11.54,0.36748755,0.014719259,-1.372613987,0.464060211,-0.000228606,-0.25804847,0.2662594,-0.002282521,-0.009843027,-0.030141953,0.469540116
11.55,0.372417843,0.014670582,-1.374820598,0.466672978,-0.000654407,-0.254650167,0.266212393,-0.002662687,-0.006544222,-0.030411426,0.514184402
11.56,0.377348136,0.014621904,-1.377027208,0.469285745,-0.001080207,-0.251251864,0.266165386,-0.003042852,-0.003245417,-0.030680899,0.558828687
11.57,0.382278429,0.014573226,-1.379233818,0.471898512,-0.001506008,-0.24785356,0.26611838,-0.003423018,0.0000534,-0.030950372,0.603472973
11.58,0.387208722,0.014524549,-1.381440428,0.474511279,-0.001931809,-0.244455257,0.266071373,-0.003803183,0.003352194,-0.031219845,0.648117259
11.59,0.392139015,0.014475871,-1.383647039,0.477124046,-0.002357609,-0.241056954,0.266024366,-0.004183349,0.006650999,-0.031489318,0.692761544
11.6,0.397069308,0.014427193,-1.385853649,0.479736813,-0.00278341,-0.23765865,0.26597736,-0.004563514,0.009949804,-0.031758791,0.73740583
11.61,0.399776359,0.014780404,-1.391231183,0.484924243,-0.002876151,-0.236510184,0.268462711,-0.004952769,0.013967698,-0.032254643,1.174877675
11.62,0.404953679,0.014687072,-1.393085469,0.487250936,-0.003338958,-0.232861899,0.268134331,-0.005331924,0.017186604,-0.032498963,1.175874454
11.63,0.410130999,0.01459374,-1.394939754,0.489577629,-0.003801765,-0.229213613,0.267805951,-0.00571108,0.020405511,-0.032743283,1.176871233
11.64,0.415308319,0.014500408,-1.396794039,0.491904323,-0.004264572,-0.225565328,0.267477571,-0.006090235,0.023624418,-0.032987603,1.177868012
11.65,0.420485639,0.014407076,-1.398648325,0.494231016,-0.00472738,-0.221917043,0.267149192,-0.006469391,0.026843324,-0.033231923,1.178864791
11.66,0.425662959,0.014313744,-1.40050261,0.496557709,-0.005190187,-0.218268758,0.266820812,-0.006848546,0.030062231,-0.033476242,1.17986157
11.67,0.430840279,0.014220412,-1.402356896,0.498884402,-0.005652994,-0.214620473,0.266492432,-0.007227702,0.033281137,-0.033720562,1.18085835
11.68,0.436017599,0.01412708,-1.404211181,0.501211095,-0.006115801,-0.210972188,0.266164052,-0.007606857,0.036500044,-0.033964882,1.181855129
11.69,0.441194919,0.014033748,-1.406065466,0.503537789,-0.006578609,-0.207323903,0.265835673,-0.007986013,0.03971895,-0.034209202,1.182851908
11.7,0.446372239,0.013940416,-1.407919752,0.505864482,-0.007041416,-0.203675617,0.265507293,-0.008365169,0.042937857,-0.034453522,1.183848687
11.71,0.449548998,0.014279995,-1.411562119,0.510082919,-0.00721733,-0.17012041,0.266775115,-0.008798671,0.078960702,-0.035337006,1.23927827
11.72,0.454948602,0.014138562,-1.413217728,0.512199418,-0.007712014,-0.169795116,0.26626938,-0.009171788,0.078534727,-0.035510308,1.23422696
11.73,0.460348207,0.013997129,-1.414873338,0.514315918,-0.008206699,-0.169469822,0.265763644,-0.009544905,0.078108751,-0.03568361,1.22917565
11.74,0.465747811,0.013855696,-1.416528947,0.516432417,-0.008701383,-0.169144528,0.265257909,-0.009918022,0.077682776,-0.035856911,1.22412434
11.75,0.471147416,0.013714262,-1.418184557,0.518548917,-0.009196067,-0.168819235,0.264752173,-0.010291139,0.0772568,-0.036030213,1.219073029
11.76,0.476547021,0.013572829,-1.419840167,0.520665416,-0.009690751,-0.168493941,0.264246438,-0.010664256,0.076830825,-0.036203515,1.214021719
11.77,0.481946625,0.013431396,-1.421495776,0.522781915,-0.010185435,-0.168168647,0.263740702,-0.011037373,0.076404849,-0.036376817,1.208970409
11.78,0.48734623,0.013289963,-1.423151386,0.524898415,-0.01068012,-0.167843353,0.263234967,-0.01141049,0.075978874,-0.036550119,1.203919098
11.79,0.492745834,0.01314853,-1.424806995,0.527014914,-0.011174804,-0.16751806,0.262729231,-0.011783607,0.075552898,-0.036723421,1.198867788
11.8,0.498145439,0.013007096,-1.426462605,0.529131414,-0.011669488,-0.167192766,0.262223496,-0.012156724,0.075126923,-0.036896722,1.193816478
11.81,0.501802893,0.013297807,-1.429903166,0.534486721,-0.012472884,-0.196712612,0.264501406,-0.013174358,0.04447243,-0.038290735,1.024748409
11.82,0.50739607,0.013108358,-1.431360448,0.536243353,-0.012933267,-0.193071191,0.263686376,-0.013475862,0.047405179,-0.038328402,1.037921183
11.83,0.512989246,0.012918909,-1.432817729,0.537999985,-0.01339365,-0.189429771,0.262871347,-0.013777366,0.050337927,-0.03836607,1.051093957
11.84,0.518582423,0.01272946,-1.434275011,0.539756616,-0.013854033,-0.185788351,0.262056317,-0.01407887,0.053270676,-0.038403737,1.064266731
11.85,0.5241756,0.012540011,-1.435732293,0.541513248,-0.014314416,-0.18214693,0.261241288,-0.014380374,0.056203424,-0.038441404,1.077439505
11.86,0.529768777,0.012350561,-1.437189574,0.54326988,-0.014774799,-0.17850551,0.260426258,-0.014681878,0.059136173,-0.038479072,1.090612279
11.87,0.535361954,0.012161112,-1.438646856,0.545026512,-0.015235182,-0.17486409,0.259611229,-0.014983382,0.062068922,-0.038516739,1.103785053
11.88,0.540955131,0.011971663,-1.440104138,0.546783144,-0.015695564,-0.171222669,0.258796199,-0.015284886,0.06500167,-0.038554406,1.116957827
11.89,0.546548308,0.011782214,-1.441561419,0.548539776,-0.016155947,-0.167581249,0.25798117,-0.01558639,0.067934419,-0.038592073,1.130130601
11.9,0.552141485,0.011592764,-1.443018701,0.550296408,-0.01661633,-0.163939829,0.25716614,-0.015887894,0.070867168,-0.038629741,1.143303375
11.91,0.556266049,0.011803383,-1.446841653,0.554297222,-0.017407462,-0.142067392,0.257861767,-0.0167915,0.094670406,-0.039453495,1.178312483
11.92,0.562022405,0.011569482,-1.448036082,0.555804501,-0.017831095,-0.14045164,0.256878886,-0.017026104,0.095284212,-0.039403819,1.189058998
11.93,0.567778761,0.011335581,-1.449230512,0.557311779,-0.018254728,-0.138835889,0.255896006,-0.017260707,0.095898017,-0.039354143,1.199805513
11.94,0.573535117,0.01110168,-1.450424941,0.558819057,-0.018678361,-0.137220137,0.254913126,-0.017495311,0.096511822,-0.039304468,1.210552027
11.95,0.579291473,0.010867779,-1.451619371,0.560326336,-0.019101994,-0.135604385,0.253930246,-0.017729915,0.097125628,-0.039254792,1.221298542
11.96,0.585047829,0.010633877,-1.4528138,0.561833614,-0.019525627,-0.133988633,0.252947366,-0.017964519,0.097739433,-0.039205116,1.232045056
11.97,0.590804185,0.010399976,-1.454008229,0.563340893,-0.01994926,-0.132372881,0.251964486,-0.018199122,0.098353238,-0.039155441,1.242791571
11.98,0.596560542,0.010166075,-1.455202659,0.564848171,-0.020372893,-0.130757129,0.250981606,-0.018433726,0.098967043,-0.039105765,1.253538086
11.99,0.602316898,0.009932174,-1.456397088,0.566355449,-0.020796526,-0.129141378,0.249998726,-0.01866833,0.099580849,-0.039056089,1.2642846
12,0.608073254,0.009698272,-1.457591518,0.567862728,-0.02122016,-0.127525626,0.249015846,-0.018902934,0.100194654,-0.039006413,1.275031115
12.01,0.612624914,0.009805792,-1.462133066,0.572376367,-0.022478826,-0.163770273,0.250154735,-0.020183715,0.063500485,-0.039258315,1.49195472
12.02,0.618515125,0.009533955,-1.462955593,0.573549605,-0.022809678,-0.15794781,0.248936103,-0.020302076,0.06825962,-0.039175131,1.479792669
12.03,0.624405336,0.009262118,-1.46377812,0.574722844,-0.023140529,-0.152125348,0.24771747,-0.020420438,0.073018756,-0.039091946,1.467630618
12.04,0.630295547,0.008990281,-1.464600648,0.575896082,-0.023471381,-0.146302885,0.246498838,-0.0205388,0.077777892,-0.039008762,1.455468567
12.05,0.636185758,0.008718444,-1.465423175,0.57706932,-0.023802233,-0.140480422,0.245280206,-0.020657162,0.082537028,-0.038925578,1.443306516
12.06,0.642075969,0.008446608,-1.466245703,0.578242558,-0.024133084,-0.134657959,0.244061574,-0.020775524,0.087296164,-0.038842394,1.431144465
12.07,0.647966181,0.008174771,-1.46706823,0.579415797,-0.024463936,-0.128835496,0.242842942,-0.020893886,0.0920553,-0.038759209,1.418982414
12.08,0.653856392,0.007902934,-1.467890758,0.580589035,-0.024794787,-0.123013033,0.24162431,-0.021012247,0.096814435,-0.038676025,1.406820363
12.09,0.659746603,0.007631097,-1.468713285,0.581762273,-0.025125639,-0.11719057,0.240405678,-0.021130609,0.101573571,-0.038592841,1.394658312
12.1,0.665636814,0.00735926,-1.469535812,0.582935512,-0.02545649,-0.111368107,0.239187045,-0.021248971,0.106332707,-0.038509656,1.382496261
12.11,0.670551173,0.007351741,-1.472109718,0.585717791,-0.026505798,-0.035769916,0.238480686,-0.022192315,0.185150794,-0.039596115,1.308271213
12.12,0.676549812,0.007050535,-1.472737648,0.586712247,-0.026756821,-0.037700311,0.237205134,-0.022219012,0.181681157,-0.039382971,1.303005051
12.13,0.682548451,0.00674933,-1.473365578,0.587706703,-0.027007844,-0.039630707,0.235929583,-0.022245709,0.178211521,-0.039169826,1.297738889
12.14,0.68854709,0.006448124,-1.473993508,0.588701159,-0.027258867,-0.041561103,0.234654032,-0.022272406,0.174741884,-0.038956681,1.292472726
12.15,0.694545729,0.006146919,-1.474621437,0.589695615,-0.02750989,-0.043491499,0.23337848,-0.022299104,0.171272248,-0.038743537,1.287206564
12.16,0.700544369,0.005845713,-1.475249367,0.590690071,-0.027760914,-0.045421895,0.232102929,-0.022325801,0.167802611,-0.038530392,1.281940402
12.17,0.706543008,0.005544508,-1.475877297,0.591684527,-0.028011937,-0.047352291,0.230827378,-0.022352498,0.164332975,-0.038317248,1.276674239
12.18,0.712541647,0.005243303,-1.476505227,0.592678983,-0.02826296,-0.049282687,0.229551826,-0.022379195,0.160863338,-0.038104103,1.271408077
12.19,0.718540286,0.004942097,-1.477133157,0.593673439,-0.028513983,-0.051213083,0.228276275,-0.022405892,0.157393702,-0.037890958,1.266141914
12.2,0.724538925,0.004640892,-1.477761086,0.594667895,-0.028765006,-0.053143478,0.227000724,-0.02243259,0.153924065,-0.037677814,1.260875752
12.21,0.729774848,0.004505303,-1.478487593,0.598265467,-0.03024348,-0.091794108,0.227180293,-0.023710765,0.110611523,-0.039547805,1.184896153
12.22,0.735858233,0.004185696,-1.47910457,0.598970688,-0.030358119,-0.089644478,0.225743061,-0.023598409,0.111568876,-0.0391032,1.187487039
12.23,0.741941619,0.003866089,-1.479721547,0.599675909,-0.030472759,-0.087494847,0.22430583,-0.023486053,0.112526229,-0.038658596,1.190077925
12.24,0.748025004,0.003546481,-1.480338524,0.600381129,-0.030587399,-0.085345217,0.222868599,-0.023373697,0.113483582,-0.038213992,1.192668811
12.25,0.754108389,0.003226874,-1.4809555,0.60108635,-0.030702039,-0.083195587,0.221431367,-0.023261341,0.114440935,-0.037769388,1.195259697
12.26,0.760191775,0.002907267,-1.481572477,0.601791571,-0.030816678,-0.081045957,0.219994136,-0.023148986,0.115398288,-0.037324784,1.197850584
12.27,0.76627516,0.002587659,-1.482189454,0.602496792,-0.030931318,-0.078896327,0.218556905,-0.02303663,0.116355641,-0.03688018,1.20044147
12.28,0.772358546,0.002268052,-1.482806431,0.603202012,-0.031045958,-0.076746697,0.217119673,-0.022924274,0.117312994,-0.036435575,1.203032356
12.29,0.778441931,0.001948445,-1.483423408,0.603907233,-0.031160598,-0.074597067,0.215682442,-0.022811918,0.118270347,-0.035990971,1.205623242
12.3,0.784525317,0.001628837,-1.484040385,0.604612454,-0.031275237,-0.072447437,0.214245211,-0.022699562,0.1192277,-0.035546367,1.208214128
12.31,0.790065856,0.001349822,-1.484026898,0.607149958,-0.032672538,-0.018996396,0.213346754,-0.023768747,0.172348082,-0.037065401,1.235568393
12.32,0.796209558,0.001025704,-1.484713926,0.607651591,-0.03264466,-0.022546922,0.211849659,-0.023525109,0.167509543,-0.036402615,1.235407793
12.33,0.80235326,0.000701587,-1.485400955,0.608153225,-0.032616782,-0.026097449,0.210352564,-0.023281471,0.162671004,-0.035739829,1.235247192
12.34,0.808496961,0.000377469,-1.486087983,0.608654859,-0.032588904,-0.029647976,0.208855468,-0.023037833,0.157832465,-0.035077043,1.235086592
12.35,0.814640663,0.0000534,-1.486775011,0.609156493,-0.032561026,-0.033198503,0.207358373,-0.022794194,0.152993926,-0.034414256,1.234925992
12.36,0.820784365,-0.000270766,-1.487462039,0.609658127,-0.032533148,-0.036749029,0.205861278,-0.022550556,0.148155387,-0.03375147,1.234765391
12.37,0.826928066,-0.000594883,-1.488149068,0.61015976,-0.032505269,-0.040299556,0.204364183,-0.022306918,0.143316848,-0.033088684,1.234604791
12.38,0.833071768,-0.000919001,-1.488836096,0.610661394,-0.032477391,-0.043850083,0.202867088,-0.02206328,0.138478309,-0.032425898,1.234444191
12.39,0.83921547,-0.001243118,-1.489523124,0.611163028,-0.032449513,-0.04740061,0.201369993,-0.021819642,0.13363977,-0.031763112,1.234283591
12.4,0.845359171,-0.001567236,-1.490210153,0.611664662,-0.032421635,-0.050951136,0.199872897,-0.021576004,0.128801231,-0.031100325,1.23412299
12.41,0.851160161,-0.001993109,-1.489076132,0.614317545,-0.034080983,-0.081991836,0.199179666,-0.022800317,0.092117834,-0.032135727,1.279138123
12.42,0.857341942,-0.00230592,-1.489965499,0.614580151,-0.033865635,-0.082487899,0.197593252,-0.022393573,0.090817612,-0.031284254,1.273957996
12.43,0.863523723,-0.002618732,-1.490854866,0.614842757,-0.033650287,-0.082983962,0.196006839,-0.021986829,0.089517391,-0.03043278,1.26877787
12.44,0.869705503,-0.002931543,-1.491744233,0.615105363,-0.03343494,-0.083480025,0.194420426,-0.021580085,0.088217169,-0.029581306,1.263597744
12.45,0.875887284,-0.003244354,-1.4926336,0.615367969,-0.033219592,-0.083976088,0.192834012,-0.021173341,0.086916948,-0.028729832,1.258417618
12.46,0.882069065,-0.003557166,-1.493522967,0.615630575,-0.033004244,-0.084472151,0.191247599,-0.020766597,0.085616726,-0.027878358,1.253237492
12.47,0.888250846,-0.003869977,-1.494412334,0.615893181,-0.032788897,-0.084968215,0.189661186,-0.020359853,0.084316505,-0.027026885,1.248057366
12.48,0.894432626,-0.004182788,-1.495301702,0.616155787,-0.032573549,-0.085464278,0.188074772,-0.019953109,0.083016283,-0.026175411,1.24287724
12.49,0.900614407,-0.0044956,-1.496191069,0.616418394,-0.032358201,-0.085960341,0.186488359,-0.019546366,0.081716062,-0.025323937,1.237697114
12.5,0.906796188,-0.004808411,-1.497080436,0.616681,-0.032142854,-0.086456404,0.184901946,-0.019139622,0.08041584,-0.024472463,1.232516987
12.51,0.912841779,-0.005446453,-1.498981731,0.618927095,-0.034681231,-0.116122839,0.18387125,-0.021120533,0.048775048,-0.025624845,1.181526324
12.52,0.919038692,-0.005723128,-1.499758662,0.618969314,-0.034159913,-0.113377749,0.18222309,-0.020448494,0.050846001,-0.024550721,1.181436258
12.53,0.925235605,-0.005999802,-1.500535593,0.619011532,-0.033638596,-0.11063266,0.18057493,-0.019776455,0.052916954,-0.023476597,1.181346191
12.54,0.931432518,-0.006276477,-1.501312523,0.61905375,-0.033117279,-0.107887571,0.178926771,-0.019104416,0.054987907,-0.022402472,1.181256125
12.55,0.937629431,-0.006553151,-1.502089454,0.619095969,-0.032595962,-0.105142481,0.177278611,-0.018432377,0.05705886,-0.021328348,1.181166059
12.56,0.943826343,-0.006829826,-1.502866385,0.619138187,-0.032074645,-0.102397392,0.175630451,-0.017760338,0.059129813,-0.020254223,1.181075992
12.57,0.950023256,-0.0071065,-1.503643315,0.619180406,-0.031553328,-0.099652303,0.173982291,-0.0170883,0.061200766,-0.019180099,1.180985926
12.58,0.956220169,-0.007383175,-1.504420246,0.619222624,-0.031032011,-0.096907213,0.172334131,-0.016416261,0.063271719,-0.018105974,1.180895859
12.59,0.962417082,-0.007659849,-1.505197177,0.619264842,-0.030510694,-0.094162124,0.170685972,-0.015744222,0.065342672,-0.01703185,1.180805793
12.6,0.968613995,-0.007936524,-1.505974107,0.619307061,-0.029989377,-0.091417035,0.169037812,-0.015072183,0.067413625,-0.015957726,1.180715726
12.61,0.974866486,-0.008843641,-1.507874398,0.621214057,-0.032652142,-0.061729582,0.167771087,-0.016979391,0.0982908,-0.01704681,1.22354605
12.62,0.981057223,-0.009050266,-1.508526511,0.621049078,-0.031777038,-0.061978089,0.166080545,-0.01602077,0.097161061,-0.015732329,1.218687051
12.63,0.987247961,-0.009256892,-1.509178624,0.620884099,-0.030901934,-0.062226595,0.164390004,-0.015062148,0.096031323,-0.014417848,1.213828052
12.64,0.993438698,-0.009463517,-1.509830737,0.62071912,-0.03002683,-0.062475102,0.162699463,-0.014103526,0.094901585,-0.013103367,1.208969054
12.65,0.999629436,-0.009670142,-1.51048285,0.62055414,-0.029151726,-0.062723608,0.161008921,-0.013144904,0.093771847,-0.011788886,1.204110055
12.66,1.005820173,-0.009876767,-1.511134962,0.620389161,-0.028276622,-0.062972115,0.15931838,-0.012186282,0.092642109,-0.010474405,1.199251056
12.67,1.012010911,-0.010083393,-1.511787075,0.620224182,-0.027401518,-0.063220622,0.157627839,-0.01122766,0.09151237,-0.009159924,1.194392058
12.68,1.018201649,-0.010290018,-1.512439188,0.620059203,-0.026526414,-0.063469128,0.155937297,-0.010269038,0.090382632,-0.007845443,1.189533059
12.69,1.024392386,-0.010496643,-1.513091301,0.619894224,-0.02565131,-0.063717635,0.154246756,-0.009310416,0.089252894,-0.006530962,1.18467406
12.7,1.030583124,-0.010703269,-1.513743414,0.619729244,-0.024776206,-0.063966142,0.152556214,-0.008351794,0.088123156,-0.005216481,1.179815061
12.71,1.037009624,-0.011820223,-1.514970254,0.621288825,-0.026251188,-0.080182969,0.151068746,-0.008880498,0.070008332,-0.005787567,0.868925106
12.72,1.043174166,-0.011925701,-1.515558508,0.620932228,-0.025114963,-0.078657218,0.149355641,-0.007756618,0.070765826,-0.004263578,0.898069547
12.73,1.049338708,-0.012031178,-1.516146762,0.620575631,-0.023978739,-0.077131467,0.147642536,-0.006632737,0.071523319,-0.00273959,0.927213988
12.74,1.055503249,-0.012136656,-1.516735017,0.620219034,-0.022842514,-0.075605716,0.145929431,-0.005508857,0.072280813,-0.001215602,0.956358429
12.75,1.061667791,-0.012242133,-1.517323271,0.619862437,-0.021706289,-0.074079964,0.144216326,-0.004384976,0.073038306,0.000308387,0.98550287
12.76,1.067832333,-0.012347611,-1.517911525,0.61950584,-0.020570065,-0.072554213,0.142503221,-0.003261096,0.0737958,0.001832375,1.014647311
12.77,1.073996874,-0.012453089,-1.518499779,0.619149243,-0.01943384,-0.071028462,0.140790116,-0.002137215,0.074553293,0.003356364,1.043791752
12.78,1.080161416,-0.012558566,-1.519088034,0.618792646,-0.018297615,-0.069502711,0.139077011,-0.001013335,0.075310787,0.004880352,1.072936192
12.79,1.086325958,-0.012664044,-1.519676288,0.618436049,-0.017161391,-0.06797696,0.137363906,0.000110545,0.07606828,0.00640434,1.102080633
12.8,1.0924905,-0.012769521,-1.520264542,0.618079452,-0.016025166,-0.066451208,0.135650801,0.001234426,0.076825774,0.007928329,1.131225074
12.81,1.099062413,-0.014006901,-1.521594095,0.619431605,-0.016991301,-0.05228798,0.134104651,0.001267439,0.090902488,0.00776336,1.55451398
12.82,1.105181691,-0.013986612,-1.522099983,0.618885147,-0.01562148,-0.052166393,0.132372995,0.002512527,0.090180068,0.00947501,1.539864592
12.83,1.111300969,-0.013966322,-1.522605871,0.618338689,-0.01425166,-0.052044806,0.13064134,0.003757615,0.089457648,0.01118666,1.525215203
12.84,1.117420247,-0.013946033,-1.523111758,0.617792231,-0.01288184,-0.051923219,0.128909684,0.005002703,0.088735228,0.012898311,1.510565814
12.85,1.123539525,-0.013925744,-1.523617646,0.617245772,-0.01151202,-0.051801632,0.127178029,0.006247791,0.088012808,0.014609961,1.495916426
12.86,1.129658804,-0.013905454,-1.524123534,0.616699314,-0.0101422,-0.051680045,0.125446373,0.007492879,0.087290388,0.016321611,1.481267037
12.87,1.135778082,-0.013885165,-1.524629422,0.616152856,-0.008772379,-0.051558458,0.123714717,0.008737967,0.086567968,0.018033261,1.466617649
12.88,1.14189736,-0.013864876,-1.525135309,0.615606398,-0.007402559,-0.05143687,0.121983062,0.009983054,0.085845548,0.019744912,1.45196826
12.89,1.148016638,-0.013844586,-1.525641197,0.61505994,-0.006032739,-0.051315283,0.120251406,0.011228142,0.085123128,0.021456562,1.437318872
12.9,1.154135916,-0.013824297,-1.526147085,0.614513482,-0.004662919,-0.051193696,0.118519751,0.01247323,0.084400708,0.023168212,1.422669483
12.91,1.160820028,-0.015106184,-1.527142359,0.615385861,-0.004560184,-0.058669997,0.116648442,0.013571812,0.075430222,0.023377956,1.184578863
12.92,1.166876547,-0.014941208,-1.527593871,0.614681754,-0.003049577,-0.0577042,0.114932303,0.014833178,0.075624254,0.025256485,1.194756278
12.93,1.172933066,-0.014776233,-1.528045382,0.613977647,-0.001538969,-0.056738403,0.113216165,0.016094544,0.075818286,0.027135014,1.204933693
12.94,1.178989585,-0.014611257,-1.528496893,0.613273541,-0.0000284,-0.055772607,0.111500026,0.017355911,0.076012318,0.029013542,1.215111108
12.95,1.185046104,-0.014446282,-1.528948405,0.612569434,0.001482246,-0.05480681,0.109783887,0.018617277,0.076206349,0.030892071,1.225288523
12.96,1.191102622,-0.014281306,-1.529399916,0.611865327,0.002992853,-0.053841013,0.108067749,0.019878643,0.076400381,0.0327706,1.235465938
12.97,1.197159141,-0.01411633,-1.529851428,0.611161221,0.00450346,-0.052875216,0.10635161,0.02114001,0.076594413,0.034649129,1.245643352
12.98,1.20321566,-0.013951355,-1.530302939,0.610457114,0.006014068,-0.051909419,0.104635472,0.022401376,0.076788445,0.036527657,1.255820767
12.99,1.209272179,-0.013786379,-1.530754451,0.609753008,0.007524675,-0.050943622,0.102919333,0.023662742,0.076982477,0.038406186,1.265998182
13,1.215328698,-0.013621403,-1.531205962,0.609048901,0.009035283,-0.049977825,0.101203195,0.024924109,0.077176509,0.040284715,1.276175597
13.01,1.222080319,-0.01485221,-1.532585536,0.609527134,0.009900106,-0.05018769,0.099124871,0.026674921,0.076369507,0.0404398,1.387630103
13.02,1.228059604,-0.014532148,-1.532933929,0.608691656,0.011482467,-0.049091264,0.097448975,0.027881904,0.076674765,0.042509822,1.386554507
13.03,1.234038889,-0.014212085,-1.533282323,0.607856178,0.013064829,-0.047994838,0.095773079,0.029088888,0.076980023,0.044579845,1.385478912
13.04,1.240018175,-0.013892022,-1.533630716,0.607020701,0.01464719,-0.046898412,0.094097183,0.030295871,0.07728528,0.046649867,1.384403317
13.05,1.24599746,-0.01357196,-1.53397911,0.606185223,0.016229551,-0.045801986,0.092421288,0.031502855,0.077590538,0.048719889,1.383327722
13.06,1.251976745,-0.013251897,-1.534327503,0.605349745,0.017811912,-0.04470556,0.090745392,0.032709838,0.077895796,0.050789912,1.382252127
13.07,1.25795603,-0.012931835,-1.534675896,0.604514268,0.019394273,-0.043609134,0.089069496,0.033916822,0.078201053,0.052859934,1.381176532
13.08,1.263935316,-0.012611772,-1.53502429,0.60367879,0.020976635,-0.042512708,0.0873936,0.035123805,0.078506311,0.054929957,1.380100937
13.09,1.269914601,-0.01229171,-1.535372683,0.602843312,0.022558996,-0.041416282,0.085717705,0.036330789,0.078811569,0.056999979,1.379025342
13.1,1.275893886,-0.011971647,-1.535721076,0.602007835,0.024141357,-0.040319856,0.084041809,0.037537772,0.079116827,0.059070002,1.377949746
13.11,1.28265066,-0.013067095,-1.539732328,0.601678558,0.025682054,-0.092748939,0.081363807,0.039789377,0.026171307,0.057007156,1.244732728
13.12,1.288543558,-0.012589754,-1.539673737,0.600786835,0.027269045,-0.085705234,0.079799257,0.040880291,0.032393318,0.059536386,1.258339513
13.13,1.294436455,-0.012112412,-1.539615146,0.599895113,0.028856035,-0.07866153,0.078234706,0.041971206,0.038615329,0.062065616,1.271946299
13.14,1.300329353,-0.011635071,-1.539556555,0.599003391,0.030443026,-0.071617825,0.076670155,0.04306212,0.04483734,0.064594846,1.285553084
13.15,1.306222251,-0.011157729,-1.539497964,0.598111669,0.032030016,-0.06457412,0.075105605,0.044153035,0.05105935,0.067124076,1.299159869
13.16,1.312115148,-0.010680388,-1.539439373,0.597219947,0.033617007,-0.057530415,0.073541054,0.045243949,0.057281361,0.069653306,1.312766654
13.17,1.318008046,-0.010203046,-1.539380782,0.596328224,0.035203998,-0.050486711,0.071976503,0.046334864,0.063503372,0.072182536,1.32637344
13.18,1.323900944,-0.009725704,-1.539322192,0.595436502,0.036790988,-0.043443006,0.070411952,0.047425778,0.069725382,0.074711766,1.339980225
13.19,1.329793841,-0.009248363,-1.539263601,0.59454478,0.038377979,-0.036399301,0.068847402,0.048516693,0.075947393,0.077240996,1.35358701
13.2,1.335686739,-0.008771021,-1.53920501,0.593653058,0.039964969,-0.029355597,0.067282851,0.049607607,0.082169404,0.079770226,1.367193795
13.21,1.342468899,-0.009896845,-1.542689847,0.594539725,0.03787061,0.03360086,0.066088594,0.047998995,0.149903975,0.076047107,1.46293191
13.22,1.348262989,-0.009241374,-1.542237542,0.593450404,0.03986664,0.034432036,0.0644829,0.049389857,0.149291257,0.079271042,1.467412992
13.23,1.35405708,-0.008585903,-1.541785237,0.592361083,0.041862669,0.035263213,0.062877205,0.050780719,0.148678539,0.082494978,1.471894074
13.24,1.359851171,-0.007930432,-1.541332931,0.591271762,0.043858698,0.03609439,0.061271511,0.052171581,0.14806582,0.085718914,1.476375156
13.25,1.365645262,-0.007274961,-1.540880626,0.590182441,0.045854728,0.036925567,0.059665816,0.053562443,0.147453102,0.088942849,1.480856238
13.26,1.371439353,-0.00661949,-1.540428321,0.58909312,0.047850757,0.037756744,0.058060122,0.054953304,0.146840384,0.092166785,1.48533732
13.27,1.377233444,-0.005964019,-1.539976016,0.588003799,0.049846786,0.03858792,0.056454427,0.056344166,0.146227665,0.09539072,1.489818402
13.28,1.383027535,-0.005308548,-1.539523711,0.586914478,0.051842816,0.039419097,0.054848733,0.057735028,0.145614947,0.098614656,1.494299484
13.29,1.388821625,-0.004653077,-1.539071406,0.585825157,0.053838845,0.040250274,0.053243038,0.05912589,0.145002229,0.101838591,1.498780566
13.3,1.394615716,-0.003997606,-1.538619101,0.584735836,0.055834874,0.041081451,0.051637344,0.060516752,0.144389511,0.105062527,1.503261647
13.31,1.401453946,-0.005268682,-1.538957388,0.584915475,0.055363016,0.041063497,0.049855484,0.060691501,0.142376215,0.102422822,1.534514161
13.32,1.407132021,-0.00439915,-1.53841724,0.583685158,0.057633255,0.041989022,0.048269364,0.062217487,0.141919117,0.106298273,1.53602064
13.33,1.412810096,-0.003529618,-1.537877091,0.582454841,0.059903494,0.042914546,0.046683243,0.063743472,0.141462018,0.110173724,1.537527118
13.34,1.418488172,-0.002660086,-1.537336943,0.581224525,0.062173733,0.043840071,0.045097123,0.065269457,0.141004919,0.114049175,1.539033596
13.35,1.424166247,-0.001790554,-1.536796794,0.579994208,0.064443972,0.044765595,0.043511002,0.066795443,0.140547821,0.117924627,1.540540075
13.36,1.429844323,-0.000921023,-1.536256645,0.578763892,0.066714211,0.04569112,0.041924881,0.068321428,0.140090722,0.121800078,1.542046553
13.37,1.435522398,-0.0000515,-1.535716497,0.577533575,0.06898445,0.046616645,0.040338761,0.069847414,0.139633623,0.125675529,1.543553031
13.38,1.441200474,0.000818041,-1.535176348,0.576303259,0.071254689,0.047542169,0.03875264,0.071373399,0.139176525,0.12955098,1.54505951
13.39,1.446878549,0.001687573,-1.5346362,0.575072942,0.073524928,0.048467694,0.03716652,0.072899384,0.138719426,0.133426431,1.546565988
13.4,1.452556625,0.002557105,-1.534096051,0.573842625,0.075795168,0.049393219,0.035580399,0.07442537,0.138262327,0.137301883,1.548072466
13.41,1.459411744,0.001277531,-1.533823224,0.573999366,0.076069147,0.061633958,0.033953827,0.075328482,0.148709055,0.136459122,1.603344707
13.42,1.464959036,0.002385852,-1.533253373,0.572614932,0.078561192,0.061302237,0.032372201,0.076923675,0.14704042,0.140858819,1.598877212
13.43,1.470506329,0.003494174,-1.532683522,0.571230498,0.081053238,0.060970515,0.030790575,0.078518869,0.145371785,0.145258516,1.594409716
13.44,1.476053622,0.004602495,-1.532113671,0.569846064,0.083545284,0.060638794,0.029208949,0.080114062,0.14370315,0.149658213,1.589942221
13.45,1.481600915,0.005710816,-1.53154382,0.56846163,0.08603733,0.060307072,0.027627323,0.081709256,0.142034516,0.15405791,1.585474726
13.46,1.487148208,0.006819138,-1.530973969,0.567077196,0.088529375,0.059975351,0.026045697,0.083304449,0.140365881,0.158457607,1.581007231
13.47,1.492695501,0.007927459,-1.530404118,0.565692762,0.091021421,0.059643629,0.024464071,0.084899643,0.138697246,0.162857304,1.576539736
13.48,1.498242793,0.00903578,-1.529834267,0.564308328,0.093513467,0.059311908,0.022882445,0.086494836,0.137028611,0.167257001,1.57207224
13.49,1.503790086,0.010144101,-1.529264416,0.562923894,0.096005512,0.058980187,0.021300819,0.08809003,0.135359976,0.171656698,1.567604745
13.5,1.509337379,0.011252423,-1.528694565,0.561539459,0.098497558,0.058648465,0.019719193,0.089685223,0.133691341,0.176056395,1.56313725
13.51,1.516187081,0.01006623,-1.527996865,0.561266943,0.100070585,0.054905484,0.017826021,0.091797072,0.127109675,0.177008431,1.697191287
13.52,1.521589662,0.011429497,-1.52744122,0.559758962,0.102664744,0.054952791,0.016279012,0.09333486,0.125986932,0.181791202,1.67733251
13.53,1.526992242,0.012792764,-1.526885574,0.558250982,0.105258903,0.055000098,0.014732002,0.094872647,0.12486419,0.186573972,1.657473734
13.54,1.532394823,0.014156032,-1.526329928,0.556743002,0.107853062,0.055047406,0.013184992,0.096410434,0.123741447,0.191356743,1.637614957
13.55,1.537797404,0.015519299,-1.525774283,0.555235021,0.110447221,0.055094713,0.011637982,0.097948222,0.122618705,0.196139513,1.61775618
13.56,1.543199984,0.016882566,-1.525218637,0.553727041,0.11304138,0.055142021,0.010090973,0.099486009,0.121495962,0.200922284,1.597897404
13.57,1.548602565,0.018245834,-1.524662991,0.55221906,0.115635539,0.055189328,0.008543963,0.101023796,0.12037322,0.205705054,1.578038627
13.58,1.554005146,0.019609101,-1.524107346,0.55071108,0.118229697,0.055236636,0.006996953,0.102561583,0.119250477,0.210487824,1.558179851
13.59,1.559407727,0.020972368,-1.5235517,0.5492031,0.120823856,0.055283943,0.005449943,0.104099371,0.118127735,0.215270595,1.538321074
13.6,1.564810307,0.022335636,-1.522996055,0.547695119,0.123418015,0.055331251,0.003902934,0.105637158,0.117004992,0.220053365,1.518462298
13.61,1.571625518,0.021336799,-1.522360214,0.547273815,0.12554868,0.057836343,0.002050291,0.10809546,0.117329566,0.222581191,1.421192775
13.62,1.57687114,0.022962522,-1.521813479,0.545645093,0.128194338,0.057610563,0.000537241,0.109530968,0.116046011,0.227614511,1.409935192
13.63,1.582116762,0.024588245,-1.521266744,0.544016371,0.130839996,0.057384783,-0.00097581,0.110966476,0.114762456,0.232647831,1.39867761
13.64,1.587362383,0.026213969,-1.520720009,0.542387648,0.133485655,0.057159003,-0.00248886,0.112401984,0.1134789,0.237681151,1.387420027
13.65,1.592608005,0.027839692,-1.520173273,0.540758926,0.136131313,0.056933224,-0.004001911,0.113837491,0.112195345,0.24271447,1.376162445
13.66,1.597853627,0.029465415,-1.519626538,0.539130204,0.138776971,0.056707444,-0.005514961,0.115272999,0.110911789,0.24774779,1.364904862
13.67,1.603099249,0.031091139,-1.519079803,0.537501482,0.141422629,0.056481664,-0.007028012,0.116708507,0.109628234,0.25278111,1.35364728
13.68,1.608344871,0.032716862,-1.518533068,0.53587276,0.144068288,0.056255885,-0.008541063,0.118144015,0.108344679,0.25781443,1.342389697
13.69,1.613590493,0.034342586,-1.517986333,0.534244037,0.146713946,0.056030105,-0.010054113,0.119579523,0.107061123,0.26284775,1.331132115
13.7,1.618836114,0.035968309,-1.517439598,0.532615315,0.149359604,0.055804325,-0.011567164,0.121015031,0.105777568,0.26788107,1.319874532
13.71,1.625593654,0.035210935,-1.516695874,0.531880896,0.152029141,0.055456324,-0.013547657,0.123766375,0.103216591,0.27161663,1.24125298
13.72,1.630671285,0.037101447,-1.516171026,0.530152807,0.154672146,0.055244124,-0.015008769,0.125055679,0.102074971,0.276794145,1.237480283
13.73,1.635748916,0.038991959,-1.515646179,0.528424718,0.157315151,0.055031925,-0.016469882,0.126344983,0.100933351,0.281971661,1.233707586
13.74,1.640826547,0.040882471,-1.515121331,0.526696628,0.159958156,0.054819725,-0.017930994,0.127634287,0.099791732,0.287149176,1.229934889
13.75,1.645904178,0.042772983,-1.514596484,0.524968539,0.162601162,0.054607525,-0.019392107,0.128923591,0.098650112,0.292326691,1.226162192
13.76,1.650981809,0.044663495,-1.514071637,0.52324045,0.165244167,0.054395326,-0.020853219,0.130212895,0.097508492,0.297504207,1.222389495
13.77,1.65605944,0.046554007,-1.513546789,0.521512361,0.167887172,0.054183126,-0.022314332,0.131502199,0.096366873,0.302681722,1.218616798
13.78,1.661137071,0.048444519,-1.513021942,0.519784272,0.170530177,0.053970927,-0.023775444,0.132791503,0.095225253,0.307859237,1.214844101
13.79,1.666214702,0.050335031,-1.512497094,0.518056182,0.173173182,0.053758727,-0.025236557,0.134080807,0.094083633,0.313036753,1.211071405
13.8,1.671292333,0.052225543,-1.511972247,0.516328093,0.175816187,0.053546528,-0.026697669,0.135370111,0.092942014,0.318214268,1.207298708
13.81,1.677957681,0.051764301,-1.51134868,0.515143034,0.179205067,0.051496316,-0.028930753,0.138565664,0.088934924,0.324035297,1.176443329
13.82,1.682858899,0.053916119,-1.510834802,0.513354608,0.181765198,0.05148834,-0.030306091,0.139643162,0.08811169,0.329141311,1.175679819
13.83,1.687760117,0.056067937,-1.510320923,0.511566182,0.184325328,0.051480364,-0.031681429,0.140720661,0.087288455,0.334247325,1.174916309
13.84,1.692661335,0.058219755,-1.509807044,0.509777757,0.186885458,0.051472388,-0.033056767,0.14179816,0.086465221,0.339353338,1.174152799
13.85,1.697562553,0.060371573,-1.509293166,0.507989331,0.189445588,0.051464412,-0.034432105,0.142875658,0.085641987,0.344459352,1.173389289
13.86,1.702463771,0.06252339,-1.508779287,0.506200905,0.192005718,0.051456436,-0.035807443,0.143953157,0.084818753,0.349565366,1.172625779
13.87,1.707364989,0.064675208,-1.508265409,0.504412479,0.194565848,0.05144846,-0.037182781,0.145030656,0.083995519,0.35467138,1.171862269
13.88,1.712266207,0.066827026,-1.50775153,0.502624053,0.197125979,0.051440484,-0.038558119,0.146108154,0.083172285,0.359777393,1.171098758
13.89,1.717167425,0.068978844,-1.507237651,0.500835627,0.199686109,0.051432508,-0.039933456,0.147185653,0.082349051,0.364883407,1.170335248
13.9,1.722068643,0.071130662,-1.506723773,0.499047201,0.202246239,0.051424532,-0.041308794,0.148263152,0.081525816,0.369989421,1.169571738
13.91,1.728582597,0.071062565,-1.505649149,0.497202452,0.206648682,0.062493234,-0.043978259,0.152152712,0.09103835,0.377721198,1.168342193
13.92,1.733304622,0.07346104,-1.505197576,0.495420285,0.20900411,0.061254516,-0.045209805,0.152917759,0.089066697,0.38253546,1.167630464
13.93,1.738026647,0.075859515,-1.504746002,0.493638117,0.211359539,0.060015798,-0.046441352,0.153682807,0.087095044,0.387349722,1.166918736
13.94,1.742748672,0.078257991,-1.504294429,0.491855949,0.213714968,0.05877708,-0.047672898,0.154447854,0.085123391,0.392163985,1.166207008
13.95,1.747470698,0.080656466,-1.503842855,0.490073781,0.216070397,0.057538362,-0.048904444,0.155212901,0.083151739,0.396978247,1.165495279
13.96,1.752192723,0.083054941,-1.503391281,0.488291613,0.218425826,0.056299644,-0.05013599,0.155977949,0.081180086,0.401792509,1.164783551
13.97,1.756914748,0.085453416,-1.502939708,0.486509446,0.220781254,0.055060926,-0.051367536,0.156742996,0.079208433,0.406606771,1.164071823
13.98,1.761636773,0.087851891,-1.502488134,0.484727278,0.223136683,0.053822208,-0.052599082,0.157508043,0.077236781,0.411421034,1.163360095
13.99,1.766358798,0.090250367,-1.502036561,0.48294511,0.225492112,0.05258349,-0.053830628,0.158273091,0.075265128,0.416235296,1.162648366
14,1.771080823,0.092648842,-1.501584987,0.481162942,0.227847541,0.051344772,-0.055062174,0.159038138,0.073293475,0.421049558,1.161936638
14.01,1.777377395,0.09304379,-1.499972668,0.478760169,0.232502205,0.051022906,-0.058022717,0.162790964,0.070464186,0.429023503,1.15707222
14.02,1.781924471,0.095664879,-1.499650066,0.477046958,0.234602164,0.049682315,-0.059062152,0.163224036,0.068587826,0.433486689,1.156821902
14.03,1.786471546,0.098285968,-1.499327464,0.475333746,0.236702122,0.048341725,-0.060101587,0.163657108,0.066711467,0.437949876,1.156571584
14.04,1.791018622,0.100907058,-1.499004863,0.473620534,0.23880208,0.047001134,-0.061141023,0.16409018,0.064835107,0.442413062,1.156321265
14.05,1.795565697,0.103528147,-1.498682261,0.471907322,0.240902038,0.045660544,-0.062180458,0.164523252,0.062958747,0.446876249,1.156070947
14.06,1.800112773,0.106149236,-1.498359659,0.470194111,0.243001996,0.044319954,-0.063219893,0.164956324,0.061082387,0.451339435,1.155820629
14.07,1.804659849,0.108770326,-1.498037057,0.468480899,0.245101954,0.042979363,-0.064259329,0.165389396,0.059206027,0.455802621,1.15557031
14.08,1.809206924,0.111391415,-1.497714455,0.466767687,0.247201912,0.041638773,-0.065298764,0.165822468,0.057329667,0.460265808,1.155319992
14.09,1.813754,0.114012504,-1.497391853,0.465054476,0.24930187,0.040298183,-0.0663382,0.16625554,0.055453307,0.464728994,1.155069673
14.1,1.818301075,0.116633594,-1.497069251,0.463341264,0.251401828,0.038957592,-0.067377635,0.166688612,0.053576948,0.469192181,1.154819355
14.11,1.824350854,0.117474269,-1.495526546,0.460816617,0.255672821,0.037887518,-0.070163998,0.169682483,0.05028238,0.476959668,1.153082409
14.12,1.828730963,0.120293182,-1.495339511,0.459193564,0.257531553,0.03651687,-0.07100933,0.169831022,0.048563599,0.48105571,1.152997271
14.13,1.833111071,0.123112095,-1.495152476,0.457570512,0.259390285,0.035146223,-0.071854662,0.169979561,0.046844818,0.485151752,1.152912134
14.14,1.83749118,0.125931008,-1.494965441,0.45594746,0.261249017,0.033775575,-0.072699995,0.1701281,0.045126036,0.489247794,1.152826996
14.15,1.841871288,0.128749921,-1.494778407,0.454324408,0.263107749,0.032404927,-0.073545327,0.170276638,0.043407255,0.493343836,1.152741859
14.16,1.846251397,0.131568834,-1.494591372,0.452701355,0.264966481,0.031034279,-0.074390659,0.170425177,0.041688474,0.497439877,1.152656721
14.17,1.850631505,0.134387748,-1.494404337,0.451078303,0.266825213,0.029663632,-0.075235992,0.170573716,0.039969693,0.501535919,1.152571584
14.18,1.855011614,0.137206661,-1.494217302,0.449455251,0.268683945,0.028292984,-0.076081324,0.170722254,0.038250912,0.505631961,1.152486446
14.19,1.859391722,0.140025574,-1.494030268,0.447832199,0.270542677,0.026922336,-0.076926656,0.170870793,0.03653213,0.509728003,1.152401309
14.2,1.863771831,0.142844487,-1.493843233,0.446209147,0.272401409,0.025551689,-0.077771989,0.171019332,0.034813349,0.513824045,1.152316171
14.21,1.8695561,0.144103935,-1.493326433,0.44352949,0.276383183,0.00610028,-0.080434725,0.173424598,0.013466904,0.520118526,1.148789644
14.22,1.873780191,0.147096122,-1.493176039,0.442023838,0.278006022,0.006738606,-0.081078123,0.173322389,0.013928975,0.523970297,1.149086883
14.23,1.878004281,0.150088309,-1.493025645,0.440518186,0.27962886,0.007376932,-0.081721522,0.17322018,0.014391045,0.527822067,1.149384122
14.24,1.882228372,0.153080496,-1.492875251,0.439012535,0.281251699,0.008015257,-0.08236492,0.173117971,0.014853115,0.531673838,1.149681361
14.25,1.886452463,0.156072683,-1.492724857,0.437506883,0.282874537,0.008653583,-0.083008319,0.173015763,0.015315186,0.535525609,1.1499786
14.26,1.890676553,0.15906487,-1.492574462,0.436001231,0.284497376,0.009291909,-0.083651718,0.172913554,0.015777256,0.53937738,1.15027584
14.27,1.894900644,0.162057057,-1.492424068,0.43449558,0.286120214,0.009930234,-0.084295116,0.172811345,0.016239326,0.54322915,1.150573079
14.28,1.899124735,0.165049244,-1.492273674,0.432989928,0.287743053,0.01056856,-0.084938515,0.172709136,0.016701396,0.547080921,1.150870318
14.29,1.903348825,0.168041431,-1.49212328,0.431484276,0.289365891,0.011206886,-0.085581913,0.172606928,0.017163467,0.550932692,1.151167557
14.3,1.907572916,0.171033618,-1.491972886,0.429978625,0.29098873,0.011845211,-0.086225312,0.172504719,0.017625537,0.554784463,1.151464796
14.31,1.913180636,0.172570523,-1.4898725,0.429108634,0.292631909,0.062970687,-0.086812108,0.172330863,0.06899062,0.559703298,1.156200916
14.32,1.91725099,0.175724408,-1.489938771,0.427532353,0.294252487,0.057999329,-0.087461796,0.172236615,0.0637968,0.563436506,1.156004946
14.33,1.921321344,0.178878293,-1.490005043,0.425956072,0.295873066,0.053027971,-0.088111484,0.172142367,0.05860298,0.567169714,1.155808977
14.34,1.925391698,0.182032178,-1.490071315,0.424379792,0.297493644,0.048056614,-0.088761171,0.172048119,0.05340916,0.570902922,1.155613007
14.35,1.929462052,0.185186063,-1.490137586,0.422803511,0.299114222,0.043085256,-0.089410859,0.171953871,0.04821534,0.57463613,1.155417037
14.36,1.933532406,0.188339948,-1.490203858,0.42122723,0.300734801,0.038113898,-0.090060547,0.171859623,0.04302152,0.578369338,1.155221067
14.37,1.93760276,0.191493833,-1.49027013,0.41965095,0.302355379,0.033142541,-0.090710235,0.171765375,0.0378277,0.582102546,1.155025097
14.38,1.941673115,0.194647717,-1.490336401,0.418074669,0.303975957,0.028171183,-0.091359922,0.171671127,0.03263388,0.585835754,1.154829128
14.39,1.945743469,0.197801602,-1.490402673,0.416498388,0.305596536,0.023199825,-0.09200961,0.17157688,0.02744006,0.589568962,1.154633158
14.4,1.949813823,0.200955487,-1.490468944,0.414922107,0.307217114,0.018228468,-0.092659298,0.171482632,0.02224624,0.59330217,1.154437188
14.41,1.95526106,0.202727707,-1.488261831,0.412455783,0.310435897,-0.030758042,-0.094783748,0.172901765,-0.031637171,0.598442217,1.153420295
14.42,1.959178427,0.20603511,-1.488580701,0.410978396,0.311878897,-0.030838828,-0.095269573,0.172639364,-0.031421036,0.60201911,1.153315539
14.43,1.963095794,0.209342513,-1.488899571,0.409501009,0.313321897,-0.030919613,-0.095755398,0.172376962,-0.031204902,0.605596002,1.153210783
14.44,1.967013161,0.212649916,-1.489218441,0.408023622,0.314764897,-0.031000398,-0.096241224,0.172114561,-0.030988767,0.609172895,1.153106027
14.45,1.970930529,0.21595732,-1.489537311,0.406546235,0.316207897,-0.031081183,-0.096727049,0.171852159,-0.030772633,0.612749788,1.153001271
14.46,1.974847896,0.219264723,-1.489856181,0.405068848,0.317650897,-0.031161968,-0.097212874,0.171589758,-0.030556498,0.61632668,1.152896514
14.47,1.978765263,0.222572126,-1.490175051,0.403591461,0.319093897,-0.031242753,-0.097698699,0.171327356,-0.030340364,0.619903573,1.152791758
14.48,1.98268263,0.22587953,-1.490493921,0.402114074,0.320536897,-0.031323538,-0.098184525,0.171064955,-0.030124229,0.623480465,1.152687002
14.49,1.986599997,0.229186933,-1.490812791,0.400636687,0.321979897,-0.031404323,-0.09867035,0.170802553,-0.029908095,0.627057358,1.152582246
14.5,1.990517364,0.232494336,-1.491131661,0.3991593,0.323422897,-0.031485109,-0.099156175,0.170540152,-0.029691961,0.63063425,1.15247749
14.51,1.995752178,0.234552332,-1.490527893,0.397389363,0.325900141,-0.014566219,-0.100371794,0.171075832,-0.012281631,0.636095963,1.160417838
14.52,1.999523162,0.237998559,-1.490949278,0.395944481,0.327228225,-0.016535857,-0.100776531,0.170724755,-0.013975962,0.639463431,1.159419181
14.53,2.003294146,0.241444785,-1.491370663,0.3944996,0.328556309,-0.018505495,-0.101181268,0.170373678,-0.015670294,0.642830899,1.158420525
14.54,2.00706513,0.244891011,-1.491792048,0.393054719,0.329884393,-0.020475133,-0.101586005,0.1700226,-0.017364626,0.646198367,1.157421868
14.55,2.010836114,0.248337237,-1.492213434,0.391609837,0.331212477,-0.022444771,-0.101990742,0.169671523,-0.019058957,0.649565835,1.156423212
14.56,2.014607098,0.251783464,-1.492634819,0.390164956,0.332540561,-0.024414409,-0.102395479,0.169320446,-0.020753289,0.652933303,1.155424555
14.57,2.018378082,0.25522969,-1.493056204,0.388720075,0.333868645,-0.026384046,-0.102800216,0.168969368,-0.022447621,0.656300772,1.154425898
14.58,2.022149066,0.258675916,-1.49347759,0.387275193,0.335196729,-0.028353684,-0.103204953,0.168618291,-0.024141952,0.65966824,1.153427242
14.59,2.02592005,0.262122143,-1.493898975,0.385830312,0.336524813,-0.030323322,-0.10360969,0.168267214,-0.025836284,0.663035708,1.152428585
14.6,2.029691034,0.265568369,-1.49432036,0.384385431,0.337852897,-0.03229296,-0.104014427,0.167916136,-0.027530616,0.666403176,1.151429929
14.61,2.0346915,0.267920414,-1.495395576,0.381489247,0.341212263,-0.082792603,-0.10623473,0.169280371,-0.079279851,0.672239922,1.163899989
14.62,2.038325875,0.271488216,-1.495744313,0.380205621,0.342314649,-0.079370018,-0.106437738,0.168738703,-0.075412527,0.675333026,1.161404809
14.63,2.04196025,0.275056018,-1.496093051,0.378921996,0.343417035,-0.075947433,-0.106640745,0.168197036,-0.071545203,0.67842613,1.158909628
14.64,2.045594625,0.27862382,-1.496441788,0.37763837,0.344519421,-0.072524848,-0.106843753,0.167655368,-0.067677878,0.681519234,1.156414447
14.65,2.049229,0.282191622,-1.496790526,0.376354745,0.345621807,-0.069102263,-0.10704676,0.167113701,-0.063810554,0.684612338,1.153919267
14.66,2.052863375,0.285759424,-1.497139263,0.375071119,0.346724193,-0.065679678,-0.107249768,0.166572033,-0.05994323,0.687705442,1.151424086
14.67,2.056497749,0.289327226,-1.497488001,0.373787494,0.347826579,-0.062257093,-0.107452776,0.166030366,-0.056075905,0.690798546,1.148928905
14.68,2.060132124,0.292895028,-1.497836738,0.372503868,0.348928965,-0.058834508,-0.107655783,0.165488698,-0.052208581,0.69389165,1.146433725
14.69,2.063766499,0.29646283,-1.498185476,0.371220242,0.350031352,-0.055411923,-0.107858791,0.164947031,-0.048341257,0.696984754,1.143938544
14.7,2.067400874,0.300030632,-1.498534213,0.369936617,0.351133738,-0.051989338,-0.108061798,0.164405363,-0.044473933,0.700077858,1.141443363
14.71,2.072164776,0.302662877,-1.500181601,0.368088396,0.353398355,-0.012932911,-0.109012108,0.164538426,-0.001492174,0.706356305,1.154743368
14.72,2.075673648,0.30633463,-1.500386044,0.366867503,0.354371605,-0.013469642,-0.109132082,0.163921789,-0.001970898,0.709095482,1.150493167
14.73,2.07918252,0.310006382,-1.500590487,0.365646611,0.355344854,-0.014006373,-0.109252056,0.163305151,-0.002449622,0.711834659,1.146242965
14.74,2.082691392,0.313678135,-1.50079493,0.364425718,0.356318103,-0.014543104,-0.10937203,0.162688514,-0.002928346,0.714573836,1.141992764
14.75,2.086200264,0.317349888,-1.500999373,0.363204825,0.357291352,-0.015079834,-0.109492004,0.162071876,-0.00340707,0.717313013,1.137742563
14.76,2.089709136,0.32102164,-1.501203816,0.361983932,0.358264602,-0.015616565,-0.109611978,0.161455238,-0.003885794,0.72005219,1.133492362
14.77,2.093218008,0.324693393,-1.501408259,0.36076304,0.359237851,-0.016153296,-0.109731952,0.160838601,-0.004364518,0.722791367,1.12924216
14.78,2.09672688,0.328365146,-1.501612702,0.359542147,0.3602111,-0.016690027,-0.109851926,0.160221963,-0.004843241,0.725530544,1.124991959
14.79,2.100235752,0.332036899,-1.501817145,0.358321254,0.361184349,-0.017226757,-0.1099719,0.159605325,-0.005321965,0.728269721,1.120741758
14.8,2.103744624,0.335708651,-1.502021588,0.357100361,0.362157599,-0.017763488,-0.110091874,0.158988688,-0.005800689,0.731008898,1.116491556
14.81,2.108286865,0.338589881,-1.502007685,0.354536153,0.364847724,-0.023594791,-0.11166314,0.159533953,-0.012004836,0.73737934,1.714718237
14.82,2.111680918,0.34234947,-1.502236389,0.353464517,0.365630209,-0.023543236,-0.11162186,0.158788215,-0.011847402,0.739715043,1.64352616
14.83,2.115074971,0.346109059,-1.502465092,0.352392882,0.366412695,-0.023491681,-0.111580579,0.158042477,-0.011689968,0.742050746,1.572334083
14.84,2.118469024,0.349868647,-1.502693796,0.351321246,0.36719518,-0.023440126,-0.111539298,0.157296739,-0.011532534,0.744386449,1.501142006
14.85,2.121863078,0.353628236,-1.5029225,0.350249611,0.367977665,-0.023388571,-0.111498018,0.156551001,-0.011375099,0.746722153,1.429949929
14.86,2.125257131,0.357387824,-1.503151204,0.349177975,0.36876015,-0.023337016,-0.111456737,0.155805263,-0.011217665,0.749057856,1.358757852
14.87,2.128651184,0.361147413,-1.503379907,0.34810634,0.369542635,-0.023285461,-0.111415456,0.155059525,-0.011060231,0.751393559,1.287565775
14.88,2.132045237,0.364907002,-1.503608611,0.347034704,0.370325121,-0.023233906,-0.111374176,0.154313787,-0.010902797,0.753729262,1.216373698
14.89,2.13543929,0.36866659,-1.503837315,0.345963069,0.371107606,-0.023182351,-0.111332895,0.153568049,-0.010745362,0.756064965,1.145181621
14.9,2.138833344,0.372426179,-1.504066019,0.344891433,0.371890091,-0.023130796,-0.111291614,0.152822312,-0.010587928,0.758400668,1.073989544
14.91,2.143125225,0.375562692,-1.503772443,0.342456387,0.374303414,-0.011706266,-0.112576592,0.153036247,0.001084172,0.764647603,0.578035977
14.92,2.14641952,0.379391511,-1.504059178,0.341536241,0.374904695,-0.012918375,-0.11238795,0.152183879,-0.0000378,0.766548724,0.554039621
14.93,2.149713814,0.383220331,-1.504345913,0.340616096,0.375505976,-0.014130484,-0.112199307,0.15133151,-0.001159774,0.768449846,0.530043265
14.94,2.153008109,0.38704915,-1.504632648,0.339695951,0.376107257,-0.015342593,-0.112010664,0.150479142,-0.002281747,0.770350968,0.506046909
14.95,2.156302403,0.390877969,-1.504919382,0.338775805,0.376708538,-0.016554702,-0.111822021,0.149626774,-0.00340372,0.77225209,0.482050553
14.96,2.159596697,0.394706788,-1.505206117,0.33785566,0.377309819,-0.01776681,-0.111633379,0.148774406,-0.004525693,0.774153211,0.458054197
14.97,2.162890992,0.398535607,-1.505492852,0.336935515,0.3779111,-0.018978919,-0.111444736,0.147922037,-0.005647666,0.776054333,0.434057841
14.98,2.166185286,0.402364426,-1.505779587,0.336015369,0.378512381,-0.020191028,-0.111256093,0.147069669,-0.006769639,0.777955455,0.410061485
14.99,2.169479581,0.406193246,-1.506066322,0.335095224,0.379113662,-0.021403137,-0.111067451,0.146217301,-0.007891613,0.779856576,0.386065129
15,2.172773875,0.410022065,-1.506353056,0.334175079,0.379714943,-0.022615246,-0.110878808,0.145364933,-0.009013586,0.781757698,0.362068773
15.01,2.17681375,0.413398091,-1.505842969,0.331587635,0.382083452,-0.029709798,-0.112187685,0.145512661,-0.017027777,0.78773013,0.194927771
15.02,2.180025202,0.41727722,-1.50621824,0.330852745,0.382488375,-0.030268302,-0.111832652,0.144549171,-0.017383948,0.789178884,0.186836376
15.03,2.183236655,0.42115635,-1.50659351,0.330117855,0.382893297,-0.030826806,-0.111477618,0.143585681,-0.017740119,0.790627638,0.178744981
15.04,2.186448107,0.425035479,-1.506968781,0.329382965,0.38329822,-0.03138531,-0.111122584,0.142622191,-0.01809629,0.792076392,0.170653585
15.05,2.189659559,0.428914609,-1.507344051,0.328648075,0.383703142,-0.031943815,-0.11076755,0.141658701,-0.018452461,0.793525145,0.16256219
15.06,2.192871011,0.432793738,-1.507719322,0.327913185,0.384108065,-0.032502319,-0.110412516,0.140695211,-0.018808632,0.794973899,0.154470795
15.07,2.196082463,0.436672868,-1.508094592,0.327178295,0.384512987,-0.033060823,-0.110057482,0.139731721,-0.019164803,0.796422653,0.146379399
15.08,2.199293916,0.440551997,-1.508469863,0.326443405,0.384917909,-0.033619327,-0.109702448,0.13876823,-0.019520974,0.797871407,0.138288004
15.09,2.202505368,0.444431127,-1.508845133,0.325708515,0.385322832,-0.034177832,-0.109347415,0.13780474,-0.019877146,0.799320161,0.130196609
15.1,2.20571682,0.448310256,-1.509220404,0.324973625,0.385727754,-0.034736336,-0.108992381,0.13684125,-0.020233317,0.800768915,0.122105213
15.11,2.209505312,0.451910835,-1.50914093,0.322546767,0.387831547,-0.036254126,-0.110009785,0.136709489,-0.021869327,0.806226793,0.065662241
15.12,2.212652649,0.455820914,-1.509566728,0.321999873,0.388047706,-0.036706043,-0.109502258,0.135653585,-0.022083294,0.807230088,0.062943243
15.13,2.215799985,0.459730994,-1.509992526,0.32145298,0.388263865,-0.037157959,-0.108994731,0.13459768,-0.022297261,0.808233384,0.060224245
15.14,2.218947322,0.463641074,-1.510418323,0.320906086,0.388480024,-0.037609876,-0.108487204,0.133541776,-0.022511227,0.80923668,0.057505247
15.15,2.222094659,0.467551153,-1.510844121,0.320359193,0.388696183,-0.038061793,-0.107979677,0.132485872,-0.022725194,0.810239975,0.05478625
15.16,2.225241995,0.471461233,-1.511269919,0.319812299,0.388912342,-0.03851371,-0.10747215,0.131429967,-0.022939161,0.811243271,0.052067252
15.17,2.228389332,0.475371312,-1.511695716,0.319265406,0.389128501,-0.038965627,-0.106964623,0.130374063,-0.023153127,0.812246566,0.049348254
15.18,2.231536669,0.479281392,-1.512121514,0.318718513,0.38934466,-0.039417544,-0.106457096,0.129318158,-0.023367094,0.813249862,0.046629256
15.19,2.234684005,0.483191472,-1.512547312,0.318171619,0.38956082,-0.039869461,-0.105949569,0.128262254,-0.023581061,0.814253158,0.043910258
15.2,2.237831342,0.487101551,-1.512973109,0.317624726,0.389776979,-0.040321378,-0.105442042,0.12720635,-0.023795027,0.815256453,0.04119126
15.21,2.241386493,0.49089491,-1.513074197,0.315396298,0.391517979,-0.042414645,-0.106159274,0.126724973,-0.025842914,0.819994843,0.022286948
15.22,2.244488517,0.494817959,-1.513536074,0.315036242,0.391564712,-0.04268419,-0.105515663,0.125605232,-0.025853112,0.820583128,0.021366318
15.23,2.247590541,0.498741007,-1.51399795,0.314676186,0.391611444,-0.042953735,-0.104872052,0.124485491,-0.02586331,0.821171413,0.020445689
15.24,2.250692565,0.502664056,-1.514459827,0.314316129,0.391658176,-0.043223279,-0.10422844,0.12336575,-0.025873507,0.821759698,0.019525059
15.25,2.253794589,0.506587104,-1.514921703,0.313956073,0.391704908,-0.043492824,-0.103584829,0.12224601,-0.025883705,0.822347984,0.018604429
15.26,2.256896613,0.510510153,-1.51538358,0.313596017,0.391751641,-0.043762369,-0.102941218,0.121126269,-0.025893903,0.822936269,0.0176838
15.27,2.259998637,0.514433201,-1.515845456,0.31323596,0.391798373,-0.044031914,-0.102297606,0.120006528,-0.025904101,0.823524554,0.01676317
15.28,2.263100661,0.51835625,-1.516307333,0.312875904,0.391845105,-0.044301459,-0.101653995,0.118886787,-0.025914299,0.824112839,0.01584254
15.29,2.266202684,0.522279299,-1.516769209,0.312515848,0.391891837,-0.044571003,-0.101010384,0.117767047,-0.025924497,0.824701124,0.014921911
15.3,2.269304708,0.526202347,-1.517231086,0.312155791,0.39193857,-0.044840548,-0.100366772,0.116647306,-0.025934694,0.825289409,0.014001281
15.31,2.27264832,0.530152203,-1.517745102,0.310157491,0.393337299,-0.051005569,-0.100782154,0.115871795,-0.031849547,0.829300412,0.007553029
15.32,2.275723501,0.534072273,-1.518201185,0.309979462,0.393233809,-0.050620061,-0.100020877,0.114713807,-0.031203672,0.829508395,0.007246579
15.33,2.278798681,0.537992343,-1.518657268,0.309801433,0.39313032,-0.050234553,-0.099259599,0.113555818,-0.030557797,0.829716378,0.00694013
15.34,2.281873862,0.541912413,-1.519113352,0.309623404,0.39302683,-0.049849045,-0.098498322,0.112397829,-0.029911922,0.829924361,0.006633681
15.35,2.284949043,0.545832483,-1.519569435,0.309445374,0.392923341,-0.049463537,-0.097737045,0.111239841,-0.029266047,0.830132344,0.006327231
15.36,2.288024224,0.549752553,-1.520025518,0.309267345,0.392819851,-0.049078029,-0.096975768,0.110081852,-0.028620172,0.830340328,0.006020782
15.37,2.291099405,0.553672623,-1.520481601,0.309089316,0.392716361,-0.04869252,-0.09621449,0.108923864,-0.027974298,0.830548311,0.005714333
15.38,2.294174586,0.557592693,-1.520937684,0.308911286,0.392612872,-0.048307012,-0.095453213,0.107765875,-0.027328423,0.830756294,0.005407883
15.39,2.297249767,0.561512763,-1.521393767,0.308733257,0.392509382,-0.047921504,-0.094691936,0.106607886,-0.026682548,0.830964277,0.005101434
15.4,2.300324948,0.565432833,-1.52184985,0.308555228,0.392405892,-0.047535996,-0.093930659,0.105449898,-0.026036673,0.83117226,0.004794984
15.41,2.303482141,0.569508062,-1.522681452,0.306825394,0.393525035,-0.04772243,-0.094036036,0.104472351,-0.025381453,0.834524126,0.002646551
15.42,2.30654821,0.573410892,-1.523095811,0.306819787,0.393285697,-0.047273373,-0.093178464,0.103294314,-0.024736617,0.834382789,0.002544767
15.43,2.309614278,0.577313722,-1.52351017,0.306814181,0.393046359,-0.046824316,-0.092320892,0.102116276,-0.02409178,0.834241452,0.002442982
15.44,2.312680347,0.581216552,-1.523924528,0.306808574,0.392807022,-0.046375258,-0.091463319,0.100938238,-0.023446943,0.834100115,0.002341198
15.45,2.315746415,0.585119382,-1.524338887,0.306802968,0.392567684,-0.045926201,-0.090605747,0.0997602,-0.022802107,0.833958777,0.002239413
15.46,2.318812484,0.589022212,-1.524753246,0.306797361,0.392328347,-0.045477144,-0.089748175,0.098582163,-0.02215727,0.83381744,0.002137629
15.47,2.321878552,0.592925042,-1.525167605,0.306791754,0.392089009,-0.045028086,-0.088890603,0.097404125,-0.021512434,0.833676103,0.002035844
15.48,2.324944621,0.596827872,-1.525581964,0.306786148,0.391849671,-0.044579029,-0.08803303,0.096226087,-0.020867597,0.833534766,0.00193406
15.49,2.328010689,0.600730702,-1.525996323,0.306780541,0.391610334,-0.044129972,-0.087175458,0.09504805,-0.020222761,0.833393429,0.001832275
15.5,2.331076757,0.604633532,-1.526410681,0.306774934,0.391370996,-0.043680914,-0.086317886,0.093870012,-0.019577924,0.833252092,0.001730491
15.51,2.334073084,0.608810858,-1.526766686,0.305286618,0.392304556,-0.033982364,-0.086171208,0.092804638,-0.009103241,0.835821607,0.000997407
15.52,2.337146901,0.612683188,-1.527187529,0.305445757,0.391934897,-0.034561028,-0.085234648,0.091614082,-0.00955061,0.835379064,0.000965767
15.53,2.340220719,0.616555519,-1.527608372,0.305604896,0.391565237,-0.035139692,-0.084298087,0.090423526,-0.009997979,0.834936521,0.000934127
15.54,2.343294536,0.620427849,-1.528029214,0.305764035,0.391195578,-0.035718356,-0.083361527,0.08923297,-0.010445347,0.834493978,0.000902487
15.55,2.346368354,0.62430018,-1.528450057,0.305923174,0.390825918,-0.03629702,-0.082424966,0.088042414,-0.010892716,0.834051435,0.000870847
15.56,2.349442171,0.62817251,-1.528870899,0.306082313,0.390456258,-0.036875685,-0.081488406,0.086851858,-0.011340084,0.833608892,0.000839207
15.57,2.352515989,0.632044841,-1.529291742,0.306241452,0.390086599,-0.037454349,-0.080551845,0.085661302,-0.011787453,0.833166349,0.000807567
15.58,2.355589807,0.635917171,-1.529712585,0.30640059,0.389716939,-0.038033013,-0.079615285,0.084470746,-0.012234821,0.832723806,0.000775926
15.59,2.358663624,0.639789502,-1.530133427,0.306559729,0.38934728,-0.038611677,-0.078678724,0.083280191,-0.01268219,0.832281263,0.000744286
15.6,2.361737442,0.643661832,-1.53055427,0.306718868,0.38897762,-0.039190341,-0.077742164,0.082089635,-0.013129558,0.83183872,0.000712646
15.61,2.364601381,0.647917951,-1.531773981,0.305558128,0.389660153,-0.066163074,-0.077282578,0.080879771,-0.040373627,0.834019117,0.0000443
15.62,2.367698518,0.651747638,-1.532106061,0.30586392,0.389173583,-0.063809064,-0.07629302,0.07969136,-0.037843585,0.833285136,0.0000834
15.63,2.370795656,0.655577325,-1.53243814,0.306169712,0.388687013,-0.061455054,-0.075303463,0.07850295,-0.035313542,0.832551155,0.000122547
15.64,2.373892793,0.659407013,-1.53277022,0.306475504,0.388200443,-0.059101044,-0.074313905,0.077314539,-0.0327835,0.831817175,0.000161646
15.65,2.376989931,0.6632367,-1.533102299,0.306781296,0.387713874,-0.056747033,-0.073324347,0.076126128,-0.030253457,0.831083194,0.000200746
15.66,2.380087068,0.667066387,-1.533434379,0.307087088,0.387227304,-0.054393023,-0.072334789,0.074937718,-0.027723414,0.830349213,0.000239846
15.67,2.383184205,0.670896075,-1.533766458,0.307392881,0.386740734,-0.052039013,-0.071345232,0.073749307,-0.025193372,0.829615233,0.000278946
15.68,2.386281343,0.674725762,-1.534098537,0.307698673,0.386254164,-0.049685003,-0.070355674,0.072560897,-0.022663329,0.828881252,0.000318045
15.69,2.38937848,0.67855545,-1.534430617,0.308004465,0.385767594,-0.047330993,-0.069366116,0.071372486,-0.020133287,0.828147271,0.000357145
15.7,2.392475618,0.682385137,-1.534762696,0.308310257,0.385281024,-0.044976983,-0.068376558,0.070184075,-0.017603244,0.827413291,0.000396245
15.71,2.395226056,0.686729287,-1.536320487,0.307191806,0.386364265,-0.024765952,-0.067920641,0.069495906,0.005060857,0.829473906,0.000851618
15.72,2.398361715,0.690501811,-1.536516376,0.307655848,0.385703272,-0.024396055,-0.06687179,0.068251913,0.005353782,0.828429415,0.000844465
15.73,2.401497375,0.694274336,-1.536712265,0.308119889,0.385042279,-0.024026159,-0.065822939,0.06700792,0.005646707,0.827384923,0.000837312
15.74,2.404633035,0.698046861,-1.536908155,0.308583931,0.384381285,-0.023656262,-0.064774088,0.065763927,0.005939632,0.826340432,0.000830159
15.75,2.407768694,0.701819386,-1.537104044,0.309047972,0.383720292,-0.023286365,-0.063725237,0.064519934,0.006232557,0.82529594,0.000823007
15.76,2.410904354,0.705591911,-1.537299934,0.309512013,0.383059299,-0.022916468,-0.062676385,0.063275941,0.006525482,0.824251449,0.000815854
15.77,2.414040013,0.709364436,-1.537495823,0.309976055,0.382398306,-0.022546571,-0.061627534,0.062031948,0.006818407,0.823206958,0.000808701
15.78,2.417175673,0.713136961,-1.537691712,0.310440096,0.381737313,-0.022176674,-0.060578683,0.060787955,0.007111332,0.822162466,0.000801548
15.79,2.420311332,0.716909486,-1.537887602,0.310904138,0.381076319,-0.021806778,-0.059529832,0.059543963,0.007404257,0.821117975,0.000794395
15.8,2.423446992,0.720682011,-1.538083491,0.311368179,0.380415326,-0.021436881,-0.058480981,0.05829997,0.007697182,0.820073484,0.000787243
15.81,2.426098245,0.725127348,-1.539458368,0.310363186,0.381483146,-0.037991988,-0.057957198,0.057665196,-0.008671265,0.824077705,-0.060217066
15.82,2.429287728,0.728825116,-1.539523259,0.310990453,0.380630063,-0.035741535,-0.056850006,0.056353512,-0.006527076,0.822472246,-0.053446757
15.83,2.43247721,0.732522884,-1.53958815,0.31161772,0.379776979,-0.033491083,-0.055742814,0.055041829,-0.004382888,0.820866786,-0.046676448
15.84,2.435666693,0.736220652,-1.53965304,0.312244988,0.378923896,-0.03124063,-0.054635622,0.053730145,-0.002238699,0.819261327,-0.039906139
15.85,2.438856175,0.73991842,-1.539717931,0.312872255,0.378070812,-0.028990177,-0.05352843,0.052418461,-0.0000945,0.817655867,-0.03313583
15.86,2.442045658,0.743616188,-1.539782822,0.313499523,0.377217728,-0.026739724,-0.052421237,0.051106777,0.002049678,0.816050408,-0.026365521
15.87,2.44523514,0.747313956,-1.539847713,0.31412679,0.376364645,-0.024489271,-0.051314045,0.049795093,0.004193867,0.814444948,-0.019595212
15.88,2.448424623,0.751011724,-1.539912603,0.314754058,0.375511561,-0.022238818,-0.050206853,0.048483409,0.006338055,0.812839489,-0.012824903
15.89,2.451614105,0.754709492,-1.539977494,0.315381325,0.374658478,-0.019988365,-0.049099661,0.047171725,0.008482244,0.811234029,-0.006054594
15.9,2.454803588,0.75840726,-1.540042385,0.316008593,0.373805394,-0.017737912,-0.047992469,0.045860041,0.010626432,0.80962857,0.000715715
15.91,2.457299503,0.763031433,-1.541725634,0.313961875,0.376278272,-0.007351877,-0.048562789,0.046693803,0.022835973,0.815479497,0.099997105
15.92,2.460566048,0.766626267,-1.541610707,0.314886252,0.375055637,-0.006005378,-0.047269207,0.045143736,0.023861789,0.81304555,0.096488405
15.93,2.463832594,0.770221101,-1.54149578,0.315810629,0.373833002,-0.004658879,-0.045975624,0.043593669,0.024887605,0.810611603,0.092979705
15.94,2.467099139,0.773815935,-1.541380853,0.316735006,0.372610368,-0.003312379,-0.044682042,0.042043602,0.025913421,0.808177656,0.089471005
15.95,2.470365685,0.777410769,-1.541265927,0.317659383,0.371387733,-0.00196588,-0.043388459,0.040493535,0.026939237,0.805743709,0.085962305
15.96,2.47363223,0.781005603,-1.541151,0.31858376,0.370165098,-0.000619381,-0.042094877,0.038943468,0.027965054,0.803309762,0.082453604
15.97,2.476898776,0.784600437,-1.541036073,0.319508136,0.368942463,0.000727119,-0.040801295,0.037393402,0.02899087,0.800875816,0.078944904
15.98,2.480165321,0.788195271,-1.540921146,0.320432513,0.367719828,0.002073618,-0.039507712,0.035843335,0.030016686,0.798441869,0.075436204
15.99,2.483431867,0.791790105,-1.540806219,0.32135689,0.366497193,0.003420117,-0.03821413,0.034293268,0.031042502,0.796007922,0.071927504
16,2.486698413,0.795384939,-1.540691293,0.322281267,0.365274558,0.004766616,-0.036920547,0.032743201,0.032068318,0.793573975,0.068418804
16.01,2.489010652,0.800246233,-1.541811306,0.320875984,0.367298304,0.005650598,-0.036792401,0.033044454,0.03355485,0.798201607,0.050516479
16.02,2.492383231,0.803700349,-1.541559164,0.322059212,0.36571496,0.007048488,-0.035369325,0.031288685,0.034529476,0.79498304,0.048607071
16.03,2.495755811,0.807154465,-1.541307021,0.32324244,0.364131617,0.008446378,-0.03394625,0.029532916,0.035504101,0.791764473,0.046697663
16.04,2.49912839,0.810608582,-1.541054879,0.324425669,0.362548273,0.009844268,-0.032523175,0.027777147,0.036478727,0.788545906,0.044788254
16.05,2.50250097,0.814062698,-1.540802737,0.325608897,0.360964929,0.011242158,-0.031100099,0.026021378,0.037453352,0.785327339,0.042878846
16.06,2.50587355,0.817516814,-1.540550594,0.326792125,0.359381585,0.012640048,-0.029677024,0.024265609,0.038427977,0.782108773,0.040969437
16.07,2.509246129,0.820970931,-1.540298452,0.327975353,0.357798241,0.014037939,-0.028253949,0.02250984,0.039402603,0.778890206,0.039060029
16.08,2.512618709,0.824425047,-1.540046309,0.329158581,0.356214898,0.015435829,-0.026830873,0.020754071,0.040377228,0.775671639,0.03715062
16.09,2.515991288,0.827879164,-1.539794167,0.330341809,0.354631554,0.016833719,-0.025407798,0.018998301,0.041351854,0.772453072,0.035241212
16.1,2.519363868,0.83133328,-1.539542025,0.331525037,0.35304821,0.018231609,-0.023984723,0.017242532,0.042326479,0.769234505,0.033331803
16.11,2.521583246,0.836354626,-1.540546992,0.33103669,0.354203168,0.019650505,-0.022952454,0.016644873,0.044199272,0.77184777,-0.913282548
16.12,2.525083959,0.839634606,-1.540155171,0.332405649,0.352315568,0.021046061,-0.021485956,0.014760425,0.045074101,0.767981222,-0.810224741
16.13,2.528584672,0.842914585,-1.53976335,0.333774608,0.350427969,0.022441617,-0.020019458,0.012875977,0.04594893,0.764114674,-0.707166933
16.14,2.532085385,0.846194565,-1.539371528,0.335143566,0.348540369,0.023837173,-0.018552959,0.010991529,0.046823759,0.760248125,-0.604109126
16.15,2.535586098,0.849474545,-1.538979707,0.336512525,0.34665277,0.02523273,-0.017086461,0.009107081,0.047698588,0.756381577,-0.501051319
16.16,2.539086811,0.852754525,-1.538587886,0.337881484,0.34476517,0.026628286,-0.015619963,0.007222633,0.048573417,0.752515029,-0.397993511
16.17,2.542587524,0.856034504,-1.538196064,0.339250442,0.342877571,0.028023842,-0.014153464,0.005338185,0.049448246,0.748648481,-0.294935704
16.18,2.546088238,0.859314484,-1.537804243,0.340619401,0.340989971,0.029419398,-0.012686966,0.003453737,0.050323075,0.744781933,-0.191877896
16.19,2.549588951,0.862594464,-1.537412422,0.34198836,0.339102372,0.030814955,-0.011220468,0.001569289,0.051197904,0.740915385,-0.088820089
16.2,2.553089664,0.865874444,-1.5370206,0.343357318,0.337214772,0.032210511,-0.009753969,-0.000315159,0.052072733,0.737048837,0.014237719
16.21,2.555293447,0.870962296,-1.537778152,0.343510746,0.337389297,0.035741227,-0.008183154,-0.001833486,0.055870067,0.737369229,0.730850254
16.22,2.558938263,0.874041401,-1.537258623,0.345014763,0.335272572,0.036899543,-0.006728246,-0.003758614,0.056420173,0.733037465,0.765735314
16.23,2.56258308,0.877120506,-1.536739093,0.346518781,0.333155848,0.038057859,-0.005273339,-0.005683742,0.056970279,0.728705701,0.800620374
16.24,2.566227896,0.880199611,-1.536219564,0.348022799,0.331039123,0.039216176,-0.003818431,-0.00760887,0.057520385,0.724373938,0.835505434
16.25,2.569872713,0.883278716,-1.535700034,0.349526816,0.328922399,0.040374492,-0.002363524,-0.009533998,0.058070492,0.720042174,0.870390494
16.26,2.573517529,0.886357821,-1.535180505,0.351030834,0.326805674,0.041532808,-0.000908616,-0.011459126,0.058620598,0.71571041,0.905275553
16.27,2.577162346,0.889436926,-1.534660976,0.352534852,0.32468895,0.042691125,0.000546291,-0.013384254,0.059170704,0.711378647,0.940160613
16.28,2.580807162,0.892516031,-1.534141446,0.354038869,0.322572225,0.043849441,0.002001199,-0.015309382,0.05972081,0.707046883,0.975045673
16.29,2.584451979,0.895595136,-1.533621917,0.355542887,0.320455501,0.045007757,0.003456106,-0.01723451,0.060270916,0.702715119,1.009930733
16.3,2.588096796,0.898674241,-1.533102387,0.357046904,0.318338776,0.046166073,0.004911014,-0.019159639,0.060821022,0.698383355,1.044815793
16.31,2.590317991,0.903778256,-1.531034282,0.357408716,0.318248603,0.099157791,0.006533132,-0.020790831,0.113699625,0.693786081,2.149624101
16.32,2.594120987,0.906632371,-1.530686816,0.359039645,0.315906706,0.094556841,0.00796946,-0.022748618,0.108435454,0.689483818,2.0656288
16.33,2.597923984,0.909486486,-1.530339351,0.360670575,0.313564809,0.08995589,0.009405789,-0.024706406,0.103171282,0.685181556,1.981633498
16.34,2.601726981,0.912340601,-1.529991885,0.362301504,0.311222913,0.08535494,0.010842117,-0.026664194,0.097907111,0.680879293,1.897638197
16.35,2.605529977,0.915194716,-1.52964442,0.363932434,0.308881016,0.080753989,0.012278446,-0.028621981,0.09264294,0.676577031,1.813642896
16.36,2.609332974,0.918048831,-1.529296955,0.365563363,0.306539119,0.076153039,0.013714775,-0.030579769,0.087378768,0.672274768,1.729647595
16.37,2.613135971,0.920902946,-1.528949489,0.367194293,0.304197222,0.071552088,0.015151103,-0.032537556,0.082114597,0.667972506,1.645652294
16.38,2.616938968,0.923757061,-1.528602024,0.368825222,0.301855326,0.066951138,0.016587432,-0.034495344,0.076850426,0.663670243,1.561656993
16.39,2.620741964,0.926611176,-1.528254558,0.370456152,0.299513429,0.062350187,0.01802376,-0.036453132,0.071586254,0.659367981,1.477661692
16.4,2.624544961,0.929465291,-1.527907093,0.372087081,0.297171532,0.057749236,0.019460089,-0.038410919,0.066322083,0.655065718,1.393666391
16.41,2.626985724,0.934284949,-1.526486397,0.37598949,0.291700056,-0.008196278,0.024460593,-0.045260295,-0.005024407,0.646220988,0.880891077
16.42,2.63094008,0.936920671,-1.526258179,0.377368033,0.28970589,-0.005981166,0.025500902,-0.046674573,-0.002946099,0.642423444,0.844538
16.43,2.634894436,0.939556392,-1.526029962,0.378746576,0.287711724,-0.003766054,0.026541211,-0.048088851,-0.00086779,0.6386259,0.808184922
16.44,2.638848792,0.942192113,-1.525801744,0.380125119,0.285717559,-0.001550942,0.02758152,-0.049503128,0.001210518,0.634828357,0.771831845
16.45,2.642803148,0.944827834,-1.525573526,0.381503662,0.283723393,0.00066417,0.028621829,-0.050917406,0.003288827,0.631030813,0.735478767
16.46,2.646757504,0.947463556,-1.525345309,0.382882205,0.281729227,0.002879283,0.029662139,-0.052331684,0.005367135,0.627233269,0.69912569
16.47,2.65071186,0.950099277,-1.525117091,0.384260747,0.279735061,0.005094395,0.030702448,-0.053745962,0.007445444,0.623435725,0.662772613
16.48,2.654666216,0.952734998,-1.524888874,0.38563929,0.277740896,0.007309507,0.031742757,-0.05516024,0.009523752,0.619638181,0.626419535
16.49,2.658620572,0.955370719,-1.524660656,0.387017833,0.27574673,0.009524619,0.032783066,-0.056574517,0.011602061,0.615840637,0.590066458
16.5,2.662574928,0.958006441,-1.524432438,0.388396376,0.273752564,0.011739731,0.033823375,-0.057988795,0.013680369,0.612043093,0.55371338
16.51,2.665363881,0.962328956,-1.52622246,0.391237462,0.269660583,0.013459037,0.037262505,-0.062773738,0.017133349,0.603163744,0.302756762
16.52,2.669447727,0.964777256,-1.525769994,0.3924535,0.267899508,0.015729239,0.038036279,-0.063813498,0.019058916,0.599930846,0.290248523
16.53,2.673531572,0.967225555,-1.525317527,0.393669538,0.266138433,0.01799944,0.038810052,-0.064853257,0.020984483,0.596697947,0.277740283
16.54,2.677615417,0.969673855,-1.524865061,0.394885576,0.264377357,0.020269642,0.039583826,-0.065893017,0.022910051,0.593465048,0.265232044
16.55,2.681699262,0.972122155,-1.524412595,0.396101614,0.262616282,0.022539844,0.040357599,-0.066932776,0.024835618,0.590232149,0.252723804
16.56,2.685783108,0.974570454,-1.523960128,0.397317652,0.260855207,0.024810046,0.041131373,-0.067972535,0.026761185,0.58699925,0.240215564
16.57,2.689866953,0.977018754,-1.523507662,0.39853369,0.259094132,0.027080248,0.041905146,-0.069012295,0.028686753,0.583766351,0.227707325
16.58,2.693950798,0.979467054,-1.523055195,0.399749729,0.257333057,0.02935045,0.042678919,-0.070052054,0.03061232,0.580533453,0.215199085
16.59,2.698034644,0.981915354,-1.522602729,0.400965767,0.255571982,0.031620651,0.043452693,-0.071091814,0.032537887,0.577300554,0.202690845
16.6,2.702118489,0.984363653,-1.522150262,0.402181805,0.253810907,0.033890853,0.044226466,-0.072131573,0.034463454,0.574067655,0.190182606
16.61,2.705181405,0.988292237,-1.524749539,0.404821185,0.250032898,0.015987105,0.047119978,-0.076124049,0.017948082,0.566460548,0.0838494
16.62,2.709378687,0.99057606,-1.52395799,0.405879074,0.248495927,0.020498857,0.047658225,-0.076835729,0.021922643,0.563713673,0.081766157
16.63,2.713575969,0.992859884,-1.523166441,0.406936963,0.246958956,0.025010609,0.048196472,-0.077547409,0.025897203,0.560966797,0.079682914
16.64,2.717773251,0.995143708,-1.522374892,0.407994852,0.245421984,0.02952236,0.048734719,-0.078259088,0.029871764,0.558219921,0.07759967
16.65,2.721970533,0.997427532,-1.521583343,0.409052741,0.243885013,0.034034112,0.049272966,-0.078970768,0.033846324,0.555473045,0.075516427
16.66,2.726167814,0.999711355,-1.520791794,0.41011063,0.242348041,0.038545864,0.049811213,-0.079682448,0.037820885,0.55272617,0.073433183
16.67,2.730365096,1.001995179,-1.520000245,0.411168519,0.24081107,0.043057616,0.05034946,-0.080394128,0.041795445,0.549979294,0.07134994
16.68,2.734562378,1.004279003,-1.519208696,0.412226408,0.239274098,0.047569368,0.050887707,-0.081105807,0.045770006,0.547232418,0.069266696
16.69,2.73875966,1.006562827,-1.518417146,0.413284297,0.237737127,0.05208112,0.051425954,-0.081817487,0.049744567,0.544485542,0.067183453
16.7,2.742956942,1.00884665,-1.517625597,0.414342186,0.236200155,0.056592871,0.051964201,-0.082529167,0.053719127,0.541738666,0.065100209
16.71,2.746237201,1.012469417,-1.519601261,0.416071889,0.233856474,0.086969876,0.053658684,-0.084688068,0.087136045,0.53575426,0.024700578
16.72,2.750536375,1.01460447,-1.518502243,0.417055132,0.232409137,0.088607711,0.05406846,-0.085238946,0.087839232,0.53336711,0.026874711
16.73,2.754835548,1.016739522,-1.517403226,0.418038375,0.2309618,0.090245545,0.054478236,-0.085789823,0.08854242,0.53097996,0.029048844
16.74,2.759134721,1.018874574,-1.516304209,0.419021618,0.229514463,0.09188338,0.054888013,-0.0863407,0.089245607,0.52859281,0.031222977
16.75,2.763433894,1.021009626,-1.515205192,0.42000486,0.228067126,0.093521215,0.055297789,-0.086891578,0.089948795,0.52620566,0.03339711
16.76,2.767733067,1.023144679,-1.514106175,0.420988103,0.226619789,0.09515905,0.055707565,-0.087442455,0.090651982,0.523818509,0.035571243
16.77,2.77203224,1.025279731,-1.513007158,0.421971346,0.225172452,0.096796885,0.056117341,-0.087993333,0.09135517,0.521431359,0.037745376
16.78,2.776331414,1.027414783,-1.511908141,0.422954589,0.223725115,0.09843472,0.056527117,-0.08854421,0.092058358,0.519044209,0.039919509
16.79,2.780630587,1.029549835,-1.510809124,0.423937832,0.222277778,0.100072555,0.056936894,-0.089095087,0.092761545,0.516657059,0.042093642
16.8,2.78492976,1.031684888,-1.509710107,0.424921075,0.220830441,0.10171039,0.05734667,-0.089645965,0.093464733,0.514269909,0.044267775
16.81,2.78838318,1.035087199,-1.509909344,0.426667981,0.21877433,0.106862327,0.058888908,-0.091301406,0.098314891,0.509845086,0.0019938
16.82,2.792776325,1.037081444,-1.508666076,0.427566372,0.217394635,0.108109706,0.059172855,-0.091729554,0.098557304,0.507684344,0.009106611
16.83,2.797169471,1.03907569,-1.507422809,0.428464764,0.216014939,0.109357085,0.059456802,-0.092157702,0.098799717,0.505523602,0.016219423
16.84,2.801562617,1.041069936,-1.506179541,0.429363155,0.214635244,0.110604464,0.059740749,-0.09258585,0.09904213,0.50336286,0.023332235
16.85,2.805955763,1.043064182,-1.504936274,0.430261547,0.213255548,0.111851843,0.060024696,-0.093013998,0.099284543,0.501202117,0.030445046
16.86,2.810348909,1.045058427,-1.503693006,0.431159938,0.211875853,0.113099222,0.060308643,-0.093442146,0.099526956,0.499041375,0.037557858
16.87,2.814742054,1.047052673,-1.502449738,0.43205833,0.210496157,0.114346601,0.06059259,-0.093870294,0.099769369,0.496880633,0.04467067
16.88,2.8191352,1.049046919,-1.501206471,0.432956721,0.209116461,0.115593981,0.060876538,-0.094298443,0.100011782,0.494719891,0.051783481
16.89,2.823528346,1.051041164,-1.499963203,0.433855113,0.207736766,0.11684136,0.061160485,-0.094726591,0.100254195,0.492559149,0.058896293
16.9,2.827921492,1.05303541,-1.498719935,0.434753504,0.20635707,0.118088739,0.061444432,-0.095154739,0.100496608,0.490398407,0.066009105
16.91,2.83154253,1.056261759,-1.498585,0.436376862,0.20485953,0.119621101,0.062708898,-0.096086065,0.101242177,0.487341768,0.080953423
16.92,2.836021465,1.058119104,-1.497218584,0.437194702,0.203492928,0.120836816,0.062883899,-0.096458305,0.101428684,0.48528057,0.087196068
16.93,2.840500401,1.05997645,-1.495852169,0.438012541,0.202126327,0.12205253,0.063058899,-0.096830544,0.10161519,0.483219372,0.093438712
16.94,2.844979336,1.061833795,-1.494485753,0.438830381,0.200759725,0.123268244,0.0632339,-0.097202783,0.101801697,0.481158174,0.099681356
16.95,2.849458272,1.06369114,-1.493119337,0.439648221,0.199393123,0.124483958,0.0634089,-0.097575023,0.101988204,0.479096976,0.105924
16.96,2.853937207,1.065548486,-1.491752922,0.44046606,0.198026522,0.125699673,0.063583901,-0.097947262,0.102174711,0.477035778,0.112166645
16.97,2.858416143,1.067405831,-1.490386506,0.4412839,0.19665992,0.126915387,0.063758902,-0.098319502,0.102361218,0.474974579,0.118409289
16.98,2.862895078,1.069263176,-1.489020091,0.442101739,0.195293318,0.128131101,0.063933902,-0.098691741,0.102547725,0.472913381,0.124651933
16.99,2.867374014,1.071120522,-1.487653675,0.442919579,0.193926717,0.129346816,0.064108903,-0.099063981,0.102734232,0.470852183,0.130894578
17,2.871852949,1.072977867,-1.486287259,0.443737419,0.192560115,0.13056253,0.064283903,-0.09943622,0.102920739,0.468790985,0.137137222
17.01,2.875630222,1.076078837,-1.485769242,0.445243235,0.191538033,0.136692014,0.065304382,-0.099798956,0.108188872,0.466907857,0.120163127
17.02,2.88018712,1.077798002,-1.48430856,0.445984633,0.190133151,0.137361754,0.06538544,-0.100172251,0.107810754,0.464826873,0.128985409
17.03,2.884744018,1.079517167,-1.482847878,0.446726031,0.188728269,0.138031494,0.065466499,-0.100545547,0.107432636,0.46274589,0.137807691
17.04,2.889300916,1.081236332,-1.481387196,0.447467429,0.187323388,0.138701234,0.065547557,-0.100918842,0.107054517,0.460664906,0.146629973
17.05,2.893857814,1.082955496,-1.479926514,0.448208826,0.185918506,0.139370974,0.065628616,-0.101292138,0.106676399,0.458583922,0.155452255
17.06,2.898414712,1.084674661,-1.478465831,0.448950224,0.184513625,0.140040713,0.065709675,-0.101665433,0.106298281,0.456502939,0.164274537
17.07,2.90297161,1.086393826,-1.477005149,0.449691622,0.183108743,0.140710453,0.065790733,-0.102038729,0.105920163,0.454421955,0.173096819
17.08,2.907528508,1.088112991,-1.475544467,0.450433019,0.181703862,0.141380193,0.065871792,-0.102412024,0.105542044,0.452340971,0.181919101
17.09,2.912085406,1.089832156,-1.474083785,0.451174417,0.18029898,0.142049933,0.065952851,-0.102785319,0.105163926,0.450259988,0.190741383
17.1,2.916642304,1.091551321,-1.472623103,0.451915815,0.178894098,0.142719673,0.066033909,-0.103158615,0.104785808,0.448179004,0.199563665
17.11,2.920567095,1.09457061,-1.471650429,0.453359608,0.178290085,0.145683074,0.066890316,-0.103067008,0.106361044,0.447314893,0.211547784
17.12,2.925194227,1.096145316,-1.470135524,0.454022961,0.176796218,0.146097962,0.066885225,-0.103491959,0.105765887,0.445098702,0.220018751
17.13,2.929821359,1.097720023,-1.468620619,0.454686315,0.175302351,0.146512851,0.066880133,-0.10391691,0.105170729,0.44288251,0.228489717
17.14,2.934448491,1.09929473,-1.467105714,0.455349669,0.173808484,0.146927739,0.066875042,-0.104341862,0.104575571,0.440666318,0.236960684
17.15,2.939075623,1.100869436,-1.465590808,0.456013023,0.172314617,0.147342628,0.066869951,-0.104766813,0.103980413,0.438450126,0.245431651
17.16,2.943702755,1.102444143,-1.464075903,0.456676377,0.17082075,0.147757517,0.06686486,-0.105191764,0.103385256,0.436233934,0.253902617
17.17,2.948329888,1.104018849,-1.462560998,0.45733973,0.169326884,0.148172405,0.066859769,-0.105616715,0.102790098,0.434017743,0.262373584
17.18,2.95295702,1.105593556,-1.461046093,0.458003084,0.167833017,0.148587294,0.066854678,-0.106041667,0.10219494,0.431801551,0.270844551
17.19,2.957584152,1.107168263,-1.459531188,0.458666438,0.16633915,0.149002182,0.066849586,-0.106466618,0.101599783,0.429585359,0.279315517
17.2,2.962211284,1.108742969,-1.458016283,0.459329792,0.164845283,0.149417071,0.066844495,-0.106891569,0.101004625,0.427369167,0.287786484
17.21,2.966279645,1.111716433,-1.457109614,0.460770932,0.164492079,0.145134049,0.067612609,-0.106558313,0.095175915,0.427269089,0.211158418
17.22,2.970968863,1.113135722,-1.455527127,0.461347865,0.162871472,0.146070927,0.067521606,-0.10706751,0.095162263,0.424817774,0.229084832
17.23,2.975658081,1.114555011,-1.45394464,0.461924798,0.161250864,0.147007806,0.067430603,-0.107576706,0.095148611,0.422366458,0.247011247
17.24,2.980347299,1.115974301,-1.452362153,0.462501731,0.159630257,0.147944684,0.0673396,-0.108085903,0.095134959,0.419915142,0.264937662
17.25,2.985036516,1.11739359,-1.450779666,0.463078664,0.15800965,0.148881563,0.067248598,-0.108595099,0.095121307,0.417463827,0.282864077
17.26,2.989725734,1.118812879,-1.449197179,0.463655598,0.156389042,0.149818442,0.067157595,-0.109104296,0.095107655,0.415012511,0.300790492
17.27,2.994414952,1.120232168,-1.447614692,0.464232531,0.154768435,0.15075532,0.067066592,-0.109613492,0.095094003,0.412561196,0.318716906
17.28,2.99910417,1.121651457,-1.446032205,0.464809464,0.153147828,0.151692199,0.066975589,-0.110122689,0.095080351,0.41010988,0.336643321
17.29,3.003793387,1.123070747,-1.444449718,0.465386397,0.15152722,0.152629077,0.066884587,-0.110631885,0.0950667,0.407658565,0.354569736
17.3,3.008482605,1.124490036,-1.442867231,0.46596333,0.149906613,0.153565956,0.066793584,-0.111141082,0.095053048,0.405207249,0.372496151
17.31,3.012693937,1.127441517,-1.44200555,0.467386471,0.149805428,0.156949261,0.067466887,-0.110589133,0.097473536,0.405590517,0.324516237
17.32,3.017436253,1.128690563,-1.440342973,0.467869381,0.148015996,0.157614315,0.067290961,-0.111216234,0.097189424,0.402824248,0.349765577
17.33,3.022178569,1.129939608,-1.438680397,0.468352291,0.146226564,0.158279368,0.067115035,-0.111843336,0.096905312,0.400057979,0.375014917
17.34,3.026920885,1.131188654,-1.437017821,0.468835201,0.144437132,0.158944422,0.06693911,-0.112470437,0.0966212,0.397291709,0.400264258
17.35,3.031663202,1.1324377,-1.435355244,0.469318111,0.1426477,0.159609475,0.066763184,-0.113097539,0.096337088,0.39452544,0.425513598
17.36,3.036405518,1.133686745,-1.433692668,0.469801021,0.140858268,0.160274528,0.066587259,-0.113724641,0.096052976,0.391759171,0.450762938
17.37,3.041147834,1.134935791,-1.432030091,0.470283931,0.139068836,0.160939582,0.066411333,-0.114351742,0.095768865,0.388992902,0.476012278
17.38,3.04589015,1.136184836,-1.430367515,0.470766841,0.137279404,0.161604635,0.066235407,-0.114978844,0.095484753,0.386226632,0.501261618
17.39,3.050632466,1.137433882,-1.428704938,0.471249751,0.135489972,0.162269689,0.066059482,-0.115605946,0.095200641,0.383460363,0.526510958
17.4,3.055374783,1.138682928,-1.427042362,0.471732661,0.13370054,0.162934742,0.065883556,-0.116233047,0.094916529,0.380694094,0.551760298
17.41,3.05972842,1.141635846,-1.425619381,0.473157196,0.133809198,0.170777593,0.066490923,-0.11552645,0.101554514,0.381306637,0.661070009
17.42,3.064513923,1.142695573,-1.423930183,0.473535481,0.131808867,0.170645113,0.066227965,-0.11630174,0.10050128,0.378164944,0.676979308
17.43,3.069299426,1.143755299,-1.422240985,0.473913766,0.129808536,0.170512633,0.065965007,-0.11707703,0.099448046,0.375023251,0.692888607
17.44,3.074084928,1.144815025,-1.420551786,0.474292051,0.127808205,0.170380154,0.065702048,-0.117852321,0.098394812,0.371881558,0.708797906
17.45,3.078870431,1.145874752,-1.418862588,0.474670336,0.125807874,0.170247674,0.06543909,-0.118627611,0.097341579,0.368739865,0.724707205
17.46,3.083655934,1.146934478,-1.41717339,0.47504862,0.123807543,0.170115195,0.065176132,-0.119402902,0.096288345,0.365598172,0.740616504
17.47,3.088441437,1.147994204,-1.415484192,0.475426905,0.121807212,0.169982715,0.064913174,-0.120178192,0.095235111,0.36245648,0.756525803
17.48,3.09322694,1.149053931,-1.413794993,0.47580519,0.119806881,0.169850235,0.064650216,-0.120953482,0.094181878,0.359314787,0.772435102
17.49,3.098012442,1.150113657,-1.412105795,0.476183475,0.11780655,0.169717756,0.064387258,-0.121728773,0.093128644,0.356173094,0.788344401
17.5,3.102797945,1.151173383,-1.410416597,0.47656176,0.115806219,0.169585276,0.0641243,-0.122504063,0.09207541,0.353031401,0.8042537
17.51,3.107299441,1.154114078,-1.40902416,0.478096158,0.115404851,0.161132492,0.064780793,-0.122378151,0.081753962,0.353627889,0.958258153
17.52,3.1121165,1.154964808,-1.407301988,0.478345986,0.113226858,0.161924491,0.064415673,-0.123253575,0.081730529,0.350070842,0.958823546
17.53,3.116933559,1.155815538,-1.405579816,0.478595814,0.111048864,0.162716489,0.064050554,-0.124128999,0.081707097,0.346513796,0.959388938
17.54,3.121750618,1.156666268,-1.403857645,0.478845642,0.10887087,0.163508488,0.063685435,-0.125004423,0.081683665,0.34295675,0.959954331
17.55,3.126567677,1.157516998,-1.402135473,0.47909547,0.106692877,0.164300487,0.063320316,-0.125879847,0.081660233,0.339399703,0.960519724
17.56,3.131384736,1.158367727,-1.400413301,0.479345298,0.104514883,0.165092485,0.062955197,-0.126755271,0.081636801,0.335842657,0.961085117
17.57,3.136201795,1.159218457,-1.398691129,0.479595126,0.102336889,0.165884484,0.062590077,-0.127630695,0.081613369,0.332285611,0.96165051
17.58,3.141018855,1.160069187,-1.396968957,0.479844954,0.100158896,0.166676483,0.062224958,-0.128506119,0.081589937,0.328728565,0.962215903
17.59,3.145835914,1.160919917,-1.395246786,0.480094782,0.097980902,0.167468482,0.061859839,-0.129381543,0.081566505,0.325171518,0.962781296
17.6,3.150652973,1.161770647,-1.393524614,0.48034461,0.095802908,0.16826048,0.06149472,-0.130256967,0.081543073,0.321614472,0.963346689
17.61,3.155307088,1.164688469,-1.391629554,0.481858139,0.095768621,0.186765249,0.062064695,-0.129776567,0.099211322,0.322041469,0.957805397
17.62,3.160142252,1.165309522,-1.389926592,0.481967556,0.093352438,0.185589162,0.061595676,-0.130802638,0.097222148,0.318041751,0.95904931
17.63,3.164977416,1.165930575,-1.38822363,0.482076973,0.090936254,0.184413075,0.061126658,-0.131828709,0.095232974,0.314042033,0.960293223
17.64,3.16981258,1.166551628,-1.386520668,0.48218639,0.088520071,0.183236988,0.060657639,-0.13285478,0.093243799,0.310042316,0.961537137
17.65,3.174647744,1.167172681,-1.384817706,0.482295806,0.086103888,0.182060902,0.060188621,-0.133880852,0.091254625,0.306042598,0.96278105
17.66,3.179482908,1.167793734,-1.383114744,0.482405223,0.083687705,0.180884815,0.059719602,-0.134906923,0.089265451,0.30204288,0.964024964
17.67,3.184318072,1.168414787,-1.381411782,0.48251464,0.081271521,0.179708728,0.059250583,-0.135932994,0.087276276,0.298043162,0.965268877
17.68,3.189153236,1.169035839,-1.37970882,0.482624056,0.078855338,0.178532641,0.058781565,-0.136959065,0.085287102,0.294043445,0.966512791
17.69,3.1939884,1.169656892,-1.378005858,0.482733473,0.076439155,0.177356554,0.058312546,-0.137985136,0.083297927,0.290043727,0.967756704
17.7,3.198823564,1.170277945,-1.376302896,0.48284289,0.074022972,0.176180467,0.057843528,-0.139011207,0.081308753,0.286044009,0.969000617
17.71,3.203630502,1.173136116,-1.374529696,0.484380946,0.072835623,0.155239209,0.058381032,-0.139731908,0.05776415,0.286644013,0.967913304
17.72,3.208468803,1.1735086,-1.372834538,0.484331625,0.070282903,0.156259252,0.057800178,-0.140791909,0.058170023,0.282133215,0.969416242
17.73,3.213307103,1.173881084,-1.37113938,0.484282304,0.067730182,0.157279295,0.057219323,-0.14185191,0.058575896,0.277622417,0.970919181
17.74,3.218145403,1.174253568,-1.369444223,0.484232983,0.065177462,0.158299339,0.056638469,-0.142911911,0.05898177,0.273111619,0.97242212
17.75,3.222983704,1.174626052,-1.367749065,0.484183662,0.062624741,0.159319382,0.056057615,-0.143971913,0.059387643,0.268600821,0.973925058
17.76,3.227822004,1.174998537,-1.366053907,0.484134341,0.060072021,0.160339425,0.05547676,-0.145031914,0.059793516,0.264090023,0.975427997
17.77,3.232660304,1.175371021,-1.364358749,0.48408502,0.0575193,0.161359469,0.054895906,-0.146091915,0.060199389,0.259579225,0.976930936
17.78,3.237498605,1.175743505,-1.362663592,0.484035699,0.05496658,0.162379512,0.054315051,-0.147151917,0.060605263,0.255068427,0.978433874
17.79,3.242336905,1.176115989,-1.360968434,0.483986378,0.05241386,0.163399555,0.053734197,-0.148211918,0.061011136,0.250557629,0.979936813
17.8,3.247175205,1.176488473,-1.359273276,0.483937057,0.049861139,0.164419599,0.053153342,-0.149271919,0.061417009,0.246046831,0.981439752
17.81,3.252140828,1.17932632,-1.355494701,0.485555131,0.050793827,0.225464129,0.053717114,-0.147800513,0.122212655,0.248304284,0.652917505
17.82,3.256964982,1.179424875,-1.354031034,0.485320544,0.047853839,0.219814785,0.053009079,-0.149141782,0.115908554,0.243041458,0.691089908
17.83,3.261789135,1.17952343,-1.352567367,0.485085957,0.044913851,0.214165441,0.052301044,-0.150483051,0.109604452,0.237778632,0.729262312
17.84,3.266613289,1.179621985,-1.3511037,0.48485137,0.041973863,0.208516097,0.051593009,-0.15182432,0.103300351,0.232515807,0.767434716
17.85,3.271437442,1.17972054,-1.349640033,0.484616783,0.039033875,0.202866753,0.050884974,-0.153165588,0.096996249,0.227252981,0.80560712
17.86,3.276261595,1.179819095,-1.348176366,0.484382196,0.036093886,0.197217409,0.050176938,-0.154506857,0.090692148,0.221990155,0.843779523
17.87,3.281085749,1.17991765,-1.346712699,0.484147608,0.033153898,0.191568064,0.049468903,-0.155848126,0.084388046,0.21672733,0.881951927
17.88,3.285909902,1.180016205,-1.345249032,0.483913021,0.03021391,0.18591872,0.048760868,-0.157189395,0.078083945,0.211464504,0.920124331
17.89,3.290734056,1.18011476,-1.343785365,0.483678434,0.027273922,0.180269376,0.048052833,-0.158530663,0.071779843,0.206201678,0.958296735
17.9,3.295558209,1.180213315,-1.342321698,0.483443847,0.024333934,0.174620032,0.047344798,-0.159871932,0.065475742,0.200938852,0.996469138
17.91,3.300658916,1.182995733,-1.338748807,0.484506618,0.022046618,0.109468827,0.04729689,-0.161767671,-0.006003913,0.202724523,1.509399763
17.92,3.305452341,1.182796081,-1.337519498,0.48412788,0.019034111,0.110430801,0.046515507,-0.163047332,-0.005066286,0.196678531,1.494821253
17.93,3.310245766,1.182596429,-1.33629019,0.483749142,0.016021604,0.111392775,0.045734124,-0.164326993,-0.004128659,0.190632539,1.480242744
17.94,3.315039192,1.182396778,-1.335060881,0.483370404,0.013009097,0.112354748,0.044952742,-0.165606654,-0.003191033,0.184586547,1.465664234
17.95,3.319832617,1.182197126,-1.333831572,0.482991666,0.00999659,0.113316722,0.044171359,-0.166886314,-0.002253406,0.178540555,1.451085724
17.96,3.324626042,1.181997474,-1.332602263,0.482612928,0.006984082,0.114278696,0.043389977,-0.168165975,-0.001315779,0.172494563,1.436507215
17.97,3.329419468,1.181797822,-1.331372955,0.48223419,0.003971575,0.11524067,0.042608594,-0.169445636,-0.000378153,0.166448571,1.421928705
17.98,3.334212893,1.18159817,-1.330143646,0.481855451,0.000959068,0.116202644,0.041827212,-0.170725297,0.000559474,0.160402579,1.407350195
17.99,3.339006318,1.181398518,-1.328914337,0.481476713,-0.002053439,0.117164618,0.041045829,-0.172004958,0.001497101,0.154356587,1.392771686
18,3.343799744,1.181198866,-1.327685029,0.481097975,-0.005065946,0.118126592,0.040264446,-0.173284619,0.002434727,0.148310595,1.378193176
18.01,3.349014219,1.183784916,-1.32674577,0.482345954,-0.00681604,0.13060945,0.040406537,-0.174453562,0.015737102,0.147214142,1.228164217
18.02,3.353760861,1.183275741,-1.325484233,0.48178647,-0.009968815,0.130291326,0.039522546,-0.175745525,0.015300868,0.140618202,1.228635758
18.03,3.358507503,1.182766567,-1.324222697,0.481226985,-0.013121591,0.129973201,0.038638555,-0.177037488,0.014864634,0.134022261,1.229107298
18.04,3.363254145,1.182257393,-1.32296116,0.480667501,-0.016274366,0.129655077,0.037754565,-0.178329451,0.014428399,0.12742632,1.229578838
18.05,3.368000787,1.181748219,-1.321699624,0.480108016,-0.019427141,0.129336953,0.036870574,-0.179621414,0.013992165,0.120830379,1.230050378
18.06,3.372747429,1.181239045,-1.320438087,0.479548532,-0.022579916,0.129018828,0.035986583,-0.180913377,0.013555931,0.114234439,1.230521919
18.07,3.377494071,1.18072987,-1.319176551,0.478989047,-0.025732692,0.128700704,0.035102593,-0.18220534,0.013119697,0.107638498,1.230993459
18.08,3.382240713,1.180220696,-1.317915014,0.478429563,-0.028885467,0.12838258,0.034218602,-0.183497303,0.012683462,0.101042557,1.231464999
18.09,3.386987354,1.179711522,-1.316653478,0.477870078,-0.032038242,0.128064456,0.033334611,-0.184789266,0.012247228,0.094446616,1.231936539
18.1,3.391733996,1.179202348,-1.315391941,0.477310594,-0.035191018,0.127746331,0.03245062,-0.186081229,0.011810994,0.087850676,1.232408079
18.11,3.397066904,1.181547316,-1.313833096,0.478415382,-0.038051689,0.127648863,0.032435311,-0.188243855,0.011202805,0.08488238,1.22620742
18.12,3.401748405,1.180721015,-1.312604594,0.477670979,-0.041236921,0.127306222,0.0314548,-0.189439078,0.010785677,0.077883367,1.227420316
18.13,3.406429906,1.179894714,-1.311376091,0.476926575,-0.044422152,0.12696358,0.030474289,-0.1906343,0.010368549,0.070884355,1.228633212
18.14,3.411111407,1.179068413,-1.310147589,0.476182171,-0.047607383,0.126620938,0.029493779,-0.191829523,0.009951421,0.063885342,1.229846108
18.15,3.415792909,1.178242111,-1.308919087,0.475437768,-0.050792614,0.126278297,0.028513268,-0.193024745,0.009534292,0.05688633,1.231059003
18.16,3.42047441,1.17741581,-1.307690585,0.474693364,-0.053977845,0.125935655,0.027532757,-0.194219968,0.009117164,0.049887318,1.232271899
18.17,3.425155911,1.176589509,-1.306462083,0.47394896,-0.057163077,0.125593013,0.026552246,-0.195415191,0.008700036,0.042888305,1.233484795
18.18,3.429837413,1.175763208,-1.305233581,0.473204556,-0.060348308,0.125250372,0.025571735,-0.196610413,0.008282908,0.035889293,1.23469769
18.19,3.434518914,1.174936906,-1.304005078,0.472460153,-0.063533539,0.12490773,0.024591224,-0.197805636,0.00786578,0.02889028,1.235910586
18.2,3.439200415,1.174110605,-1.302776576,0.471715749,-0.06671877,0.124565088,0.023610713,-0.199000859,0.007448651,0.021891268,1.237123482
18.21,3.444636882,1.176155205,-1.301224657,0.472673663,-0.069863403,0.124524068,0.02345006,-0.201231183,0.006957729,0.017510984,1.308130126
18.22,3.449234498,1.175009915,-1.30003209,0.471740113,-0.073053145,0.124147913,0.022378454,-0.202311394,0.0065488,0.010221002,1.301588161
18.23,3.453832114,1.173864624,-1.298839523,0.470806563,-0.076242887,0.123771757,0.021306848,-0.203391606,0.006139871,0.002931019,1.295046195
18.24,3.458429731,1.172719334,-1.297646956,0.469873012,-0.07943263,0.123395602,0.020235242,-0.204471817,0.005730943,-0.004358963,1.28850423
18.25,3.463027347,1.171574044,-1.296454389,0.468939462,-0.082622372,0.123019447,0.019163636,-0.205552028,0.005322014,-0.011648945,1.281962265
18.26,3.467624963,1.170428754,-1.295261822,0.468005912,-0.085812114,0.122643292,0.018092029,-0.20663224,0.004913085,-0.018938927,1.2754203
18.27,3.47222258,1.169283464,-1.294069255,0.467072362,-0.089001856,0.122267137,0.017020423,-0.207712451,0.004504156,-0.026228909,1.268878334
18.28,3.476820196,1.168138174,-1.292876688,0.466138812,-0.092191598,0.121890982,0.015948817,-0.208792663,0.004095227,-0.033518892,1.262336369
18.29,3.481417812,1.166992883,-1.291684121,0.465205262,-0.095381341,0.121514826,0.014877211,-0.209872874,0.003686298,-0.040808874,1.255794404
18.3,3.486015428,1.165847593,-1.290491554,0.464271712,-0.098571083,0.121138671,0.013805605,-0.210953085,0.003277369,-0.048098856,1.249252439
18.31,3.491551816,1.167604967,-1.287899872,0.46535572,-0.101027589,0.141969832,0.013787112,-0.21227225,0.02370772,-0.052435688,1.07668476
18.32,3.496045125,1.166137158,-1.286862762,0.464197997,-0.104298802,0.139237308,0.012598493,-0.213325911,0.020983316,-0.060053798,1.088590096
18.33,3.500538433,1.16466935,-1.285825653,0.463040274,-0.107570014,0.136504785,0.011409874,-0.214379572,0.018258912,-0.067671908,1.100495433
18.34,3.505031741,1.163201542,-1.284788543,0.46188255,-0.110841227,0.133772261,0.010221256,-0.215433233,0.015534507,-0.075290018,1.112400769
18.35,3.50952505,1.161733733,-1.283751433,0.460724827,-0.11411244,0.131039738,0.009032637,-0.216486894,0.012810103,-0.082908128,1.124306105
18.36,3.514018358,1.160265925,-1.282714323,0.459567104,-0.117383653,0.128307214,0.007844018,-0.217540555,0.010085698,-0.090526238,1.136211441
18.37,3.518511666,1.158798116,-1.281677214,0.45840938,-0.120654866,0.12557469,0.006655399,-0.218594216,0.007361294,-0.098144348,1.148116777
18.38,3.523004975,1.157330308,-1.280640104,0.457251657,-0.123926079,0.122842167,0.00546678,-0.219647877,0.00463689,-0.105762458,1.160022114
18.39,3.527498283,1.1558625,-1.279602994,0.456093934,-0.127197292,0.120109643,0.004278162,-0.220701538,0.001912485,-0.113380568,1.17192745
18.4,3.531991591,1.154394691,-1.278565884,0.45493621,-0.130468505,0.11737712,0.003089543,-0.221755199,-0.000811919,-0.120998678,1.183832786
18.41,3.537601059,1.155827767,-1.277297844,0.455243826,-0.134698798,0.07008039,0.002296506,-0.224716235,-0.050552493,-0.126339211,1.346435234
18.42,3.541970349,1.154037638,-1.276286393,0.453923287,-0.137863446,0.072299445,0.001063934,-0.225557965,-0.048052879,-0.134210386,1.341596447
18.43,3.54633964,1.152247509,-1.275274943,0.452602749,-0.141028095,0.0745185,-0.000168638,-0.226399695,-0.045553264,-0.14208156,1.336757659
18.44,3.550708931,1.15045738,-1.274263492,0.45128221,-0.144192743,0.076737555,-0.001401211,-0.227241426,-0.04305365,-0.149952734,1.331918872
18.45,3.555078221,1.148667252,-1.273252041,0.449961671,-0.147357392,0.07895661,-0.002633783,-0.228083156,-0.040554036,-0.157823908,1.327080085
18.46,3.559447512,1.146877123,-1.27224059,0.448641132,-0.15052204,0.081175664,-0.003866355,-0.228924887,-0.038054421,-0.165695082,1.322241297
18.47,3.563816803,1.145086994,-1.271229139,0.447320593,-0.153686689,0.083394719,-0.005098928,-0.229766617,-0.035554807,-0.173566256,1.31740251
18.48,3.568186093,1.143296865,-1.270217689,0.446000055,-0.156851337,0.085613774,-0.0063315,-0.230608347,-0.033055192,-0.18143743,1.312563723
18.49,3.572555384,1.141506736,-1.269206238,0.444679516,-0.160015986,0.087832829,-0.007564072,-0.231450078,-0.030555578,-0.189308605,1.307724935
18.5,3.576924675,1.139716607,-1.268194787,0.443358977,-0.163180634,0.090051884,-0.008796645,-0.232291808,-0.028055963,-0.197179779,1.302886148
18.51,3.582582953,1.140777714,-1.267994077,0.443967649,-0.16650349,0.116006794,-0.009209321,-0.234049304,0.00042916,-0.204909721,1.317078819
18.52,3.586809023,1.138670781,-1.266892544,0.442432753,-0.16965056,0.115588531,-0.010532993,-0.234789282,0.0000415,-0.212796588,1.310125426
18.53,3.591035093,1.136563848,-1.265791011,0.440897858,-0.17279763,0.115170269,-0.011856665,-0.235529261,-0.000346169,-0.220683454,1.303172032
18.54,3.595261163,1.134456915,-1.264689478,0.439362962,-0.1759447,0.114752007,-0.013180337,-0.23626924,-0.000733833,-0.228570321,1.296218638
18.55,3.599487232,1.132349983,-1.263587944,0.437828067,-0.17909177,0.114333744,-0.014504009,-0.237009218,-0.001121498,-0.236457187,1.289265244
18.56,3.603713302,1.13024305,-1.262486411,0.436293171,-0.182238839,0.113915482,-0.015827681,-0.237749197,-0.001509162,-0.244344054,1.28231185
18.57,3.607939372,1.128136117,-1.261384878,0.434758276,-0.185385909,0.113497219,-0.017151353,-0.238489176,-0.001896826,-0.25223092,1.275358456
18.58,3.612165442,1.126029184,-1.260283345,0.43322338,-0.188532979,0.113078957,-0.018475025,-0.239229154,-0.00228449,-0.260117787,1.268405062
18.59,3.616391512,1.123922252,-1.259181812,0.431688484,-0.191680049,0.112660694,-0.019798696,-0.239969133,-0.002672155,-0.268004654,1.261451668
18.6,3.620617581,1.121815319,-1.258080279,0.430153589,-0.194827119,0.112242432,-0.021122368,-0.240709112,-0.003059819,-0.27589152,1.254498274
18.61,3.626289994,1.122466667,-1.256609626,0.429877857,-0.19948558,0.1116787,-0.022378181,-0.243626463,-0.003941851,-0.284698755,1.319262251
18.62,3.630355359,1.120053259,-1.255549106,0.428203055,-0.202464717,0.111276601,-0.023709393,-0.244124511,-0.004274585,-0.292483359,1.304340261
18.63,3.634420724,1.11763985,-1.254488586,0.426528252,-0.205443855,0.110874501,-0.025040604,-0.24462256,-0.00460732,-0.300267962,1.28941827
18.64,3.638486089,1.115226442,-1.253428067,0.424853449,-0.208422992,0.110472402,-0.026371816,-0.245120608,-0.004940054,-0.308052565,1.274496279
18.65,3.642551454,1.112813033,-1.252367547,0.423178647,-0.21140213,0.110070303,-0.027703028,-0.245618657,-0.005272789,-0.315837169,1.259574289
18.66,3.646616819,1.110399625,-1.251307027,0.421503844,-0.214381267,0.109668204,-0.02903424,-0.246116705,-0.005605523,-0.323621772,1.244652298
18.67,3.650682184,1.107986217,-1.250246508,0.419829041,-0.217360405,0.109266105,-0.030365452,-0.246614754,-0.005938258,-0.331406375,1.229730307
18.68,3.654747549,1.105572808,-1.249185988,0.418154239,-0.220339542,0.108864006,-0.031696663,-0.247112802,-0.006270992,-0.339190979,1.214808317
18.69,3.658812914,1.1031594,-1.248125468,0.416479436,-0.223318679,0.108461906,-0.033027875,-0.24761085,-0.006603727,-0.346975582,1.199886326
18.7,3.662878279,1.100745991,-1.247064949,0.414804633,-0.226297817,0.108059807,-0.034359087,-0.248108899,-0.006936461,-0.354760185,1.184964335
18.71,3.668495089,1.100916334,-1.246391328,0.414061036,-0.231126262,0.092677499,-0.035957184,-0.250904498,-0.022548866,-0.362954862,1.062839033
18.72,3.672388072,1.098215842,-1.245287819,0.412282766,-0.23389992,0.093939868,-0.037258742,-0.251147263,-0.021183859,-0.370693901,1.059828521
18.73,3.676281054,1.09551535,-1.244184311,0.410504496,-0.236673579,0.095202236,-0.0385603,-0.251390028,-0.019818853,-0.378432941,1.056818009
18.74,3.680174036,1.092814858,-1.243080802,0.408726226,-0.239447238,0.096464605,-0.039861858,-0.251632793,-0.018453846,-0.386171981,1.053807498
18.75,3.684067018,1.090114367,-1.241977294,0.406947956,-0.242220897,0.097726973,-0.041163416,-0.251875558,-0.01708884,-0.39391102,1.050796986
18.76,3.68796,1.087413875,-1.240873786,0.405169686,-0.244994556,0.098989342,-0.042464973,-0.252118324,-0.015723833,-0.40165006,1.047786475
18.77,3.691852982,1.084713383,-1.239770277,0.403391417,-0.247768215,0.10025171,-0.043766531,-0.252361089,-0.014358826,-0.4093891,1.044775963
18.78,3.695745964,1.082012891,-1.238666769,0.401613147,-0.250541874,0.101514079,-0.045068089,-0.252603854,-0.01299382,-0.41712814,1.041765451
18.79,3.699638946,1.079312399,-1.23756326,0.399834877,-0.253315533,0.102776447,-0.046369647,-0.252846619,-0.011628813,-0.424867179,1.03875494
18.8,3.703531929,1.076611907,-1.236459752,0.398056607,-0.256089192,0.104038816,-0.047671205,-0.253089384,-0.010263807,-0.432606219,1.035744428
18.81,3.709124558,1.07639399,-1.235656687,0.398320621,-0.259095056,0.122011998,-0.048101881,-0.253782842,0.009040519,-0.440021776,0.995083332
18.82,3.712828691,1.073417657,-1.234519796,0.396315431,-0.261842914,0.121417609,-0.049500203,-0.25397553,0.008412268,-0.447796758,0.996256219
18.83,3.716532823,1.070441323,-1.233382905,0.39431024,-0.264590772,0.120823221,-0.050898526,-0.254168218,0.007784017,-0.455571741,0.997429105
18.84,3.720236955,1.06746499,-1.232246014,0.39230505,-0.267338631,0.120228832,-0.052296848,-0.254360906,0.007155766,-0.463346723,0.998601992
18.85,3.723941088,1.064488656,-1.231109123,0.39029986,-0.270086489,0.119634443,-0.053695171,-0.254553594,0.006527514,-0.471121705,0.999774879
18.86,3.72764522,1.061512322,-1.229972232,0.388294669,-0.272834347,0.119040055,-0.055093493,-0.254746282,0.005899263,-0.478896687,1.000947766
18.87,3.731349353,1.058535989,-1.228835341,0.386289479,-0.275582206,0.118445666,-0.056491816,-0.25493897,0.005271012,-0.48667167,1.002120652
18.88,3.735053485,1.055559655,-1.22769845,0.384284288,-0.278330064,0.117851278,-0.057890139,-0.255131658,0.004642761,-0.494446652,1.003293539
18.89,3.738757617,1.052583322,-1.226561559,0.382279098,-0.281077922,0.117256889,-0.059288461,-0.255324346,0.00401451,-0.502221634,1.004466426
18.9,3.74246175,1.049606988,-1.225424667,0.380273908,-0.283825781,0.116662501,-0.060686784,-0.255517034,0.003386259,-0.509996616,1.005639312
18.91,3.748051067,1.049053779,-1.223844097,0.379808656,-0.287672429,0.114246246,-0.061803657,-0.256981932,0.000370715,-0.518082581,1.005918173
18.92,3.751545734,1.045808209,-1.222756504,0.377632362,-0.2902982,0.113854287,-0.063233252,-0.257033263,0.00000772,-0.525823009,1.007190396
18.93,3.755040402,1.04256264,-1.22166891,0.375456067,-0.29292397,0.113462328,-0.064662847,-0.257084595,-0.000355278,-0.533563438,1.008462619
18.94,3.758535069,1.03931707,-1.220581317,0.373279772,-0.295549741,0.113070369,-0.066092441,-0.257135926,-0.000718274,-0.541303867,1.009734842
18.95,3.762029737,1.0360715,-1.219493724,0.371103477,-0.298175511,0.11267841,-0.067522036,-0.257187257,-0.001081271,-0.549044295,1.011007065
18.96,3.765524404,1.032825931,-1.218406131,0.368927183,-0.300801282,0.112286451,-0.068951631,-0.257238589,-0.001444267,-0.556784724,1.012279288
18.97,3.769019071,1.029580361,-1.217318537,0.366750888,-0.303427052,0.111894492,-0.070381225,-0.25728992,-0.001807264,-0.564525153,1.013551511
18.98,3.772513739,1.026334791,-1.216230944,0.364574593,-0.306052823,0.111502533,-0.07181082,-0.257341252,-0.00217026,-0.572265581,1.014823734
18.99,3.776008406,1.023089222,-1.215143351,0.362398298,-0.308678594,0.111110574,-0.073240415,-0.257392583,-0.002533257,-0.58000601,1.016095957
19,3.779503073,1.019843652,-1.214055757,0.360222003,-0.311304364,0.110718615,-0.074670009,-0.257443914,-0.002896253,-0.587746439,1.01736818
19.01,3.785008442,1.018877073,-1.212974306,0.359007213,-0.315692552,0.103151657,-0.076424735,-0.259303862,-0.010760945,-0.596865371,1.025952927
19.02,3.788279698,1.015378282,-1.211886031,0.356724085,-0.318122499,0.10355692,-0.077818204,-0.259154236,-0.01029042,-0.604452633,1.026412648
19.03,3.791550955,1.011879491,-1.210797755,0.354440956,-0.320552445,0.103962183,-0.079211673,-0.25900461,-0.009819895,-0.612039894,1.026872368
19.04,3.794822211,1.0083807,-1.209709479,0.352157827,-0.322982392,0.104367446,-0.080605142,-0.258854984,-0.009349369,-0.619627156,1.027332088
19.05,3.798093467,1.004881909,-1.208621203,0.349874699,-0.325412338,0.104772709,-0.081998611,-0.258705358,-0.008878844,-0.627214417,1.027791808
19.06,3.801364723,1.001383118,-1.207532927,0.34759157,-0.327842284,0.105177973,-0.08339208,-0.258555732,-0.008408319,-0.634801679,1.028251528
19.07,3.804635979,0.997884328,-1.206444652,0.345308442,-0.330272231,0.105583236,-0.084785549,-0.258406106,-0.007937793,-0.642388941,1.028711248
19.08,3.807907235,0.994385537,-1.205356376,0.343025313,-0.332702177,0.105988499,-0.086179018,-0.25825648,-0.007467268,-0.649976202,1.029170969
19.09,3.811178491,0.990886746,-1.2042681,0.340742184,-0.335132123,0.106393762,-0.087572487,-0.258106854,-0.006996743,-0.657563464,1.029630689
19.1,3.814449747,0.987387955,-1.203179824,0.338459056,-0.33756207,0.106799025,-0.088965956,-0.257957228,-0.006526217,-0.665150726,1.030090409
19.11,3.819815195,0.985982386,-1.202326023,0.336882352,-0.341921942,0.109811953,-0.090907123,-0.259602865,-0.003024555,-0.675257341,1.033029085
19.12,3.822853763,0.982251015,-1.201211694,0.334520731,-0.344137452,0.109927475,-0.092239737,-0.259253765,-0.002890823,-0.682564674,1.033213366
19.13,3.825892331,0.978519644,-1.200097366,0.332159111,-0.346352962,0.110042998,-0.09357235,-0.258904666,-0.00275709,-0.689872008,1.033397646
19.14,3.828930899,0.974788273,-1.198983037,0.329797491,-0.348568472,0.110158521,-0.094904964,-0.258555566,-0.002623358,-0.697179341,1.033581927
19.15,3.831969467,0.971056902,-1.197868709,0.327435871,-0.350783982,0.110274043,-0.096237578,-0.258206467,-0.002489626,-0.704486674,1.033766208
19.16,3.835008036,0.967325531,-1.19675438,0.325074251,-0.352999492,0.110389566,-0.097570191,-0.257857367,-0.002355893,-0.711794008,1.033950488
19.17,3.838046604,0.963594159,-1.195640052,0.322712631,-0.355215003,0.110505089,-0.098902805,-0.257508268,-0.002222161,-0.719101341,1.034134769
19.18,3.841085172,0.959862788,-1.194525723,0.32035101,-0.357430513,0.110620611,-0.100235419,-0.257159168,-0.002088429,-0.726408675,1.03431905
19.19,3.84412374,0.956131417,-1.193411395,0.31798939,-0.359646023,0.110736134,-0.101568033,-0.256810069,-0.001954697,-0.733716008,1.03450333
19.2,3.847162308,0.952400046,-1.192297066,0.31562777,-0.361861533,0.110851656,-0.102900646,-0.256460969,-0.001820964,-0.741023342,1.034687611
19.21,3.852336971,0.950551803,-1.191336311,0.313398585,-0.366316514,0.109976633,-0.105300177,-0.258037151,-0.002557419,-0.751801957,1.035654824
19.22,3.855138196,0.946611196,-1.190204918,0.31102225,-0.368283194,0.110202216,-0.106514244,-0.257474131,-0.002327,-0.758723592,1.035752112
19.23,3.85793942,0.942670588,-1.189073526,0.308645915,-0.370249874,0.110427799,-0.107728312,-0.256911111,-0.00209658,-0.765645228,1.0358494
19.24,3.860740644,0.938729981,-1.187942134,0.30626958,-0.372216554,0.110653383,-0.108942379,-0.256348092,-0.00186616,-0.772566863,1.035946688
19.25,3.863541868,0.934789373,-1.186810742,0.303893244,-0.374183234,0.110878966,-0.110156446,-0.255785072,-0.00163574,-0.779488499,1.036043977
19.26,3.866343093,0.930848765,-1.18567935,0.301516909,-0.376149914,0.11110455,-0.111370514,-0.255222052,-0.00140532,-0.786410134,1.036141265
19.27,3.869144317,0.926908158,-1.184547958,0.299140574,-0.378116594,0.111330133,-0.112584581,-0.254659033,-0.001174901,-0.79333177,1.036238553
19.28,3.871945541,0.92296755,-1.183416566,0.296764239,-0.380083274,0.111555716,-0.113798649,-0.254096013,-0.000944481,-0.800253405,1.036335841
19.29,3.874746766,0.919026943,-1.182285173,0.294387903,-0.382049954,0.1117813,-0.115012716,-0.253532993,-0.000714061,-0.807175041,1.03643313
19.3,3.87754799,0.915086335,-1.181153781,0.292011568,-0.384016634,0.112006883,-0.116226783,-0.252969974,-0.000483641,-0.814096676,1.036530418
19.31,3.882470253,0.912796689,-1.180475649,0.289209087,-0.388365448,0.107228535,-0.118959657,-0.254282369,-0.005049775,-0.825176867,1.036925685
19.32,3.885035806,0.908672642,-1.179293895,0.286880101,-0.390067446,0.108010111,-0.120004969,-0.25351097,-0.004286405,-0.831636441,1.036989865
19.33,3.887601359,0.904548594,-1.178112141,0.284551116,-0.391769445,0.108791687,-0.12105028,-0.252739571,-0.003523035,-0.838096015,1.037054044
19.34,3.890166913,0.900424546,-1.176930386,0.28222213,-0.393471443,0.109573262,-0.122095591,-0.251968172,-0.002759665,-0.844555589,1.037118224
19.35,3.892732466,0.896300498,-1.175748632,0.279893144,-0.395173442,0.110354838,-0.123140902,-0.251196773,-0.001996294,-0.851015162,1.037182403
19.36,3.895298019,0.89217645,-1.174566877,0.277564159,-0.396875441,0.111136414,-0.124186213,-0.250425373,-0.001232924,-0.857474736,1.037246583
19.37,3.897863573,0.888052402,-1.173385123,0.275235173,-0.398577439,0.11191799,-0.125231524,-0.249653974,-0.000469554,-0.86393431,1.037310762
19.38,3.900429126,0.883928355,-1.172203369,0.272906187,-0.400279438,0.112699565,-0.126276835,-0.248882575,0.000293816,-0.870393884,1.037374941
19.39,3.902994679,0.879804307,-1.171021614,0.270577202,-0.401981436,0.113481141,-0.127322146,-0.248111176,0.001057186,-0.876853458,1.037439121
19.4,3.905560233,0.875680259,-1.16983986,0.268248216,-0.403683435,0.114262717,-0.128367457,-0.247339777,0.001820557,-0.883313032,1.0375033
19.41,3.910196623,0.87297953,-1.16904879,0.265349902,-0.407545666,0.121299265,-0.130922877,-0.248034351,0.009525932,-0.894378457,1.037721446
19.42,3.912532083,0.868697336,-1.167823626,0.263084175,-0.409007639,0.121385843,-0.131800398,-0.247100066,0.009517968,-0.90032627,1.037768518
19.43,3.914867544,0.864415141,-1.166598462,0.260818448,-0.410469612,0.121472422,-0.13267792,-0.246165781,0.009510005,-0.906274082,1.03781559
19.44,3.917203004,0.860132947,-1.165373299,0.258552721,-0.411931584,0.121559001,-0.133555441,-0.245231495,0.009502041,-0.912221895,1.037862662
19.45,3.919538464,0.855850753,-1.164148135,0.256286994,-0.413393557,0.12164558,-0.134432962,-0.24429721,0.009494077,-0.918169707,1.037909734
19.46,3.921873925,0.851568558,-1.162922971,0.254021267,-0.41485553,0.121732159,-0.135310484,-0.243362925,0.009486113,-0.92411752,1.037956807
19.47,3.924209385,0.847286364,-1.161697807,0.25175554,-0.416317502,0.121818738,-0.136188005,-0.24242864,0.00947815,-0.930065332,1.038003879
19.48,3.926544845,0.84300417,-1.160472643,0.249489813,-0.417779475,0.121905317,-0.137065526,-0.241494355,0.009470186,-0.936013145,1.038050951
19.49,3.928880306,0.838721975,-1.15924748,0.247224086,-0.419241448,0.121991896,-0.137943047,-0.24056007,0.009462222,-0.941960957,1.038098023
19.5,3.931215766,0.834439781,-1.158022316,0.244958359,-0.420703421,0.122078474,-0.138820569,-0.239625785,0.009454259,-0.94790877,1.038145095
19.51,3.935737498,0.831479534,-1.147436446,0.245316724,-0.422209292,0.310945179,-0.137863767,-0.237894542,0.198219254,-0.960536887,1.030182413
19.52,3.937830039,0.827050457,-1.147251361,0.242759431,-0.423666387,0.290056189,-0.138945102,-0.237048807,0.177236517,-0.965742443,1.031119458
19.53,3.93992258,0.822621379,-1.147066276,0.240202139,-0.425123482,0.269167198,-0.140026437,-0.236203073,0.15625378,-0.970948,1.032056502
19.54,3.942015121,0.818192302,-1.14688119,0.237644846,-0.426580577,0.248278207,-0.141107772,-0.235357339,0.135271043,-0.976153556,1.032993547
19.55,3.944107663,0.813763225,-1.146696105,0.235087553,-0.428037672,0.227389217,-0.142189107,-0.234511605,0.114288306,-0.981359112,1.033930592
19.56,3.946200204,0.809334147,-1.14651102,0.23253026,-0.429494768,0.206500226,-0.143270442,-0.233665871,0.093305569,-0.986564669,1.034867636
19.57,3.948292745,0.80490507,-1.146325934,0.229972968,-0.430951863,0.185611235,-0.144351777,-0.232820136,0.072322832,-0.991770225,1.035804681
19.58,3.950385287,0.800475992,-1.146140849,0.227415675,-0.432408958,0.164722245,-0.145433112,-0.231974402,0.051340095,-0.996975782,1.036741726
19.59,3.952477828,0.796046915,-1.145955763,0.224858382,-0.433866053,0.143833254,-0.146514446,-0.231128668,0.030357358,-1.002181338,1.03767877
19.6,3.954570369,0.791617837,-1.145770678,0.222301089,-0.435323148,0.122944263,-0.147595781,-0.230282934,0.009374621,-1.007386895,1.038615815
19.61,3.958354715,0.788106056,-1.150211399,0.20770503,-0.444418636,-0.366470896,-0.161689085,-0.236314431,-0.499018747,-1.019846147,1.046575494
19.62,3.960259278,0.783575057,-1.149512336,0.206485378,-0.445027021,-0.335301424,-0.161324645,-0.23470456,-0.465844747,-1.024245738,1.046732246
19.63,3.962163841,0.779044058,-1.148813272,0.205265726,-0.445635405,-0.304131951,-0.160960206,-0.233094689,-0.432670747,-1.028645328,1.046888998
19.64,3.964068404,0.774513058,-1.148114208,0.204046074,-0.44624379,-0.272962479,-0.160595767,-0.231484818,-0.399496747,-1.033044918,1.04704575
19.65,3.965972967,0.769982059,-1.147415144,0.202826422,-0.446852175,-0.241793006,-0.160231327,-0.229874947,-0.366322747,-1.037444508,1.047202501
19.66,3.96787753,0.76545106,-1.14671608,0.20160677,-0.44746056,-0.210623534,-0.159866888,-0.228265076,-0.333148747,-1.041844098,1.047359253
19.67,3.969782093,0.76092006,-1.146017016,0.200387118,-0.448068945,-0.179454061,-0.159502449,-0.226655205,-0.299974747,-1.046243688,1.047516005
19.68,3.971686656,0.756389061,-1.145317952,0.199167466,-0.44867733,-0.148284589,-0.159138009,-0.225045334,-0.266800748,-1.050643279,1.047672757
19.69,3.973591219,0.751858062,-1.144618888,0.197947814,-0.449285714,-0.117115116,-0.15877357,-0.223435463,-0.233626748,-1.055042869,1.047829509
19.7,3.975495782,0.747327063,-1.143919824,0.196728162,-0.449894099,-0.085945644,-0.158409131,-0.221825592,-0.200452748,-1.059442459,1.047986261
19.71,3.9787476,0.743408032,-1.15049919,0.200327352,-0.44929341,0.360707307,-0.152897854,-0.217557763,0.278061331,-1.069873991,1.056740329
19.72,3.980502468,0.738809036,-1.148991412,0.198572273,-0.450036137,0.345711949,-0.153105286,-0.21624322,0.2617531,-1.073603365,1.055941823
19.73,3.982257336,0.73421004,-1.147483633,0.196817194,-0.450778863,0.33071659,-0.153312717,-0.214928678,0.245444869,-1.07733274,1.055143318
19.74,3.984012204,0.729611045,-1.145975855,0.195062115,-0.451521589,0.315721232,-0.153520149,-0.213614135,0.229136638,-1.081062114,1.054344813
19.75,3.985767072,0.725012049,-1.144468077,0.193307036,-0.452264316,0.300725873,-0.15372758,-0.212299593,0.212828407,-1.084791488,1.053546307
19.76,3.98752194,0.720413053,-1.142960299,0.191551957,-0.453007042,0.285730515,-0.153935012,-0.21098505,0.196520176,-1.088520863,1.052747802
19.77,3.989276808,0.715814057,-1.14145252,0.189796878,-0.453749769,0.270735156,-0.154142443,-0.209670508,0.180211945,-1.092250237,1.051949296
19.78,3.991031676,0.711215062,-1.139944742,0.1880418,-0.454492495,0.255739798,-0.154349875,-0.208355966,0.163903714,-1.095979612,1.051150791
19.79,3.992786544,0.706616066,-1.138436964,0.186286721,-0.455235221,0.240744439,-0.154557306,-0.207041423,0.147595483,-1.099708986,1.050352285
19.8,3.994541412,0.70201707,-1.136929186,0.184531642,-0.455977948,0.225749081,-0.154764738,-0.205726881,0.131287252,-1.10343836,1.04955378
19.81,3.997625716,0.697948756,-1.128787141,0.177761622,-0.459354883,0.07351989,-0.160173798,-0.205863459,-0.036932219,-1.113052674,1.042183058
19.82,3.999232869,0.693290795,-1.128016503,0.176563759,-0.45980492,0.073772735,-0.159803271,-0.204387681,-0.036361424,-1.116128166,1.042114799
19.83,4.000840022,0.688632835,-1.127245866,0.175365896,-0.460254956,0.07402558,-0.159432744,-0.202911903,-0.035790628,-1.119203659,1.04204654
19.84,4.002447175,0.683974875,-1.126475228,0.174168032,-0.460704993,0.074278426,-0.159062216,-0.201436125,-0.035219832,-1.122279151,1.041978281
19.85,4.004054328,0.679316914,-1.125704591,0.172970169,-0.461155029,0.074531271,-0.158691689,-0.199960347,-0.034649037,-1.125354643,1.041910022
19.86,4.005661481,0.674658954,-1.124933953,0.171772306,-0.461605066,0.074784116,-0.158321162,-0.198484569,-0.034078241,-1.128430135,1.041841763
19.87,4.007268634,0.670000994,-1.124163316,0.170574443,-0.462055102,0.075036961,-0.157950635,-0.197008791,-0.033507445,-1.131505627,1.041773503
19.88,4.008875787,0.665343033,-1.123392678,0.169376579,-0.462505138,0.075289806,-0.157580108,-0.195533013,-0.03293665,-1.13458112,1.041705244
19.89,4.01048294,0.660685073,-1.122622041,0.168178716,-0.462955175,0.075542651,-0.15720958,-0.194057234,-0.032365854,-1.137656612,1.041636985
19.9,4.013138229,0.65640329,-1.121243116,0.164069284,-0.464808912,0.093014995,-0.159380094,-0.192509379,-0.014004764,-1.146357797,1.041103537
19.91,4.014640568,0.651707712,-1.120533308,0.163162578,-0.465118578,0.09154589,-0.158755463,-0.191040808,-0.015212998,-1.14887072,1.041081797
19.92,4.016142908,0.647012134,-1.119823499,0.162255871,-0.465428245,0.090076785,-0.158130832,-0.189572238,-0.016421232,-1.151383643,1.041060057
19.93,4.017645247,0.642316555,-1.11911369,0.161349165,-0.465737911,0.08860768,-0.1575062,-0.188103668,-0.017629465,-1.153896565,1.041038316
19.94,4.019147587,0.637620977,-1.118403881,0.160442458,-0.466047577,0.087138575,-0.156881569,-0.186635097,-0.018837699,-1.156409488,1.041016576
19.95,4.020649926,0.632925399,-1.117694072,0.159535752,-0.466357244,0.085669471,-0.156256937,-0.185166527,-0.020045933,-1.158922411,1.040994836
19.96,4.022152266,0.628229821,-1.116984263,0.158629046,-0.46666691,0.084200366,-0.155632306,-0.183697957,-0.021254167,-1.161435334,1.040973095
19.97,4.023654605,0.623534243,-1.116274454,0.157722339,-0.466976577,0.082731261,-0.155007675,-0.182229386,-0.0224624,-1.163948257,1.040951355
19.98,4.025156945,0.618838665,-1.115564645,0.156815633,-0.467286243,0.081262156,-0.154383043,-0.180760816,-0.023670634,-1.16646118,1.040929615
19.99,4.026659285,0.614143087,-1.114854836,0.155908926,-0.467595909,0.079793051,-0.153758412,-0.179292245,-0.024878868,-1.168974103,1.040907874
20,4.028930851,0.609699233,-1.113780989,0.15236123,-0.469000518,0.056220377,-0.155150139,-0.177450047,-0.049398905,-1.175969457,1.048497171
20.01,4.030356268,0.604978483,-1.113107584,0.151718623,-0.46920069,0.05696163,-0.154323872,-0.17601884,-0.048275958,-1.178034137,1.047714327
20.02,4.031781685,0.600257732,-1.112434179,0.151076015,-0.469400862,0.057702882,-0.153497604,-0.174587632,-0.047153012,-1.180098817,1.046931483
20.03,4.033207101,0.595536981,-1.111760773,0.150433408,-0.469601035,0.058444134,-0.152671337,-0.173156425,-0.046030065,-1.182163497,1.046148639
20.04,4.034632518,0.590816231,-1.111087368,0.1497908,-0.469801207,0.059185386,-0.15184507,-0.171725217,-0.044907119,-1.184228176,1.045365795
20.05,4.036057935,0.58609548,-1.110413963,0.149148193,-0.470001379,0.059926638,-0.151018803,-0.170294009,-0.043784172,-1.186292856,1.044582951
20.06,4.037483352,0.58137473,-1.109740558,0.148505585,-0.470201551,0.06066789,-0.150192536,-0.168862802,-0.042661226,-1.188357536,1.043800107
20.07,4.038908769,0.576653979,-1.109067153,0.147862978,-0.470401723,0.061409142,-0.149366268,-0.167431594,-0.041538279,-1.190422216,1.043017263
20.08,4.040334186,0.571933228,-1.108393748,0.147220371,-0.470601895,0.062150395,-0.148540001,-0.166000387,-0.040415332,-1.192486895,1.042234419
20.09,4.041759603,0.567212478,-1.107720343,0.146577763,-0.470802068,0.062891647,-0.147713734,-0.164569179,-0.039292386,-1.194551575,1.041451575
20.1,4.043725361,0.562652318,-1.108015365,0.143954886,-0.471757893,0.05908822,-0.148041469,-0.162462417,-0.041591172,-1.200212349,1.058538885
20.11,4.045096744,0.557915508,-1.107245117,0.143510305,-0.4718825,0.06028394,-0.147099802,-0.161098765,-0.040126052,-1.201917419,1.055969026
20.12,4.046468127,0.553178698,-1.10647487,0.143065725,-0.472007107,0.06147966,-0.146158134,-0.159735113,-0.038660932,-1.20362249,1.053399166
20.13,4.047839509,0.548441889,-1.105704622,0.142621144,-0.472131713,0.06267538,-0.145216467,-0.158371461,-0.037195812,-1.20532756,1.050829307
20.14,4.049210892,0.543705079,-1.104934374,0.142176564,-0.47225632,0.0638711,-0.144274799,-0.157007809,-0.035730693,-1.20703263,1.048259447
20.15,4.050582275,0.53896827,-1.104164127,0.141731984,-0.472380927,0.06506682,-0.143333132,-0.155644157,-0.034265573,-1.208737701,1.045689588
20.16,4.051953657,0.53423146,-1.103393879,0.141287403,-0.472505534,0.06626254,-0.142391464,-0.154280504,-0.032800453,-1.210442771,1.043119729
20.17,4.05332504,0.52949465,-1.102623631,0.140842823,-0.472630141,0.06745826,-0.141449797,-0.152916852,-0.031335333,-1.212147841,1.040549869
20.18,4.054696423,0.524757841,-1.101853384,0.140398242,-0.472754748,0.06865398,-0.140508129,-0.1515532,-0.029870213,-1.213852912,1.03798001
20.19,4.056067805,0.520021031,-1.101083136,0.139953662,-0.472879354,0.0698497,-0.139566462,-0.150189548,-0.028405094,-1.215557982,1.03541015
20.2,4.057767084,0.515369962,-1.112169711,0.137296386,-0.47375319,-0.142177571,-0.139895822,-0.148211473,-0.238697846,-1.220138793,1.674626329
20.21,4.059105677,0.510624578,-1.110213781,0.137073075,-0.473802874,-0.119659552,-0.138827052,-0.146909263,-0.216056939,-1.221556289,1.607877866
20.22,4.06044427,0.505879194,-1.108257851,0.136849764,-0.473852558,-0.097141533,-0.137758282,-0.145607053,-0.193416032,-1.222973786,1.541129402
20.23,4.061782863,0.501133811,-1.106301921,0.136626453,-0.473902242,-0.074623514,-0.136689511,-0.144304843,-0.170775125,-1.224391282,1.474380939
20.24,4.063121456,0.496388427,-1.104345991,0.136403142,-0.473951926,-0.052105495,-0.135620741,-0.143002634,-0.148134218,-1.225808778,1.407632476
20.25,4.06446005,0.491643043,-1.102390061,0.136179831,-0.47400161,-0.029587475,-0.134551971,-0.141700424,-0.125493311,-1.227226275,1.340884013
20.26,4.065798643,0.48689766,-1.100434131,0.13595652,-0.474051294,-0.007069456,-0.133483201,-0.140398214,-0.102852404,-1.228643771,1.27413555
20.27,4.067137236,0.482152276,-1.098478201,0.135733209,-0.474100978,0.015448563,-0.13241443,-0.139096004,-0.080211497,-1.230061267,1.207387086
20.28,4.068475829,0.477406892,-1.096522271,0.135509899,-0.474150662,0.037966582,-0.13134566,-0.137793794,-0.05757059,-1.231478764,1.140638623
20.29,4.069814422,0.472661509,-1.094566341,0.135286588,-0.474200345,0.060484601,-0.13027689,-0.136491584,-0.034929683,-1.23289626,1.07389016
20.3,4.071376301,0.467947492,-1.094979127,0.135181041,-0.474578006,0.485988238,-0.128021585,-0.134215141,0.413337748,-1.236044909,0.548674209
20.31,4.072692565,0.463198971,-1.092786325,0.134945953,-0.474594892,0.468207696,-0.127071469,-0.133010355,0.393416003,-1.23728929,0.527772494
20.32,4.07400883,0.458450451,-1.090593524,0.134710866,-0.474611778,0.450427153,-0.126121352,-0.131805568,0.373494257,-1.238533671,0.50687078
20.33,4.075325094,0.453701931,-1.088400722,0.134475779,-0.474628665,0.432646611,-0.125171235,-0.130600782,0.353572512,-1.239778052,0.485969065
20.34,4.076641359,0.44895341,-1.086207921,0.134240691,-0.474645551,0.414866068,-0.124221118,-0.129395995,0.333650766,-1.241022433,0.465067351
20.35,4.077957623,0.44420489,-1.084015119,0.134005604,-0.474662437,0.397085526,-0.123271001,-0.128191209,0.313729021,-1.242266814,0.444165637
20.36,4.079273888,0.43945637,-1.081822317,0.133770517,-0.474679323,0.379304983,-0.122320884,-0.126986422,0.293807275,-1.243511195,0.423263922
20.37,4.080590152,0.434707849,-1.079629516,0.133535429,-0.47469621,0.36152444,-0.121370767,-0.125781635,0.27388553,-1.244755576,0.402362208
20.38,4.081906416,0.429959329,-1.077436714,0.133300342,-0.474713096,0.343743898,-0.12042065,-0.124576849,0.253963784,-1.245999957,0.381460493
20.39,4.083222681,0.425210808,-1.075243912,0.133065255,-0.474729982,0.325963355,-0.119470534,-0.123372062,0.234042039,-1.247244338,0.360558779
20.4,4.084746453,0.420475879,-1.069252342,0.132342085,-0.474765008,0.028547206,-0.118058382,-0.120980629,-0.085437059,-1.249564465,0.207698257
20.41,4.086041967,0.415725999,-1.067439417,0.132155806,-0.47478008,0.038730224,-0.117154469,-0.119894507,-0.075403069,-1.250701272,0.199992424
20.42,4.08733748,0.41097612,-1.065626492,0.131969527,-0.474795152,0.048913242,-0.116250555,-0.118808385,-0.065369079,-1.251838078,0.19228659
20.43,4.088632994,0.40622624,-1.063813567,0.131783248,-0.474810225,0.05909626,-0.115346642,-0.117722264,-0.05533509,-1.252974885,0.184580756
20.44,4.089928508,0.401476361,-1.062000643,0.131596969,-0.474825297,0.069279279,-0.114442729,-0.116636142,-0.0453011,-1.254111691,0.176874922
20.45,4.091224021,0.396726482,-1.060187718,0.13141069,-0.474840369,0.079462297,-0.113538815,-0.11555002,-0.03526711,-1.255248498,0.169169089
20.46,4.092519535,0.391976602,-1.058374793,0.131224411,-0.474855442,0.089645315,-0.112634902,-0.114463898,-0.02523312,-1.256385304,0.161463255
20.47,4.093815049,0.387226723,-1.056561869,0.131038132,-0.474870514,0.099828333,-0.111730988,-0.113377776,-0.01519913,-1.25752211,0.153757421
20.48,4.095110563,0.382476843,-1.054748944,0.130851853,-0.474885586,0.110011351,-0.110827075,-0.112291655,-0.005165141,-1.258658917,0.146051588
20.49,4.096406076,0.377726964,-1.052936019,0.130665574,-0.474900659,0.120194369,-0.109923161,-0.111205533,0.004868849,-1.259795723,0.138345754
20.5,4.097907094,0.372993303,-1.049392913,0.130869819,-0.474881027,0.368641373,-0.107724811,-0.108998586,0.263200814,-1.261655683,0.079611383
20.51,4.099182057,0.368241801,-1.047753006,0.130644487,-0.47489957,0.354997993,-0.106950341,-0.108024546,0.248405007,-1.262720174,0.077008403
20.52,4.100457021,0.3634903,-1.0461131,0.130419156,-0.474918113,0.341354612,-0.106175871,-0.107050507,0.233609199,-1.263784665,0.074405423
20.53,4.101731984,0.358738799,-1.044473193,0.130193824,-0.474936655,0.327711232,-0.105401402,-0.106076468,0.218813391,-1.264849156,0.071802443
20.54,4.103006947,0.353987298,-1.042833287,0.129968493,-0.474955198,0.314067852,-0.104626932,-0.105102429,0.204017583,-1.265913648,0.069199463
20.55,4.104281911,0.349235797,-1.04119338,0.129743161,-0.474973741,0.300424471,-0.103852462,-0.104128389,0.189221775,-1.266978139,0.066596483
20.56,4.105556874,0.344484295,-1.039553474,0.12951783,-0.474992283,0.286781091,-0.103077992,-0.10315435,0.174425968,-1.26804263,0.063993503
20.57,4.106831837,0.339732794,-1.037913567,0.129292498,-0.475010826,0.27313771,-0.102303523,-0.102180311,0.15963016,-1.269107121,0.061390523
20.58,4.108106801,0.334981293,-1.036273661,0.129067167,-0.475029369,0.25949433,-0.101529053,-0.101206271,0.144834352,-1.270171612,0.058787543
20.59,4.109381764,0.330229792,-1.034633754,0.128841836,-0.475047911,0.245850949,-0.100754583,-0.100232232,0.130038544,-1.271236103,0.056184563
20.6,4.110873733,0.325504487,-1.029552731,0.12847555,-0.474897461,0.028162228,-0.099346598,-0.098115161,-0.103598412,-1.272611914,0.041648751
20.61,4.112126995,0.320750366,-1.028256936,0.128264314,-0.474932903,0.034923382,-0.09863548,-0.097255425,-0.096510105,-1.273645273,0.040239054
20.62,4.113380258,0.315996245,-1.026961141,0.128053078,-0.474968345,0.041684536,-0.097924362,-0.096395689,-0.089421798,-1.274678632,0.038829358
20.63,4.114633521,0.311242124,-1.025665346,0.127841842,-0.475003787,0.048445689,-0.097213243,-0.095535953,-0.082333491,-1.275711991,0.037419661
20.64,4.115886784,0.306488003,-1.024369551,0.127630606,-0.475039229,0.055206843,-0.096502125,-0.094676217,-0.075245184,-1.27674535,0.036009964
20.65,4.117140046,0.301733882,-1.023073756,0.12741937,-0.475074671,0.061967996,-0.095791007,-0.093816481,-0.068156877,-1.277778709,0.034600267
20.66,4.118393309,0.296979762,-1.021777962,0.127208134,-0.475110113,0.06872915,-0.095079889,-0.092956745,-0.06106857,-1.278812068,0.03319057
20.67,4.119646572,0.292225641,-1.020482167,0.126996898,-0.475145555,0.075490304,-0.094368771,-0.092097008,-0.053980263,-1.279845428,0.031780874
20.68,4.120899835,0.28747152,-1.019186372,0.126785662,-0.475180997,0.082251457,-0.093657653,-0.091237272,-0.046891956,-1.280878787,0.030371177
20.69,4.122153097,0.282717399,-1.017890577,0.126574426,-0.475216439,0.089012611,-0.092946535,-0.090377536,-0.039803649,-1.281912146,0.02896148
20.7,4.123640654,0.278010629,-1.015989098,0.126799698,-0.475016667,0.243110569,-0.091087791,-0.088422851,0.12170977,-1.283372903,0.021323987
20.71,4.124870488,0.273251773,-1.014753872,0.126544811,-0.47507563,0.235138042,-0.090491435,-0.08767261,0.113355566,-1.284363522,0.02053707
20.72,4.126100321,0.268492917,-1.013518645,0.126289924,-0.475134594,0.227165515,-0.08989508,-0.086922368,0.105001361,-1.285354141,0.019750153
20.73,4.127330154,0.263734061,-1.012283419,0.126035037,-0.475193557,0.219192988,-0.089298724,-0.086172127,0.096647157,-1.286344761,0.018963235
20.74,4.128559988,0.258975205,-1.011048193,0.12578015,-0.47525252,0.211220462,-0.088702369,-0.085421886,0.088292953,-1.28733538,0.018176318
20.75,4.129789821,0.254216349,-1.009812966,0.125525263,-0.475311483,0.203247935,-0.088106013,-0.084671645,0.079938749,-1.288325999,0.017389401
20.76,4.131019654,0.249457493,-1.00857774,0.125270376,-0.475370447,0.195275408,-0.087509658,-0.083921404,0.071584545,-1.289316619,0.016602484
20.77,4.132249488,0.244698638,-1.007342513,0.125015489,-0.47542941,0.187302881,-0.086913302,-0.083171163,0.063230341,-1.290307238,0.015815567
20.78,4.133479321,0.239939782,-1.006107287,0.124760602,-0.475488373,0.179330355,-0.086316947,-0.082420922,0.054876137,-1.291297857,0.01502865
20.79,4.134709155,0.235180926,-1.004872061,0.124505716,-0.475547337,0.171357828,-0.085720592,-0.081670681,0.046521933,-1.292288477,0.014241733
20.8,4.13618505,0.230487096,-1.001958108,0.124079905,-0.475487003,0.037509269,-0.084698805,-0.080050901,-0.096062507,-1.293645696,0.008912286
20.81,4.137390277,0.225721738,-1.000890754,0.12384211,-0.475557896,0.042124346,-0.084144992,-0.079387614,-0.090993687,-1.294599656,0.008579621
20.82,4.138595504,0.220956379,-0.9998234,0.123604316,-0.475628789,0.046739422,-0.08359118,-0.078724327,-0.085924868,-1.295553615,0.008246957
20.83,4.139800731,0.216191021,-0.998756046,0.123366521,-0.475699682,0.051354499,-0.083037368,-0.078061039,-0.080856048,-1.296507574,0.007914293
20.84,4.141005958,0.211425662,-0.997688693,0.123128727,-0.475770575,0.055969575,-0.082483556,-0.077397752,-0.075787229,-1.297461533,0.007581629
20.85,4.142211186,0.206660303,-0.996621339,0.122890932,-0.475841468,0.060584651,-0.081929743,-0.076734465,-0.070718409,-1.298415493,0.007248965
20.86,4.143416413,0.201894945,-0.995553985,0.122653137,-0.475912361,0.065199728,-0.081375931,-0.076071177,-0.06564959,-1.299369452,0.006916301
20.87,4.14462164,0.197129586,-0.994486631,0.122415343,-0.475983254,0.069814804,-0.080822119,-0.07540789,-0.06058077,-1.300323411,0.006583637
20.88,4.145826867,0.192364228,-0.993419278,0.122177548,-0.476054147,0.07442988,-0.080268306,-0.074744603,-0.055511951,-1.301277371,0.006250973
20.89,4.147032094,0.187598869,-0.992351924,0.121939754,-0.47612504,0.079044957,-0.079714494,-0.074081316,-0.050443131,-1.30223133,0.005918308
20.9,4.148494732,0.182917281,-0.989671588,0.122075852,-0.475944881,0.208221253,-0.078232977,-0.072503689,0.084255727,-1.303481553,0.003763032
20.91,4.149674218,0.178143546,-0.988765532,0.121800668,-0.476040879,0.200380207,-0.077771935,-0.071931836,0.076361543,-1.304405886,0.003612629
20.92,4.150853704,0.17336981,-0.987859477,0.121525484,-0.476136877,0.192539162,-0.077310893,-0.071359982,0.068467359,-1.305330219,0.003462226
20.93,4.15203319,0.168596074,-0.986953421,0.1212503,-0.476232875,0.184698116,-0.076849852,-0.070788129,0.060573174,-1.306254552,0.003311823
20.94,4.153212676,0.163822339,-0.986047365,0.120975117,-0.476328874,0.176857071,-0.07638881,-0.070216276,0.05267899,-1.307178885,0.00316142
20.95,4.154392163,0.159048603,-0.98514131,0.120699933,-0.476424872,0.169016025,-0.075927768,-0.069644422,0.044784805,-1.308103218,0.003011017
20.96,4.155571649,0.154274867,-0.984235254,0.120424749,-0.47652087,0.161174979,-0.075466726,-0.069072569,0.036890621,-1.309027551,0.002860614
20.97,4.156751135,0.149501132,-0.983329199,0.120149566,-0.476616868,0.153333934,-0.075005684,-0.068500716,0.028996437,-1.309951884,0.002710212
20.98,4.157930621,0.144727396,-0.982423143,0.119874382,-0.476712866,0.145492888,-0.074544642,-0.067928862,0.021102252,-1.310876217,0.002559809
20.99,4.159110107,0.13995366,-0.981517088,0.119599198,-0.476808865,0.137651843,-0.0740836,-0.067357009,0.013208068,-1.31180055,0.002409406
21,4.16055462,0.135278794,-0.976234779,0.119099843,-0.476856356,0.06051501,-0.073385688,-0.066164796,-0.071876088,-1.313141323,0.001009163
21.01,4.161707603,0.130495172,-0.975766349,0.118847077,-0.476957205,0.059603543,-0.072948333,-0.065654978,-0.072051275,-1.314024012,0.000983744
21.02,4.162860587,0.125711549,-0.975297918,0.11859431,-0.477058054,0.058692076,-0.072510978,-0.065145161,-0.072226462,-1.3149067,0.000958326
21.03,4.164013571,0.120927927,-0.974829488,0.118341543,-0.477158903,0.05778061,-0.072073623,-0.064635344,-0.07240165,-1.315789389,0.000932907
21.04,4.165166554,0.116144304,-0.974361058,0.118088777,-0.477259752,0.056869143,-0.071636269,-0.064125526,-0.072576837,-1.316672078,0.000907488
21.05,4.166319538,0.111360681,-0.973892627,0.11783601,-0.477360601,0.055957676,-0.071198914,-0.063615709,-0.072752024,-1.317554767,0.000882069
21.06,4.167472521,0.106577059,-0.973424197,0.117583244,-0.477461449,0.055046209,-0.070761559,-0.063105892,-0.072927211,-1.318437456,0.00085665
21.07,4.168625505,0.101793436,-0.972955767,0.117330477,-0.477562298,0.054134742,-0.070324204,-0.062596074,-0.073102399,-1.319320145,0.000831231
21.08,4.169778488,0.097009813,-0.972487337,0.11707771,-0.477663147,0.053223275,-0.06988685,-0.062086257,-0.073277586,-1.320202834,0.000805812
21.09,4.170931472,0.092226191,-0.972018906,0.116824944,-0.477763996,0.052311808,-0.069449495,-0.061576439,-0.073452773,-1.321085523,0.000780393
21.1,4.172326392,0.087545426,-0.971269282,0.116323435,-0.477838657,0.038794976,-0.068823527,-0.060530617,-0.086408513,-1.322603124,0.000686105
21.11,4.173455182,0.082751518,-0.970828971,0.116095543,-0.477942125,0.039144046,-0.068405034,-0.0600744,-0.085305645,-1.323422322,0.000667573
21.12,4.174583972,0.077957609,-0.97038866,0.11586765,-0.478045592,0.039493116,-0.06798654,-0.059618183,-0.084202777,-1.32424152,0.000649041
21.13,4.175712762,0.073163701,-0.969948349,0.115639758,-0.47814906,0.039842185,-0.067568047,-0.059161966,-0.083099909,-1.325060717,0.000630509
21.14,4.176841552,0.068369792,-0.969508039,0.115411865,-0.478252528,0.040191255,-0.067149553,-0.05870575,-0.081997041,-1.325879915,0.000611977
21.15,4.177970342,0.063575884,-0.969067728,0.115183973,-0.478355995,0.040540325,-0.06673106,-0.058249533,-0.080894173,-1.326699113,0.000593445
21.16,4.179099132,0.058781975,-0.968627417,0.11495608,-0.478459463,0.040889394,-0.066312567,-0.057793316,-0.079791305,-1.32751831,0.000574913
21.17,4.180227921,0.053988067,-0.968187106,0.114728188,-0.47856293,0.041238464,-0.065894073,-0.057337099,-0.078688437,-1.328337508,0.000556381
21.18,4.181356711,0.049194158,-0.967746795,0.114500295,-0.478666398,0.041587534,-0.06547558,-0.056880882,-0.077585569,-1.329156706,0.000537849
21.19,4.182485501,0.04440025,-0.967306484,0.114272403,-0.478769866,0.041936603,-0.065057086,-0.056424665,-0.076482701,-1.329975904,0.000519317
21.2,4.183826689,0.039710082,-0.965583352,0.113700833,-0.478880928,0.074923553,-0.064563777,-0.055519826,-0.041639085,-1.331667333,0.000375288
21.21,4.184934239,0.034905799,-0.965271323,0.113507308,-0.478983636,0.072008835,-0.064152765,-0.055108471,-0.043910292,-1.332399308,0.000369305
21.22,4.186041789,0.030101517,-0.964959295,0.113313783,-0.479086344,0.069094116,-0.063741753,-0.054697117,-0.046181499,-1.333131282,0.000363323
21.23,4.187149339,0.025297234,-0.964647266,0.113120259,-0.479189052,0.066179398,-0.063330741,-0.054285762,-0.048452705,-1.333863257,0.000357341
21.24,4.188256889,0.020492952,-0.964335237,0.112926734,-0.47929176,0.06326468,-0.062919729,-0.053874407,-0.050723912,-1.334595231,0.000351359
21.25,4.189364439,0.015688669,-0.964023209,0.112733209,-0.479394469,0.060349961,-0.062508718,-0.053463053,-0.052995119,-1.335327206,0.000345376
21.26,4.190471989,0.010884387,-0.96371118,0.112539685,-0.479497177,0.057435243,-0.062097706,-0.053051698,-0.055266326,-1.33605918,0.000339394
21.27,4.19157954,0.006080104,-0.963399151,0.11234616,-0.479599885,0.054520525,-0.061686694,-0.052640344,-0.057537532,-1.336791155,0.000333412
21.28,4.19268709,0.001275821,-0.963087123,0.112152635,-0.479702593,0.051605807,-0.061275682,-0.052228989,-0.059808739,-1.337523129,0.000327429
21.29,4.19379464,-0.003528461,-0.962775094,0.111959111,-0.479805301,0.048691088,-0.06086467,-0.051817634,-0.062079946,-1.338255104,0.000321447
21.3,4.195065776,-0.008235389,-0.960967023,0.111159034,-0.480002565,0.017402805,-0.060649198,-0.051089481,-0.094995924,-1.339909996,0.000511284
21.31,4.196156967,-0.013049407,-0.960804598,0.111026164,-0.480095817,0.017325444,-0.060218632,-0.050709806,-0.094202654,-1.340549679,0.00048572
21.32,4.197248159,-0.017863425,-0.960642174,0.110893295,-0.48018907,0.017248082,-0.059788066,-0.050330131,-0.093409383,-1.341189362,0.000460156
21.33,4.19833935,-0.022677443,-0.96047975,0.110760425,-0.480282323,0.01717072,-0.0593575,-0.049950456,-0.092616113,-1.341829045,0.000434592
21.34,4.199430542,-0.027491461,-0.960317325,0.110627556,-0.480375575,0.017093358,-0.058926934,-0.049570782,-0.091822843,-1.342468727,0.000409027
21.35,4.200521733,-0.032305479,-0.960154901,0.110494686,-0.480468828,0.017015996,-0.058496368,-0.049191107,-0.091029572,-1.34310841,0.000383463
21.36,4.201612924,-0.037119497,-0.959992476,0.110361817,-0.48056208,0.016938635,-0.058065803,-0.048811432,-0.090236302,-1.343748093,0.000357899
21.37,4.202704116,-0.041933515,-0.959830052,0.110228948,-0.480655333,0.016861273,-0.057635237,-0.048431757,-0.089443031,-1.344387775,0.000332335
21.38,4.203795307,-0.046747533,-0.959667627,0.110096078,-0.480748585,0.016783911,-0.057204671,-0.048052082,-0.088649761,-1.345027458,0.000306771
21.39,4.204886499,-0.051561551,-0.959505203,0.109963209,-0.480841838,0.016706549,-0.056774105,-0.047672408,-0.087856491,-1.345667141,0.000281206
21.4,4.206079596,-0.056281589,-0.959576955,0.109149436,-0.480930308,0.010398409,-0.056593876,-0.046908276,-0.092500728,-1.348219322,-0.004999745
21.41,4.207160597,-0.061105005,-0.959391113,0.109084657,-0.481024039,0.010944125,-0.056138276,-0.046567047,-0.091163707,-1.348667755,-0.004499771
21.42,4.208241598,-0.065928421,-0.959205271,0.109019878,-0.48111777,0.011489841,-0.055682676,-0.046225818,-0.089826685,-1.349116188,-0.003999796
21.43,4.209322599,-0.070751837,-0.959019429,0.108955099,-0.481211501,0.012035557,-0.055227077,-0.045884589,-0.088489664,-1.349564621,-0.003499822
21.44,4.2104036,-0.075575253,-0.958833587,0.10889032,-0.481305232,0.012581273,-0.054771477,-0.04554336,-0.087152643,-1.350013054,-0.002999847
21.45,4.211484601,-0.080398669,-0.958647745,0.10882554,-0.481398962,0.013126989,-0.054315878,-0.045202131,-0.085815622,-1.350461487,-0.002499873
21.46,4.212565601,-0.085222085,-0.958461903,0.108760761,-0.481492693,0.013672705,-0.053860278,-0.044860902,-0.084478601,-1.350909919,-0.001999898
21.47,4.213646602,-0.090045501,-0.95827606,0.108695982,-0.481586424,0.014218421,-0.053404678,-0.044519673,-0.08314158,-1.351358352,-0.001499924
21.48,4.214727603,-0.094868917,-0.958090218,0.108631203,-0.481680155,0.014764137,-0.052949079,-0.044178444,-0.081804559,-1.351806785,-0.000999949
21.49,4.215808604,-0.099692333,-0.957904376,0.108566424,-0.481773886,0.015309853,-0.052493479,-0.043837214,-0.080467537,-1.352255218,-0.000499975
21.5,4.2168968,-0.104427839,-0.956951916,0.1072684,-0.482004114,0.042102025,-0.052815524,-0.043291254,-0.05154704,-1.356013282,0.008450517
21.51,4.217977081,-0.109260046,-0.956842736,0.107326945,-0.482084195,0.040023095,-0.05228216,-0.042970498,-0.052968366,-1.356130752,0.00810544
21.52,4.219057363,-0.114092254,-0.956733556,0.107385491,-0.482164276,0.037944165,-0.051748796,-0.042649742,-0.054389693,-1.356248221,0.007760363
21.53,4.220137644,-0.118924461,-0.956624376,0.107444036,-0.482244357,0.035865236,-0.051215432,-0.042328986,-0.055811019,-1.356365691,0.007415286
21.54,4.221217925,-0.123756668,-0.956515195,0.107502581,-0.482324438,0.033786306,-0.050682068,-0.04200823,-0.057232346,-1.356483161,0.007070208
21.55,4.222298207,-0.128588875,-0.956406015,0.107561126,-0.482404519,0.031707377,-0.050148704,-0.041687474,-0.058653672,-1.356600631,0.006725131
21.56,4.223378488,-0.133421082,-0.956296835,0.107619672,-0.4824846,0.029628447,-0.04961534,-0.041366719,-0.060074999,-1.3567181,0.006380054
21.57,4.224458769,-0.138253289,-0.956187655,0.107678217,-0.482564681,0.027549518,-0.049081976,-0.041045963,-0.061496325,-1.35683557,0.006034977
21.58,4.225539051,-0.143085496,-0.956078475,0.107736762,-0.482644762,0.025470588,-0.048548612,-0.040725207,-0.062917652,-1.35695304,0.0056899
21.59,4.226619332,-0.147917703,-0.955969294,0.107795307,-0.482724843,0.023391658,-0.048015248,-0.040404451,-0.064338979,-1.35707051,0.005344823
21.6,4.227573689,-0.152679201,-0.956229245,0.106520081,-0.48297769,-0.027648799,-0.048282291,-0.039935705,-0.116143159,-1.360816077,0.002360221
21.61,4.228666562,-0.157518479,-0.956083151,0.106712003,-0.483040494,-0.024831576,-0.047668886,-0.039629748,-0.1125262,-1.360570737,0.002279097
21.62,4.229759436,-0.162357757,-0.955937058,0.106903926,-0.483103299,-0.022014352,-0.047055481,-0.039323791,-0.108909241,-1.360325397,0.002197972
21.63,4.23085231,-0.167197035,-0.955790965,0.107095848,-0.483166103,-0.019197129,-0.046442076,-0.039017834,-0.105292282,-1.360080057,0.002116847
21.64,4.231945184,-0.172036313,-0.955644871,0.107287771,-0.483228908,-0.016379906,-0.045828672,-0.038711877,-0.101675324,-1.359834717,0.002035722
21.65,4.233038058,-0.176875591,-0.955498778,0.107479693,-0.483291713,-0.013562683,-0.045215267,-0.03840592,-0.098058365,-1.359589377,0.001954598
21.66,4.234130932,-0.181714869,-0.955352685,0.107671616,-0.483354517,-0.01074546,-0.044601862,-0.038099963,-0.094441406,-1.359344037,0.001873473
21.67,4.235223806,-0.186554147,-0.955206592,0.107863538,-0.483417322,-0.007928236,-0.043988457,-0.037794007,-0.090824447,-1.359098697,0.001792348
21.68,4.236316679,-0.191393425,-0.955060498,0.10805546,-0.483480126,-0.005111013,-0.043375052,-0.03748805,-0.087207488,-1.358853357,0.001711223
21.69,4.237409553,-0.196232703,-0.954914405,0.108247383,-0.483542931,-0.00229379,-0.042761647,-0.037182093,-0.083590529,-1.358608017,0.001630099
21.7,4.238233034,-0.201010998,-0.953679614,0.106888312,-0.48363961,0.078641536,-0.043085831,-0.036604055,0.001761491,-1.361657337,0.001103619
21.71,4.239352848,-0.205856374,-0.953642391,0.107235334,-0.483699027,0.073646948,-0.042378668,-0.036325306,-0.002795056,-1.361082531,0.00106703
21.72,4.240472661,-0.21070175,-0.953605167,0.107582355,-0.483758444,0.068652361,-0.041671504,-0.036046557,-0.007351603,-1.360507725,0.001030441
21.73,4.241592474,-0.215547127,-0.953567944,0.107929377,-0.483817861,0.063657774,-0.04096434,-0.035767808,-0.011908151,-1.359932919,0.000993851
21.74,4.242712287,-0.220392503,-0.95353072,0.108276399,-0.483877278,0.058663187,-0.040257176,-0.03548906,-0.016464698,-1.359358113,0.000957262
21.75,4.2438321,-0.22523788,-0.953493496,0.108623421,-0.483936695,0.0536686,-0.039550013,-0.035210311,-0.021021245,-1.358783307,0.000920673
21.76,4.244951913,-0.230083256,-0.953456273,0.108970442,-0.483996112,0.048674013,-0.038842849,-0.034931562,-0.025577792,-1.358208501,0.000884083
21.77,4.246071726,-0.234928632,-0.953419049,0.109317464,-0.484055529,0.043679426,-0.038135685,-0.034652814,-0.03013434,-1.357633694,0.000847494
21.78,4.247191539,-0.239774009,-0.953381826,0.109664486,-0.484114946,0.038684839,-0.037428521,-0.034374065,-0.034690887,-1.357058888,0.000810905
21.79,4.248311352,-0.244619385,-0.953344602,0.110011508,-0.484174363,0.033690252,-0.036721358,-0.034095316,-0.039247434,-1.356484082,0.000774316
21.8,4.249056031,-0.249414057,-0.956777019,0.109854287,-0.484409071,-0.140588899,-0.035811272,-0.033713109,-0.217645092,-1.358368942,0.000252593
21.81,4.250213357,-0.254264504,-0.956392832,0.110251733,-0.484450959,-0.128655029,-0.035124401,-0.033444706,-0.204817528,-1.357548169,0.000264517
21.82,4.251370684,-0.259114951,-0.956008644,0.110649179,-0.484492846,-0.11672116,-0.034437529,-0.033176304,-0.191989965,-1.356727396,0.000276441
21.83,4.25252801,-0.263965397,-0.955624456,0.111046625,-0.484534734,-0.104787291,-0.033750658,-0.032907901,-0.179162401,-1.355906624,0.000288365
21.84,4.253685337,-0.268815844,-0.955240269,0.111444071,-0.484576622,-0.092853422,-0.033063786,-0.032639498,-0.166334837,-1.355085851,0.000300289
21.85,4.254842664,-0.273666291,-0.954856081,0.111841517,-0.48461851,-0.080919552,-0.032376915,-0.032371095,-0.153507273,-1.354265078,0.000312213
21.86,4.25599999,-0.278516738,-0.954471894,0.112238963,-0.484660398,-0.068985683,-0.031690043,-0.032102692,-0.140679709,-1.353444306,0.000324137
21.87,4.257157317,-0.283367185,-0.954087706,0.112636409,-0.484702286,-0.057051814,-0.031003171,-0.031834289,-0.127852146,-1.352623533,0.000336061
21.88,4.258314643,-0.288217632,-0.953703518,0.113033855,-0.484744174,-0.045117945,-0.0303163,-0.031565886,-0.115024582,-1.351802761,0.000347985
21.89,4.25947197,-0.293068079,-0.953319331,0.113431301,-0.484786062,-0.033184075,-0.029629428,-0.031297483,-0.102197018,-1.350981988,0.000359909
21.9,4.26012827,-0.297879327,-0.955031217,0.111705958,-0.484926399,0.17550523,-0.030378475,-0.030859127,0.120213545,-1.352062702,-0.000282472
21.91,4.261335699,-0.302733694,-0.954437422,0.112315683,-0.484958442,0.167763555,-0.029548012,-0.030607719,0.112082809,-1.35105178,-0.000205117
21.92,4.262543128,-0.307588061,-0.953843627,0.112925408,-0.484990485,0.160021881,-0.028717548,-0.030356312,0.103952073,-1.350040859,-0.000127763
21.93,4.263750558,-0.312442427,-0.953249832,0.113535133,-0.485022528,0.152280207,-0.027887085,-0.030104904,0.095821337,-1.349029938,-0.0000504
21.94,4.264957987,-0.317296794,-0.952656037,0.114144858,-0.485054571,0.144538532,-0.027056621,-0.029853497,0.087690601,-1.348019017,0.0000269
21.95,4.266165416,-0.322151161,-0.952062242,0.114754583,-0.485086614,0.136796858,-0.026226158,-0.029602089,0.079559865,-1.347008095,0.000104301
21.96,4.267372845,-0.327005528,-0.951468447,0.115364308,-0.485118657,0.129055184,-0.025395695,-0.029350682,0.071429128,-1.345997174,0.000181656
21.97,4.268580275,-0.331859894,-0.950874652,0.115974032,-0.4851507,0.12131351,-0.024565231,-0.029099274,0.063298392,-1.344986253,0.00025901
21.98,4.269787704,-0.336714261,-0.950280857,0.116583757,-0.485182743,0.113571835,-0.023734768,-0.028847867,0.055167656,-1.343975331,0.000336365
21.99,4.270995133,-0.341568628,-0.949687062,0.117193482,-0.485214786,0.105830161,-0.022904304,-0.028596459,0.04703692,-1.34296441,0.00041372
22,4.271559312,-0.346414469,-0.946583301,0.117138627,-0.485752065,-0.006545953,-0.021907958,-0.028598881,-0.073858992,-1.343541011,0.001756934
22.01,4.272831067,-0.351269688,-0.946240502,0.11781481,-0.485733585,-0.003824183,-0.021094083,-0.02832209,-0.07071321,-1.342371338,0.001707703
22.02,4.274102821,-0.356124908,-0.945897704,0.118490993,-0.485715104,-0.001102414,-0.020280208,-0.0280453,-0.067567429,-1.341201664,0.001658471
22.03,4.275374575,-0.360980127,-0.945554906,0.119167176,-0.485696624,0.001619356,-0.019466333,-0.027768509,-0.064421647,-1.340031991,0.00160924
22.04,4.276646329,-0.365835346,-0.945212108,0.119843359,-0.485678143,0.004341126,-0.018652458,-0.027491719,-0.061275866,-1.338862317,0.001560009
22.05,4.277918084,-0.370690565,-0.944869309,0.120519542,-0.485659662,0.007062895,-0.017838583,-0.027214929,-0.058130085,-1.337692644,0.001510777
22.06,4.279189838,-0.375545785,-0.944526511,0.121195725,-0.485641182,0.009784665,-0.017024708,-0.026938138,-0.054984303,-1.33652297,0.001461546
22.07,4.280461592,-0.380401004,-0.944183713,0.121871908,-0.485622701,0.012506434,-0.016210832,-0.026661348,-0.051838522,-1.335353297,0.001412314
22.08,4.281733346,-0.385256223,-0.943840914,0.122548091,-0.485604221,0.015228204,-0.015396957,-0.026384558,-0.048692741,-1.334183623,0.001363083
22.09,4.283005101,-0.390111443,-0.943498116,0.123224274,-0.48558574,0.017949974,-0.014583082,-0.026107767,-0.045546959,-1.33301395,0.001313852
22.1,4.284276855,-0.394966662,-0.943155318,0.123900457,-0.485567259,0.020671743,-0.013769207,-0.025830977,-0.042401178,-1.331844276,0.00126462
22.11,4.284882856,-0.399865494,-0.945086238,0.123436948,-0.486108892,0.026910697,-0.013362536,-0.025865188,-0.032907009,-1.331978118,0.001086156
22.12,4.286228583,-0.404715867,-0.944490805,0.124239764,-0.486028177,0.029241669,-0.012503417,-0.025553842,-0.030466604,-1.33066361,0.001051284
22.13,4.28757431,-0.409566241,-0.943895371,0.125042579,-0.485947461,0.03157264,-0.011644297,-0.025242496,-0.028026199,-1.329349101,0.001016412
22.14,4.288920036,-0.414416614,-0.943299937,0.125845394,-0.485866746,0.033903611,-0.010785177,-0.02493115,-0.025585794,-1.328034593,0.00098154
22.15,4.290265763,-0.419266988,-0.942704503,0.12664821,-0.48578603,0.036234583,-0.009926057,-0.024619804,-0.023145389,-1.326720084,0.000946667
22.16,4.29161149,-0.424117361,-0.94210907,0.127451025,-0.485705315,0.038565554,-0.009066937,-0.024308458,-0.020704984,-1.325405576,0.000911795
22.17,4.292957217,-0.428967735,-0.941513636,0.128253841,-0.485624599,0.040896525,-0.008207817,-0.023997111,-0.018264579,-1.324091067,0.000876923
22.18,4.294302944,-0.433818108,-0.940918202,0.129056656,-0.485543884,0.043227497,-0.007348697,-0.023685765,-0.015824174,-1.322776559,0.000842051
22.19,4.29564867,-0.438668481,-0.940322768,0.129859471,-0.485463169,0.045558468,-0.006489577,-0.023374419,-0.013383769,-1.32146205,0.000807179
22.2,4.296097246,-0.443643364,-0.939020938,0.128712177,-0.486314121,0.108635688,-0.006721447,-0.023683395,0.05224329,-1.322064377,-0.198668917
22.21,4.297532688,-0.448481287,-0.938496144,0.129710003,-0.486140239,0.104892034,-0.005753228,-0.023310016,0.048365029,-1.320558185,-0.178759667
22.22,4.29896813,-0.453319209,-0.937971349,0.13070783,-0.485966357,0.101148381,-0.004785009,-0.022936638,0.044486769,-1.319051993,-0.158850417
22.23,4.300403572,-0.458157132,-0.937446555,0.131705656,-0.485792475,0.097404727,-0.00381679,-0.02256326,0.040608508,-1.317545801,-0.138941167
22.24,4.301839014,-0.462995054,-0.936921761,0.132703482,-0.485618592,0.093661074,-0.002848571,-0.022189882,0.036730248,-1.316039609,-0.119031917
22.25,4.303274456,-0.467832977,-0.936396967,0.133701309,-0.48544471,0.08991742,-0.001880352,-0.021816503,0.032851988,-1.314533417,-0.099122666
22.26,4.304709898,-0.472670899,-0.935872173,0.134699135,-0.485270828,0.086173767,-0.000912133,-0.021443125,0.028973727,-1.313027225,-0.079213416
22.27,4.30614534,-0.477508822,-0.935347379,0.135696962,-0.485096946,0.082430113,0.0000561,-0.021069747,0.025095467,-1.311521033,-0.059304166
22.28,4.307580782,-0.482346744,-0.934822585,0.136694788,-0.484923064,0.07868646,0.001024305,-0.020696368,0.021217206,-1.310014841,-0.039394916
22.29,4.309016224,-0.487184667,-0.934297791,0.137692614,-0.484749181,0.074942806,0.001992524,-0.02032299,0.017338946,-1.308508649,-0.019485666
22.3,4.309421883,-0.492240864,-0.93550161,0.13792228,-0.485522634,-0.038248664,0.003160801,-0.020523568,-0.099865392,-1.310732122,-0.307497084
22.31,4.310960303,-0.497056959,-0.934803954,0.138996923,-0.485254018,-0.031047536,0.004109014,-0.020092794,-0.092411044,-1.308852964,-0.256795767
22.32,4.312498724,-0.501873054,-0.934106299,0.140071565,-0.484985402,-0.023846408,0.005057227,-0.01966202,-0.084956697,-1.306973805,-0.20609445
22.33,4.314037144,-0.506689149,-0.933408644,0.141146207,-0.484716787,-0.01664528,0.00600544,-0.019231246,-0.07750235,-1.305094647,-0.155393133
22.34,4.315575564,-0.511505244,-0.932710988,0.14222085,-0.484448171,-0.009444152,0.006953654,-0.018800472,-0.070048002,-1.303215488,-0.104691816
22.35,4.317113984,-0.516321339,-0.932013333,0.143295492,-0.484179555,-0.002243024,0.007901867,-0.018369698,-0.062593655,-1.30133633,-0.053990499
22.36,4.318652404,-0.521137434,-0.931315678,0.144370135,-0.48391094,0.004958104,0.00885008,-0.017938924,-0.055139308,-1.299457171,-0.003289183
22.37,4.320190824,-0.525953529,-0.930618022,0.145444777,-0.483642324,0.012159233,0.009798293,-0.01750815,-0.04768496,-1.297578012,0.047412134
22.38,4.321729244,-0.530769624,-0.929920367,0.146519419,-0.483373709,0.019360361,0.010746506,-0.017077376,-0.040230613,-1.295698854,0.098113451
22.39,4.323267665,-0.535585719,-0.929222711,0.147594062,-0.483105093,0.026561489,0.011694719,-0.016646602,-0.032776266,-1.293819695,0.148814768
22.4,4.323540448,-0.540765547,-0.931913045,0.144724819,-0.484827967,0.110021514,0.009647259,-0.017776544,0.058391326,-1.297430814,0.150155239
22.41,4.325205432,-0.545545269,-0.930876591,0.146193849,-0.484360202,0.109596752,0.01089504,-0.017189699,0.057474348,-1.295002628,0.205792641
22.42,4.326870416,-0.550324991,-0.929840136,0.14766288,-0.483892438,0.109171991,0.01214282,-0.016602853,0.056557371,-1.292574442,0.261430042
22.43,4.3285354,-0.555104712,-0.928803682,0.149131911,-0.483424673,0.108747229,0.0133906,-0.016016008,0.055640394,-1.290146255,0.317067444
22.44,4.330200383,-0.559884434,-0.927767228,0.150600942,-0.482956908,0.108322467,0.01463838,-0.015429162,0.054723417,-1.287718069,0.372704845
22.45,4.331865367,-0.564664156,-0.926730774,0.152069973,-0.482489144,0.107897706,0.015886161,-0.014842317,0.05380644,-1.285289883,0.428342247
22.46,4.333530351,-0.569443877,-0.925694319,0.153539004,-0.482021379,0.107472944,0.017133941,-0.014255471,0.052889463,-1.282861697,0.483979649
22.47,4.335195335,-0.574223599,-0.924657865,0.155008035,-0.481553615,0.107048183,0.018381721,-0.013668626,0.051972486,-1.28043351,0.53961705
22.48,4.336860319,-0.57900332,-0.923621411,0.156477066,-0.48108585,0.106623421,0.019629502,-0.01308178,0.051055509,-1.278005324,0.595254452
22.49,4.338525302,-0.583783042,-0.922584957,0.157946097,-0.480618085,0.10619866,0.020877282,-0.012494935,0.050138532,-1.275577138,0.650891853
22.5,4.338569034,-0.589130382,-0.920901051,0.156465586,-0.482166878,0.110227085,0.0204233,-0.013337801,0.052757764,-1.278838991,1.05878115
22.51,4.340396143,-0.593853342,-0.919929342,0.158229571,-0.481497458,0.109357005,0.021841257,-0.012607984,0.051487166,-1.275841801,1.079193362
22.52,4.342223252,-0.598576302,-0.918957633,0.159993556,-0.480828038,0.108486924,0.023259213,-0.011878168,0.050216568,-1.272844611,1.099605574
22.53,4.344050361,-0.603299261,-0.917985923,0.161757541,-0.480158617,0.107616844,0.02467717,-0.011148351,0.04894597,-1.269847421,1.120017786
22.54,4.34587747,-0.608022221,-0.917014214,0.163521526,-0.479489197,0.106746764,0.026095126,-0.010418534,0.047675372,-1.26685023,1.140429998
22.55,4.347704579,-0.612745181,-0.916042505,0.165285511,-0.478819777,0.105876684,0.027513083,-0.009688718,0.046404774,-1.26385304,1.16084221
22.56,4.349531688,-0.617468141,-0.915070796,0.167049496,-0.478150356,0.105006603,0.028931039,-0.008958901,0.045134176,-1.26085585,1.181254422
22.57,4.351358797,-0.622191101,-0.914099087,0.168813481,-0.477480936,0.104136523,0.030348996,-0.008229084,0.043863578,-1.257858659,1.201666634
22.58,4.353185906,-0.62691406,-0.913127378,0.170577466,-0.476811516,0.103266443,0.031766952,-0.007499268,0.042592979,-1.254861469,1.222078846
22.59,4.355013015,-0.63163702,-0.912155669,0.172341452,-0.476142095,0.102396363,0.033184909,-0.006769451,0.041322381,-1.251864279,1.242491058
22.6,4.356840124,-0.63635998,-0.91118396,0.174105437,-0.475472675,0.101526282,0.034602865,-0.006039635,0.040051783,-1.248867089,1.26290327
22.61,4.356967449,-0.64178145,-0.909103049,0.173722733,-0.476738978,0.107179085,0.035150294,-0.006588706,0.04416053,-1.250755557,1.405115146
22.62,4.358983422,-0.646426798,-0.908254585,0.175725239,-0.475854477,0.10558424,0.036664975,-0.005716791,0.042292227,-1.247215516,1.411994061
22.63,4.360999396,-0.651072145,-0.90740612,0.177727745,-0.474969977,0.103989395,0.038179657,-0.004844875,0.040423924,-1.243675475,1.418872977
22.64,4.36301537,-0.655717493,-0.906557656,0.179730251,-0.474085476,0.10239455,0.039694339,-0.00397296,0.038555621,-1.240135433,1.425751893
22.65,4.365031344,-0.66036284,-0.905709191,0.181732757,-0.473200975,0.100799705,0.041209021,-0.003101045,0.036687318,-1.236595392,1.432630809
22.66,4.367047318,-0.665008188,-0.904860727,0.183735263,-0.472316475,0.09920486,0.042723703,-0.002229129,0.034819015,-1.233055351,1.439509725
22.67,4.369063292,-0.669653535,-0.904012262,0.18573777,-0.471431974,0.097610015,0.044238384,-0.001357214,0.032950712,-1.22951531,1.446388641
22.68,4.371079266,-0.674298883,-0.903163798,0.187740276,-0.470547473,0.09601517,0.045753066,-0.000485299,0.031082409,-1.225975268,1.453267557
22.69,4.37309524,-0.67894423,-0.902315333,0.189742782,-0.469662973,0.094420325,0.047267748,0.000386617,0.029214106,-1.222435227,1.460146473
22.7,4.373019079,-0.68458462,-0.899696092,0.190053769,-0.471003395,0.096344847,0.048605593,-0.0000945,0.028996867,-1.223878803,1.512625499
22.71,4.375244267,-0.689130463,-0.899024705,0.192225427,-0.469896402,0.094398066,0.050137958,0.00091274,0.026963457,-1.2198404,1.514944404
22.72,4.377469454,-0.693676307,-0.898353318,0.194397085,-0.468789409,0.092451284,0.051670324,0.001919956,0.024930048,-1.215801997,1.517263309
22.73,4.379694641,-0.69822215,-0.897681931,0.196568743,-0.467682416,0.090504502,0.053202689,0.002927173,0.022896638,-1.211763594,1.519582214
22.74,4.381919829,-0.702767993,-0.897010545,0.198740401,-0.466575423,0.08855772,0.054735055,0.003934389,0.020863229,-1.207725191,1.521901119
22.75,4.384145016,-0.707313837,-0.896339158,0.200912059,-0.46546843,0.086610938,0.05626742,0.004941605,0.018829819,-1.203686788,1.524220024
22.76,4.386370204,-0.71185968,-0.895667771,0.203083717,-0.464361437,0.084664157,0.057799786,0.005948821,0.01679641,-1.199648385,1.526538929
22.77,4.388595391,-0.716405523,-0.894996384,0.205255375,-0.463254444,0.082717375,0.059332151,0.006956037,0.014763,-1.195609982,1.528857834
22.78,4.390820578,-0.720951366,-0.894324997,0.207427033,-0.462147451,0.080770593,0.060864516,0.007963253,0.012729591,-1.191571579,1.531176739
22.79,4.393045766,-0.72549721,-0.893653611,0.209598691,-0.461040458,0.078823811,0.062396882,0.008970469,0.010696181,-1.187533176,1.533495644
22.8,4.392910725,-0.731339666,-0.885016288,0.208157936,-0.463764702,0.19726217,0.0618492,0.007153664,0.127014503,-1.187401129,1.551183932
22.81,4.395371935,-0.735755848,-0.885141494,0.210690835,-0.462274586,0.183276874,0.063589571,0.008443283,0.11314592,-1.18297209,1.551965898
22.82,4.397833145,-0.74017203,-0.885266701,0.213223734,-0.460784469,0.169291579,0.065329941,0.009732901,0.099277338,-1.178543052,1.552747865
22.83,4.400294356,-0.744588212,-0.885391908,0.215756634,-0.459294352,0.155306283,0.067070311,0.011022519,0.085408755,-1.174114013,1.553529832
22.84,4.402755566,-0.749004394,-0.885517115,0.218289533,-0.457804236,0.141320987,0.068810681,0.012312137,0.071540173,-1.169684975,1.554311798
22.85,4.405216776,-0.753420576,-0.885642322,0.220822432,-0.456314119,0.127335691,0.070551051,0.013601756,0.05767159,-1.165255936,1.555093765
22.86,4.407677986,-0.757836758,-0.885767528,0.223355331,-0.454824002,0.113350395,0.072291421,0.014891374,0.043803007,-1.160826898,1.555875732
22.87,4.410139196,-0.76225294,-0.885892735,0.22588823,-0.453333886,0.099365099,0.074031792,0.016180992,0.029934425,-1.156397859,1.556657698
22.88,4.412600407,-0.766669122,-0.886017942,0.22842113,-0.451843769,0.085379803,0.075772162,0.01747061,0.016065842,-1.151968821,1.557439665
22.89,4.415061617,-0.771085304,-0.886143149,0.230954029,-0.450353652,0.071394507,0.077512532,0.018760229,0.002197259,-1.147539782,1.558221632
22.9,4.415406838,-0.776833192,-0.890654574,0.241970438,-0.445507636,-0.310015758,0.089476783,0.024695364,-0.392964875,-1.145244601,2.024982483
22.91,4.418079647,-0.781116203,-0.890341159,0.243654986,-0.44435311,-0.287258557,0.090194765,0.025520431,-0.368704103,-1.140602176,1.979166561
22.92,4.420752456,-0.785399215,-0.890027744,0.245339535,-0.443198583,-0.264501356,0.090912747,0.026345497,-0.34444333,-1.135959752,1.93335064
22.93,4.423425265,-0.789682226,-0.889714329,0.247024083,-0.442044056,-0.241744155,0.091630729,0.027170564,-0.320182558,-1.131317328,1.887534718
22.94,4.426098074,-0.793965238,-0.889400914,0.248708631,-0.440889529,-0.218986954,0.092348711,0.02799563,-0.295921785,-1.126674904,1.841718796
22.95,4.428770884,-0.798248249,-0.889087499,0.250393179,-0.439735002,-0.196229753,0.093066693,0.028820697,-0.271661013,-1.12203248,1.795902874
22.96,4.431443693,-0.80253126,-0.888774084,0.252077727,-0.438580476,-0.173472552,0.093784675,0.029645763,-0.24740024,-1.117390056,1.750086953
22.97,4.434116502,-0.806814272,-0.888460669,0.253762275,-0.437425949,-0.150715351,0.094502657,0.03047083,-0.223139467,-1.112747632,1.704271031
22.98,4.436789311,-0.811097283,-0.888147254,0.255446823,-0.436271422,-0.127958149,0.09522064,0.031295896,-0.198878695,-1.108105207,1.658455109
22.99,4.43946212,-0.815380295,-0.887833839,0.257131372,-0.435116895,-0.105200948,0.095938622,0.032120963,-0.174617922,-1.103462783,1.612639187
23,4.439982761,-0.821263032,-0.887357776,0.249530707,-0.443008108,0.375951814,0.088089373,0.024725356,0.332299184,-1.100827492,0.802438162
23.01,4.442870787,-0.825386071,-0.887060626,0.252143776,-0.440949007,0.352869459,0.089664078,0.02637249,0.308294323,-1.095984355,0.833060751
23.02,4.445758813,-0.829509109,-0.886763476,0.254756846,-0.438889906,0.329787104,0.091238783,0.028019624,0.284289462,-1.091141217,0.863683339
23.03,4.448646839,-0.833632148,-0.886466326,0.257369915,-0.436830806,0.306704749,0.092813489,0.029666758,0.260284601,-1.08629808,0.894305928
23.04,4.451534865,-0.837755187,-0.886169175,0.259982985,-0.434771705,0.283622393,0.094388194,0.031313891,0.236279741,-1.081454942,0.924928516
23.05,4.454422891,-0.841878226,-0.885872025,0.262596054,-0.432712604,0.260540038,0.095962899,0.032961025,0.21227488,-1.076611805,0.955551105
23.06,4.457310917,-0.846001265,-0.885574875,0.265209124,-0.430653503,0.237457683,0.097537604,0.034608159,0.188270019,-1.071768667,0.986173694
23.07,4.460198943,-0.850124304,-0.885277725,0.267822193,-0.428594403,0.214375328,0.099112309,0.036255293,0.164265158,-1.06692553,1.016796282
23.08,4.46308697,-0.854247343,-0.884980575,0.270435262,-0.426535302,0.191292973,0.100687015,0.037902426,0.140260297,-1.062082393,1.047418871
23.09,4.465974996,-0.858370381,-0.884683424,0.273048332,-0.424476201,0.168210618,0.10226172,0.03954956,0.116255436,-1.057239255,1.078041459
23.1,4.468863022,-0.86249342,-0.884386274,0.275661401,-0.422417101,0.145128263,0.103836425,0.041196694,0.092250576,-1.052396118,1.108664048
23.11,4.469919127,-0.868148875,-0.886145071,0.288672889,-0.413781585,-0.334553089,0.117226783,0.050902663,-0.409957657,-1.048334385,1.71426904
23.12,4.4730107,-0.872101646,-0.885619483,0.290130579,-0.412453197,-0.306902222,0.117488638,0.051654371,-0.38082881,-1.043404425,1.681004695
23.13,4.476102273,-0.876054416,-0.885093894,0.291588269,-0.411124809,-0.279251355,0.117750493,0.052406078,-0.351699963,-1.038474465,1.64774035
23.14,4.479193846,-0.880007186,-0.884568305,0.293045958,-0.409796421,-0.251600489,0.118012348,0.053157786,-0.322571116,-1.033544504,1.614476005
23.15,4.482285418,-0.883959957,-0.884042716,0.294503648,-0.408468033,-0.223949622,0.118274203,0.053909494,-0.293442268,-1.028614544,1.581211659
23.16,4.485376991,-0.887912727,-0.883517127,0.295961337,-0.407139645,-0.196298755,0.118536058,0.054661201,-0.264313421,-1.023684584,1.547947314
23.17,4.488468564,-0.891865498,-0.882991538,0.297419027,-0.405811257,-0.168647888,0.118797912,0.055412909,-0.235184574,-1.018754624,1.514682969
23.18,4.491560137,-0.895818268,-0.88246595,0.298876717,-0.404482869,-0.140997021,0.119059767,0.056164617,-0.206055727,-1.013824664,1.481418624
23.19,4.494651709,-0.899771039,-0.881940361,0.300334406,-0.403154481,-0.113346154,0.119321622,0.056916324,-0.17692688,-1.008894703,1.448154279
23.2,4.495810213,-0.905647313,-0.881612971,0.29243771,-0.413859219,0.463357851,0.110490946,0.046386614,0.430383953,-1.005284047,0.757489372
23.21,4.499095093,-0.909407733,-0.881067562,0.294830838,-0.411327518,0.436103404,0.111662054,0.048266463,0.401694601,-1.000222157,0.789965083
23.22,4.502379972,-0.913168153,-0.880522154,0.297223966,-0.408795818,0.408848957,0.112833162,0.050146313,0.37300525,-0.995160266,0.822440795
23.23,4.505664852,-0.916928573,-0.879976745,0.299617094,-0.406264118,0.38159451,0.11400427,0.052026162,0.344315899,-0.990098375,0.854916506
23.24,4.508949732,-0.920688993,-0.879431336,0.302010223,-0.403732417,0.354340063,0.115175378,0.053906011,0.315626547,-0.985036485,0.887392217
23.25,4.512234611,-0.924449413,-0.878885927,0.304403351,-0.401200717,0.327085616,0.116346485,0.055785861,0.286937196,-0.979974594,0.919867928
23.26,4.515519491,-0.928209833,-0.878340519,0.306796479,-0.398669016,0.299831169,0.117517593,0.05766571,0.258247845,-0.974912703,0.952343639
23.27,4.518804371,-0.931970253,-0.87779511,0.309189607,-0.396137316,0.272576722,0.118688701,0.05954556,0.229558493,-0.969850813,0.98481935
23.28,4.52208925,-0.935730673,-0.877249701,0.311582735,-0.393605615,0.245322275,0.119859809,0.061425409,0.200869142,-0.964788922,1.017295061
23.29,4.52537413,-0.939491093,-0.876704292,0.313975863,-0.391073915,0.218067828,0.121030917,0.063305258,0.172179791,-0.959727031,1.049770772
23.3,4.526645548,-0.945531139,-0.865421166,0.323894274,-0.383372023,-0.139520522,0.130898415,0.072235148,-0.215532815,-0.954519089,1.638216728
23.31,4.530131774,-0.949063597,-0.865949529,0.325534874,-0.381357342,-0.133741579,0.131199884,0.073409993,-0.208319841,-0.949471804,1.615095415
23.32,4.533618,-0.952596054,-0.866477892,0.327175474,-0.379342661,-0.127962635,0.131501353,0.074584839,-0.201106867,-0.944424518,1.591974101
23.33,4.537104226,-0.956128511,-0.867006255,0.328816074,-0.377327979,-0.122183692,0.131802822,0.075759684,-0.193893893,-0.939377233,1.568852788
23.34,4.540590452,-0.959660969,-0.867534618,0.330456674,-0.375313298,-0.116404749,0.132104291,0.07693453,-0.186680919,-0.934329947,1.545731474
23.35,4.544076677,-0.963193426,-0.868062981,0.332097274,-0.373298616,-0.110625805,0.13240576,0.078109375,-0.179467945,-0.929282662,1.522610161
23.36,4.547562903,-0.966725884,-0.868591344,0.333737874,-0.371283935,-0.104846862,0.132707229,0.07928422,-0.17225497,-0.924235376,1.499488848
23.37,4.551049129,-0.970258341,-0.869119707,0.335378474,-0.369269254,-0.099067918,0.133008698,0.080459066,-0.165041996,-0.919188091,1.476367534
23.38,4.554535355,-0.973790798,-0.86964807,0.337019074,-0.367254572,-0.093288975,0.133310167,0.081633911,-0.157829022,-0.914140805,1.453246221
23.39,4.558021581,-0.977323256,-0.870176433,0.338659673,-0.365239891,-0.087510032,0.133611635,0.082808756,-0.150616048,-0.90909352,1.430124907
23.4,4.559961187,-0.982895541,-0.876919116,0.342308106,-0.363590928,-0.090434128,0.136222406,0.084792728,-0.144893139,-0.902552906,1.351128739
23.41,4.563602075,-0.986224016,-0.876826047,0.343747923,-0.361539675,-0.08378488,0.136292945,0.085886661,-0.137531159,-0.897654953,1.333594911
23.42,4.567242963,-0.98955249,-0.876732978,0.34518774,-0.359488422,-0.077135633,0.136363483,0.086980594,-0.130169178,-0.892757,1.316061083
23.43,4.57088385,-0.992880965,-0.876639909,0.346627556,-0.357437169,-0.070486386,0.136434022,0.088074526,-0.122807197,-0.887859048,1.298527255
23.44,4.574524738,-0.99620944,-0.87654684,0.348067373,-0.355385915,-0.063837138,0.136504561,0.089168459,-0.115445217,-0.882961095,1.280993427
23.45,4.578165626,-0.999537914,-0.876453771,0.349507189,-0.353334662,-0.057187891,0.1365751,0.090262392,-0.108083236,-0.878063142,1.263459599
23.46,4.581806514,-1.002866389,-0.876360702,0.350947006,-0.351283409,-0.050538644,0.136645638,0.091356324,-0.100721255,-0.87316519,1.245925771
23.47,4.585447401,-1.006194863,-0.876267633,0.352386823,-0.349232156,-0.043889396,0.136716177,0.092450257,-0.093359275,-0.868267237,1.228391944
23.48,4.589088289,-1.009523338,-0.876174564,0.353826639,-0.347180902,-0.037240149,0.136786716,0.09354419,-0.085997294,-0.863369284,1.210858116
23.49,4.592729177,-1.012851812,-0.876081495,0.355266456,-0.345129649,-0.030590902,0.136857254,0.094638122,-0.078635313,-0.858471332,1.193324288
23.5,4.594892474,-1.018502126,-0.871644253,0.355993398,-0.348598223,0.195923929,0.136285457,0.091306161,0.155954231,-0.855631743,0.621554093
23.51,4.598681121,-1.021598417,-0.871985602,0.357504502,-0.345994987,0.180586618,0.136420229,0.092842683,0.140593456,-0.850527954,0.659443902
23.52,4.602469768,-1.024694708,-0.87232695,0.359015606,-0.343391751,0.165249307,0.136555001,0.094379205,0.12523268,-0.845424165,0.69733371
23.53,4.606258415,-1.027790998,-0.872668298,0.36052671,-0.340788515,0.149911996,0.136689774,0.095915727,0.109871904,-0.840320376,0.735223519
23.54,4.610047061,-1.030887289,-0.873009646,0.362037814,-0.338185279,0.134574685,0.136824546,0.097452249,0.094511129,-0.835216587,0.773113328
23.55,4.613835708,-1.03398358,-0.873350995,0.363548918,-0.335582043,0.119237374,0.136959319,0.098988771,0.079150353,-0.830112798,0.811003137
23.56,4.617624355,-1.03707987,-0.873692343,0.365060022,-0.332978807,0.103900063,0.137094091,0.100525294,0.063789577,-0.825009009,0.848892946
23.57,4.621413002,-1.040176161,-0.874033691,0.366571127,-0.330375571,0.088562752,0.137228863,0.102061816,0.048428801,-0.81990522,0.886782755
23.58,4.625201648,-1.043272452,-0.87437504,0.368082231,-0.327772335,0.073225441,0.137363636,0.103598338,0.033068026,-0.81480143,0.924672563
23.59,4.628990295,-1.046368742,-0.874716388,0.369593335,-0.325169099,0.05788813,0.137498408,0.10513486,0.01770725,-0.809697641,0.962562372
23.6,4.632778942,-1.049465033,-0.875057736,0.371104439,-0.322565864,0.042550819,0.13763318,0.106671382,0.002346474,-0.804593852,1.000452181
23.61,4.635444167,-1.054671411,-0.873411632,0.377192564,-0.315222908,-0.209109642,0.142466268,0.114330493,-0.26316215,-0.798585308,1.756942498
23.62,4.639357639,-1.057533248,-0.873973809,0.37819511,-0.313146308,-0.198188825,0.142079005,0.115186728,-0.25072872,-0.793582047,1.714987806
23.63,4.64327111,-1.060395084,-0.874535985,0.379197656,-0.311069707,-0.187268008,0.141691743,0.116042962,-0.23829529,-0.788578786,1.673033114
23.64,4.647184581,-1.063256921,-0.875098161,0.380200203,-0.308993107,-0.176347191,0.14130448,0.116899197,-0.225861861,-0.783575526,1.631078422
23.65,4.651098052,-1.066118757,-0.875660337,0.381202749,-0.306916506,-0.165426374,0.140917217,0.117755431,-0.213428431,-0.778572265,1.58912373
23.66,4.655011524,-1.068980593,-0.876222514,0.382205295,-0.304839906,-0.154505557,0.140529955,0.118611666,-0.200995001,-0.773569004,1.547169038
23.67,4.658924995,-1.07184243,-0.87678469,0.383207842,-0.302763305,-0.143584741,0.140142692,0.1194679,-0.188561572,-0.768565743,1.505214346
23.68,4.662838466,-1.074704266,-0.877346866,0.384210388,-0.300686705,-0.132663924,0.139755429,0.120324134,-0.176128142,-0.763562483,1.463259654
23.69,4.666751938,-1.077566103,-0.877909042,0.385212934,-0.298610105,-0.121743107,0.139368167,0.121180369,-0.163694712,-0.758559222,1.421304962
23.7,4.669630003,-1.082757883,-0.878873582,0.385684692,-0.301507122,0.099549794,0.138062852,0.11791922,0.071544231,-0.751805151,0.979898648
23.71,4.673647015,-1.085386726,-0.879395522,0.386740317,-0.29893316,0.089433402,0.137767395,0.119187192,0.061697109,-0.746976971,0.977889118
23.72,4.677664027,-1.088015568,-0.879917462,0.387795942,-0.296359198,0.079317011,0.137471937,0.120455165,0.051849987,-0.742148792,0.975879588
23.73,4.681681039,-1.09064441,-0.880439402,0.388851567,-0.293785235,0.069200619,0.137176479,0.121723138,0.042002866,-0.737320612,0.973870058
23.74,4.68569805,-1.093273252,-0.880961342,0.389907193,-0.291211273,0.059084227,0.136881022,0.122991111,0.032155744,-0.732492432,0.971860528
23.75,4.689715062,-1.095902094,-0.881483282,0.390962818,-0.288637311,0.048967836,0.136585564,0.124259084,0.022308622,-0.727664252,0.969850998
23.76,4.693732074,-1.098530936,-0.882005222,0.392018443,-0.286063348,0.038851444,0.136290107,0.125527057,0.012461501,-0.722836073,0.967841468
23.77,4.697749086,-1.101159778,-0.882527162,0.393074068,-0.283489386,0.028735053,0.135994649,0.126795029,0.002614379,-0.718007893,0.965831938
23.78,4.701766098,-1.10378862,-0.883049101,0.394129694,-0.280915424,0.018618661,0.135699192,0.128063002,-0.007232743,-0.713179713,0.963822408
23.79,4.70578311,-1.106417462,-0.883571041,0.395185319,-0.278341462,0.00850227,0.135403734,0.129330975,-0.017079864,-0.708351533,0.961812878
23.8,4.708914194,-1.111453351,-0.880829962,0.399547678,-0.272423437,-0.138682834,0.138119553,0.135210983,-0.173842819,-0.702001798,1.211678907
23.81,4.713019799,-1.113841488,-0.881678203,0.40027263,-0.270183881,-0.135092354,0.137522968,0.136017752,-0.168998358,-0.697325773,1.184481821
23.82,4.717125403,-1.116229625,-0.882526445,0.400997582,-0.267944325,-0.131501874,0.136926383,0.136824521,-0.164153896,-0.692649749,1.157284735
23.83,4.721231008,-1.118617763,-0.883374687,0.401722533,-0.265704769,-0.127911395,0.136329798,0.137631291,-0.159309435,-0.687973725,1.130087649
23.84,4.725336613,-1.1210059,-0.884222929,0.402447485,-0.263465213,-0.124320915,0.135733212,0.13843806,-0.154464973,-0.683297701,1.102890563
23.85,4.729442217,-1.123394038,-0.885071171,0.403172437,-0.261225657,-0.120730436,0.135136627,0.139244829,-0.149620511,-0.678621677,1.075693478
23.86,4.733547822,-1.125782175,-0.885919413,0.403897389,-0.258986101,-0.117139956,0.134540042,0.140051599,-0.14477605,-0.673945653,1.048496392
23.87,4.737653427,-1.128170312,-0.886767654,0.404622341,-0.256746545,-0.113549476,0.133943457,0.140858368,-0.139931588,-0.669269629,1.021299306
23.88,4.741759031,-1.13055845,-0.887615896,0.405347293,-0.254506988,-0.109958997,0.133346872,0.141665137,-0.135087126,-0.664593604,0.99410222
23.89,4.745864636,-1.132946587,-0.888464138,0.406072245,-0.252267432,-0.106368517,0.132750287,0.142471907,-0.130242665,-0.65991758,0.966905134
23.9,4.749277691,-1.137676358,-0.887851354,0.407339532,-0.252023076,-0.0017479,0.132099452,0.142090246,-0.019523604,-0.652547536,0.673966907
23.91,4.75345255,-1.139830332,-0.888845699,0.40801025,-0.249584,-0.008260434,0.131508292,0.143015858,-0.025266602,-0.648140914,0.673343935
23.92,4.75762741,-1.141984306,-0.889840043,0.408680969,-0.247144924,-0.014772968,0.130917131,0.14394147,-0.0310096,-0.643734292,0.672720963
23.93,4.76180227,-1.14413828,-0.890834387,0.409351687,-0.244705848,-0.021285502,0.130325971,0.144867083,-0.036752599,-0.63932767,0.672097992
23.94,4.765977129,-1.146292254,-0.891828732,0.410022405,-0.242266772,-0.027798036,0.129734811,0.145792695,-0.042495597,-0.634921048,0.67147502
23.95,4.770151989,-1.148446228,-0.892823076,0.410693124,-0.239827696,-0.034310571,0.129143651,0.146718308,-0.048238595,-0.630514425,0.670852049
23.96,4.774326849,-1.150600202,-0.893817421,0.411363842,-0.23738862,-0.040823105,0.128552491,0.14764392,-0.053981594,-0.626107803,0.670229077
23.97,4.778501708,-1.152754176,-0.894811765,0.41203456,-0.234949543,-0.047335639,0.127961331,0.148569532,-0.059724592,-0.621701181,0.669606105
23.98,4.782676568,-1.15490815,-0.895806109,0.412705279,-0.232510467,-0.053848173,0.127370171,0.149495145,-0.06546759,-0.617294559,0.668983134
23.99,4.786851428,-1.157062124,-0.896800454,0.413375997,-0.230071391,-0.060360707,0.126779011,0.150420757,-0.071210589,-0.612887937,0.668360162
24,4.790421931,-1.161563526,-0.894282201,0.415344723,-0.225813809,-0.126872669,0.126894698,0.154090489,-0.142696013,-0.607422232,0.70566357
24.01,4.794657226,-1.163482757,-0.895627805,0.415885641,-0.223556583,-0.127385261,0.126232853,0.154741689,-0.141864769,-0.603121518,0.701247961
24.02,4.798892522,-1.165401988,-0.896973409,0.416426559,-0.221299358,-0.127897852,0.125571008,0.155392889,-0.141033524,-0.598820804,0.696832351
24.03,4.803127817,-1.167321219,-0.898319014,0.416967476,-0.219042132,-0.128410444,0.124909163,0.15604409,-0.14020228,-0.59452009,0.692416742
24.04,4.807363112,-1.16924045,-0.899664618,0.417508394,-0.216784907,-0.128923035,0.124247319,0.15669529,-0.139371036,-0.590219377,0.688001132
24.05,4.811598407,-1.171159681,-0.901010222,0.418049311,-0.214527681,-0.129435626,0.123585474,0.157346491,-0.138539792,-0.585918663,0.683585522
24.06,4.815833703,-1.173078912,-0.902355826,0.418590229,-0.212270456,-0.129948218,0.122923629,0.157997691,-0.137708547,-0.581617949,0.679169913
24.07,4.820068998,-1.174998144,-0.90370143,0.419131147,-0.210013231,-0.130460809,0.122261784,0.158648892,-0.136877303,-0.577317235,0.674754303
24.08,4.824304293,-1.176917375,-0.905047034,0.419672064,-0.207756005,-0.130973401,0.121599939,0.159300092,-0.136046059,-0.573016521,0.670338693
24.09,4.828539588,-1.178836606,-0.906392638,0.420212982,-0.20549878,-0.131485992,0.120938094,0.159951293,-0.135214814,-0.568715807,0.665923084
24.1,4.832774884,-1.180755837,-0.907738242,0.4207539,-0.203241554,-0.131998584,0.120276249,0.160602493,-0.13438357,-0.564415093,0.661507474
24.11,4.836558255,-1.184697824,-0.908282005,0.421976521,-0.2008186,-0.125701398,0.119700448,0.162005503,-0.125994429,-0.560443759,0.711254166
24.12,4.840843764,-1.186392305,-0.909716703,0.422441694,-0.198579789,-0.126970631,0.119029043,0.162573169,-0.126002951,-0.556106447,0.700820523
24.13,4.845129273,-1.188086785,-0.9111514,0.422906866,-0.196340978,-0.128239865,0.118357637,0.163140836,-0.126011473,-0.551769136,0.690386879
24.14,4.849414782,-1.189781265,-0.912586098,0.423372039,-0.194102167,-0.129509098,0.117686232,0.163708502,-0.126019995,-0.547431824,0.679953236
24.15,4.853700291,-1.191475746,-0.914020795,0.423837212,-0.191863356,-0.130778331,0.117014827,0.164276168,-0.126028517,-0.543094513,0.669519593
24.16,4.8579858,-1.193170226,-0.915455493,0.424302385,-0.189624545,-0.132047565,0.116343422,0.164843834,-0.126037039,-0.538757201,0.65908595
24.17,4.862271309,-1.194864707,-0.916890191,0.424767557,-0.187385734,-0.133316798,0.115672016,0.1654115,-0.126045561,-0.53441989,0.648652307
24.18,4.866556818,-1.196559187,-0.918324888,0.42523273,-0.185146923,-0.134586031,0.115000611,0.165979166,-0.126054083,-0.530082578,0.638218664
24.19,4.870842327,-1.198253667,-0.919759586,0.425697903,-0.182908111,-0.135855265,0.114329206,0.166546832,-0.126062606,-0.525745266,0.627785021
24.2,4.8746988,-1.202169326,-0.920019176,0.426873566,-0.180323301,-0.139007308,0.113696886,0.168028163,-0.127962459,-0.523192973,0.188598533
24.21,4.879027213,-1.203641688,-0.921571384,0.42726769,-0.17811909,-0.14008826,0.113021572,0.168504463,-0.127781848,-0.51867716,0.221040175
24.22,4.883355625,-1.205114051,-0.923123592,0.427661813,-0.175914879,-0.141169212,0.112346258,0.168980762,-0.127601237,-0.514161347,0.253481816
24.23,4.887684038,-1.206586413,-0.924675801,0.428055937,-0.173710668,-0.142250165,0.111670944,0.169457062,-0.127420626,-0.509645533,0.285923457
24.24,4.892012451,-1.208058776,-0.926228009,0.428450061,-0.171506457,-0.143331117,0.110995631,0.169933361,-0.127240015,-0.50512972,0.318365099
24.25,4.896340863,-1.209531139,-0.927780218,0.428844185,-0.169302246,-0.144412069,0.110320317,0.170409661,-0.127059404,-0.500613906,0.35080674
24.26,4.900669276,-1.211003501,-0.929332426,0.429238308,-0.167098034,-0.145493022,0.109645003,0.170885961,-0.126878793,-0.496098093,0.383248382
24.27,4.904997689,-1.212475864,-0.930884634,0.429632432,-0.164893823,-0.146573974,0.108969689,0.17136226,-0.126698181,-0.491582279,0.415690023
24.28,4.909326101,-1.213948226,-0.932436843,0.430026556,-0.162689612,-0.147654927,0.108294376,0.17183856,-0.12651757,-0.487066466,0.448131664
24.29,4.913654514,-1.215420589,-0.933989051,0.43042068,-0.160485401,-0.148735879,0.107619062,0.172314859,-0.126336959,-0.482550653,0.480573306
24.3,4.917621561,-1.219083012,-0.934460971,0.431462197,-0.157998336,-0.149830224,0.106915828,0.173550312,-0.125989129,-0.479476219,0.861717267
24.31,4.92198611,-1.220336369,-0.936121208,0.431791581,-0.15582241,-0.150909837,0.106243306,0.173950696,-0.12582524,-0.474816268,0.859288676
24.32,4.92635066,-1.221589725,-0.937781446,0.432120966,-0.153646485,-0.15198945,0.105570785,0.174351081,-0.125661351,-0.470156316,0.856860086
24.33,4.930715209,-1.222843082,-0.939441683,0.43245035,-0.151470559,-0.153069063,0.104898263,0.174751465,-0.125497462,-0.465496365,0.854431495
24.34,4.935079758,-1.224096438,-0.94110192,0.432779734,-0.149294633,-0.154148676,0.104225741,0.175151849,-0.125333572,-0.460836414,0.852002905
24.35,4.939444307,-1.225349795,-0.942762157,0.433109119,-0.147118707,-0.155228289,0.103553219,0.175552233,-0.125169683,-0.456176462,0.849574314
24.36,4.943808857,-1.226603152,-0.944422395,0.433438503,-0.144942782,-0.156307902,0.102880698,0.175952617,-0.125005794,-0.451516511,0.847145723
24.37,4.948173406,-1.227856508,-0.946082632,0.433767888,-0.142766856,-0.157387516,0.102208176,0.176353001,-0.124841905,-0.446856559,0.844717133
24.38,4.952537955,-1.229109865,-0.947742869,0.434097272,-0.14059093,-0.158467129,0.101535654,0.176753385,-0.124678015,-0.442196608,0.842288542
24.39,4.956902504,-1.230363221,-0.949403106,0.434426656,-0.138415005,-0.159546742,0.100863133,0.17715377,-0.124514126,-0.437536656,0.839859951
24.4,4.96096812,-1.233776949,-0.95003656,0.435355753,-0.135929,-0.161683077,0.100117801,0.178264617,-0.12524307,-0.434192863,0.878727352
24.41,4.965362563,-1.234814268,-0.951799476,0.435625166,-0.133784082,-0.162657018,0.09945256,0.178593955,-0.124989897,-0.429401296,0.872169162
24.42,4.969757005,-1.235851588,-0.953562392,0.435894579,-0.131639164,-0.163630959,0.09878732,0.178923293,-0.124736725,-0.424609728,0.865610972
24.43,4.974151448,-1.236888907,-0.955325307,0.436163992,-0.129494247,-0.1646049,0.098122079,0.17925263,-0.124483552,-0.419818161,0.859052783
24.44,4.978545891,-1.237926227,-0.957088223,0.436433406,-0.127349329,-0.165578841,0.097456838,0.179581968,-0.12423038,-0.415026594,0.852494593
24.45,4.982940333,-1.238963546,-0.958851138,0.436702819,-0.125204411,-0.166552782,0.096791597,0.179911306,-0.123977207,-0.410235027,0.845936403
24.46,4.987334776,-1.240000865,-0.960614054,0.436972232,-0.123059493,-0.167526723,0.096126357,0.180240644,-0.123724035,-0.405443459,0.839378214
24.47,4.991729218,-1.241038185,-0.962376969,0.437241645,-0.120914575,-0.168500663,0.095461116,0.180569982,-0.123470862,-0.400651892,0.832820024
24.48,4.996123661,-1.242075504,-0.964139885,0.437511058,-0.118769658,-0.169474604,0.094795875,0.18089932,-0.12321769,-0.395860325,0.826261834
24.49,5.000518104,-1.243112824,-0.965902801,0.437780471,-0.11662474,-0.170448545,0.094130634,0.181228657,-0.122964517,-0.391068758,0.819703644
24.5,5.004671527,-1.246272982,-0.967108486,0.438608218,-0.114049672,-0.179757024,0.093358486,0.182317483,-0.13079271,-0.387265554,0.584217824
24.51,5.009090072,-1.247098017,-0.968927124,0.438821798,-0.111947769,-0.179897511,0.092703936,0.182570872,-0.129731401,-0.38237515,0.600552398
24.52,5.013508616,-1.247923053,-0.970745763,0.439035378,-0.109845866,-0.180037998,0.092049386,0.182824261,-0.128670092,-0.377484746,0.616886971
24.53,5.017927161,-1.248748089,-0.972564402,0.439248958,-0.107743964,-0.180178486,0.091394836,0.18307765,-0.127608783,-0.372594343,0.633221544
24.54,5.022345705,-1.249573124,-0.97438304,0.439462537,-0.105642061,-0.180318973,0.090740286,0.183331039,-0.126547474,-0.367703939,0.649556118
24.55,5.02676425,-1.25039816,-0.976201679,0.439676117,-0.103540158,-0.18045946,0.090085736,0.183584428,-0.125486165,-0.362813536,0.665890691
24.56,5.031182794,-1.251223195,-0.978020317,0.439889697,-0.101438255,-0.180599947,0.089431186,0.183837817,-0.124424856,-0.357923132,0.682225264
24.57,5.035601339,-1.252048231,-0.979838956,0.440103277,-0.099336353,-0.180740434,0.088776636,0.184091206,-0.123363547,-0.353032729,0.698559838
24.58,5.040019883,-1.252873266,-0.981657595,0.440316857,-0.09723445,-0.180880921,0.088122086,0.184344595,-0.122302237,-0.348142325,0.714894411
24.59,5.044438428,-1.253698302,-0.983476233,0.440530437,-0.095132547,-0.181021408,0.087467536,0.184597985,-0.121240928,-0.343251922,0.731228984
24.6,5.048856972,-1.254523338,-0.985294872,0.440744017,-0.093030644,-0.181161895,0.086812986,0.184851374,-0.120179619,-0.338361518,0.747563558
24.61,5.053104931,-1.257241774,-0.986527371,0.441386941,-0.090975463,-0.17210869,0.085998685,0.185286092,-0.108969439,-0.334208812,0.922365893
24.62,5.05754243,-1.257856432,-0.988411137,0.441552815,-0.088868369,-0.173270698,0.085361885,0.185519333,-0.109035783,-0.329236442,0.921092938
24.63,5.061979928,-1.258471089,-0.990294902,0.44171869,-0.086761275,-0.174432707,0.084725085,0.185752574,-0.109102126,-0.324264072,0.919819982
24.64,5.066417427,-1.259085747,-0.992178667,0.441884565,-0.084654181,-0.175594715,0.084088286,0.185985816,-0.109168469,-0.319291702,0.918547026
24.65,5.070854925,-1.259700405,-0.994062432,0.44205044,-0.082547087,-0.176756724,0.083451486,0.186219057,-0.109234812,-0.314319332,0.91727407
24.66,5.075292424,-1.260315062,-0.995946197,0.442216315,-0.080439993,-0.177918733,0.082814686,0.186452298,-0.109301156,-0.309346962,0.916001115
24.67,5.079729922,-1.26092972,-0.997829963,0.44238219,-0.078332899,-0.179080741,0.082177886,0.18668554,-0.109367499,-0.304374592,0.914728159
24.68,5.084167421,-1.261544378,-0.999713728,0.442548065,-0.076225805,-0.18024275,0.081541086,0.186918781,-0.109433842,-0.299402222,0.913455203
24.69,5.088604919,-1.262159036,-1.001597493,0.44271394,-0.074118711,-0.181404758,0.080904286,0.187152023,-0.109500185,-0.294429852,0.912182247
24.7,5.092901381,-1.264867197,-1.002733224,0.443376089,-0.071755099,-0.190846611,0.08012696,0.187875023,-0.117912716,-0.29036009,0.787887604
24.71,5.097352983,-1.265272504,-1.004691792,0.443492337,-0.069673657,-0.191180635,0.079504213,0.188059288,-0.117144441,-0.285297459,0.798916817
24.72,5.101804585,-1.265677812,-1.006650361,0.443608584,-0.067592215,-0.191514659,0.078881466,0.188243554,-0.116376165,-0.280234828,0.80994603
24.73,5.106256188,-1.266083119,-1.00860893,0.443724832,-0.065510772,-0.191848683,0.078258718,0.188427819,-0.11560789,-0.275172198,0.820975243
24.74,5.11070779,-1.266488426,-1.010567498,0.44384108,-0.06342933,-0.192182708,0.077635971,0.188612085,-0.114839614,-0.270109567,0.832004456
24.75,5.115159392,-1.266893734,-1.012526067,0.443957327,-0.061347888,-0.192516732,0.077013224,0.18879635,-0.114071339,-0.265046937,0.843033669
24.76,5.119610994,-1.267299041,-1.014484636,0.444073575,-0.059266446,-0.192850756,0.076390477,0.188980616,-0.113303063,-0.259984306,0.854062882
24.77,5.124062596,-1.267704349,-1.016443204,0.444189822,-0.057185003,-0.19318478,0.075767729,0.189164881,-0.112534788,-0.254921675,0.865092095
24.78,5.128514198,-1.268109656,-1.018401773,0.44430607,-0.055103561,-0.193518804,0.075144982,0.189349147,-0.111766512,-0.249859045,0.876121308
24.79,5.1329658,-1.268514963,-1.020360342,0.444422318,-0.053022119,-0.193852828,0.074522235,0.189533412,-0.110998237,-0.244796414,0.887150521
24.8,5.137326187,-1.270988822,-1.02258988,0.44504196,-0.050695795,-0.206287035,0.073780136,0.190146825,-0.121561868,-0.240531047,0.884907215
24.81,5.141786911,-1.271187275,-1.024521352,0.445107869,-0.048638841,-0.205411041,0.073169323,0.190288175,-0.119660402,-0.23538869,0.89726368
24.82,5.146247634,-1.271385727,-1.026452823,0.445173777,-0.046581887,-0.204535046,0.072558511,0.190429526,-0.117758936,-0.230246333,0.909620145
24.83,5.150708358,-1.271584179,-1.028384295,0.445239685,-0.044524933,-0.203659052,0.071947699,0.190570877,-0.11585747,-0.225103976,0.921976609
24.84,5.155169082,-1.271782631,-1.030315767,0.445305593,-0.042467978,-0.202783058,0.071336887,0.190712228,-0.113956003,-0.219961619,0.934333074
24.85,5.159629805,-1.271981084,-1.032247238,0.445371501,-0.040411024,-0.201907064,0.070726075,0.190853579,-0.112054537,-0.214819262,0.946689539
24.86,5.164090529,-1.272179536,-1.03417871,0.445437409,-0.03835407,-0.20103107,0.070115263,0.190994929,-0.110153071,-0.209676905,0.959046004
24.87,5.168551252,-1.272377988,-1.036110182,0.445503317,-0.036297116,-0.200155075,0.069504451,0.19113628,-0.108251605,-0.204534548,0.971402469
24.88,5.173011976,-1.27257644,-1.038041654,0.445569225,-0.034240162,-0.199279081,0.068893639,0.191277631,-0.106350138,-0.199392191,0.983758934
24.89,5.1774727,-1.272774893,-1.039973125,0.445635133,-0.032183208,-0.198403087,0.068282827,0.191418982,-0.104448672,-0.194249835,0.996115399
24.9,5.181894212,-1.275117624,-1.03922253,0.446288517,-0.032057614,-0.126369916,0.067648679,0.189770323,-0.029488563,-0.191204022,0.868804413
24.91,5.186358857,-1.275101648,-1.041422208,0.446295678,-0.029807524,-0.132609639,0.0670402,0.190090675,-0.034892961,-0.185852011,0.895127623
24.92,5.190823501,-1.275085672,-1.043621887,0.446302838,-0.027557434,-0.138849363,0.066431722,0.190411027,-0.040297359,-0.180499999,0.921450833
24.93,5.195288146,-1.275069697,-1.045821565,0.446309999,-0.025307344,-0.145089086,0.065823244,0.190731378,-0.045701757,-0.175147988,0.947774043
24.94,5.199752791,-1.275053721,-1.048021244,0.446317159,-0.023057254,-0.15132881,0.065214765,0.19105173,-0.051106155,-0.169795976,0.974097253
24.95,5.204217436,-1.275037746,-1.050220922,0.44632432,-0.020807163,-0.157568533,0.064606287,0.191372082,-0.056510553,-0.164443965,1.000420463
24.96,5.20868208,-1.27502177,-1.052420601,0.44633148,-0.018557073,-0.163808257,0.063997808,0.191692433,-0.061914951,-0.159091954,1.026743673
24.97,5.213146725,-1.275005794,-1.054620279,0.446338641,-0.016306983,-0.170047981,0.06338933,0.192012785,-0.067319349,-0.153739942,1.053066883
24.98,5.21761137,-1.274989819,-1.056819957,0.446345801,-0.014056893,-0.176287704,0.062780851,0.192333137,-0.072723747,-0.148387931,1.079390093
24.99,5.222076015,-1.274973843,-1.059019636,0.446352962,-0.011806803,-0.182527428,0.062172373,0.192653488,-0.078128145,-0.143035919,1.105713303
25,5.226581209,-1.277214484,-1.058275948,0.447374163,-0.00979704,-0.254697363,0.061969457,0.193053864,-0.154867153,-0.141082746,1.349986034
25.01,5.231041798,-1.276972846,-1.060769963,0.44727992,-0.007522918,-0.254344065,0.061320422,0.193366214,-0.153138091,-0.13539085,1.354514292
25.02,5.235502388,-1.276731209,-1.063263979,0.447185676,-0.005248795,-0.253990768,0.060671388,0.193678563,-0.151409028,-0.129698955,1.35904255
25.03,5.239962978,-1.276489572,-1.065757994,0.447091432,-0.002974672,-0.25363747,0.060022353,0.193990912,-0.149679965,-0.12400706,1.363570808
25.04,5.244423568,-1.276247935,-1.068252009,0.446997189,-0.000700549,-0.253284172,0.059373318,0.194303261,-0.147950902,-0.118315165,1.368099066
25.05,5.248884158,-1.276006298,-1.070746024,0.446902945,0.001573574,-0.252930875,0.058724283,0.194615611,-0.146221839,-0.112623269,1.372627324
25.06,5.253344748,-1.275764661,-1.073240039,0.446808702,0.003847697,-0.252577577,0.058075249,0.19492796,-0.144492776,-0.106931374,1.377155582
25.07,5.257805337,-1.275523023,-1.075734054,0.446714458,0.006121819,-0.252224279,0.057426214,0.195240309,-0.142763713,-0.101239479,1.38168384
25.08,5.262265927,-1.275281386,-1.078228069,0.446620214,0.008395942,-0.251870982,0.056777179,0.195552658,-0.14103465,-0.095547584,1.386212098
25.09,5.266726517,-1.275039749,-1.080722084,0.446525971,0.010670065,-0.251517684,0.056128144,0.195865008,-0.139305587,-0.089855689,1.390740356
25.1,5.271187107,-1.274798112,-1.083216099,0.446431727,0.012944188,-0.251164386,0.05547911,0.196177357,-0.137576524,-0.084163793,1.395268614
25.11,5.275787527,-1.276671363,-1.086244712,0.447455428,0.013934655,-0.255142396,0.055363888,0.195487165,-0.138622612,-0.08085959,1.467526771
25.12,5.28023258,-1.276194739,-1.088679327,0.447236968,0.016351406,-0.254307842,0.054655541,0.195910908,-0.136585199,-0.074902396,1.464529484
25.13,5.284677633,-1.275718114,-1.091113942,0.447018509,0.018768157,-0.253473288,0.053947194,0.19633465,-0.134547786,-0.068945201,1.461532198
25.14,5.289122686,-1.275241489,-1.093548558,0.446800049,0.021184909,-0.252638734,0.053238846,0.196758393,-0.132510373,-0.062988007,1.458534912
25.15,5.29356774,-1.274764864,-1.095983173,0.446581589,0.02360166,-0.25180418,0.052530499,0.197182136,-0.13047296,-0.057030813,1.455537625
25.16,5.298012793,-1.274288239,-1.098417788,0.44636313,0.026018411,-0.250969626,0.051822152,0.197605879,-0.128435547,-0.051073618,1.452540339
25.17,5.302457846,-1.273811615,-1.100852404,0.44614467,0.028435162,-0.250135072,0.051113804,0.198029621,-0.126398134,-0.045116424,1.449543052
25.18,5.306902899,-1.27333499,-1.103287019,0.44592621,0.030851914,-0.249300518,0.050405457,0.198453364,-0.124360721,-0.03915923,1.446545766
25.19,5.311347952,-1.272858365,-1.105721634,0.44570775,0.033268665,-0.248465964,0.04969711,0.198877107,-0.122323308,-0.033202035,1.44354848
25.2,5.316076001,-1.274844022,-1.10939567,0.446786661,0.034855213,-0.255727201,0.049577786,0.198894389,-0.126344274,-0.028681677,1.466938769
25.21,5.320492754,-1.274121169,-1.111706343,0.446438465,0.037354985,-0.254083068,0.048810536,0.199358778,-0.123701023,-0.022580799,1.461302725
25.22,5.324909508,-1.273398316,-1.114017017,0.446090268,0.039854756,-0.252438935,0.048043286,0.199823167,-0.121057772,-0.016479921,1.455666681
25.23,5.329326262,-1.272675463,-1.11632769,0.445742071,0.042354528,-0.250794801,0.047276037,0.200287556,-0.118414521,-0.010379043,1.450030637
25.24,5.333743015,-1.27195261,-1.118638363,0.445393874,0.044854299,-0.249150668,0.046508787,0.200751944,-0.11577127,-0.004278165,1.444394593
25.25,5.338159769,-1.271229757,-1.120949036,0.445045678,0.047354071,-0.247506535,0.045741537,0.201216333,-0.113128019,0.001822713,1.438758549
25.26,5.342576523,-1.270506904,-1.12325971,0.444697481,0.049853842,-0.245862402,0.044974288,0.201680722,-0.110484768,0.007923591,1.433122505
25.27,5.346993276,-1.269784051,-1.125570383,0.444349284,0.052353614,-0.244218268,0.044207038,0.202145111,-0.107841517,0.014024468,1.427486461
25.28,5.35141003,-1.269061198,-1.127881056,0.444001087,0.054853385,-0.242574135,0.043439789,0.202609499,-0.105198267,0.020125346,1.421850417
25.29,5.355826784,-1.268338345,-1.130191729,0.443652891,0.057353157,-0.240930002,0.042672539,0.203073888,-0.102555016,0.026226224,1.416214374
25.3,5.360660915,-1.270157264,-1.133789041,0.444694275,0.059084578,-0.232134499,0.042527621,0.203234315,-0.090117144,0.031845247,1.412276308
25.31,5.365035931,-1.269180234,-1.135971051,0.44420712,0.061661185,-0.231205502,0.041698138,0.2037291,-0.088453355,0.03799431,1.406470466
25.32,5.369410947,-1.268203204,-1.13815306,0.443719965,0.064237791,-0.230276506,0.040868655,0.204223885,-0.086789566,0.044143374,1.400664625
25.33,5.373785963,-1.267226174,-1.14033507,0.44323281,0.066814398,-0.22934751,0.040039172,0.20471867,-0.085125778,0.050292437,1.394858783
25.34,5.378160979,-1.266249144,-1.142517079,0.442745655,0.069391004,-0.228418514,0.039209689,0.205213455,-0.083461989,0.0564415,1.389052941
25.35,5.382535995,-1.265272113,-1.144699088,0.4422585,0.071967611,-0.227489517,0.038380207,0.20570824,-0.0817982,0.062590564,1.383247099
25.36,5.38691101,-1.264295083,-1.146881098,0.441771346,0.074544218,-0.226560521,0.037550724,0.206203025,-0.080134411,0.068739627,1.377441258
25.37,5.391286026,-1.263318053,-1.149063107,0.441284191,0.077120824,-0.225631525,0.036721241,0.20669781,-0.078470622,0.07488869,1.371635416
25.38,5.395661042,-1.262341023,-1.151245117,0.440797036,0.079697431,-0.224702529,0.035891758,0.207192595,-0.076806834,0.081037754,1.365829574
25.39,5.400036058,-1.261363993,-1.153427126,0.440309881,0.082274037,-0.223773533,0.035062275,0.20768738,-0.075143045,0.087186817,1.360023732
25.4,5.404975974,-1.263012342,-1.155150798,0.441390293,0.083939706,-0.195096553,0.034970877,0.207766012,-0.044067484,0.093435328,1.356651566
25.41,5.4092945,-1.261772774,-1.157378641,0.440746382,0.086607406,-0.196942355,0.034067586,0.208302412,-0.045344872,0.099574446,1.350602356
25.42,5.413613025,-1.260533206,-1.159606484,0.44010247,0.089275107,-0.198788157,0.033164294,0.208838812,-0.046622261,0.105713565,1.344553147
25.43,5.417931551,-1.259293637,-1.161834327,0.439458558,0.091942807,-0.200633959,0.032261003,0.209375212,-0.047899649,0.111852684,1.338503938
25.44,5.422250077,-1.258054069,-1.16406217,0.438814647,0.094610507,-0.202479762,0.031357712,0.209911612,-0.049177038,0.117991802,1.332454729
25.45,5.426568603,-1.256814501,-1.166290014,0.438170735,0.097278208,-0.204325564,0.030454421,0.210448013,-0.050454426,0.124130921,1.326405519
25.46,5.430887129,-1.255574933,-1.168517857,0.437526824,0.099945908,-0.206171366,0.02955113,0.210984413,-0.051731814,0.13027004,1.32035631
25.47,5.435205655,-1.254335365,-1.1707457,0.436882912,0.102613608,-0.208017168,0.028647838,0.211520813,-0.053009203,0.136409158,1.314307101
25.48,5.43952418,-1.253095797,-1.172973543,0.436239001,0.105281309,-0.20986297,0.027744547,0.212057213,-0.054286591,0.142548277,1.308257892
25.49,5.443842706,-1.251856229,-1.175201387,0.435595089,0.107949009,-0.211708772,0.026841256,0.212593614,-0.05556398,0.148687396,1.302208682
25.5,5.448866858,-1.253239135,-1.177017604,0.436171594,0.111581606,-0.242236739,0.02625509,0.214631311,-0.086800921,0.155399338,1.249933902
25.51,5.453114821,-1.251737319,-1.17928661,0.435405641,0.114152817,-0.241214324,0.025320086,0.215017581,-0.085082354,0.161481174,1.24850725
25.52,5.457362784,-1.250235504,-1.181555615,0.434639687,0.116724028,-0.24019191,0.024385082,0.215403852,-0.083363787,0.16756301,1.247080597
25.53,5.461610747,-1.248733688,-1.183824621,0.433873734,0.119295238,-0.239169495,0.023450079,0.215790122,-0.08164522,0.173644847,1.245653945
25.54,5.465858711,-1.247231873,-1.186093627,0.433107781,0.121866449,-0.238147081,0.022515075,0.216176393,-0.079926653,0.179726683,1.244227293
25.55,5.470106674,-1.245730057,-1.188362633,0.432341828,0.12443766,-0.237124667,0.021580071,0.216562663,-0.078208086,0.185808519,1.242800641
25.56,5.474354637,-1.244228242,-1.190631639,0.431575875,0.12700887,-0.236102252,0.020645067,0.216948934,-0.07648952,0.191890356,1.241373989
25.57,5.478602601,-1.242726426,-1.192900644,0.430809921,0.129580081,-0.235079838,0.019710064,0.217335204,-0.074770953,0.197972192,1.239947337
25.58,5.482850564,-1.241224611,-1.19516965,0.430043968,0.132151292,-0.234057423,0.01877506,0.217721475,-0.073052386,0.204054028,1.238520685
25.59,5.487098527,-1.239722796,-1.197438656,0.429278015,0.134722502,-0.233035009,0.017840056,0.218107746,-0.071333819,0.210135865,1.237094032
25.6,5.492180292,-1.240773179,-1.200504837,0.429842752,0.137730479,-0.227506439,0.017300739,0.219317053,-0.063390529,0.217307892,1.226154732
25.61,5.496344875,-1.239016143,-1.202694125,0.428943729,0.140258013,-0.22693464,0.016326166,0.219621019,-0.062294434,0.223280709,1.225679344
25.62,5.500509459,-1.237259108,-1.204883413,0.428044707,0.142785547,-0.226362841,0.015351594,0.219924986,-0.06119834,0.229253527,1.225203957
25.63,5.504674042,-1.235502073,-1.207072702,0.427145685,0.145313081,-0.225791042,0.014377022,0.220228953,-0.060102245,0.235226344,1.22472857
25.64,5.508838625,-1.233745038,-1.20926199,0.426246663,0.147840616,-0.225219243,0.013402449,0.22053292,-0.05900615,0.241199161,1.224253182
25.65,5.513003208,-1.231988002,-1.211451278,0.425347641,0.15036815,-0.224647445,0.012427877,0.220836887,-0.057910056,0.247171978,1.223777795
25.66,5.517167791,-1.230230967,-1.213640567,0.424448618,0.152895684,-0.224075646,0.011453304,0.221140854,-0.056813961,0.253144795,1.223302408
25.67,5.521332374,-1.228473932,-1.215829855,0.423549596,0.155423218,-0.223503847,0.010478732,0.221444821,-0.055717867,0.259117613,1.222827021
25.68,5.525496957,-1.226716896,-1.218019143,0.422650574,0.157950752,-0.222932048,0.00950416,0.221748788,-0.054621772,0.26509043,1.222351633
25.69,5.52966154,-1.224959861,-1.220208432,0.421751552,0.160478286,-0.22236025,0.008529587,0.222052755,-0.053525677,0.271063247,1.221876246
25.7,5.534781451,-1.225686892,-1.22306899,0.421945312,0.163922133,-0.223776702,0.007673225,0.223577002,-0.053321739,0.278579137,1.218209925
25.71,5.538850501,-1.22368145,-1.225191152,0.420937012,0.166358036,-0.223006078,0.006686832,0.22375894,-0.052136429,0.284397646,1.218053631
25.72,5.542919552,-1.221676008,-1.227313313,0.419928711,0.168793939,-0.222235454,0.005700438,0.223940879,-0.050951118,0.290216156,1.217897337
25.73,5.546988602,-1.219670566,-1.229435474,0.418920411,0.171229842,-0.22146483,0.004714045,0.224122818,-0.049765808,0.296034666,1.217741043
25.74,5.551057652,-1.217665124,-1.231557635,0.41791211,0.173665745,-0.220694206,0.003727652,0.224304757,-0.048580498,0.301853176,1.217584749
25.75,5.555126703,-1.215659682,-1.233679797,0.41690381,0.176101647,-0.219923582,0.002741258,0.224486696,-0.047395188,0.307671686,1.217428455
25.76,5.559195753,-1.21365424,-1.235801958,0.415895509,0.17853755,-0.219152958,0.001754865,0.224668635,-0.046209878,0.313490196,1.217272161
25.77,5.563264803,-1.211648799,-1.237924119,0.414887209,0.180973453,-0.218382334,0.000768471,0.224850574,-0.045024567,0.319308706,1.217115867
25.78,5.567333854,-1.209643357,-1.240046281,0.413878908,0.183409356,-0.217611711,-0.000217922,0.225032513,-0.043839257,0.325127216,1.216959574
25.79,5.571402904,-1.207637915,-1.242168442,0.412870608,0.185845259,-0.216841087,-0.001204315,0.225214452,-0.042653947,0.330945726,1.21680328
25.8,5.576526359,-1.208012709,-1.244807493,0.412673633,0.18958495,-0.210990454,-0.002365776,0.226882118,-0.035203318,0.339955162,1.212113946
25.81,5.580489969,-1.205769244,-1.246877965,0.4115842,0.191890474,-0.210727831,-0.003334663,0.226915484,-0.034644539,0.34545458,1.212410956
25.82,5.584453578,-1.203525778,-1.248948437,0.410494767,0.194195998,-0.210465208,-0.00430355,0.22694885,-0.034085761,0.350953997,1.212707966
25.83,5.588417188,-1.201282313,-1.25101891,0.409405334,0.196501522,-0.210202585,-0.005272436,0.226982216,-0.033526983,0.356453414,1.213004977
25.84,5.592380798,-1.199038847,-1.253089382,0.408315901,0.198807046,-0.209939962,-0.006241323,0.227015582,-0.032968204,0.361952832,1.213301987
25.85,5.596344408,-1.196795382,-1.255159854,0.407226468,0.20111257,-0.209677339,-0.00721021,0.227048949,-0.032409426,0.367452249,1.213598997
25.86,5.600308018,-1.194551916,-1.257230326,0.406137034,0.203418094,-0.209414716,-0.008179096,0.227082315,-0.031850648,0.372951666,1.213896007
25.87,5.604271628,-1.192308451,-1.259300799,0.405047601,0.205723618,-0.209152093,-0.009147983,0.227115681,-0.031291869,0.378451084,1.214193017
25.88,5.608235238,-1.190064985,-1.261371271,0.403958168,0.208029142,-0.20888947,-0.01011687,0.227149047,-0.030733091,0.383950501,1.214490027
25.89,5.612198848,-1.18782152,-1.263441743,0.402868735,0.210334666,-0.208626847,-0.011085756,0.227182413,-0.030174313,0.389449918,1.214787037
25.9,5.617249728,-1.187747153,-1.266062513,0.401615728,0.215497956,-0.214114658,-0.013187104,0.230106912,-0.03480719,0.399795542,1.22002671
25.91,5.62110461,-1.185286777,-1.268077955,0.400542652,0.217517703,-0.213276991,-0.014042745,0.229851165,-0.033729246,0.404810339,1.219829453
25.92,5.624959493,-1.182826402,-1.270093398,0.399469576,0.21953745,-0.212439325,-0.014898385,0.229595418,-0.032651302,0.409825136,1.219632197
25.93,5.628814376,-1.180366027,-1.27210884,0.398396501,0.221557198,-0.211601659,-0.015754026,0.229339671,-0.031573358,0.414839932,1.219434941
25.94,5.632669259,-1.177905651,-1.274124283,0.397323425,0.223576945,-0.210763992,-0.016609666,0.229083924,-0.030495414,0.419854729,1.219237685
25.95,5.636524142,-1.175445276,-1.276139726,0.396250349,0.225596693,-0.209926326,-0.017465307,0.228828177,-0.02941747,0.424869525,1.219040428
25.96,5.640379025,-1.172984901,-1.278155168,0.395177274,0.22761644,-0.209088659,-0.018320948,0.22857243,-0.028339526,0.429884322,1.218843172
25.97,5.644233908,-1.170524525,-1.280170611,0.394104198,0.229636187,-0.208250993,-0.019176588,0.228316683,-0.027261582,0.434899119,1.218645916
25.98,5.648088791,-1.16806415,-1.282186053,0.393031122,0.231655935,-0.207413327,-0.020032229,0.228060936,-0.026183638,0.439913915,1.21844866
25.99,5.651943673,-1.165603775,-1.284201496,0.391958047,0.233675682,-0.20657566,-0.020887869,0.227805189,-0.025105694,0.444928712,1.218251403
26,5.656850089,-1.165023568,-1.287031529,0.390426295,0.238427436,-0.20527865,-0.023057827,0.230025701,-0.022490463,0.454821793,1.216984441
26.01,5.660599819,-1.162375176,-1.288965512,0.389399087,0.240173983,-0.204486918,-0.023782035,0.229522328,-0.021566248,0.459348761,1.216894155
26.02,5.664349548,-1.159726784,-1.290899496,0.388371879,0.241920529,-0.203695186,-0.024506244,0.229018955,-0.020642033,0.463875729,1.216803869
26.03,5.668099278,-1.157078392,-1.29283348,0.387344671,0.243667076,-0.202903454,-0.025230453,0.228515582,-0.019717818,0.468402697,1.216713584
26.04,5.671849007,-1.15443,-1.294767463,0.386317463,0.245413623,-0.202111722,-0.025954662,0.228012209,-0.018793602,0.472929666,1.216623298
26.05,5.675598737,-1.151781607,-1.296701447,0.385290255,0.247160169,-0.20131999,-0.026678871,0.227508836,-0.017869387,0.477456634,1.216533013
26.06,5.679348466,-1.149133215,-1.29863543,0.384263046,0.248906716,-0.200528258,-0.02740308,0.227005463,-0.016945172,0.481983602,1.216442727
26.07,5.683098196,-1.146484823,-1.300569414,0.383235838,0.250653263,-0.199736526,-0.028127289,0.22650209,-0.016020957,0.48651057,1.216352442
26.08,5.686847926,-1.143836431,-1.302503397,0.38220863,0.25239981,-0.198944794,-0.028851498,0.225998717,-0.015096742,0.491037539,1.216262156
26.09,5.690597655,-1.141188039,-1.304437381,0.381181422,0.254146356,-0.198153062,-0.029575707,0.225495344,-0.014172527,0.495564507,1.21617187
26.1,5.694347385,-1.138539646,-1.306371365,0.380154214,0.255892903,-0.19736133,-0.030299916,0.224991971,-0.013248311,0.500091475,1.216081585
26.11,5.698995938,-1.137353895,-1.308952166,0.378595714,0.25977523,-0.195256368,-0.032207204,0.226171343,-0.010179073,0.508615376,1.215490406
26.12,5.702645798,-1.134542987,-1.310814281,0.377627539,0.261284468,-0.19461055,-0.03279996,0.225480998,-0.009493194,0.51269824,1.215455775
26.13,5.706295659,-1.131732079,-1.312676396,0.376659363,0.262793706,-0.193964733,-0.033392715,0.224790653,-0.008807314,0.516781105,1.215421144
26.14,5.709945519,-1.128921171,-1.314538511,0.375691187,0.264302943,-0.193318915,-0.033985471,0.224100309,-0.008121435,0.52086397,1.215386514
26.15,5.713595379,-1.126110264,-1.316400626,0.374723012,0.265812181,-0.192673097,-0.034578227,0.223409964,-0.007435556,0.524946834,1.215351883
26.16,5.717245239,-1.123299356,-1.318262741,0.373754836,0.267321419,-0.19202728,-0.035170982,0.22271962,-0.006749677,0.529029699,1.215317252
26.17,5.7208951,-1.120488448,-1.320124856,0.37278666,0.268830657,-0.191381462,-0.035763738,0.222029275,-0.006063798,0.533112564,1.215282621
26.18,5.72454496,-1.11767754,-1.32198697,0.371818485,0.270339895,-0.190735645,-0.036356493,0.22133893,-0.005377918,0.537195428,1.215247991
26.19,5.72819482,-1.114866632,-1.323849085,0.370850309,0.271849132,-0.190089827,-0.036949249,0.220648586,-0.004692039,0.541278293,1.21521336
26.2,5.732778485,-1.113458706,-1.326328877,0.369181245,0.275434093,-0.188882609,-0.038835649,0.221343619,-0.00275888,0.549292184,1.214967735
26.21,5.736334965,-1.1105075,-1.328129224,0.368283158,0.276735758,-0.188292931,-0.03929904,0.220514737,-0.002197729,0.552981946,1.214954203
26.22,5.739891445,-1.107556294,-1.329929572,0.367385071,0.278037424,-0.187703254,-0.039762431,0.219685854,-0.001636578,0.556671708,1.214940672
26.23,5.743447925,-1.104605088,-1.331729919,0.366486985,0.279339089,-0.187113576,-0.040225822,0.218856972,-0.001075426,0.56036147,1.214927141
26.24,5.747004405,-1.101653882,-1.333530266,0.365588898,0.280640755,-0.186523899,-0.040689214,0.218028089,-0.000514275,0.564051232,1.21491361
26.25,5.750560885,-1.098702676,-1.335330613,0.364690811,0.281942421,-0.185934221,-0.041152605,0.217199207,0.0000469,0.567740994,1.214900078
26.26,5.754117364,-1.09575147,-1.33713096,0.363792724,0.283244086,-0.185344543,-0.041615996,0.216370325,0.000608027,0.571430756,1.214886547
26.27,5.757673844,-1.092800264,-1.338931307,0.362894637,0.284545752,-0.184754866,-0.042079387,0.215541442,0.001169179,0.575120518,1.214873016
26.28,5.761230324,-1.089849058,-1.340731655,0.361996551,0.285847417,-0.184165188,-0.042542778,0.21471256,0.00173033,0.57881028,1.214859484
26.29,5.764786804,-1.086897852,-1.342532002,0.361098464,0.287149083,-0.183575511,-0.04300617,0.213883678,0.002291481,0.582500042,1.214845953
26.3,5.769234026,-1.085194598,-1.341230826,0.360017412,0.289597509,-0.109161465,-0.044115917,0.213372673,0.077238151,0.589762044,1.215075219
26.31,5.772701432,-1.082118597,-1.343341325,0.359137622,0.290784498,-0.115954225,-0.044514672,0.212512003,0.070360751,0.593094582,1.215037408
26.32,5.776168838,-1.079042596,-1.345451825,0.358257832,0.291971488,-0.122746984,-0.044913428,0.211651333,0.06348335,0.59642712,1.214999597
26.33,5.779636243,-1.075966595,-1.347562324,0.357378041,0.293158477,-0.129539743,-0.045312184,0.210790663,0.056605949,0.599759658,1.214961786
26.34,5.783103649,-1.072890594,-1.349672824,0.356498251,0.294345467,-0.136332502,-0.045710939,0.209929992,0.049728549,0.603092196,1.214923975
26.35,5.786571054,-1.069814592,-1.351783323,0.355618461,0.295532456,-0.143125261,-0.046109695,0.209069322,0.042851148,0.606424734,1.214886164
26.36,5.79003846,-1.066738591,-1.353893823,0.35473867,0.296719446,-0.149918021,-0.04650845,0.208208652,0.035973747,0.609757272,1.214848353
26.37,5.793505865,-1.06366259,-1.356004322,0.35385888,0.297906435,-0.15671078,-0.046907206,0.207347982,0.029096347,0.613089811,1.214810542
26.38,5.796973271,-1.060586589,-1.358114822,0.35297909,0.299093425,-0.163503539,-0.047305961,0.206487312,0.022218946,0.616422349,1.214772731
26.39,5.800440677,-1.057510588,-1.360225321,0.352099299,0.300280415,-0.170296298,-0.047704717,0.205626641,0.015341545,0.619754887,1.21473492
26.4,5.803908082,-1.054434587,-1.362335821,0.351219509,0.301467404,-0.177089058,-0.048103473,0.204765971,0.008464145,0.623087425,1.214697109
26.41,5.808099521,-1.052286276,-1.361126714,0.348967733,0.305472417,-0.239760185,-0.050233094,0.205948721,-0.060481285,0.629269011,1.21427062
26.42,5.811486478,-1.049107198,-1.363606058,0.348240386,0.306346293,-0.240344237,-0.050439531,0.204861004,-0.060462238,0.632284988,1.214275995
26.43,5.814873436,-1.04592812,-1.366085403,0.347513038,0.307220168,-0.240928289,-0.050645968,0.203773287,-0.060443191,0.635300965,1.214281371
26.44,5.818260393,-1.042749042,-1.368564748,0.346785691,0.308094044,-0.24151234,-0.050852405,0.202685571,-0.060424144,0.638316942,1.214286746
26.45,5.821647351,-1.039569964,-1.371044092,0.346058343,0.30896792,-0.242096392,-0.051058842,0.201597854,-0.060405097,0.641332919,1.214292122
26.46,5.825034308,-1.036390886,-1.373523437,0.345330996,0.309841796,-0.242680443,-0.05126528,0.200510137,-0.06038605,0.644348896,1.214297497
26.47,5.828421266,-1.033211808,-1.376002782,0.344603648,0.310715672,-0.243264495,-0.051471717,0.19942242,-0.060367003,0.647364873,1.214302873
26.48,5.831808223,-1.030032731,-1.378482126,0.343876301,0.311589548,-0.243848547,-0.051678154,0.198334703,-0.060347956,0.650380851,1.214308248
26.49,5.835195181,-1.026853653,-1.380961471,0.343148953,0.312463423,-0.244432598,-0.051884591,0.197246986,-0.060328909,0.653396828,1.214313624
26.5,5.839249737,-1.024429487,-1.383524134,0.341198255,0.315659148,-0.258365364,-0.053520817,0.197393401,-0.073639529,0.659798361,1.214435736
26.51,5.842569935,-1.021174918,-1.385995146,0.340593242,0.316300839,-0.257614544,-0.053584275,0.196182271,-0.072287515,0.662475783,1.214429437
26.52,5.845890132,-1.017920349,-1.388466159,0.33998823,0.31694253,-0.256863724,-0.053647734,0.194971141,-0.070935502,0.665153204,1.214423139
26.53,5.84921033,-1.01466578,-1.390937172,0.339383218,0.317584221,-0.256112904,-0.053711192,0.193760011,-0.069583488,0.667830625,1.214416841
26.54,5.852530527,-1.011411211,-1.393408185,0.338778205,0.318225912,-0.255362085,-0.05377465,0.192548881,-0.068231474,0.670508047,1.214410543
26.55,5.855850725,-1.008156642,-1.395879198,0.338173193,0.318867603,-0.254611265,-0.053838109,0.191337751,-0.066879461,0.673185468,1.214404245
26.56,5.859170922,-1.004902073,-1.398350211,0.33756818,0.319509294,-0.253860445,-0.053901567,0.190126621,-0.065527447,0.67586289,1.214397947
26.57,5.86249112,-1.001647504,-1.400821224,0.336963168,0.320150985,-0.253109625,-0.053965026,0.188915491,-0.064175433,0.678540311,1.214391648
26.58,5.865811317,-0.998392935,-1.403292237,0.336358156,0.320792676,-0.252358806,-0.054028484,0.187704361,-0.062823419,0.681217733,1.21438535
26.59,5.869131515,-0.995138366,-1.40576325,0.335753143,0.321434367,-0.251607986,-0.054091942,0.186493231,-0.061471406,0.683895154,1.214379052
26.6,5.872451713,-0.991883796,-1.408234262,0.335148131,0.322076058,-0.250857166,-0.054155401,0.185282101,-0.060119392,0.686572576,1.214372754
26.61,5.876251953,-0.989111945,-1.412480007,0.333244808,0.324561574,-0.272087284,-0.055574282,0.18482478,-0.079531504,0.693085556,1.227133416
26.62,5.879518813,-0.985803741,-1.414753827,0.332784052,0.324998396,-0.268894138,-0.055487138,0.183529893,-0.075872365,0.695336804,1.225708566
26.63,5.882785672,-0.982495536,-1.417027648,0.332323297,0.325435217,-0.265700992,-0.055399994,0.182235006,-0.072213226,0.697588053,1.224283717
26.64,5.886052532,-0.979187332,-1.419301468,0.331862541,0.325872039,-0.262507846,-0.05531285,0.18094012,-0.068554088,0.699839301,1.222858868
26.65,5.889319391,-0.975879128,-1.421575289,0.331401785,0.32630886,-0.259314699,-0.055225705,0.179645233,-0.064894949,0.702090549,1.221434018
26.66,5.89258625,-0.972570923,-1.423849109,0.33094103,0.326745682,-0.256121553,-0.055138561,0.178350347,-0.06123581,0.704341797,1.220009169
26.67,5.89585311,-0.969262719,-1.42612293,0.330480274,0.327182503,-0.252928407,-0.055051417,0.17705546,-0.057576672,0.706593046,1.21858432
26.68,5.899119969,-0.965954514,-1.42839675,0.330019518,0.327619325,-0.249735261,-0.054964273,0.175760574,-0.053917533,0.708844294,1.217159471
26.69,5.902386829,-0.96264631,-1.430670571,0.329558763,0.328056146,-0.246542115,-0.054877129,0.174465687,-0.050258394,0.711095542,1.215734621
26.7,5.906054037,-0.95969741,-1.435494121,0.327907327,0.329985095,-0.230481622,-0.05589352,0.173368042,-0.03007277,0.717979468,1.904239873
26.71,5.909280862,-0.956353275,-1.437512969,0.32756564,0.330272704,-0.228575211,-0.055696022,0.172053431,-0.02806628,0.719767449,1.833822014
26.72,5.912507686,-0.95300914,-1.439531816,0.327223952,0.330560313,-0.226668799,-0.055498524,0.17073882,-0.02605979,0.721555429,1.763404155
26.73,5.915734511,-0.949665006,-1.441550664,0.326882264,0.330847921,-0.224762387,-0.055301027,0.16942421,-0.024053299,0.723343409,1.692986295
26.74,5.918961335,-0.946320871,-1.443569511,0.326540577,0.33113553,-0.222855976,-0.055103529,0.168109599,-0.022046809,0.72513139,1.622568436
26.75,5.92218816,-0.942976736,-1.445588359,0.326198889,0.331423139,-0.220949564,-0.054906031,0.166794988,-0.020040319,0.72691937,1.552150576
26.76,5.925414984,-0.939632601,-1.447607206,0.325857201,0.331710747,-0.219043153,-0.054708534,0.165480378,-0.018033829,0.728707351,1.481732717
26.77,5.928641809,-0.936288466,-1.449626054,0.325515513,0.331998356,-0.217136741,-0.054511036,0.164165767,-0.016027339,0.730495331,1.411314858
26.78,5.931868633,-0.932944331,-1.451644901,0.325173826,0.332285965,-0.21523033,-0.054313538,0.162851156,-0.014020849,0.732283312,1.340896998
26.79,5.935095458,-0.929600196,-1.453663749,0.324832138,0.332573573,-0.213323918,-0.05411604,0.161536546,-0.012014358,0.734071292,1.270479139
26.8,5.938606796,-0.926480834,-1.457419817,0.323370559,0.334066032,-0.208034366,-0.054840936,0.160112174,-0.004618237,0.740265314,0.733083904
26.81,5.941805169,-0.923114221,-1.459264943,0.323140861,0.334233155,-0.206466269,-0.054551199,0.158808539,-0.00315071,0.741612691,0.709363782
26.82,5.945003542,-0.919747609,-1.461110068,0.322911162,0.334400279,-0.204898171,-0.054261462,0.157504905,-0.001683183,0.742960067,0.68564366
26.83,5.948201915,-0.916380997,-1.462955194,0.322681464,0.334567403,-0.203330074,-0.053971725,0.15620127,-0.000215656,0.744307443,0.661923538
26.84,5.951400288,-0.913014385,-1.464800319,0.322451765,0.334734527,-0.201761976,-0.053681988,0.154897636,0.001251871,0.74565482,0.638203416
26.85,5.954598662,-0.909647773,-1.466645444,0.322222066,0.33490165,-0.200193879,-0.053392251,0.153594001,0.002719398,0.747002196,0.614483295
26.86,5.957797035,-0.906281161,-1.46849057,0.321992368,0.335068774,-0.198625781,-0.053102514,0.152290367,0.004186925,0.748349572,0.590763173
26.87,5.960995408,-0.902914549,-1.470335695,0.321762669,0.335235898,-0.197057684,-0.052812777,0.150986732,0.005654453,0.749696949,0.567043051
26.88,5.964193781,-0.899547937,-1.472180821,0.321532971,0.335403021,-0.195489587,-0.052523039,0.149683097,0.00712198,0.751044325,0.543322929
26.89,5.967392154,-0.896181324,-1.474025946,0.321303272,0.335570145,-0.193921489,-0.052233302,0.148379463,0.008589507,0.752391701,0.519602807
26.9,5.970590527,-0.892814712,-1.475871072,0.321073573,0.335737269,-0.192353392,-0.051943565,0.147075828,0.010057034,0.753739078,0.495882686
26.91,5.973951029,-0.889554985,-1.479110285,0.319979619,0.336736187,-0.190441678,-0.052257321,0.145430717,0.013188951,0.758559546,0.330767027
26.92,5.977131388,-0.886176497,-1.480800512,0.319845948,0.336810889,-0.18891176,-0.051900529,0.144165024,0.014471546,0.759521023,0.32275752
26.93,5.980311747,-0.882798009,-1.482490738,0.319712278,0.336885591,-0.187381842,-0.051543738,0.142899332,0.015754141,0.7604825,0.314748014
26.94,5.983492105,-0.879419521,-1.484180965,0.319578608,0.336960293,-0.185851925,-0.051186946,0.141633639,0.017036736,0.761443978,0.306738507
26.95,5.986672464,-0.876041032,-1.485871192,0.319444938,0.337034995,-0.184322007,-0.050830154,0.140367946,0.018319331,0.762405455,0.298729001
26.96,5.989852823,-0.872662544,-1.487561419,0.319311268,0.337109698,-0.182792089,-0.050473362,0.139102254,0.019601926,0.763366932,0.290719494
26.97,5.993033182,-0.869284056,-1.489251645,0.319177598,0.3371844,-0.181262171,-0.05011657,0.137836561,0.02088452,0.764328409,0.282709987
26.98,5.996213541,-0.865905568,-1.490941872,0.319043928,0.337259102,-0.179732253,-0.049759779,0.136570868,0.022167115,0.765289886,0.274700481
26.99,5.999393899,-0.862527079,-1.492632099,0.318910257,0.337333804,-0.178202335,-0.049402987,0.135305175,0.02344971,0.766251364,0.266690974
27,6.002667731,-0.859186648,-1.495787753,0.318004497,0.33810962,-0.17538285,-0.049461494,0.133474904,0.027304467,0.770434932,0.205654579
27.01,6.005838743,-0.855804354,-1.497331437,0.317948036,0.33811421,-0.173981889,-0.049063172,0.132265669,0.028329846,0.7710742,0.202947761
27.02,6.009009754,-0.85242206,-1.498875121,0.317891575,0.338118801,-0.172580928,-0.04866485,0.131056434,0.029355224,0.771713468,0.200240943
27.03,6.012180766,-0.849039767,-1.500418805,0.317835114,0.338123392,-0.171179967,-0.048266529,0.129847199,0.030380603,0.772352736,0.197534126
27.04,6.015351777,-0.845657473,-1.501962489,0.317778652,0.338127983,-0.169779005,-0.047868207,0.128637965,0.031405981,0.772992004,0.194827308
27.05,6.018522789,-0.842275179,-1.503506173,0.317722191,0.338132574,-0.168378044,-0.047469885,0.12742873,0.03243136,0.773631272,0.19212049
27.06,6.0216938,-0.838892885,-1.505049857,0.31766573,0.338137164,-0.166977083,-0.047071564,0.126219495,0.033456739,0.77427054,0.189413672
27.07,6.024864812,-0.835510591,-1.506593541,0.317609269,0.338141755,-0.165576122,-0.046673242,0.12501026,0.034482117,0.774909809,0.186706855
27.08,6.028035823,-0.832128297,-1.508137225,0.317552808,0.338146346,-0.164175161,-0.04627492,0.123801025,0.035507496,0.775549077,0.184000037
27.09,6.031206835,-0.828746003,-1.509680909,0.317496347,0.338150937,-0.1627742,-0.045876599,0.122591791,0.036532874,0.776188345,0.181293219
27.1,6.034377846,-0.825363709,-1.511224593,0.317439886,0.338155527,-0.161373239,-0.045478277,0.121382556,0.037558253,0.776827613,0.178586402
27.11,6.037572195,-0.821960319,-1.514008554,0.31686425,0.338643536,-0.159560619,-0.04524064,0.119568428,0.039918131,0.779754205,0.159773826
27.12,6.040740614,-0.818580369,-1.51541443,0.316865475,0.338594414,-0.158205397,-0.044824465,0.118426403,0.040795232,0.780139325,0.158856537
27.13,6.043909032,-0.815200419,-1.516820305,0.3168667,0.338545291,-0.156850176,-0.044408289,0.117284379,0.041672333,0.780524446,0.157939248
27.14,6.047077451,-0.811820469,-1.51822618,0.316867925,0.338496169,-0.155494955,-0.043992113,0.116142354,0.042549434,0.780909567,0.157021959
27.15,6.050245869,-0.808440519,-1.519632056,0.31686915,0.338447047,-0.154139734,-0.043575938,0.11500033,0.043426535,0.781294688,0.15610467
27.16,6.053414287,-0.805060569,-1.521037931,0.316870375,0.338397924,-0.152784512,-0.043159762,0.113858306,0.044303636,0.781679809,0.155187381
27.17,6.056582706,-0.801680619,-1.522443807,0.3168716,0.338348802,-0.151429291,-0.042743587,0.112716281,0.045180736,0.78206493,0.154270092
27.18,6.059751124,-0.798300669,-1.523849682,0.316872825,0.33829968,-0.15007407,-0.042327411,0.111574257,0.046057837,0.782450051,0.153352803
27.19,6.062919543,-0.794920719,-1.525255557,0.31687405,0.338250558,-0.148718849,-0.041911236,0.110432232,0.046934938,0.782835172,0.152435514
27.2,6.066066464,-0.79147,-1.528082918,0.316503783,0.33861831,-0.148688934,-0.041450377,0.108565059,0.047363834,0.785103482,0.236636375
27.21,6.069237032,-0.788097127,-1.529346645,0.316542157,0.338527501,-0.147201182,-0.04103867,0.107495549,0.048285755,0.785300284,0.227207271
27.22,6.0724076,-0.784724254,-1.530610372,0.316580531,0.338436691,-0.14571343,-0.040626962,0.10642604,0.049207676,0.785497086,0.217778167
27.23,6.075578168,-0.781351381,-1.531874098,0.316618905,0.338345881,-0.144225678,-0.040215255,0.10535653,0.050129598,0.785693888,0.208349063
27.24,6.078748736,-0.777978508,-1.533137825,0.316657279,0.338255071,-0.142737926,-0.039803548,0.104287021,0.051051519,0.78589069,0.198919959
27.25,6.081919304,-0.774605635,-1.534401552,0.316695654,0.338164261,-0.141250174,-0.039391841,0.103217512,0.051973441,0.786087492,0.189490855
27.26,6.085089872,-0.771232762,-1.535665279,0.316734028,0.338073451,-0.139762422,-0.038980133,0.102148002,0.052895362,0.786284294,0.180061751
27.27,6.088260441,-0.767859889,-1.536929006,0.316772402,0.337982642,-0.13827467,-0.038568426,0.101078493,0.053817283,0.786481096,0.170632647
27.28,6.091431009,-0.764487016,-1.538192733,0.316810776,0.337891832,-0.136786919,-0.038156719,0.100008983,0.054739205,0.786677898,0.161203543
27.29,6.094601577,-0.761114143,-1.53945646,0.316849151,0.337801022,-0.135299167,-0.037745012,0.098939474,0.055661126,0.786874701,0.151774439
27.3,6.097723446,-0.757632645,-1.542008035,0.316714831,0.338056422,-0.129813339,-0.037094291,0.097146665,0.061503045,0.788358744,0.07985158
27.31,6.100898884,-0.754270635,-1.543142977,0.316770474,0.337930991,-0.128725395,-0.036706485,0.096149485,0.061932967,0.788426822,0.076671852
27.32,6.104074322,-0.750908624,-1.544277919,0.316826118,0.337805561,-0.12763745,-0.036318679,0.095152306,0.062362888,0.7884949,0.073492123
27.33,6.10724976,-0.747546614,-1.545412862,0.316881762,0.33768013,-0.126549506,-0.035930873,0.094155126,0.06279281,0.788562978,0.070312394
27.34,6.110425198,-0.744184603,-1.546547804,0.316937405,0.337554699,-0.125461562,-0.035543067,0.093157947,0.063222732,0.788631056,0.067132666
27.35,6.113600636,-0.740822593,-1.547682746,0.316993049,0.337429268,-0.124373617,-0.035155261,0.092160767,0.063652653,0.788699134,0.063952937
27.36,6.116776074,-0.737460582,-1.548817688,0.317048692,0.337303837,-0.123285673,-0.034767455,0.091163588,0.064082575,0.788767212,0.060773209
27.37,6.119951512,-0.734098572,-1.54995263,0.317104336,0.337178406,-0.122197729,-0.034379649,0.090166408,0.064512497,0.78883529,0.05759348
27.38,6.12312695,-0.730736561,-1.551087572,0.31715998,0.337052976,-0.121109784,-0.033991844,0.089169229,0.064942418,0.788903368,0.054413752
27.39,6.126302388,-0.727374551,-1.552222514,0.317215623,0.336927545,-0.12002184,-0.033604038,0.088172049,0.06537234,0.788971445,0.051234023
27.4,6.129477826,-0.72401254,-1.553357456,0.317271267,0.336802114,-0.118933896,-0.033216232,0.08717487,0.065802262,0.789039523,0.048054294
27.41,6.132603242,-0.720524199,-1.555438956,0.31735943,0.336939499,-0.117194089,-0.032446881,0.085543044,0.067270975,0.789744053,-0.68302567
27.42,6.135784238,-0.717176225,-1.556468725,0.317411461,0.336784866,-0.116178574,-0.032101469,0.084616381,0.067585476,0.789741414,-0.605327594
27.43,6.138965234,-0.713828251,-1.557498494,0.317463491,0.336630233,-0.115163059,-0.031756057,0.083689717,0.067899976,0.789738775,-0.527629519
27.44,6.14214623,-0.710480278,-1.558528263,0.317515521,0.336475601,-0.114147544,-0.031410645,0.082763054,0.068214477,0.789736136,-0.449931444
27.45,6.145327226,-0.707132304,-1.559558032,0.317567552,0.336320968,-0.113132029,-0.031065233,0.081836391,0.068528977,0.789733497,-0.372233368
27.46,6.148508222,-0.70378433,-1.560587801,0.317619582,0.336166336,-0.112116513,-0.03071982,0.080909727,0.068843477,0.789730858,-0.294535293
27.47,6.151689218,-0.700436357,-1.56161757,0.317671612,0.336011703,-0.111100998,-0.030374408,0.079983064,0.069157978,0.789728219,-0.216837217
27.48,6.154870215,-0.697088383,-1.562647339,0.317723643,0.335857071,-0.110085483,-0.030028996,0.079056401,0.069472478,0.78972558,-0.139139142
27.49,6.158051211,-0.693740409,-1.563677108,0.317775673,0.335702438,-0.109069968,-0.029683584,0.078129738,0.069786978,0.789722941,-0.061441067
27.5,6.161190579,-0.690224615,-1.565779849,0.318067464,0.335809508,-0.109203579,-0.028753,0.076538113,0.069266853,0.789904673,0.551509425
27.51,6.164375738,-0.686893423,-1.566702321,0.318095518,0.335628705,-0.108073151,-0.028466105,0.075677946,0.069664816,0.789883597,0.575682259
27.52,6.167560897,-0.683562232,-1.567624793,0.318123572,0.335447902,-0.106942723,-0.02817921,0.074817779,0.070062779,0.789862521,0.599855093
27.53,6.170746056,-0.68023104,-1.568547264,0.318151627,0.3352671,-0.105812296,-0.027892315,0.073957612,0.070460742,0.789841445,0.624027926
27.54,6.173931215,-0.676899848,-1.569469736,0.318179681,0.335086297,-0.104681868,-0.027605421,0.073097445,0.070858705,0.789820369,0.64820076
27.55,6.177116374,-0.673568657,-1.570392208,0.318207735,0.334905494,-0.10355144,-0.027318526,0.072237277,0.071256668,0.789799293,0.672373594
27.56,6.180301533,-0.670237465,-1.57131468,0.318235789,0.334724691,-0.102421012,-0.027031631,0.07137711,0.071654631,0.789778216,0.696546428
27.57,6.183486692,-0.666906274,-1.572237152,0.318263844,0.334543889,-0.101290584,-0.026744736,0.070516943,0.072052594,0.78975714,0.720719262
27.58,6.18667185,-0.663575082,-1.573159624,0.318291898,0.334363086,-0.100160156,-0.026457841,0.069656776,0.072450557,0.789736064,0.744892095
27.59,6.189857009,-0.66024389,-1.574082096,0.318319952,0.334182283,-0.099029729,-0.026170947,0.068796609,0.07284852,0.789714988,0.769064929
27.6,6.193042168,-0.656912699,-1.575004568,0.318348006,0.33400148,-0.097899301,-0.025884052,0.067936441,0.073246483,0.789693912,0.793237763
27.61,6.196219475,-0.653407208,-1.577088819,0.318747823,0.334054597,-0.099656796,-0.024967189,0.066536043,0.07111469,0.789465204,0.895817256
27.62,6.199405507,-0.650095383,-1.577882205,0.31873457,0.333847803,-0.098205487,-0.024750291,0.065735902,0.071793737,0.789467198,0.911278239
27.63,6.202591538,-0.646783558,-1.57867559,0.318721318,0.333641009,-0.096754179,-0.024533393,0.06493576,0.072472784,0.789469193,0.926739222
27.64,6.205777569,-0.643471733,-1.579468975,0.318708065,0.333434216,-0.095302871,-0.024316494,0.064135619,0.073151831,0.789471187,0.942200204
27.65,6.208963601,-0.640159908,-1.580262361,0.318694812,0.333227422,-0.093851563,-0.024099596,0.063335477,0.073830878,0.789473181,0.957661187
27.66,6.212149632,-0.636848083,-1.581055746,0.31868156,0.333020628,-0.092400255,-0.023882698,0.062535336,0.074509925,0.789475175,0.97312217
27.67,6.215335663,-0.633536258,-1.581849131,0.318668307,0.332813834,-0.090948947,-0.023665799,0.061735194,0.075188972,0.789477169,0.988583152
27.68,6.218521694,-0.630224433,-1.582642517,0.318655054,0.33260704,-0.089497639,-0.023448901,0.060935053,0.075868019,0.789479163,1.004044135
27.69,6.221707726,-0.626912608,-1.583435902,0.318641802,0.332400246,-0.088046331,-0.023232002,0.060134911,0.076547066,0.789481157,1.019505118
27.7,6.224934032,-0.623379332,-1.5855298,0.319193109,0.332491625,-0.083579194,-0.022233646,0.0588328,0.080920988,0.788937359,1.341149523
27.71,6.228116035,-0.620089652,-1.586193134,0.3191234,0.332255014,-0.082429469,-0.022094893,0.058082856,0.081230548,0.788993932,1.325992164
27.72,6.231298039,-0.616799972,-1.586856468,0.319053691,0.332018403,-0.081279744,-0.021956141,0.057332911,0.081540107,0.789050505,1.310834804
27.73,6.234480043,-0.613510292,-1.587519802,0.318983983,0.331781792,-0.080130018,-0.021817388,0.056582966,0.081849667,0.789107079,1.295677445
27.74,6.237662047,-0.610220612,-1.588183136,0.318914274,0.33154518,-0.078980293,-0.021678636,0.055833022,0.082159226,0.789163652,1.280520085
27.75,6.240844051,-0.606930932,-1.58884647,0.318844566,0.331308569,-0.077830568,-0.021539883,0.055083077,0.082468785,0.789220225,1.265362726
27.76,6.244026055,-0.603641252,-1.589509805,0.318774857,0.331071958,-0.076680843,-0.021401131,0.054333133,0.082778345,0.789276798,1.250205366
27.77,6.247208058,-0.600351572,-1.590173139,0.318705148,0.330835347,-0.075531118,-0.021262378,0.053583188,0.083087904,0.789333372,1.235048006
27.78,6.250390062,-0.597061892,-1.590836473,0.31863544,0.330598736,-0.074381392,-0.021123625,0.052833243,0.083397463,0.789389945,1.219890647
27.79,6.253572066,-0.593772212,-1.591499807,0.318565731,0.330362125,-0.073231667,-0.020984873,0.052083299,0.083707023,0.789446518,1.204733287
27.8,6.256857927,-0.590229666,-1.593164529,0.319200648,0.330456372,-0.069115333,-0.020002742,0.050914267,0.087292751,0.788717112,0.99587302
27.81,6.260029545,-0.586965273,-1.593727724,0.319060477,0.330186675,-0.068262269,-0.019948327,0.050206231,0.087274693,0.788852283,1.000085952
27.82,6.263201163,-0.583700879,-1.59429092,0.318920306,0.329916978,-0.067409204,-0.019893913,0.049498195,0.087256636,0.788987455,1.004298883
27.83,6.266372781,-0.580436486,-1.594854115,0.318780134,0.329647281,-0.06655614,-0.019839498,0.048790159,0.087238578,0.789122626,1.008511814
27.84,6.269544399,-0.577172092,-1.595417311,0.318639963,0.329377584,-0.065703076,-0.019785083,0.048082123,0.087220521,0.789257797,1.012724745
27.85,6.272716018,-0.573907699,-1.595980506,0.318499792,0.329107887,-0.064850011,-0.019730668,0.047374087,0.087202463,0.789392968,1.016937676
27.86,6.275887636,-0.570643306,-1.596543701,0.318359621,0.32883819,-0.063996947,-0.019676254,0.046666051,0.087184406,0.789528139,1.021150607
27.87,6.279059254,-0.567378912,-1.597106897,0.31821945,0.328568494,-0.063143883,-0.019621839,0.045958016,0.087166348,0.789663311,1.025363539
27.88,6.282230872,-0.564114519,-1.597670092,0.318079278,0.328298797,-0.062290818,-0.019567424,0.04524998,0.087148291,0.789798482,1.02957647
27.89,6.28540249,-0.560850126,-1.598233288,0.317939107,0.3280291,-0.061437754,-0.019513009,0.044541944,0.087130234,0.789933653,1.033789401
27.9,6.288574108,-0.557585732,-1.598796483,0.317798936,0.327759403,-0.06058469,-0.019458595,0.043833908,0.087112176,0.790068824,1.038002332
27.91,6.291907301,-0.554061988,-1.600091916,0.318368176,0.32783998,-0.0590214,-0.018645795,0.042838913,0.087788092,0.791451579,0.787369534
27.92,6.295060966,-0.550826411,-1.600573752,0.318149181,0.327531364,-0.05824725,-0.018675646,0.042162761,0.087692927,0.79144813,0.819898657
27.93,6.298214632,-0.547590835,-1.601055588,0.317930187,0.327222747,-0.057473099,-0.018705496,0.04148661,0.087597761,0.791444681,0.852427781
27.94,6.301368297,-0.544355258,-1.601537423,0.317711192,0.326914131,-0.056698949,-0.018735346,0.040810458,0.087502595,0.791441231,0.884956904
27.95,6.304521962,-0.541119681,-1.602019259,0.317492197,0.326605515,-0.055924799,-0.018765196,0.040134307,0.08740743,0.791437782,0.917486027
27.96,6.307675628,-0.537884105,-1.602501094,0.317273203,0.326296899,-0.055150648,-0.018795046,0.039458155,0.087312264,0.791434333,0.95001515
27.97,6.310829293,-0.534648528,-1.60298293,0.317054208,0.325988283,-0.054376498,-0.018824896,0.038782003,0.087217098,0.791430884,0.982544274
27.98,6.313982959,-0.531412952,-1.603464766,0.316835214,0.325679667,-0.053602348,-0.018854747,0.038105852,0.087121933,0.791427435,1.015073397
27.99,6.317136624,-0.528177375,-1.603946601,0.316616219,0.325371051,-0.052828197,-0.018884597,0.0374297,0.087026767,0.791423985,1.04760252
28,6.320547858,-0.524607756,-1.605149855,0.31718341,0.32558301,-0.050999638,-0.018158111,0.036597973,0.087890844,0.795459492,1.51585538
28.01,6.323675766,-0.521405584,-1.605559549,0.316885797,0.325222337,-0.050330929,-0.018263595,0.035937379,0.087699754,0.795052147,1.50481213
28.02,6.326803675,-0.518203411,-1.605969243,0.316588184,0.324861663,-0.049662219,-0.018369078,0.035276785,0.087508664,0.794644802,1.493768879
28.03,6.329931584,-0.515001239,-1.606378936,0.316290571,0.324500989,-0.04899351,-0.018474562,0.034616191,0.087317575,0.794237457,1.482725629
28.04,6.333059492,-0.511799067,-1.60678863,0.315992957,0.324140316,-0.0483248,-0.018580046,0.033955597,0.087126485,0.793830113,1.471682379
28.05,6.336187401,-0.508596894,-1.607198324,0.315695344,0.323779642,-0.047656091,-0.01868553,0.033295003,0.086935395,0.793422768,1.460639128
28.06,6.339315309,-0.505394722,-1.607608018,0.315397731,0.323418968,-0.046987381,-0.018791014,0.032634409,0.086744305,0.793015423,1.449595878
28.07,6.342443218,-0.50219255,-1.608017712,0.315100118,0.323058294,-0.046318672,-0.018896497,0.031973815,0.086553215,0.792608078,1.438552628
28.08,6.345571126,-0.498990378,-1.608427405,0.314802504,0.322697621,-0.045649962,-0.019001981,0.031313221,0.086362125,0.792200734,1.427509377
28.09,6.348699035,-0.495788205,-1.608837099,0.314504891,0.322336947,-0.044981253,-0.019107465,0.030652627,0.086171035,0.791793389,1.416466127
28.1,6.351826944,-0.492586033,-1.609246793,0.314207278,0.321976273,-0.044312543,-0.019212949,0.029992032,0.085979945,0.791386044,1.405422877
28.11,6.355263896,-0.489036665,-1.610463718,0.314756633,0.322065638,-0.047751944,-0.018566399,0.029186942,0.081508764,0.79497284,1.130430509
28.12,6.358357466,-0.48587307,-1.61078372,0.314364912,0.32165496,-0.046626778,-0.018755442,0.028542403,0.08179324,0.794121702,1.148714938
28.13,6.361451037,-0.482709475,-1.611103721,0.313973191,0.321244282,-0.045501611,-0.018944485,0.027897864,0.082077715,0.793270564,1.166999368
28.14,6.364544607,-0.47954588,-1.611423722,0.31358147,0.320833604,-0.044376445,-0.019133528,0.027253325,0.082362191,0.792419426,1.185283797
28.15,6.367638178,-0.476382285,-1.611743724,0.313189749,0.320422926,-0.043251279,-0.019322571,0.026608787,0.082646667,0.791568288,1.203568227
28.16,6.370731748,-0.47321869,-1.612063725,0.312798029,0.320012248,-0.042126113,-0.019511614,0.025964248,0.082931143,0.79071715,1.221852656
28.17,6.373825318,-0.470055095,-1.612383727,0.312406308,0.31960157,-0.041000947,-0.019700657,0.025319709,0.083215618,0.789866011,1.240137085
28.18,6.376918889,-0.4668915,-1.612703728,0.312014587,0.319190892,-0.03987578,-0.0198897,0.02467517,0.083500094,0.789014873,1.258421515
28.19,6.380012459,-0.463727905,-1.613023729,0.311622866,0.318780214,-0.038750614,-0.020078743,0.024030631,0.08378457,0.788163735,1.276705944
28.2,6.383549052,-0.460126794,-1.614429336,0.31225929,0.318912938,-0.036834487,-0.019428685,0.023284955,0.085144483,0.791576687,1.416205384
28.21,6.38659832,-0.45700695,-1.614640777,0.311764755,0.31844792,-0.035788417,-0.019701638,0.02265053,0.085321415,0.79029914,1.422368313
28.22,6.389647588,-0.453887107,-1.614852217,0.311270219,0.317982902,-0.034742346,-0.019974591,0.022016105,0.085498347,0.789021593,1.428531241
28.23,6.392696856,-0.450767264,-1.615063658,0.310775684,0.317517884,-0.033696276,-0.020247544,0.02138168,0.085675279,0.787744046,1.434694169
28.24,6.395746125,-0.44764742,-1.615275099,0.310281149,0.317052866,-0.032650206,-0.020520497,0.020747255,0.085852211,0.786466498,1.440857097
28.25,6.398795393,-0.444527577,-1.61548654,0.309786613,0.316587848,-0.031604136,-0.020793451,0.020112829,0.086029143,0.785188951,1.447020025
28.26,6.401844661,-0.441407734,-1.615697981,0.309292078,0.31612283,-0.030558066,-0.021066404,0.019478404,0.086206075,0.783911404,1.453182954
28.27,6.404893929,-0.43828789,-1.615909422,0.308797543,0.315657811,-0.029511996,-0.021339357,0.018843979,0.086383007,0.782633857,1.459345882
28.28,6.407943197,-0.435168047,-1.616120863,0.308303007,0.315192793,-0.028465926,-0.02161231,0.018209554,0.086559939,0.78135631,1.46550881
28.29,6.410992465,-0.432048204,-1.616332304,0.307808472,0.314727775,-0.027419856,-0.021885263,0.017575129,0.086736871,0.780078762,1.471671738
28.3,6.414587962,-0.428434171,-1.617483993,0.308344994,0.314851749,-0.024257587,-0.021400112,0.01689527,0.089206934,0.782596567,1.518691918
28.31,6.417582607,-0.425363747,-1.617601409,0.307747353,0.314327831,-0.023423137,-0.021748876,0.016265388,0.089154553,0.780939484,1.520769121
28.32,6.420577252,-0.422293322,-1.617718825,0.307149712,0.313803914,-0.022588687,-0.022097639,0.015635507,0.089102172,0.779282402,1.522846324
28.33,6.423571898,-0.419222898,-1.617836241,0.306552071,0.313279997,-0.021754236,-0.022446403,0.015005625,0.089049791,0.77762532,1.524923527
28.34,6.426566543,-0.416152474,-1.617953658,0.30595443,0.31275608,-0.020919786,-0.022795166,0.014375743,0.08899741,0.775968237,1.52700073
28.35,6.429561188,-0.413082049,-1.618071074,0.305356789,0.312232162,-0.020085336,-0.02314393,0.013745861,0.088945029,0.774311155,1.529077933
28.36,6.432555833,-0.410011625,-1.61818849,0.304759148,0.311708245,-0.019250886,-0.023492694,0.013115979,0.088892648,0.772654073,1.531155136
28.37,6.435550478,-0.4069412,-1.618305906,0.304161507,0.311184328,-0.018416435,-0.023841457,0.012486098,0.088840267,0.77099699,1.53323234
28.38,6.438545124,-0.403870776,-1.618423322,0.303563865,0.31066041,-0.017581985,-0.024190221,0.011856216,0.088787886,0.769339908,1.535309543
28.39,6.441539769,-0.400800351,-1.618540738,0.302966224,0.310136493,-0.016747535,-0.024538984,0.011226334,0.088735505,0.767682825,1.537386746
28.4,6.444534414,-0.397729927,-1.618658154,0.302368583,0.309612576,-0.015913084,-0.024887748,0.010596452,0.088683124,0.766025743,1.539463949
28.41,6.448111652,-0.394163231,-1.619681741,0.302675568,0.309558792,-0.018182075,-0.024645773,0.009869811,0.08548016,0.76257659,1.664549518
28.42,6.451041565,-0.391147948,-1.619698472,0.301977413,0.308982638,-0.017002798,-0.025060174,0.00925068,0.085777844,0.761118626,1.652959125
28.43,6.453971477,-0.388132665,-1.619715202,0.301279258,0.308406484,-0.015823521,-0.025474576,0.008631549,0.086075528,0.759660663,1.641368732
28.44,6.45690139,-0.385117381,-1.619731933,0.300581103,0.307830329,-0.014644244,-0.025888977,0.008012418,0.086373212,0.7582027,1.629778339
28.45,6.459831303,-0.382102098,-1.619748663,0.299882948,0.307254175,-0.013464967,-0.026303378,0.007393288,0.086670895,0.756744736,1.618187946
28.46,6.462761215,-0.379086815,-1.619765394,0.299184793,0.306678021,-0.01228569,-0.026717779,0.006774157,0.086968579,0.755286773,1.606597553
28.47,6.465691128,-0.376071532,-1.619782124,0.298486638,0.306101866,-0.011106413,-0.027132181,0.006155026,0.087266263,0.753828809,1.595007159
28.48,6.468621041,-0.373056249,-1.619798855,0.297788482,0.305525712,-0.009927136,-0.027546582,0.005535896,0.087563947,0.752370846,1.583416766
28.49,6.471550953,-0.370040966,-1.619815586,0.297090327,0.304949558,-0.008747859,-0.027960983,0.004916765,0.087861631,0.750912883,1.571826373
28.5,6.475238746,-0.366430238,-1.620566761,0.297604131,0.304720271,0.001327919,-0.027577826,0.004025371,0.097353499,0.740435793,1.360501676
28.51,6.478092871,-0.3634745,-1.620510047,0.29678478,0.30410943,0.001617546,-0.028071983,0.003433467,0.096731765,0.739879742,1.368884713
28.52,6.480946996,-0.360518761,-1.620453333,0.295965429,0.303498588,0.001907173,-0.02856614,0.002841562,0.09611003,0.739323691,1.377267751
28.53,6.48380112,-0.357563022,-1.620396619,0.295146078,0.302887747,0.0021968,-0.029060297,0.002249658,0.095488296,0.73876764,1.385650788
28.54,6.486655245,-0.354607283,-1.620339905,0.294326728,0.302276906,0.002486427,-0.029554454,0.001657753,0.094866561,0.73821159,1.394033825
28.55,6.48950937,-0.351651545,-1.620283192,0.293507377,0.301666065,0.002776054,-0.030048611,0.001065849,0.094244826,0.737655539,1.402416863
28.56,6.492363494,-0.348695806,-1.620226478,0.292688026,0.301055224,0.003065681,-0.030542768,0.000473945,0.093623092,0.737099488,1.4107999
28.57,6.495217619,-0.345740067,-1.620169764,0.291868675,0.300444383,0.003355308,-0.031036925,-0.00011796,0.093001357,0.736543437,1.419182938
28.58,6.498071744,-0.342784328,-1.62011305,0.291049324,0.299833542,0.003644935,-0.031531082,-0.000709864,0.092379623,0.735987387,1.427565975
28.59,6.500925868,-0.33982859,-1.620056336,0.290229973,0.299222701,0.003934562,-0.032025239,-0.001301768,0.091757888,0.735431336,1.435949012
28.6,6.503779993,-0.336872851,-1.619999622,0.289410622,0.29861186,0.004224188,-0.032519396,-0.001893673,0.091136153,0.734875285,1.44433205
28.61,6.507422143,-0.333361512,-1.620461444,0.289594372,0.298110025,-0.000643713,-0.032455193,-0.002909285,0.084797329,0.724435751,1.549186619
28.62,6.510188709,-0.330467507,-1.620347115,0.288663566,0.297487072,0.000218972,-0.03301139,-0.003454111,0.084810826,0.724977865,1.546850597
28.63,6.512955275,-0.327573502,-1.620232786,0.287732759,0.296864119,0.001081658,-0.033567587,-0.003998936,0.084824324,0.725519979,1.544514575
28.64,6.515721842,-0.324679496,-1.620118457,0.286801952,0.296241166,0.001944344,-0.034123784,-0.004543762,0.084837821,0.726062093,1.542178554
28.65,6.518488408,-0.321785491,-1.620004128,0.285871146,0.295618213,0.002807029,-0.034679981,-0.005088588,0.084851319,0.726604207,1.539842532
28.66,6.521254974,-0.318891485,-1.619889799,0.284940339,0.29499526,0.003669715,-0.035236178,-0.005633414,0.084864817,0.727146321,1.53750651
28.67,6.524021541,-0.31599748,-1.61977547,0.284009532,0.294372307,0.004532401,-0.035792375,-0.006178239,0.084878314,0.727688435,1.535170489
28.68,6.526788107,-0.313103474,-1.61966114,0.283078726,0.293749354,0.005395086,-0.036348572,-0.006723065,0.084891812,0.72823055,1.532834467
28.69,6.529554673,-0.310209469,-1.619546811,0.282147919,0.293126402,0.006257772,-0.036904769,-0.007267891,0.084905309,0.728772664,1.530498445
28.7,6.533241426,-0.306731311,-1.626700218,0.281013643,0.2916401,-0.120980317,-0.038220632,-0.009220891,-0.04316847,0.715743605,1.461034385
28.71,6.535915974,-0.303895721,-1.625859115,0.280103184,0.291103482,-0.107307554,-0.038700862,-0.009624899,-0.030346245,0.717642836,1.465411167
28.72,6.538590521,-0.301060131,-1.625018012,0.279192724,0.290566864,-0.093634791,-0.039181093,-0.010028907,-0.017524019,0.719542068,1.469787949
28.73,6.541265069,-0.298224541,-1.62417691,0.278282264,0.290030246,-0.079962028,-0.039661323,-0.010432916,-0.004701794,0.721441299,1.474164732
28.74,6.543939617,-0.29538895,-1.623335807,0.277371804,0.289493628,-0.066289264,-0.040141554,-0.010836924,0.008120431,0.72334053,1.478541514
28.75,6.546614164,-0.29255336,-1.622494704,0.276461345,0.28895701,-0.052616501,-0.040621784,-0.011240932,0.020942657,0.725239762,1.482918296
28.76,6.549288712,-0.28971777,-1.621653602,0.275550885,0.288420392,-0.038943738,-0.041102015,-0.011644941,0.033764882,0.727138993,1.487295078
28.77,6.55196326,-0.28688218,-1.620812499,0.274640425,0.287883774,-0.025270975,-0.041582245,-0.012048949,0.046587107,0.729038225,1.49167186
28.78,6.554637808,-0.28404659,-1.619971396,0.273729965,0.287347156,-0.011598212,-0.042062475,-0.012452957,0.059409332,0.730937456,1.496048643
28.79,6.557312355,-0.281210999,-1.619130293,0.272819506,0.286810538,0.002074551,-0.042542706,-0.012856965,0.072231558,0.732836687,1.500425425
28.8,6.561051602,-0.277826062,-1.624541059,0.275058106,0.286463488,0.164164448,-0.040354107,-0.013475414,0.246293142,0.719026926,1.533834483
28.81,6.56361968,-0.275045406,-1.623074769,0.27383274,0.285907913,0.162995498,-0.04110122,-0.013857978,0.242991431,0.722497056,1.535308038
28.82,6.566187758,-0.272264751,-1.62160848,0.272607374,0.285352338,0.161826547,-0.041848333,-0.014240542,0.239689721,0.725967187,1.536781592
28.83,6.568755836,-0.269484095,-1.62014219,0.271382008,0.284796763,0.160657597,-0.042595447,-0.014623107,0.23638801,0.729437318,1.538255147
28.84,6.571323913,-0.26670344,-1.618675901,0.270156643,0.284241189,0.159488647,-0.04334256,-0.015005671,0.233086299,0.732907448,1.539728701
28.85,6.573891991,-0.263922784,-1.617209611,0.268931277,0.283685614,0.158319697,-0.044089673,-0.015388235,0.229784589,0.736377579,1.541202256
28.86,6.576460069,-0.261142129,-1.615743322,0.267705911,0.283130039,0.157150746,-0.044836787,-0.0157708,0.226482878,0.73984771,1.542675811
28.87,6.579028147,-0.258361474,-1.614277032,0.266480545,0.282574464,0.155981796,-0.0455839,-0.016153364,0.223181168,0.74331784,1.544149365
28.88,6.581596225,-0.255580818,-1.612810743,0.26525518,0.282018889,0.154812846,-0.046331013,-0.016535928,0.219879457,0.746787971,1.54562292
28.89,6.584164303,-0.252800163,-1.611344453,0.264029814,0.281463314,0.153643896,-0.047078127,-0.016918492,0.216577747,0.750258102,1.547096474
28.9,6.58673238,-0.250019507,-1.609878164,0.262804448,0.28090774,0.152474945,-0.04782524,-0.017301057,0.213276036,0.753728232,1.548570029
28.91,6.590472675,-0.246764623,-1.607136293,0.262931447,0.279911871,0.155776222,-0.047892391,-0.018468222,0.211473012,0.743482856,1.558837112
28.92,6.592910507,-0.24403666,-1.605811734,0.261555819,0.279405218,0.15411058,-0.048715055,-0.018763609,0.208004781,0.748476932,1.559333607
28.93,6.595348338,-0.241308696,-1.604487176,0.26018019,0.278898564,0.152444938,-0.04953772,-0.019058995,0.20453655,0.753471008,1.559830103
28.94,6.59778617,-0.238580733,-1.603162618,0.258804562,0.278391911,0.150779296,-0.050360385,-0.019354381,0.201068318,0.758465084,1.560326599
28.95,6.600224001,-0.23585277,-1.60183806,0.257428933,0.277885258,0.149113653,-0.05118305,-0.019649768,0.197600087,0.763459159,1.560823095
28.96,6.602661833,-0.233124806,-1.600513501,0.256053305,0.277378604,0.147448011,-0.052005715,-0.019945154,0.194131855,0.768453235,1.561319591
28.97,6.605099664,-0.230396843,-1.599188943,0.254677676,0.276871951,0.145782369,-0.052828379,-0.02024054,0.190663624,0.773447311,1.561816087
28.98,6.607537496,-0.22766888,-1.597864385,0.253302047,0.276365298,0.144116727,-0.053651044,-0.020535927,0.187195393,0.778441387,1.562312583
28.99,6.609975327,-0.224940916,-1.596539827,0.251926419,0.275858644,0.142451085,-0.054473709,-0.020831313,0.183727161,0.783435463,1.562809079
29,6.613851635,-0.221710486,-1.593522823,0.25176509,0.275371168,0.141321356,-0.054904739,-0.021402908,0.177326611,0.776774945,1.566596834
29.01,6.616145619,-0.219032769,-1.592367509,0.250268031,0.274862597,0.139602122,-0.055766568,-0.021670674,0.174151612,0.78293448,1.566764204
29.02,6.618439602,-0.216355052,-1.591212196,0.248770973,0.274354026,0.137882889,-0.056628396,-0.021938439,0.170976612,0.789094015,1.566931574
29.03,6.620733586,-0.213677336,-1.590056882,0.247273914,0.273845455,0.136163656,-0.057490224,-0.022206205,0.167801613,0.79525355,1.567098944
29.04,6.62302757,-0.210999619,-1.588901568,0.245776856,0.273336884,0.134444422,-0.058352052,-0.02247397,0.164626613,0.801413086,1.567266314
29.05,6.625321554,-0.208321902,-1.587746255,0.244279797,0.272828313,0.132725189,-0.059213881,-0.022741735,0.161451614,0.807572621,1.567433684
29.06,6.627615538,-0.205644186,-1.586590941,0.242782739,0.272319742,0.131005956,-0.060075709,-0.023009501,0.158276614,0.813732156,1.567601054
29.07,6.629909522,-0.202966469,-1.585435627,0.24128568,0.271811171,0.129286723,-0.060937537,-0.023277266,0.155101615,0.819891691,1.567768423
29.08,6.632203506,-0.200288752,-1.584280314,0.239788622,0.2713026,0.127567489,-0.061799365,-0.023545032,0.151926615,0.826051226,1.567935793
29.09,6.63449749,-0.197611036,-1.583125,0.238291563,0.270794029,0.125848256,-0.062661194,-0.023812797,0.148751616,0.832210762,1.568103163
29.1,6.636791474,-0.194933319,-1.581969686,0.236794505,0.270285458,0.124129023,-0.063523022,-0.024080562,0.145576617,0.838370297,1.568270533
29.11,6.640472622,-0.191773896,-1.579487096,0.236044823,0.270335093,0.118009261,-0.064413119,-0.024031111,0.13514359,0.839005442,1.569435864
29.12,6.642612477,-0.189149702,-1.578479258,0.234464723,0.269764499,0.116778976,-0.065271806,-0.024334123,0.132775038,0.845778798,1.569492349
29.13,6.644752331,-0.186525508,-1.577471419,0.232884622,0.269193905,0.11554869,-0.066130494,-0.024637135,0.130406486,0.852552154,1.569548835
29.14,6.646892186,-0.183901315,-1.57646358,0.231304522,0.268623311,0.114318404,-0.066989181,-0.024940146,0.128037934,0.859325511,1.56960532
29.15,6.64903204,-0.181277121,-1.575455742,0.229724422,0.268052717,0.113088119,-0.067847868,-0.025243158,0.125669382,0.866098867,1.569661805
29.16,6.651171895,-0.178652927,-1.574447903,0.228144321,0.267482123,0.111857833,-0.068706555,-0.02554617,0.12330083,0.872872223,1.56971829
29.17,6.65331175,-0.176028734,-1.573440065,0.226564221,0.266911529,0.110627547,-0.069565243,-0.025849181,0.120932278,0.87964558,1.569774776
29.18,6.655451604,-0.17340454,-1.572432226,0.224984121,0.266340936,0.109397261,-0.07042393,-0.026152193,0.118563726,0.886418936,1.569831261
29.19,6.657591459,-0.170780346,-1.571424388,0.223404021,0.265770342,0.108166976,-0.071282617,-0.026455205,0.116195174,0.893192293,1.569887746
29.2,6.659731313,-0.168156152,-1.570416549,0.22182392,0.265199748,0.10693669,-0.072141304,-0.026758217,0.113826622,0.899965649,1.569944232
29.21,6.663321816,-0.164975307,-1.568309431,0.220766701,0.265526113,0.105547216,-0.073249929,-0.026436979,0.109167185,0.905080727,1.570337813
29.22,6.665300487,-0.162412963,-1.567423735,0.219128503,0.264855857,0.104334618,-0.074080845,-0.026809352,0.107053176,0.912038337,1.570356843
29.23,6.667279159,-0.15985062,-1.566538038,0.217490305,0.264185601,0.10312202,-0.074911762,-0.027181725,0.104939167,0.918995946,1.570375873
29.24,6.66925783,-0.157288276,-1.565652342,0.215852107,0.263515345,0.101909421,-0.075742678,-0.027554097,0.102825157,0.925953556,1.570394904
29.25,6.671236501,-0.154725933,-1.564766645,0.214213908,0.262845089,0.100696823,-0.076573595,-0.02792647,0.100711148,0.932911165,1.570413934
29.26,6.673215173,-0.152163589,-1.563880949,0.21257571,0.262174833,0.099484225,-0.077404511,-0.028298843,0.098597139,0.939868775,1.570432964
29.27,6.675193844,-0.149601246,-1.562995253,0.210937512,0.261504577,0.098271627,-0.078235428,-0.028671215,0.09648313,0.946826384,1.570451994
29.28,6.677172516,-0.147038902,-1.562109556,0.209299314,0.260834321,0.097059029,-0.079066344,-0.029043588,0.094369121,0.953783993,1.570471025
29.29,6.679151187,-0.144476559,-1.56122386,0.207661116,0.260164065,0.09584643,-0.07989726,-0.029415961,0.092255112,0.960741603,1.570490055
29.3,6.682783646,-0.141186812,-1.55913533,0.206281584,0.26065371,0.094439057,-0.081300426,-0.029000805,0.087832317,0.969246179,1.570635323
29.31,6.684596939,-0.138697209,-1.558369917,0.204617519,0.259867464,0.093245936,-0.082074118,-0.029451931,0.085949187,0.976049092,1.570641729
29.32,6.686410232,-0.136207605,-1.557604504,0.202953454,0.259081218,0.092052815,-0.082847809,-0.029903056,0.084066056,0.982852004,1.570648136
29.33,6.688223524,-0.133718002,-1.556839091,0.20128939,0.258294972,0.090859695,-0.083621501,-0.030354182,0.082182925,0.989654917,1.570654542
29.34,6.690036817,-0.131228399,-1.556073678,0.199625325,0.257508726,0.089666574,-0.084395192,-0.030805307,0.080299795,0.99645783,1.570660949
29.35,6.69185011,-0.128738796,-1.555308265,0.19796126,0.256722479,0.088473454,-0.085168884,-0.031256433,0.078416664,1.003260743,1.570667355
29.36,6.693663402,-0.126249193,-1.554542852,0.196297195,0.255936233,0.087280333,-0.085942575,-0.031707558,0.076533533,1.010063656,1.570673762
29.37,6.695476695,-0.12375959,-1.553777438,0.19463313,0.255149987,0.086087212,-0.086716267,-0.032158684,0.074650402,1.016866568,1.570680168
29.38,6.697289988,-0.121269987,-1.553012025,0.192969065,0.254363741,0.084894092,-0.087489958,-0.032609809,0.072767272,1.023669481,1.570686575
29.39,6.69910328,-0.118780384,-1.552246612,0.191305,0.253577495,0.083700971,-0.08826365,-0.033060935,0.070884141,1.030472394,1.570692981
29.4,6.700916573,-0.116290781,-1.551481199,0.189640935,0.252791249,0.082507851,-0.089037341,-0.03351206,0.06900101,1.037275307,1.570699388
29.41,6.704227211,-0.113039335,-1.549667557,0.187926068,0.253088838,0.080803675,-0.090558157,-0.033285364,0.064912007,1.047910611,1.570744297
29.42,6.705874132,-0.110634381,-1.549018614,0.186267648,0.252182166,0.079667338,-0.091248835,-0.033811803,0.063273973,1.054287703,1.570746425
29.43,6.707521053,-0.108229427,-1.548369671,0.184609228,0.251275493,0.078531001,-0.091939513,-0.034338242,0.061635939,1.060664794,1.570748554
29.44,6.709167974,-0.105824473,-1.547720727,0.182950807,0.250368821,0.077394665,-0.09263019,-0.034864681,0.059997906,1.067041886,1.570750682
29.45,6.710814895,-0.103419519,-1.547071784,0.181292387,0.249462149,0.076258328,-0.093320868,-0.03539112,0.058359872,1.073418977,1.57075281
29.46,6.712461816,-0.101014566,-1.546422841,0.179633967,0.248555477,0.075121991,-0.094011546,-0.035917559,0.056721838,1.079796069,1.570754939
29.47,6.714108737,-0.098609612,-1.545773898,0.177975547,0.247648804,0.073985655,-0.094702223,-0.036443998,0.055083804,1.08617316,1.570757067
29.48,6.715755658,-0.096204658,-1.545124955,0.176317126,0.246742132,0.072849318,-0.095392901,-0.036970437,0.053445771,1.092550252,1.570759196
29.49,6.717402579,-0.093799704,-1.544476012,0.174658706,0.24583546,0.071712981,-0.096083579,-0.037496877,0.051807737,1.098927343,1.570761324
29.5,6.720692976,-0.090429281,-1.542722,0.172652861,0.246096188,0.069951924,-0.097812359,-0.037382354,0.047906949,1.113402156,2.612084038
29.51,6.722175549,-0.088120874,-1.542183563,0.171029183,0.245072776,0.068878059,-0.098399226,-0.037972889,0.046495191,1.118969476,2.507954107
29.52,6.723658122,-0.085812467,-1.541645127,0.169405506,0.244049364,0.067804195,-0.098986094,-0.038563424,0.045083432,1.124536795,2.403824177
29.53,6.725140696,-0.08350406,-1.541106691,0.167781828,0.243025951,0.06673033,-0.099572961,-0.03915396,0.043671674,1.130104114,2.299694247
29.54,6.726623269,-0.081195653,-1.540568254,0.16615815,0.242002539,0.065656466,-0.100159829,-0.039744495,0.042259916,1.135671434,2.195564317
29.55,6.728105842,-0.078887246,-1.540029818,0.164534472,0.240979127,0.064582601,-0.100746696,-0.04033503,0.040848158,1.141238753,2.091434387
29.56,6.729588416,-0.076578839,-1.539491382,0.162910795,0.239955714,0.063508736,-0.101333563,-0.040925565,0.039436399,1.146806073,1.987304457
29.57,6.731070989,-0.074270432,-1.538952946,0.161287117,0.238932302,0.062434872,-0.101920431,-0.041516101,0.038024641,1.152373392,1.883174527
29.58,6.732553563,-0.071962025,-1.538414509,0.159663439,0.23790889,0.061361007,-0.102507298,-0.042106636,0.036612883,1.157940711,1.779044597
29.59,6.734036136,-0.069653618,-1.537876073,0.158039761,0.236885477,0.060287143,-0.103094166,-0.042697171,0.035201125,1.163508031,1.674914667
29.6,6.735518709,-0.067345211,-1.537337637,0.156416084,0.235862065,0.059213278,-0.103681033,-0.043287706,0.033789367,1.16907535,1.570784737
