0,0,0,-0.5,0,0,0,0,0,0,0,0
10,0.068080221,0.012230791,-0.572218358,0,0,0,0,0,0,0,0
10.01,0.06756998,0.012235102,-0.555303826,-0.006070682,0.0000502,-0.46280403,-0.005856554,0.0000484,-0.502858233,0.000236,1.97E-22
10.02,0.067633282,0.012234567,-0.559655713,-0.005131806,0.0000424,-0.460830993,-0.00494147,0.0000408,-0.496434729,0.000198668,1.87E-22
10.03,0.067696585,0.012234032,-0.5640076,-0.00419293,0.0000346,-0.458857956,-0.004026386,0.0000332,-0.490011225,0.000161463,1.78E-22
10.04,0.067759887,0.012233497,-0.568359488,-0.003254054,0.0000267,-0.456884919,-0.003111302,0.0000255,-0.483587721,0.000124257,1.69E-22
10.05,0.067823189,0.012232961,-0.572711375,-0.002315178,0.0000189,-0.454911882,-0.002196218,0.0000179,-0.477164217,0.0000871,1.59E-22
10.06,0.067886492,0.012232426,-0.577063262,-0.001376302,0.0000111,-0.452938845,-0.001281134,0.0000103,-0.470740713,0.0000498,1.5E-22
10.07,0.067949794,0.012231891,-0.58141515,-0.000437427,0.00000325,-0.450965808,-0.000366051,0.00000265,-0.464317209,0.0000126,1.4E-22
10.08,0.068013096,0.012231356,-0.585767037,0.000501449,-0.00000458,-0.448992771,0.000549033,-0.00000498,-0.457893705,-0.0000246,1.31E-22
10.09,0.068076399,0.012230821,-0.590118925,0.001440325,-0.0000124,-0.447019734,0.001464117,-0.0000126,-0.451470201,-0.0000618,1.22E-22
10.1,0.068139701,0.012230286,-0.594470812,0.002379201,-0.0000202,-0.445046697,0.002379201,-0.0000202,-0.445046697,-0.000099,1.12E-22
10.11,0.066978922,0.01223956,-0.600629537,-0.004036656,0.0000227,-0.443702999,-0.003236873,0.000016,-0.433471378,0.000216146,1E-22
10.12,0.067178234,0.012237935,-0.604780665,-0.002280588,0.00000921,-0.441660035,-0.001596105,0.00000352,-0.427620298,0.000139793,9.1E-23
10.13,0.067377545,0.01223631,-0.608931793,-0.00052452,-0.00000425,-0.439617072,0.0000447,-0.00000898,-0.421769218,0.0000634,8.19E-23
10.14,0.067576856,0.012234685,-0.61308292,0.001231549,-0.0000177,-0.437574109,0.001685431,-0.0000215,-0.415918138,-0.0000129,7.28E-23
10.15,0.067776168,0.01223306,-0.617234048,0.002987617,-0.0000312,-0.435531145,0.003326199,-0.000034,-0.410067058,-0.0000893,6.36E-23
10.16,0.067975479,0.012231435,-0.621385175,0.004743686,-0.0000447,-0.433488182,0.004966967,-0.0000465,-0.404215978,-0.000165618,5.45E-23
10.17,0.06817479,0.01222981,-0.625536303,0.006499754,-0.0000581,-0.431445218,0.006607735,-0.000059,-0.398364898,-0.000241971,4.54E-23
10.18,0.068374102,0.012228185,-0.62968743,0.008255823,-0.0000716,-0.429402255,0.008248503,-0.0000715,-0.392513818,-0.000318324,3.63E-23
10.19,0.068573413,0.01222656,-0.633838558,0.010011891,-0.0000851,-0.427359291,0.009889271,-0.000084,-0.386662738,-0.000394677,2.72E-23
10.2,0.068772724,0.012224935,-0.637989686,0.011767959,-0.0000985,-0.425316328,0.011530039,-0.0000965,-0.380811658,-0.000471029,1.8E-23
10.21,0.067083229,0.012236577,-0.644049667,0.007584198,-0.0000967,-0.424679064,0.008707669,-0.000105,-0.371100306,-0.00014588,3.69E-22
10.22,0.067492408,0.012233478,-0.647988699,0.010000248,-0.000112,-0.422479912,0.010844341,-0.000118,-0.365678145,-0.000266845,3.2E-22
10.23,0.067901587,0.012230379,-0.651927732,0.012416297,-0.000127,-0.420280759,0.012981014,-0.000131,-0.360255984,-0.000387809,2.71E-22
10.24,0.068310766,0.01222728,-0.655866765,0.014832347,-0.000142,-0.418081607,0.015117686,-0.000144,-0.354833823,-0.000508773,2.22E-22
10.25,0.068719944,0.01222418,-0.659805798,0.017248396,-0.000157,-0.415882455,0.017254358,-0.000157,-0.349411662,-0.000629737,1.72E-22
10.26,0.069129123,0.012221081,-0.66374483,0.019664446,-0.000173,-0.413683302,0.01939103,-0.00017,-0.343989501,-0.000750701,1.23E-22
10.27,0.069538302,0.012217982,-0.667683863,0.022080495,-0.000188,-0.41148415,0.021527703,-0.000183,-0.33856734,-0.000871665,7.42E-23
10.28,0.069947481,0.012214883,-0.671622896,0.024496545,-0.000203,-0.409284998,0.023664375,-0.000196,-0.333145179,-0.00099263,2.51E-23
10.29,0.070356659,0.012211784,-0.675561929,0.026912594,-0.000218,-0.407085846,0.025801047,-0.000209,-0.327723019,-0.001113594,-2.41E-23
10.3,0.070765838,0.012208685,-0.679500962,0.029328643,-0.000233,-0.404886693,0.027937719,-0.000222,-0.322300858,-0.001234558,-7.32E-23
10.31,0.068756847,0.012217785,-0.685458539,0.027070304,-0.000287,-0.403472394,0.027323007,-0.000284,-0.312783605,-0.00096967,-1.16E-21
10.32,0.069434711,0.01221333,-0.689173289,0.03000573,-0.000298,-0.401186036,0.029765389,-0.000292,-0.307816454,-0.001133506,-1.09E-21
10.33,0.070112576,0.012208875,-0.692888039,0.032941156,-0.000308,-0.398899677,0.032207771,-0.000299,-0.302849304,-0.001297343,-1.03E-21
10.34,0.07079044,0.012204421,-0.696602789,0.035876582,-0.000319,-0.396613319,0.034650152,-0.000307,-0.297882153,-0.00146118,-9.6E-22
10.35,0.071468304,0.012199966,-0.700317539,0.038812008,-0.00033,-0.394326961,0.037092534,-0.000314,-0.292915002,-0.001625016,-8.94E-22
10.36,0.072146169,0.012195511,-0.704032289,0.041747434,-0.000341,-0.392040603,0.039534916,-0.000321,-0.287947852,-0.001788853,-8.28E-22
10.37,0.072824033,0.012191057,-0.707747039,0.04468286,-0.000352,-0.389754245,0.041977297,-0.000329,-0.282980701,-0.00195269,-7.62E-22
10.38,0.073501897,0.012186602,-0.711461789,0.047618286,-0.000363,-0.387467887,0.044419679,-0.000336,-0.27801355,-0.002116526,-6.96E-22
10.39,0.074179761,0.012182148,-0.715176539,0.050553712,-0.000374,-0.385181528,0.046862061,-0.000344,-0.2730464,-0.002280363,-6.3E-22
10.4,0.074857626,0.012177693,-0.718891289,0.053489138,-0.000385,-0.38289517,0.049304442,-0.000351,-0.268079249,-0.0024442,-5.64E-22
10.41,0.072702877,0.012179198,-0.724545806,0.052791224,-0.000476,-0.378246228,0.050311627,-0.000445,-0.256279079,-0.002290428,2.11E-22
10.42,0.073695476,0.012174081,-0.728045027,0.056130354,-0.000478,-0.37622238,0.052913475,-0.000443,-0.252071153,-0.002489554,1.98E-22
10.43,0.074688076,0.012168964,-0.731544247,0.059469485,-0.00048,-0.374198531,0.055515323,-0.000441,-0.247863226,-0.002688681,1.85E-22
10.44,0.075680675,0.012163847,-0.735043467,0.062808615,-0.000482,-0.372174682,0.058117171,-0.000439,-0.2436553,-0.002887807,1.72E-22
10.45,0.076673274,0.012158731,-0.738542688,0.066147746,-0.000484,-0.370150833,0.060719019,-0.000436,-0.239447374,-0.003086934,1.59E-22
10.46,0.077665873,0.012153614,-0.742041908,0.069486877,-0.000486,-0.368126984,0.063320867,-0.000434,-0.235239448,-0.00328606,1.47E-22
10.47,0.078658472,0.012148497,-0.745541128,0.072826007,-0.000488,-0.366103135,0.065922715,-0.000432,-0.231031521,-0.00349,1.34E-22
10.48,0.079651071,0.01214338,-0.749040349,0.076165138,-0.00049,-0.364079286,0.068524563,-0.00043,-0.226823595,-0.00368,1.21E-22
10.49,0.08064367,0.012138263,-0.752539569,0.079504268,-0.000492,-0.362055437,0.071126411,-0.000427,-0.222615669,-0.00388,1.08E-22
10.5,0.081636269,0.012133147,-0.756038789,0.082843399,-0.000494,-0.360031589,0.073728258,-0.000425,-0.218407742,-0.00408,9.55E-23
10.51,0.079487805,0.012125841,-0.761304769,0.08363123,-0.000573,-0.356908887,0.07612047,-0.000498,-0.20931383,-0.00403,-3.34E-23
10.52,0.080829411,0.012120967,-0.764607683,0.087253838,-0.000566,-0.355007133,0.078745611,-0.000487,-0.205648791,-0.00426,-3.33E-23
10.53,0.082171017,0.012116094,-0.767910597,0.090876446,-0.00056,-0.353105379,0.081370752,-0.000477,-0.201983752,-0.00448,-3.32E-23
10.54,0.083512623,0.01211122,-0.771213511,0.094499055,-0.000553,-0.351203625,0.083995893,-0.000466,-0.198318713,-0.00471,-3.31E-23
10.55,0.084854229,0.012106347,-0.774516424,0.098121663,-0.000547,-0.34930187,0.086621034,-0.000455,-0.194653674,-0.00494,-3.29E-23
10.56,0.086195835,0.012101473,-0.777819338,0.101744271,-0.00054,-0.347400116,0.089246175,-0.000445,-0.190988635,-0.00516,-3.28E-23
10.57,0.087537441,0.0120966,-0.781122252,0.105366879,-0.000534,-0.345498362,0.091871315,-0.000434,-0.187323596,-0.00539,-3.27E-23
10.58,0.088879047,0.012091726,-0.784425165,0.108989488,-0.000527,-0.343596608,0.094496456,-0.000424,-0.183658557,-0.00562,-3.25E-23
10.59,0.090220653,0.012086852,-0.787728079,0.112612096,-0.00052,-0.341694854,0.097121597,-0.000413,-0.179993518,-0.00585,-3.24E-23
10.6,0.091562259,0.012081979,-0.791030993,0.116234704,-0.000514,-0.3397931,0.099746738,-0.000402,-0.176328479,-0.00607,-3.23E-23
10.61,0.089625592,0.012062065,-0.797813284,0.119627652,-0.000808,-0.373242935,0.104504845,-0.000683,-0.204716495,-0.007,-0.0169
10.62,0.09133145,0.012058863,-0.8007296,0.123275778,-0.000768,-0.367413227,0.10689299,-0.00064,-0.197490005,-0.00715,-0.015
10.63,0.093037309,0.01205566,-0.803645916,0.126923904,-0.000728,-0.361583518,0.109281134,-0.000597,-0.190263516,-0.0073,-0.0131
10.64,0.094743167,0.012052458,-0.806562233,0.13057203,-0.000688,-0.35575381,0.111669279,-0.000554,-0.183037027,-0.00745,-0.0113
10.65,0.096449026,0.012049255,-0.809478549,0.134220156,-0.000648,-0.349924101,0.114057423,-0.000511,-0.175810537,-0.0076,-0.00938
10.66,0.098154885,0.012046053,-0.812394865,0.137868282,-0.000608,-0.344094393,0.116445568,-0.000468,-0.168584048,-0.00775,-0.0075
10.67,0.099860743,0.012042851,-0.815311181,0.141516408,-0.000568,-0.338264684,0.118833713,-0.000425,-0.161357559,-0.0079,-0.00563
10.68,0.101566602,0.012039648,-0.818227497,0.145164534,-0.000528,-0.332434976,0.121221857,-0.000382,-0.154131069,-0.00805,-0.00375
10.69,0.10327246,0.012036446,-0.821143814,0.14881266,-0.000488,-0.326605267,0.123610002,-0.000339,-0.14690458,-0.0082,-0.00188
10.7,0.104978319,0.012033243,-0.82406013,0.152460786,-0.000448,-0.320775559,0.125998146,-0.000296,-0.13967809,-0.00835,-3.1E-23
10.71,0.102949222,0.011932613,-0.822378411,0.147176172,-0.00158,-0.118046603,0.121602881,-0.00138,0.070951487,-0.00862,-0.0152
10.72,0.105070076,0.011940236,-0.82580562,0.151816825,-0.00141,-0.134094588,0.124744738,-0.00122,0.055577633,-0.00876,-0.0114
10.73,0.107190929,0.011947859,-0.829232829,0.156457478,-0.00124,-0.150142574,0.128,-0.00105,0.04020378,-0.00889,-0.00765
10.74,0.109311783,0.011955482,-0.832660038,0.161,-0.00107,-0.16619056,0.131,-0.000879,0.024829926,-0.00903,-0.00388
10.75,0.111432637,0.011963105,-0.836087247,0.166,-0.000898,-0.182238545,0.134,-0.00071,0.009456072,-0.00917,-0.000104
10.76,0.11355349,0.011970728,-0.839514456,0.170379436,-0.000728,-0.198286531,0.137312165,-0.000541,-0.005917782,-0.0093,0.00367
10.77,0.115674344,0.011978351,-0.842941665,0.175020089,-0.000558,-0.214334517,0.140454022,-0.000373,-0.021291635,-0.00944,0.00744
10.78,0.117795197,0.011985974,-0.846368874,0.179660741,-0.000388,-0.230382503,0.143595879,-0.000204,-0.036665489,-0.00957,0.0112
10.79,0.119916051,0.011993597,-0.849796083,0.184301394,-0.000218,-0.246430488,0.146737735,-0.0000353,-0.052039343,-0.00971,0.015
10.8,0.122036904,0.01200122,-0.853223292,0.188942047,-0.0000479,-0.262478474,0.149879592,0.000133,-0.067413197,-0.00984,0.0188
10.81,0.120681222,0.011882806,-0.859725284,0.207709734,0.000698,-0.628880711,0.169976154,0.00103,-0.44697777,-0.00989,0.0419
10.82,0.123188357,0.011904433,-0.862810851,0.210780716,0.000804,-0.606000447,0.171234155,0.00112,-0.421885988,-0.01,0.0435
10.83,0.125695493,0.01192606,-0.865896417,0.213851698,0.00091,-0.583120182,0.172492156,0.00121,-0.396794207,-0.0102,0.0451
10.84,0.128202628,0.011947687,-0.868981983,0.216922681,0.00102,-0.560239918,0.173750156,0.00129,-0.371702425,-0.0103,0.0468
10.85,0.130709763,0.011969314,-0.87206755,0.219993663,0.00112,-0.537359653,0.175008157,0.00138,-0.346610643,-0.0105,0.0484
10.86,0.133216899,0.011990941,-0.875153116,0.223064645,0.00123,-0.514479389,0.176266158,0.00147,-0.321518861,-0.0106,0.05
10.87,0.135724034,0.012012568,-0.878238682,0.226135627,0.00133,-0.491599125,0.177524158,0.00156,-0.29642708,-0.0108,0.0516
10.88,0.13823117,0.012034195,-0.881324248,0.22920661,0.00144,-0.46871886,0.178782159,0.00164,-0.271335298,-0.0109,0.0533
10.89,0.140738305,0.012055822,-0.884409815,0.232277592,0.00155,-0.445838596,0.18004016,0.00173,-0.246243516,-0.0111,0.0549
10.9,0.14324544,0.012077449,-0.887495381,0.235348574,0.00165,-0.422958331,0.18129816,0.00182,-0.221151734,-0.0112,0.0565
10.91,0.142116994,0.011935042,-0.889347051,0.221141929,0.00041,0.036450942,0.166410734,0.000639,0.26305166,-0.0116,0.0579
10.92,0.145028083,0.011974895,-0.892569717,0.226132648,0.000666,0.010827983,0.169462671,0.000868,0.237131041,-0.0117,0.0596
10.93,0.147939172,0.012014748,-0.895792383,0.231123366,0.000922,-0.014794975,0.172514608,0.0011,0.211210421,-0.0119,0.0612
10.94,0.150850261,0.012054601,-0.899015048,0.236114085,0.00118,-0.040417934,0.175566545,0.00133,0.185289801,-0.012,0.0629
10.95,0.15376135,0.012094454,-0.902237714,0.241104804,0.00143,-0.066040893,0.178618482,0.00155,0.159369182,-0.0121,0.0645
10.96,0.156672439,0.012134307,-0.90546038,0.246095522,0.00169,-0.091663852,0.181670419,0.00178,0.133448562,-0.0122,0.0661
10.97,0.159583527,0.012174161,-0.908683046,0.251086241,0.00195,-0.117286811,0.184722356,0.00201,0.107527942,-0.0123,0.0678
10.98,0.162494616,0.012214014,-0.911905712,0.25607696,0.0022,-0.14290977,0.187774293,0.00224,0.081607322,-0.0124,0.0694
10.99,0.165405705,0.012253867,-0.915128378,0.261067678,0.00246,-0.168532729,0.19082623,0.00247,0.055686703,-0.0125,0.0711
11,0.168316794,0.01229372,-0.918351044,0.266058397,0.00271,-0.194155687,0.193878167,0.0027,0.029766083,-0.0127,0.0727
11.01,0.167785503,0.012177473,-0.923496583,0.292011438,0.00464,-0.719450293,0.22063917,0.0048,-0.519154741,-0.01115448,0.144
11.02,0.171079078,0.012234671,-0.926505596,0.29467301,0.00471,-0.68955418,0.221056766,0.00482,-0.486964227,-0.011447267,0.138
11.03,0.174372654,0.012291869,-0.92951461,0.297334581,0.00478,-0.659658067,0.221474362,0.00484,-0.454773713,-0.011740054,0.132
11.04,0.177666229,0.012349066,-0.932523623,0.299996153,0.00485,-0.629761954,0.221891959,0.00486,-0.422583199,-0.012032841,0.126
11.05,0.180959805,0.012406264,-0.935532636,0.302657725,0.00492,-0.599865841,0.222309555,0.00488,-0.390392684,-0.012325628,0.12
11.06,0.18425338,0.012463461,-0.93854165,0.305319296,0.00499,-0.569969728,0.222727151,0.0049,-0.35820217,-0.012618415,0.114
11.07,0.187546956,0.012520659,-0.941550663,0.307980868,0.00506,-0.540073615,0.223144748,0.00493,-0.326011656,-0.012911202,0.107
11.08,0.190840531,0.012577857,-0.944559676,0.31064244,0.00513,-0.510177502,0.223562344,0.00495,-0.293821142,-0.013203989,0.101
11.09,0.194134107,0.012635054,-0.94756869,0.313304011,0.0052,-0.480281389,0.22397994,0.00497,-0.261630628,-0.013496776,0.0952
11.1,0.197427682,0.012692252,-0.950577703,0.315965583,0.00527,-0.450385276,0.224397537,0.00499,-0.229440114,-0.013789563,0.0891
11.11,0.197504225,0.012748554,-0.957480167,0.302371307,0.00668,0.039777875,0.208935122,0.00636,0.291988901,-0.012806619,0.0431
11.12,0.201155249,0.012805851,-0.960056575,0.306839084,0.0066,0.018533206,0.211117164,0.00623,0.269819582,-0.013241154,0.0414
11.13,0.204806272,0.012863148,-0.962632982,0.311306861,0.00652,-0.002711463,0.213299206,0.0061,0.247650262,-0.013675689,0.0398
11.14,0.208457296,0.012920445,-0.96520939,0.315774638,0.00644,-0.023956132,0.215481248,0.00597,0.225480943,-0.014110224,0.0381
11.15,0.212108319,0.012977742,-0.967785798,0.320242415,0.00637,-0.045200801,0.21766329,0.00584,0.203311624,-0.014544759,0.0364
11.16,0.215759343,0.01303504,-0.970362205,0.324710192,0.00629,-0.06644547,0.219845332,0.00571,0.181142304,-0.014979294,0.0347
11.17,0.219410367,0.013092337,-0.972938613,0.329177969,0.00621,-0.087690139,0.222027374,0.00558,0.158972985,-0.015413829,0.0331
11.18,0.22306139,0.013149634,-0.975515021,0.333645746,0.00613,-0.108934808,0.224209416,0.00545,0.136803666,-0.015848364,0.0314
11.19,0.226712414,0.013206931,-0.978091428,0.338113523,0.00605,-0.130179478,0.226391458,0.00532,0.114634346,-0.016282899,0.0297
11.2,0.230363437,0.013264228,-0.980667836,0.3425813,0.00598,-0.151424147,0.2285735,0.00519,0.092465027,-0.016717434,0.0281
11.21,0.230664364,0.013431838,-0.979858094,0.360422036,0.00656,-0.487352203,0.246092338,0.00561,-0.264340067,-0.017415935,0.0179
11.22,0.23468762,0.013476878,-0.98281074,0.363403928,0.00641,-0.473632051,0.246570292,0.00542,-0.249327634,-0.017821141,0.0171
11.23,0.238710877,0.013521919,-0.985763387,0.366385821,0.00626,-0.459911899,0.247048245,0.00523,-0.2343152,-0.018226346,0.0164
11.24,0.242734133,0.013566959,-0.988716033,0.369367714,0.00611,-0.446191748,0.247526199,0.00504,-0.219302767,-0.018631552,0.0157
11.25,0.24675739,0.013611999,-0.99166868,0.372349606,0.00596,-0.432471596,0.248004152,0.00485,-0.204290333,-0.019036757,0.015
11.26,0.250780647,0.013657039,-0.994621326,0.375331499,0.0058,-0.418751444,0.248482106,0.00466,-0.1892779,-0.0194,0.0142
11.27,0.254803903,0.013702079,-0.997573973,0.378313392,0.00565,-0.405031292,0.248960059,0.00447,-0.174265466,-0.0198,0.0135
11.28,0.25882716,0.013747119,-1.00052662,0.381295284,0.0055,-0.391311141,0.249438013,0.00427,-0.159253033,-0.0203,0.0128
11.29,0.262850416,0.013792159,-1.003479266,0.384277177,0.00535,-0.377590989,0.249915966,0.00408,-0.1442406,-0.0207,0.0121
11.3,0.266873673,0.013837199,-1.006431913,0.38725907,0.00519,-0.363870837,0.25,0.00389,-0.129228166,-0.0211,0.0114
11.31,0.268033027,0.014078817,-1.013752781,0.386730407,0.00626,-0.190550165,0.247791475,0.00475,0.058895977,-0.0219,0.00741
11.32,0.272374495,0.014102015,-1.01622007,0.390102361,0.00597,-0.194563405,0.248611695,0.00444,0.054673776,-0.0223,0.00704
11.33,0.276715963,0.014125214,-1.018687358,0.393,0.00568,-0.198576644,0.249431915,0.00413,0.050451575,-0.0226,0.00668
11.34,0.281057431,0.014148412,-1.021154647,0.39684627,0.0054,-0.202589883,0.250252135,0.00382,0.046229374,-0.023,0.00631
11.35,0.285398899,0.01417161,-1.023621935,0.400218224,0.00511,-0.206603123,0.251072355,0.00352,0.042007173,-0.0233,0.00595
11.36,0.289740367,0.014194808,-1.026089224,0.403590179,0.00482,-0.210616362,0.251892575,0.00321,0.037784972,-0.0237,0.00558
11.37,0.294081835,0.014218006,-1.028556512,0.406962133,0.00453,-0.214629601,0.252712795,0.0029,0.033562771,-0.024,0.00522
11.38,0.298423303,0.014241204,-1.031023801,0.410334088,0.00425,-0.218642841,0.253533015,0.0026,0.02934057,-0.0244,0.00485
11.39,0.302764771,0.014264403,-1.033491089,0.413706042,0.00396,-0.22265608,0.254353235,0.00229,0.025118369,-0.0248,0.00448
11.4,0.307106239,0.014287601,-1.035958378,0.417077997,0.00367,-0.226669319,0.255173455,0.00198,0.0209,-0.0251,0.00412
11.41,0.308627369,0.014602745,-1.037931095,0.424752274,0.00402,-0.293030039,0.261034195,0.00203,-0.049473494,-0.0259,-0.564
11.42,0.313282208,0.014593505,-1.040453336,0.427646192,0.00366,-0.290115781,0.261294357,0.00169,-0.046345977,-0.0262,-0.501
11.43,0.317937047,0.014584265,-1.042975577,0.430540111,0.0033,-0.287201522,0.261554519,0.00134,-0.043218461,-0.0265,-0.438
11.44,0.322591886,0.014575024,-1.045497818,0.433434029,0.00295,-0.284287264,0.261814681,0.000992,-0.040090944,-0.0268,-0.376
11.45,0.327246724,0.014565784,-1.048020059,0.436327948,0.00259,-0.281373005,0.262074843,0.000644,-0.036963427,-0.0271,-0.313
11.46,0.331901563,0.014556544,-1.0505423,0.439221867,0.00223,-0.278458747,0.262335005,0.000297,-0.03383591,-0.0275,-0.25
11.47,0.336556402,0.014547303,-1.053064541,0.442115785,0.00187,-0.275544488,0.262595167,-0.00005,-0.030708393,-0.0278,-0.188
11.48,0.341211241,0.014538063,-1.055586782,0.445009704,0.00151,-0.27263023,0.262855329,-0.000397,-0.027580876,-0.0281,-0.125
11.49,0.34586608,0.014528823,-1.058109023,0.447903622,0.00116,-0.269715971,0.263115491,-0.000744,-0.024453359,-0.0284,-0.0622
11.5,0.350520919,0.014519583,-1.060631264,0.450797541,0.000798,-0.266801713,0.263375654,-0.00109,-0.021325842,-0.0287,0.000458
11.51,0.352696698,0.014865476,-1.065994103,0.456222326,0.00105,-0.268243175,0.266400828,-0.00114,-0.019739281,-0.0293,0.256
11.52,0.357626988,0.014816776,-1.068200722,0.458835037,0.000626,-0.264844948,0.266353766,-0.00152,-0.016440547,-0.029603788,0.297
11.53,0.362557278,0.014768077,-1.070407341,0.461447748,0.0002,-0.26144672,0.266306705,-0.0019,-0.013141812,-0.029873082,0.339
11.54,0.367487567,0.014719377,-1.07261396,0.46406046,-0.000227,-0.258048493,0.266259643,-0.00228,-0.009843078,-0.030142377,0.38
11.55,0.372417857,0.014670677,-1.074820578,0.466673171,-0.000653,-0.254650265,0.266212582,-0.00266,-0.006544344,-0.030411671,0.421
11.56,0.377348147,0.014621978,-1.077027197,0.469285882,-0.00108,-0.251252038,0.26616552,-0.00304,-0.00324561,-0.030680965,0.462
11.57,0.382278437,0.014573278,-1.079233816,0.471898593,-0.00151,-0.24785381,0.266118459,-0.00342,0.0000531,-0.030950259,0.504
11.58,0.387208727,0.014524579,-1.081440435,0.474511305,-0.00193,-0.244455583,0.266071397,-0.0038,0.003351859,-0.031219553,0.545
11.59,0.392139017,0.014475879,-1.083647054,0.477124016,-0.00236,-0.241057355,0.266024336,-0.00418,0.006650593,-0.031488848,0.586
11.6,0.397069307,0.014427179,-1.085853673,0.479736727,-0.00278,-0.237659128,0.265977274,-0.00456,0.009949327,-0.031758142,0.627
11.61,0.399776425,0.014781122,-1.091231181,0.484924448,-0.00287,-0.236511418,0.268462867,-0.00495,0.013966404,-0.032254764,1.04
11.62,0.404953734,0.014687684,-1.093085479,0.487251047,-0.00333,-0.232863133,0.2681344,-0.00533,0.017185322,-0.032498799,1.04
11.63,0.410131043,0.014594247,-1.094939777,0.489577646,-0.0038,-0.229214848,0.267805932,-0.00571,0.020404241,-0.032742835,1.04
11.64,0.415308352,0.014500809,-1.096794075,0.491904245,-0.00426,-0.225566563,0.267477465,-0.00609,0.023623159,-0.03298687,1.04
11.65,0.420485661,0.014407371,-1.098648372,0.494230844,-0.00473,-0.221918278,0.267148997,-0.00647,0.026842077,-0.033230906,1.04
11.66,0.42566297,0.014313934,-1.10050267,0.496557443,-0.00519,-0.218269993,0.26682053,-0.00685,0.030060996,-0.033474941,1.04
11.67,0.430840279,0.014220496,-1.102356968,0.498884042,-0.00565,-0.214621708,0.266492062,-0.00723,0.033279914,-0.033718977,1.04
11.68,0.436017588,0.014127059,-1.104211266,0.501210641,-0.00612,-0.210973423,0.266163594,-0.00761,0.036498833,-0.033963013,1.04
11.69,0.441194896,0.014033621,-1.106065563,0.503537241,-0.00658,-0.207325138,0.265835127,-0.00799,0.039717751,-0.034207048,1.04
11.7,0.446372205,0.013940184,-1.107919861,0.50586384,-0.00705,-0.203676853,0.265506659,-0.00837,0.042936669,-0.034451084,1.04
11.71,0.449549032,0.014281198,-1.1115622,0.510081944,-0.00722,-0.170120833,0.266774076,-0.0088,0.078960349,-0.035334723,1.09
11.72,0.454948616,0.014139488,-1.113217827,0.512198376,-0.00771,-0.16979563,0.266268288,-0.00917,0.078534294,-0.035507691,1.08
11.73,0.460348201,0.013997778,-1.114873453,0.514314808,-0.00821,-0.169470426,0.2657625,-0.00955,0.078108239,-0.03568066,1.08
11.74,0.465747786,0.013856068,-1.11652908,0.516431239,-0.00871,-0.169145223,0.265256712,-0.00992,0.077682184,-0.035853628,1.07
11.75,0.471147371,0.013714358,-1.118184706,0.518547671,-0.0092,-0.168820019,0.264750924,-0.0103,0.077256129,-0.036026597,1.06
11.76,0.476546956,0.013572648,-1.119840333,0.520664103,-0.0097,-0.168494816,0.264245136,-0.0107,0.076830073,-0.036199565,1.06
11.77,0.48194654,0.013430938,-1.121495959,0.522780535,-0.0102,-0.168169613,0.263739348,-0.011,0.076404018,-0.036372534,1.05
11.78,0.487346125,0.013289228,-1.123151586,0.524896966,-0.0107,-0.167844409,0.26323356,-0.0114,0.075977963,-0.036545502,1.05
11.79,0.49274571,0.013147518,-1.124807212,0.527013398,-0.0112,-0.167519206,0.262727772,-0.0118,0.075551908,-0.036718471,1.04
11.8,0.498145295,0.013005808,-1.126462839,0.52912983,-0.0117,-0.167194002,0.262221984,-0.0122,0.075125853,-0.036891439,1.04
11.81,0.501802746,0.013298349,-1.129903262,0.534484081,-0.0125,-0.196712462,0.264498806,-0.0132,0.044472685,-0.038284661,0.861
11.82,0.507395901,0.013108389,-1.131360577,0.536240755,-0.013,-0.193071296,0.263683839,-0.0135,0.047405198,-0.038322045,0.874
11.83,0.512989056,0.012918429,-1.132817893,0.537997429,-0.0134,-0.18943013,0.262868872,-0.0138,0.050337711,-0.03835943,0.887
11.84,0.518582211,0.012728469,-1.134275209,0.539754103,-0.0139,-0.185788964,0.262053905,-0.0141,0.053270224,-0.038396815,0.901
11.85,0.524175367,0.012538509,-1.135732525,0.541510777,-0.0143,-0.182147798,0.261238938,-0.0144,0.056202737,-0.0384342,0.914
11.86,0.529768522,0.012348549,-1.137189841,0.543267451,-0.0148,-0.178506632,0.260423971,-0.0147,0.05913525,-0.038471585,0.927
11.87,0.535361677,0.012158589,-1.138647156,0.545024125,-0.0153,-0.174865466,0.259609004,-0.015,0.062067763,-0.03850897,0.94
11.88,0.540954832,0.011968629,-1.140104472,0.546780799,-0.0157,-0.1712243,0.258794037,-0.0153,0.065000276,-0.038546354,0.954
11.89,0.546547987,0.011778669,-1.141561788,0.548537473,-0.0162,-0.167583134,0.25797907,-0.0156,0.067932789,-0.038583739,0.967
11.9,0.552141143,0.011588709,-1.143019104,0.550294147,-0.0167,-0.163941969,0.257164103,-0.0159,0.070865301,-0.038621124,0.98
11.91,0.55626557,0.011801074,-1.146841656,0.554293369,-0.0174,-0.142065678,0.257858213,-0.0168,0.094672201,-0.039443495,1.02
11.92,0.562021918,0.011566411,-1.148036167,0.555800871,-0.0179,-0.140450637,0.25687557,-0.0171,0.095285337,-0.039393659,1.03
11.93,0.567778265,0.011331748,-1.149230679,0.557308373,-0.0183,-0.138835596,0.255892928,-0.0173,0.095898474,-0.039343823,1.04
11.94,0.573534612,0.011097085,-1.150425191,0.558815875,-0.0187,-0.137220555,0.254910286,-0.0175,0.096511611,-0.039293988,1.05
11.95,0.579290959,0.010862422,-1.151619703,0.560323377,-0.0192,-0.135605514,0.253927643,-0.0178,0.097124748,-0.039244152,1.06
11.96,0.585047306,0.01062776,-1.152814215,0.561830879,-0.0196,-0.133990473,0.252945001,-0.018,0.097737884,-0.039194316,1.07
11.97,0.590803653,0.010393097,-1.154008727,0.563338381,-0.02,-0.132375432,0.251962359,-0.0183,0.098351021,-0.03914448,1.08
11.98,0.59656,0.010158434,-1.155203238,0.564845883,-0.0204,-0.130760391,0.250979717,-0.0185,0.098964158,-0.039094644,1.09
11.99,0.602316348,0.009923771,-1.15639775,0.566353385,-0.0209,-0.12914535,0.249997074,-0.0187,0.099577294,-0.039044808,1.1
12,0.608072695,0.009689109,-1.157592262,0.567860887,-0.0213,-0.127530309,0.249014432,-0.019,0.100190431,-0.038994973,1.11
12.01,0.612624159,0.009797813,-1.162141454,0.572374813,-0.0226,-0.1639397,0.250153836,-0.0203,0.063330958,-0.0392,1.33
12.02,0.618514382,0.009524999,-1.162963224,0.573548268,-0.0229,-0.158099722,0.24893541,-0.0204,0.068107718,-0.0392,1.32
12.03,0.624404605,0.009252184,-1.163784993,0.574721723,-0.0232,-0.152259744,0.247716985,-0.0205,0.072884478,-0.0391,1.31
12.04,0.630294828,0.008979369,-1.164606763,0.575895178,-0.0235,-0.146419766,0.24649856,-0.0206,0.077661238,-0.039,1.3
12.05,0.636185051,0.008706555,-1.165428532,0.577068633,-0.0239,-0.140579788,0.245280135,-0.0207,0.082437998,-0.0389,1.28
12.06,0.642075274,0.00843374,-1.166250302,0.578242087,-0.0242,-0.13473981,0.24406171,-0.0208,0.087214758,-0.0388,1.27
12.07,0.647965497,0.008160925,-1.167072071,0.579415542,-0.0245,-0.128899832,0.242843285,-0.020967066,0.091991518,-0.038744685,1.26
12.08,0.65385572,0.007888111,-1.167893841,0.580588997,-0.0249,-0.123059855,0.24162486,-0.021086514,0.096768278,-0.038661995,1.25
12.09,0.659745943,0.007615296,-1.168715611,0.581762452,-0.0252,-0.117219877,0.240406434,-0.021205962,0.101545038,-0.038579305,1.23
12.1,0.665636166,0.007342481,-1.16953738,0.582935907,-0.0255,-0.111379899,0.239188009,-0.02132541,0.106321798,-0.038496614,1.22
12.11,0.67054997,0.007335509,-1.17210964,0.58571103,-0.0266,-0.035431149,0.23847467,-0.022274044,0.185506414,-0.039577063,1.14
12.12,0.676548684,0.007033156,-1.17273691,0.586706522,-0.0269,-0.037381034,0.237200124,-0.022301361,0.182015634,-0.039365136,1.14
12.13,0.682547398,0.006730803,-1.173364181,0.587702014,-0.027104027,-0.03933092,0.235925578,-0.022328677,0.178524855,-0.039153208,1.13
12.14,0.688546112,0.006428451,-1.173991452,0.588697506,-0.027356542,-0.041280806,0.234651032,-0.022355993,0.175034075,-0.03894128,1.13
12.15,0.694544826,0.006126098,-1.174618723,0.589692998,-0.027609057,-0.043230691,0.233376486,-0.022383309,0.171543296,-0.038729352,1.12
12.16,0.70054354,0.005823745,-1.175245993,0.590688489,-0.027861573,-0.045180577,0.232101941,-0.022410625,0.168052516,-0.038517424,1.12
12.17,0.706542254,0.005521393,-1.175873264,0.591683981,-0.028114088,-0.047130462,0.230827395,-0.022437941,0.164561737,-0.038305496,1.11
12.18,0.712540968,0.00521904,-1.176500535,0.592679473,-0.028366603,-0.049080348,0.229552849,-0.022465257,0.161070957,-0.038093568,1.11
12.19,0.718539682,0.004916687,-1.177127805,0.593674965,-0.028619118,-0.051030234,0.228278303,-0.022492573,0.157580177,-0.037881641,1.1
12.2,0.724538396,0.004614334,-1.177755076,0.594670457,-0.028871633,-0.052980119,0.227003758,-0.02251989,0.154089398,-0.037669713,1.1
12.21,0.729773436,0.004478529,-1.178472377,0.598268689,-0.030360118,-0.091830118,0.227184861,-0.02380776,0.110556803,-0.039539669,1.02
12.22,0.735857003,0.004157671,-1.179089644,0.598974987,-0.030475303,-0.089679991,0.225748577,-0.023695015,0.111515114,-0.039096421,1.02
12.23,0.741940569,0.003836813,-1.179706911,0.599681286,-0.030590488,-0.087529864,0.224312292,-0.023582269,0.112473425,-0.038653173,1.03
12.24,0.748024136,0.003515955,-1.180324179,0.600387584,-0.030705673,-0.085379737,0.222876008,-0.023469524,0.113431736,-0.038209924,1.03
12.25,0.754107703,0.003195097,-1.180941446,0.601093883,-0.030820858,-0.08322961,0.221439723,-0.023356778,0.114390047,-0.037766676,1.03
12.26,0.76019127,0.002874239,-1.181558713,0.601800181,-0.030936043,-0.081079483,0.220003438,-0.023244033,0.115348358,-0.037323428,1.03
12.27,0.766274836,0.002553381,-1.182175981,0.60250648,-0.031051228,-0.078929356,0.218567154,-0.023131287,0.116306669,-0.036880179,1.04
12.28,0.772358403,0.002232523,-1.182793248,0.603212778,-0.031166413,-0.076779229,0.217130869,-0.023018542,0.11726498,-0.036436931,1.04
12.29,0.77844197,0.001911665,-1.183410515,0.603919076,-0.031281598,-0.074629102,0.215694585,-0.022905796,0.118223291,-0.035993682,1.04
12.3,0.784525537,0.001590807,-1.184027783,0.604625375,-0.031396783,-0.072478975,0.2142583,-0.022793051,0.119181602,-0.035550434,1.04
12.31,0.790065171,0.001310565,-1.184014666,0.607161676,-0.032804369,-0.019020076,0.213359362,-0.023871235,0.172311165,-0.037071399,1.07
12.32,0.796209175,0.000985194,-1.184701976,0.607664641,-0.032775954,-0.022570923,0.211863373,-0.023626164,0.16747267,-0.036409905,1.07
12.33,0.802353179,0.000659823,-1.185389286,0.608167606,-0.032747539,-0.026121771,0.210367383,-0.023381093,0.162634176,-0.03574841,1.07
12.34,0.808497182,0.000334452,-1.186076596,0.608670571,-0.032719123,-0.029672619,0.208871393,-0.023136022,0.157795681,-0.035086916,1.07
12.35,0.814641186,0.00000908,-1.186763906,0.609173535,-0.032690708,-0.033223467,0.207375403,-0.022890951,0.152957186,-0.034425422,1.07
12.36,0.82078519,-0.000316289,-1.187451216,0.6096765,-0.032662293,-0.036774314,0.205879413,-0.02264588,0.148118691,-0.033763928,1.07
12.37,0.826929194,-0.00064166,-1.188138526,0.610179465,-0.032633878,-0.040325162,0.204383424,-0.022400809,0.143280196,-0.033102433,1.07
12.38,0.833073197,-0.000967031,-1.188825836,0.610682429,-0.032605463,-0.04387601,0.202887434,-0.022155738,0.138441702,-0.032440939,1.07
12.39,0.839217201,-0.001292402,-1.189513146,0.611185394,-0.032577048,-0.047426857,0.201391444,-0.021910667,0.133603207,-0.031779445,1.07
12.4,0.845361205,-0.001617773,-1.190200456,0.611688359,-0.032548633,-0.050977705,0.199895454,-0.021665596,0.128764712,-0.031117951,1.07
12.41,0.851161229,-0.002045914,-1.189066386,0.614341073,-0.034217846,-0.082017893,0.199202823,-0.022897589,0.092082231,-0.032155442,1.11
12.42,0.857343453,-0.002359866,-1.189956071,0.614605177,-0.034000806,-0.08251437,0.197617571,-0.0224884,0.090781957,-0.031305171,1.11
12.43,0.863525677,-0.002673818,-1.190845757,0.614869281,-0.033783765,-0.083010846,0.196032319,-0.022079211,0.089481683,-0.030454901,1.1
12.44,0.8697079,-0.00298777,-1.191735443,0.615133384,-0.033566725,-0.083507323,0.194447068,-0.021670021,0.088181409,-0.029604631,1.1
12.45,0.875890124,-0.003301721,-1.192625128,0.615397488,-0.033349684,-0.084003799,0.192861816,-0.021260832,0.086881135,-0.02875436,1.09
12.46,0.882072347,-0.003615673,-1.193514814,0.615661592,-0.033132644,-0.084500276,0.191276564,-0.020851643,0.08558086,-0.02790409,1.09
12.47,0.888254571,-0.003929625,-1.194404499,0.615925695,-0.032915603,-0.084996753,0.189691312,-0.020442453,0.084280586,-0.027053819,1.08
12.48,0.894436794,-0.004243577,-1.195294185,0.616189799,-0.032698563,-0.085493229,0.18810606,-0.020033264,0.082980312,-0.026203549,1.08
12.49,0.900619018,-0.004557529,-1.196183871,0.616453903,-0.032481522,-0.085989706,0.186520808,-0.019624075,0.081680038,-0.025353279,1.07
12.5,0.906801242,-0.00487148,-1.197073556,0.616718006,-0.032264482,-0.086486182,0.184935556,-0.019214885,0.080379764,-0.024503008,1.07
12.51,0.912845833,-0.005512587,-1.198974958,0.618963746,-0.034808961,-0.116156244,0.183905214,-0.021198945,0.048735658,-0.025657712,1.02
12.52,0.919043349,-0.005790188,-1.199752231,0.619007668,-0.034285085,-0.113411211,0.182258305,-0.02052384,0.05080692,-0.024584667,1.02
12.53,0.925240865,-0.006067789,-1.200529504,0.61905159,-0.033761209,-0.110666178,0.180611397,-0.019848734,0.052878183,-0.023511622,1.02
12.54,0.931438381,-0.00634539,-1.201306776,0.619095512,-0.033237333,-0.107921145,0.178964488,-0.019173628,0.054949446,-0.022438576,1.02
12.55,0.937635897,-0.006622992,-1.202084049,0.619139434,-0.032713457,-0.105176112,0.17731758,-0.018498522,0.057020708,-0.021365531,1.02
12.56,0.943833413,-0.006900593,-1.202861322,0.619183356,-0.032189581,-0.102431079,0.175670671,-0.017823416,0.059091971,-0.020292485,1.02
12.57,0.950030929,-0.007178194,-1.203638595,0.619227277,-0.031665705,-0.099686046,0.174023763,-0.01714831,0.061163234,-0.01921944,1.02
12.58,0.956228445,-0.007455796,-1.204415867,0.619271199,-0.031141829,-0.096941014,0.172376854,-0.016473204,0.063234496,-0.018146395,1.02
12.59,0.962425961,-0.007733397,-1.20519314,0.619315121,-0.030617953,-0.094195981,0.170729946,-0.015798098,0.065305759,-0.017073349,1.02
12.6,0.968623477,-0.008010998,-1.205970413,0.619359043,-0.030094077,-0.091450948,0.169083037,-0.015122992,0.067377022,-0.016000304,1.02
12.61,0.974874933,-0.008921843,-1.207871181,0.621265843,-0.032764571,-0.061767274,0.167816789,-0.01703466,0.098251061,-0.017091999,1.06
12.62,0.981066456,-0.009129084,-1.20852362,0.621102779,-0.031885765,-0.062015424,0.166127585,-0.016072135,0.097122016,-0.015778426,1.05
12.63,0.987257979,-0.009336324,-1.20917606,0.620939714,-0.031006959,-0.062263573,0.164438381,-0.01510961,0.09599297,-0.014464854,1.05
12.64,0.993449501,-0.009543565,-1.2098285,0.620776649,-0.030128153,-0.062511722,0.162749177,-0.014147084,0.094863924,-0.013151282,1.04
12.65,0.999641024,-0.009750806,-1.21048094,0.620613585,-0.029249347,-0.062759872,0.161059973,-0.013184559,0.093734878,-0.01183771,1.04
12.66,1.005832547,-0.009958047,-1.21113338,0.62045052,-0.02837054,-0.063008021,0.159370769,-0.012222033,0.092605832,-0.010524138,1.03
12.67,1.012024069,-0.010165288,-1.21178582,0.620287455,-0.027491734,-0.063256171,0.157681564,-0.011259508,0.091476786,-0.009210566,1.03
12.68,1.018215592,-0.010372529,-1.21243826,0.620124391,-0.026612928,-0.06350432,0.15599236,-0.010296983,0.09034774,-0.007896994,1.03
12.69,1.024407115,-0.01057977,-1.2130907,0.619961326,-0.025734122,-0.063752469,0.154303156,-0.009334457,0.089218694,-0.006583422,1.02
12.7,1.030598638,-0.010787011,-1.21374314,0.619798262,-0.024855316,-0.064000619,0.152613952,-0.008371932,0.088089648,-0.00526985,1.02
12.71,1.037024216,-0.011908335,-1.214971013,0.621360758,-0.026333599,-0.080224772,0.151130025,-0.008900222,0.069968457,-0.005843974,0.628
12.72,1.043189733,-0.012014011,-1.215559516,0.621005965,-0.025192894,-0.07869781,0.149418013,-0.007772051,0.070727428,-0.004320658,0.665
12.73,1.049355249,-0.012119688,-1.216148018,0.620651171,-0.024052189,-0.077170848,0.147706,-0.006643879,0.071486398,-0.002797342,0.703
12.74,1.055520766,-0.012225364,-1.216736521,0.620296377,-0.022911484,-0.075643886,0.145993987,-0.005515707,0.072245368,-0.001274025,0.74
12.75,1.061686282,-0.01233104,-1.217325024,0.619941584,-0.021770779,-0.074116924,0.144281974,-0.004387536,0.073004338,0.000249291,0.778
12.76,1.067851799,-0.012436716,-1.217913527,0.61958679,-0.020630075,-0.072589961,0.142569962,-0.003259364,0.073763309,0.001772607,0.815
12.77,1.074017315,-0.012542392,-1.21850203,0.619231996,-0.01948937,-0.071062999,0.140857949,-0.002131192,0.074522279,0.003295923,0.853
12.78,1.080182832,-0.012648068,-1.219090533,0.618877203,-0.018348665,-0.069536037,0.139145936,-0.001003021,0.075281249,0.004819239,0.891
12.79,1.086348348,-0.012753744,-1.219679036,0.618522409,-0.01720796,-0.068009075,0.137433923,0.000125151,0.076040219,0.006342555,0.928
12.8,1.092513865,-0.012859421,-1.220267538,0.618167615,-0.016067255,-0.066482113,0.135721911,0.001253322,0.07679919,0.007865871,0.966
12.81,1.099085347,-0.014101014,-1.221597771,0.619525985,-0.017028719,-0.0523045,0.13418225,0.00129468,0.090891883,0.007697948,1.52
12.82,1.105205756,-0.014080477,-1.22210386,0.61898084,-0.015654439,-0.052183166,0.132451087,0.002543609,0.090169329,0.009409179,1.5
12.83,1.111326165,-0.01405994,-1.222609948,0.618435695,-0.01428016,-0.052061832,0.130719924,0.003792538,0.089446774,0.011120411,1.48
12.84,1.117446574,-0.014039404,-1.223116036,0.61789055,-0.012905881,-0.051940497,0.128988761,0.005041466,0.08872422,0.012831642,1.46
12.85,1.123566984,-0.014018867,-1.223622125,0.617345404,-0.011531602,-0.051819163,0.127257598,0.006290395,0.088001665,0.014542874,1.44
12.86,1.129687393,-0.01399833,-1.224128213,0.616800259,-0.010157323,-0.051697829,0.125526435,0.007539324,0.087279111,0.016254105,1.42
12.87,1.135807802,-0.013977793,-1.224634302,0.616255114,-0.008783044,-0.051576494,0.123795272,0.008788253,0.086556556,0.017965337,1.4
12.88,1.141928211,-0.013957256,-1.22514039,0.615709969,-0.007408765,-0.05145516,0.122064109,0.010037181,0.085834001,0.019676568,1.38
12.89,1.14804862,-0.013936719,-1.225646479,0.615164824,-0.006034486,-0.051333825,0.120332946,0.01128611,0.085111447,0.021387799,1.36
12.9,1.154169029,-0.013916182,-1.226152567,0.614619679,-0.004660206,-0.051212491,0.118601783,0.012535039,0.084388892,0.023099031,1.34
12.91,1.160853214,-0.015202153,-1.227148424,0.615495626,-0.004560282,-0.058701242,0.116733665,0.013633649,0.075405953,0.023306574,1.06
12.92,1.166910981,-0.015036449,-1.227600094,0.614792581,-0.003044408,-0.057734343,0.11501772,0.01489928,0.075601219,0.025184882,1.07
12.93,1.172968749,-0.014870744,-1.228051763,0.614089537,-0.001528534,-0.056767444,0.113301774,0.016164911,0.075796485,0.02706319,1.08
12.94,1.179026516,-0.01470504,-1.228503433,0.613386493,-0.0000127,-0.055800544,0.111585828,0.017430541,0.075991751,0.028941498,1.09
12.95,1.185084284,-0.014539335,-1.228955103,0.612683448,0.001503215,-0.054833645,0.109869882,0.018696172,0.076187017,0.030819806,1.1
12.96,1.191142051,-0.014373631,-1.229406772,0.611980404,0.003019089,-0.053866745,0.108153936,0.019961803,0.076382283,0.032698114,1.11
12.97,1.197199819,-0.014207926,-1.229858442,0.61127736,0.004534963,-0.052899846,0.10643799,0.021227434,0.076577549,0.034576422,1.11
12.98,1.203257586,-0.014042222,-1.230310112,0.610574315,0.006050837,-0.051932946,0.104722044,0.022493065,0.076772815,0.03645473,1.12
12.99,1.209315354,-0.013876517,-1.230761782,0.609871271,0.007566711,-0.050966047,0.103006099,0.023758695,0.076968081,0.038333038,1.13
13,1.215373121,-0.013710812,-1.231213451,0.609168227,0.009082585,-0.049999147,0.101290153,0.025024326,0.077163347,0.040211345,1.14
13.01,1.222125207,-0.014945909,-1.232594116,0.60965141,0.009948075,-0.050206702,0.099216084,0.026778641,0.076359898,0.040364635,1.24
13.02,1.228105828,-0.01462456,-1.232942564,0.608816563,0.011536214,-0.049109308,0.097539929,0.027989974,0.076666132,0.042434612,1.24
13.03,1.234086449,-0.01430321,-1.233291012,0.607981716,0.013124353,-0.048011914,0.095863775,0.029201306,0.076972366,0.044504588,1.24
13.04,1.24006707,-0.013981861,-1.23363946,0.607146868,0.014712492,-0.046914519,0.09418762,0.030412639,0.077278601,0.046574565,1.24
13.05,1.246047691,-0.013660512,-1.233987908,0.606312021,0.016300631,-0.045817125,0.092511466,0.031623971,0.077584835,0.048644542,1.23
13.06,1.252028312,-0.013339163,-1.234336356,0.605477173,0.01788877,-0.04471973,0.090835312,0.032835304,0.077891069,0.050714518,1.23
13.07,1.258008933,-0.013017814,-1.234684804,0.604642326,0.019476909,-0.043622336,0.089159157,0.034046636,0.078197304,0.052784495,1.23
13.08,1.263989554,-0.012696465,-1.235033252,0.603807478,0.021065048,-0.042524942,0.087483003,0.035257969,0.078503538,0.054854472,1.23
13.09,1.269970175,-0.012375116,-1.2353817,0.602972631,0.022653186,-0.041427547,0.085806849,0.036469301,0.078809772,0.056924448,1.23
13.1,1.275950796,-0.012053767,-1.235730148,0.602137784,0.024241325,-0.040330153,0.084130694,0.037680634,0.079116007,0.058994425,1.23
13.11,1.282708621,-0.013152982,-1.239742487,0.601814977,0.025792268,-0.092761478,0.081458041,0.039944969,0.026169132,0.056930119,0.991
13.12,1.288602886,-0.012673793,-1.239683836,0.600923236,0.027384539,-0.085716448,0.079892609,0.041039302,0.032392378,0.05945946,1.02
13.13,1.294497151,-0.012194603,-1.239625185,0.600031495,0.028976811,-0.078671419,0.078327177,0.042133634,0.038615625,0.061988802,1.04
13.14,1.300391416,-0.011715414,-1.239566534,0.599139754,0.030569083,-0.071626389,0.076761745,0.043227966,0.044838871,0.064518143,1.06
13.15,1.306285681,-0.011236224,-1.239507883,0.598248013,0.032161355,-0.064581359,0.075196312,0.044322298,0.051062118,0.067047484,1.09
13.16,1.312179946,-0.010757035,-1.239449232,0.597356273,0.033753627,-0.057536329,0.07363088,0.04541663,0.057285364,0.069576826,1.11
13.17,1.318074211,-0.010277846,-1.239390581,0.596464532,0.035345899,-0.050491299,0.072065448,0.046510963,0.063508611,0.072106167,1.14
13.18,1.323968476,-0.009798656,-1.23933193,0.595572791,0.03693817,-0.043446269,0.070500015,0.047605295,0.069731857,0.074635509,1.16
13.19,1.329862741,-0.009319467,-1.239273279,0.59468105,0.038530442,-0.036401239,0.068934583,0.048699627,0.075955103,0.07716485,1.18
13.2,1.335757006,-0.008840277,-1.239214628,0.593789309,0.040122714,-0.029356209,0.067369151,0.049793959,0.08217835,0.079694191,1.21
13.21,1.342540879,-0.009968621,-1.242699906,0.594682566,0.038042639,0.033615424,0.066179826,0.048200844,0.149929121,0.075969884,1.4
13.22,1.348336299,-0.009310816,-1.242247485,0.593592492,0.040042949,0.034446387,0.064572604,0.049593781,0.149315976,0.079194076,1.41
13.23,1.354131718,-0.008653012,-1.241795064,0.592502418,0.04204326,0.03527735,0.062965382,0.050986719,0.148702831,0.082418267,1.41
13.24,1.359927138,-0.007995208,-1.241342643,0.591412344,0.04404357,0.036108313,0.06135816,0.052379656,0.148089686,0.085642458,1.42
13.25,1.365722557,-0.007337404,-1.240890223,0.59032227,0.04604388,0.036939276,0.059750938,0.053772594,0.14747654,0.088866649,1.42
13.26,1.371517977,-0.0066796,-1.240437802,0.589232197,0.048044191,0.037770239,0.058143716,0.055165531,0.146863395,0.092090841,1.43
13.27,1.377313396,-0.006021796,-1.239985381,0.588142123,0.050044501,0.038601202,0.056536494,0.056558469,0.14625025,0.095315032,1.43
13.28,1.383108816,-0.005363991,-1.23953296,0.587052049,0.052044811,0.039432165,0.054929272,0.057951406,0.145637105,0.098539223,1.44
13.29,1.388904235,-0.004706187,-1.239080539,0.585961975,0.054045122,0.040263128,0.05332205,0.059344344,0.14502396,0.101763414,1.45
13.3,1.394699655,-0.004048383,-1.238628119,0.584871901,0.056045432,0.04109409,0.051714828,0.060737282,0.144410814,0.104987606,1.45
13.31,1.401540182,-0.005320289,-1.2389661,0.585056561,0.055591176,0.041075868,0.049935839,0.060929297,0.142396653,0.102347186,1.54
13.32,1.407219478,-0.004448073,-1.238425857,0.58382485,0.057864216,0.042001185,0.048347702,0.06245567,0.141939177,0.106223,1.54
13.33,1.412898775,-0.003575856,-1.237885614,0.58259314,0.060137256,0.042926502,0.046759565,0.063982043,0.1414817,0.110098815,1.53
13.34,1.418578071,-0.00270364,-1.23734537,0.581361429,0.062410296,0.043851819,0.045171428,0.065508417,0.141024223,0.11397463,1.53
13.35,1.424257368,-0.001831424,-1.236805127,0.580129718,0.064683336,0.044777136,0.043583292,0.06703479,0.140566746,0.117850444,1.52
13.36,1.429936664,-0.000959207,-1.236264884,0.578898007,0.066956376,0.045702452,0.041995155,0.068561163,0.140109269,0.121726259,1.52
13.37,1.43561596,-0.000087,-1.23572464,0.577666296,0.069229416,0.046627769,0.040407018,0.070087537,0.139651792,0.125602074,1.52
13.38,1.441295257,0.000785226,-1.235184397,0.576434585,0.071502456,0.047553086,0.038818881,0.07161391,0.139194316,0.129477888,1.51
13.39,1.446974553,0.001657442,-1.234644154,0.575202874,0.073775495,0.048478403,0.037230744,0.073140283,0.138736839,0.133353703,1.51
13.4,1.45265385,0.002529658,-1.23410391,0.573971163,0.076048535,0.04940372,0.035642607,0.074666657,0.138279362,0.137229518,1.51
13.41,1.459511768,0.001250754,-1.23383079,0.574133353,0.076334588,0.061644465,0.034019047,0.075579779,0.148725585,0.136386254,1.55
13.42,1.465060107,0.002361984,-1.233260867,0.572746764,0.078828404,0.061312512,0.032434846,0.077174291,0.147056586,0.140786411,1.54
13.43,1.470608445,0.003473214,-1.232690943,0.571360176,0.081322221,0.060980559,0.030850645,0.078768803,0.145387587,0.145186567,1.53
13.44,1.476156784,0.004584444,-1.232121019,0.569973587,0.083816037,0.060648606,0.029266444,0.080363316,0.143718588,0.149586724,1.52
13.45,1.481705122,0.005695673,-1.231551096,0.568586998,0.086309853,0.060316653,0.027682243,0.081957828,0.142049589,0.153986881,1.51
13.46,1.487253461,0.006806903,-1.230981172,0.567200409,0.088803669,0.0599847,0.026098042,0.083552341,0.14038059,0.158387038,1.51
13.47,1.492801799,0.007918133,-1.230411248,0.565813821,0.091297486,0.059652747,0.024513841,0.085146853,0.138711591,0.162787194,1.5
13.48,1.498350138,0.009029363,-1.229841324,0.564427232,0.093791302,0.059320794,0.022929639,0.086741365,0.137042592,0.167187351,1.49
13.49,1.503898476,0.010140593,-1.229271401,0.563040643,0.096285118,0.058988841,0.021345438,0.088335878,0.135373593,0.171587508,1.48
13.5,1.509446814,0.011251823,-1.228701477,0.561654055,0.098778934,0.058656888,0.019761237,0.08993039,0.133704594,0.175987665,1.47
13.51,1.516299961,0.010067171,-1.228003499,0.561389225,0.100357076,0.054913583,0.017873015,0.092044289,0.127122145,0.176938916,1.57
13.52,1.52170332,0.011433498,-1.227447803,0.559877997,0.102952634,0.054960669,0.016322594,0.093581091,0.125999085,0.181722285,1.55
13.53,1.52710668,0.012799826,-1.226892108,0.558366768,0.105548192,0.055007755,0.014772173,0.095117894,0.124876024,0.186505653,1.53
13.54,1.53251004,0.014166154,-1.226336413,0.556855539,0.10814375,0.055054841,0.013221752,0.096654697,0.123752964,0.191289022,1.51
13.55,1.5379134,0.015532482,-1.225780717,0.555344311,0.110739307,0.055101927,0.011671331,0.0981915,0.122629904,0.19607239,1.49
13.56,1.54331676,0.01689881,-1.225225022,0.553833082,0.113334865,0.055149013,0.01012091,0.099728303,0.121506844,0.200855758,1.47
13.57,1.548720119,0.018265138,-1.224669326,0.552321853,0.115930423,0.055196099,0.008570489,0.101265105,0.120383784,0.205639127,1.44
13.58,1.554123479,0.019631465,-1.224113631,0.550810625,0.118525981,0.055243185,0.007020068,0.102801908,0.119260724,0.210422495,1.42
13.59,1.559526839,0.020997793,-1.223557935,0.549299396,0.121121539,0.055290271,0.005469647,0.104338711,0.118137664,0.215205864,1.4
13.6,1.564930199,0.022364121,-1.22300224,0.547788167,0.123717097,0.055337357,0.003919226,0.105875514,0.117014604,0.219989232,1.38
13.61,1.571749744,0.021366997,-1.222366311,0.547376188,0.125847079,0.057838995,0.002072676,0.108329863,0.117335342,0.22251601,1.27
13.62,1.57699575,0.02299593,-1.221819531,0.545742821,0.128494367,0.057613353,0.000555158,0.109764716,0.11605186,0.227550111,1.26
13.63,1.582241756,0.024624864,-1.22127275,0.544109453,0.131141656,0.057387711,-0.000962359,0.111199569,0.114768378,0.232584212,1.25
13.64,1.587487762,0.026253797,-1.22072597,0.542476086,0.133788945,0.057162069,-0.002479877,0.112634422,0.113484896,0.237618312,1.24
13.65,1.592733768,0.027882731,-1.220179189,0.540842718,0.136436233,0.056936427,-0.003997395,0.114069276,0.112201413,0.242652413,1.22
13.66,1.597979774,0.029511665,-1.219632408,0.539209351,0.139083522,0.056710785,-0.005514912,0.115504129,0.110917931,0.247686513,1.21
13.67,1.603225779,0.031140598,-1.219085628,0.537575983,0.141730811,0.056485143,-0.00703243,0.116938982,0.109634449,0.252720614,1.2
13.68,1.608471785,0.032769532,-1.218538847,0.535942616,0.144378099,0.056259501,-0.008549947,0.118373835,0.108350967,0.257754715,1.19
13.69,1.613717791,0.034398465,-1.217992066,0.534309248,0.147025388,0.056033858,-0.010067465,0.119808689,0.107067485,0.262788815,1.18
13.7,1.618963797,0.036027399,-1.217445286,0.532675881,0.149672677,0.055808216,-0.011584983,0.121243542,0.105784003,0.267822916,1.16
13.71,1.625726389,0.035271703,-1.21670162,0.531945741,0.152342899,0.055460782,-0.013565038,0.123992696,0.103223594,0.271557571,1.08
13.72,1.630803886,0.037165596,-1.216176715,0.530212015,0.154987639,0.055248672,-0.015031163,0.125281516,0.102081993,0.276736055,1.08
13.73,1.635881382,0.039059488,-1.215651811,0.528478289,0.15763238,0.055036563,-0.016497287,0.126570336,0.100940392,0.281914538,1.07
13.74,1.640958878,0.040953381,-1.215126906,0.526744563,0.16027712,0.054824453,-0.017963412,0.127859156,0.09979879,0.287093022,1.07
13.75,1.646036375,0.042847273,-1.214602002,0.525010837,0.162921861,0.054612343,-0.019429536,0.129147975,0.098657189,0.292271505,1.07
13.76,1.651113871,0.044741166,-1.214077097,0.523277111,0.165566601,0.054400234,-0.020895661,0.130436795,0.097515587,0.297449988,1.06
13.77,1.656191367,0.046635058,-1.213552193,0.521543385,0.168211342,0.054188124,-0.022361785,0.131725615,0.096373986,0.302628472,1.06
13.78,1.661268863,0.04852895,-1.213027289,0.519809659,0.170856082,0.053976015,-0.02382791,0.133014435,0.095232384,0.307806955,1.05
13.79,1.66634636,0.050422843,-1.212502384,0.518075932,0.173500823,0.053763905,-0.025294034,0.134303254,0.094090783,0.312985438,1.05
13.8,1.671423856,0.052316735,-1.21197748,0.516342206,0.176145563,0.053551795,-0.026760159,0.135592074,0.092949182,0.318163922,1.05
13.81,1.67809436,0.051857334,-1.21135386,0.515154625,0.179536947,0.051503255,-0.028999651,0.138787475,0.088943708,0.323985632,1.01
13.82,1.682994855,0.054012703,-1.210839924,0.513360216,0.182098727,0.051495193,-0.030379846,0.139864453,0.088120315,0.329092646,1.01
13.83,1.687895351,0.056168073,-1.210325988,0.511565807,0.184660507,0.051487131,-0.031760041,0.14094143,0.087296921,0.33419966,1.01
13.84,1.692795846,0.058323442,-1.209812052,0.509771398,0.187222288,0.05147907,-0.033140235,0.142018407,0.086473528,0.339306673,1.01
13.85,1.697696342,0.060478812,-1.209298115,0.507976989,0.189784068,0.051471008,-0.03452043,0.143095385,0.085650134,0.344413687,1.01
13.86,1.702596837,0.062634181,-1.208784179,0.506182581,0.192345848,0.051462946,-0.035900625,0.144172362,0.084826741,0.349520701,1.01
13.87,1.707497333,0.064789551,-1.208270243,0.504388172,0.194907628,0.051454885,-0.03728082,0.145249339,0.084003348,0.354627715,1.01
13.88,1.712397828,0.06694492,-1.207756307,0.502593763,0.197469408,0.051446823,-0.038661015,0.146326317,0.083179954,0.359734728,1.01
13.89,1.717298323,0.06910029,-1.207242371,0.500799354,0.200031188,0.051438761,-0.040041209,0.147403294,0.082356561,0.364841742,1.01
13.9,1.722198819,0.07125566,-1.206728435,0.499004945,0.202592968,0.0514307,-0.041421404,0.148480272,0.081533168,0.369948756,1.01
13.91,1.728717289,0.071189764,-1.205653669,0.497150289,0.207000339,0.062499518,-0.044104022,0.152372119,0.0910456,0.377682981,1.01
13.92,1.733438009,0.073591941,-1.205202047,0.495362574,0.209357053,0.061260692,-0.045339503,0.153136333,0.089073782,0.382498082,1.01
13.93,1.73815873,0.075994117,-1.204750426,0.493574859,0.211713767,0.060021866,-0.046574984,0.153900547,0.087101963,0.387313184,1.01
13.94,1.74287945,0.078396294,-1.204298804,0.491787145,0.214070482,0.05878304,-0.047810465,0.154664761,0.085130145,0.392128285,1.01
13.95,1.747600171,0.080798471,-1.203847183,0.48999943,0.216427196,0.057544213,-0.049045946,0.155428975,0.083158326,0.396943386,1
13.96,1.752320891,0.083200648,-1.203395561,0.488211716,0.218783911,0.056305387,-0.050281428,0.156193189,0.081186508,0.401758488,1
13.97,1.757041612,0.085602824,-1.20294394,0.486424001,0.221140625,0.055066561,-0.051516909,0.156957403,0.079214689,0.406573589,1
13.98,1.761762332,0.088005001,-1.202492318,0.484636286,0.22349734,0.053827735,-0.05275239,0.157721617,0.077242871,0.41138869,1
13.99,1.766483053,0.090407178,-1.202040696,0.482848572,0.225854054,0.052588909,-0.053987871,0.158485831,0.075271052,0.416203792,1
14,1.771203773,0.092809355,-1.201589075,0.481060857,0.228210768,0.051350083,-0.055223352,0.159250045,0.073299234,0.421018893,1
14.01,1.777503653,0.093207175,-1.19997668,0.47864469,0.232873652,0.05102673,-0.058199218,0.16300822,0.070468252,0.428995479,0.994
14.02,1.782048911,0.095832058,-1.199654033,0.476926804,0.234974125,0.049686185,-0.059241323,0.163439772,0.068591896,0.433459304,0.993
14.03,1.78659417,0.098456941,-1.199331386,0.475208917,0.237074599,0.048345639,-0.060283428,0.163871323,0.06671554,0.437923129,0.993
14.04,1.791139428,0.101081824,-1.19900874,0.473491031,0.239175072,0.047005094,-0.061325533,0.164302875,0.064839184,0.442386955,0.993
14.05,1.795684686,0.103706707,-1.198686093,0.471773144,0.241275545,0.045664548,-0.062367638,0.164734427,0.062962829,0.44685078,0.992
14.06,1.800229945,0.10633159,-1.198363446,0.470055258,0.243376019,0.044324003,-0.063409743,0.165165978,0.061086473,0.451314605,0.992
14.07,1.804775203,0.108956473,-1.198040799,0.468337371,0.245476492,0.042983457,-0.064451848,0.16559753,0.059210117,0.455778431,0.992
14.08,1.809320462,0.111581356,-1.197718153,0.466619484,0.247576966,0.041642912,-0.065493953,0.166029082,0.057333761,0.460242256,0.991
14.09,1.81386572,0.114206239,-1.197395506,0.464901598,0.249677439,0.040302367,-0.066536058,0.166460633,0.055457405,0.464706081,0.991
14.1,1.818410979,0.116831122,-1.197072859,0.463183711,0.251777913,0.038961821,-0.067578163,0.166892185,0.053581049,0.469169907,0.991
14.11,1.824462717,0.117675508,-1.195530128,0.460645688,0.256056971,0.037892204,-0.070378299,0.169890718,0.050286901,0.476939683,0.988
14.12,1.828840589,0.120498224,-1.195343046,0.459018927,0.25791538,0.036521555,-0.071225067,0.170037049,0.048568077,0.48103618,0.988
14.13,1.83321846,0.12332094,-1.195155964,0.457392167,0.259773788,0.035150907,-0.072071835,0.170183381,0.046849254,0.485132678,0.988
14.14,1.837596332,0.126143656,-1.194968883,0.455765407,0.261632197,0.033780258,-0.072918603,0.170329712,0.045130431,0.489229175,0.988
14.15,1.841974204,0.128966373,-1.194781801,0.454138647,0.263490605,0.03240961,-0.073765372,0.170476044,0.043411607,0.493325673,0.988
14.16,1.846352076,0.131789089,-1.194594719,0.452511886,0.265349013,0.031038961,-0.07461214,0.170622375,0.041692784,0.49742217,0.988
14.17,1.850729948,0.134611805,-1.194407637,0.450885126,0.267207422,0.029668313,-0.075458908,0.170768707,0.03997396,0.501518668,0.988
14.18,1.855107819,0.137434521,-1.194220556,0.449258366,0.26906583,0.028297664,-0.076305676,0.170915038,0.038255137,0.505615165,0.988
14.19,1.859485691,0.140257237,-1.194033474,0.447631606,0.270924239,0.026927015,-0.077152444,0.171061369,0.036536313,0.509711663,0.988
14.2,1.863863563,0.143079953,-1.193846392,0.446004845,0.272782647,0.025556367,-0.077999212,0.171207701,0.03481749,0.51380816,0.987
14.21,1.869648467,0.144343826,-1.193329144,0.443312281,0.276770437,0.006112947,-0.080673876,0.173615112,0.013478954,0.520103215,0.982
14.22,1.873870002,0.147339747,-1.193178748,0.441803943,0.278392248,0.006750384,-0.081317544,0.173510212,0.013940099,0.523955429,0.982
14.23,1.878091537,0.150335667,-1.193028351,0.440295606,0.280014058,0.007387821,-0.081961213,0.173405313,0.014401243,0.527807642,0.983
14.24,1.882313072,0.153331588,-1.192877954,0.438787268,0.281635869,0.008025259,-0.082604882,0.173300413,0.014862388,0.531659855,0.983
14.25,1.886534607,0.156327509,-1.192727558,0.437278931,0.283257679,0.008662696,-0.08324855,0.173195514,0.015323532,0.535512068,0.984
14.26,1.890756142,0.15932343,-1.192577161,0.435770593,0.28487949,0.009300133,-0.083892219,0.173090614,0.015784677,0.539364282,0.984
14.27,1.894977677,0.162319351,-1.192426765,0.434262256,0.2865013,0.00993757,-0.084535888,0.172985714,0.016245822,0.543216495,0.985
14.28,1.899199211,0.165315272,-1.192276368,0.432753918,0.288123111,0.010575007,-0.085179556,0.172880815,0.016706966,0.547068708,0.985
14.29,1.903420746,0.168311193,-1.192125971,0.43124558,0.289744922,0.011212444,-0.085823225,0.172775915,0.017168111,0.550920921,0.986
14.3,1.907642281,0.171307114,-1.191975575,0.429737243,0.291366732,0.011849881,-0.086466894,0.172671016,0.017629255,0.554773135,0.986
14.31,1.913249496,0.172848983,-1.189875638,0.428857284,0.293014535,0.062949419,-0.087061485,0.172497698,0.06896753,0.559690955,0.994
14.32,1.917317066,0.176006465,-1.189941857,0.427279127,0.294633457,0.057979956,-0.087710607,0.172400401,0.063775661,0.563424767,0.994
14.33,1.921384637,0.179163947,-1.190008076,0.425700969,0.29625238,0.053010493,-0.088359728,0.172303103,0.058583791,0.56715858,0.994
14.34,1.925452207,0.182321429,-1.190074295,0.424122812,0.297871302,0.04804103,-0.08900885,0.172205805,0.053391921,0.570892392,0.993
14.35,1.929519778,0.185478911,-1.190140514,0.422544655,0.299490225,0.043071567,-0.089657972,0.172108508,0.048200051,0.574626205,0.993
14.36,1.933587348,0.188636393,-1.190206733,0.420966497,0.301109147,0.038102104,-0.090307093,0.17201121,0.043008181,0.578360017,0.993
14.37,1.937654919,0.191793876,-1.190272952,0.41938834,0.30272807,0.033132641,-0.090956215,0.171913912,0.037816311,0.58209383,0.992
14.38,1.94172249,0.194951358,-1.190339171,0.417810182,0.304346993,0.028163178,-0.091605337,0.171816615,0.032624441,0.585827642,0.992
14.39,1.94579006,0.19810884,-1.19040539,0.416232025,0.305965915,0.023193715,-0.092254458,0.171719317,0.027432571,0.589561455,0.992
14.4,1.949857631,0.201266322,-1.190471609,0.414653867,0.307584838,0.018224252,-0.09290358,0.171622019,0.022240701,0.593295267,0.991
14.41,1.955303374,0.203043671,-1.188264924,0.4121777,0.310802349,-0.030735883,-0.095034921,0.173035743,-0.031614524,0.598434256,0.99
14.42,1.959217814,0.206354501,-1.188583687,0.410699322,0.312243651,-0.030817493,-0.095519351,0.172770554,-0.031399355,0.602011938,0.99
14.43,1.963132255,0.209665332,-1.188902451,0.409220943,0.313684952,-0.030899104,-0.096003782,0.172505365,-0.031184185,0.60558962,0.99
14.44,1.967046695,0.212976162,-1.189221215,0.407742564,0.315126254,-0.030980714,-0.096488213,0.172240176,-0.030969016,0.609167301,0.989
14.45,1.970961135,0.216286992,-1.189539979,0.406264186,0.316567555,-0.031062325,-0.096972643,0.171974987,-0.030753846,0.612744983,0.989
14.46,1.974875575,0.219597823,-1.189858743,0.404785807,0.318008857,-0.031143935,-0.097457074,0.171709798,-0.030538677,0.616322665,0.989
14.47,1.978790015,0.222908653,-1.190177506,0.403307428,0.319450158,-0.031225546,-0.097941504,0.171444609,-0.030323507,0.619900347,0.989
14.48,1.982704455,0.226219483,-1.19049627,0.40182905,0.32089146,-0.031307156,-0.098425935,0.171179421,-0.030108338,0.623478029,0.989
14.49,1.986618896,0.229530314,-1.190815034,0.400350671,0.322332761,-0.031388767,-0.098910366,0.170914232,-0.029893168,0.62705571,0.989
14.5,1.990533336,0.232841144,-1.191133798,0.398872293,0.323774063,-0.031470377,-0.099394796,0.170649043,-0.029677999,0.630633392,0.988
14.51,1.995765709,0.23490411,-1.190529608,0.397093114,0.326249709,-0.014560874,-0.100616015,0.171179529,-0.012278063,0.636094553,0.996
14.52,1.999533712,0.238353592,-1.190950922,0.395648158,0.327576084,-0.016530386,-0.10101858,0.170825932,-0.013972312,0.639462959,0.995
14.53,2.003301715,0.241803074,-1.191372237,0.394203201,0.328902458,-0.018499898,-0.101421145,0.170472334,-0.015666561,0.642831366,0.994
14.54,2.007069718,0.245252556,-1.191793551,0.392758245,0.330228832,-0.02046941,-0.101823711,0.170118737,-0.01736081,0.646199772,0.993
14.55,2.010837721,0.248702038,-1.192214865,0.391313288,0.331555207,-0.022438922,-0.102226276,0.16976514,-0.019055059,0.649568178,0.992
14.56,2.014605725,0.25215152,-1.192636179,0.389868332,0.332881581,-0.024408434,-0.102628842,0.169411543,-0.020749308,0.652936585,0.991
14.57,2.018373728,0.255601001,-1.193057493,0.388423376,0.334207955,-0.026377946,-0.103031407,0.169057945,-0.022443557,0.656304991,0.99
14.58,2.022141731,0.259050483,-1.193478807,0.386978419,0.33553433,-0.028347458,-0.103433972,0.168704348,-0.024137806,0.659673397,0.989
14.59,2.025909734,0.262499965,-1.193900122,0.385533463,0.336860704,-0.03031697,-0.103836538,0.168350751,-0.025832055,0.663041804,0.988
14.6,2.029677737,0.265949447,-1.194321436,0.384088506,0.338187078,-0.032286482,-0.104239103,0.167997154,-0.027526304,0.66641021,0.987
14.61,2.034674894,0.268306199,-1.195396309,0.381184539,0.341543031,-0.082778321,-0.106462989,0.169354897,-0.079267704,0.672247443,0.999
14.62,2.038306325,0.271877095,-1.195745006,0.379901695,0.342643896,-0.079356464,-0.106663185,0.168811151,-0.075401158,0.675341536,0.997
14.63,2.041937755,0.275447992,-1.196093702,0.378618851,0.343744762,-0.075934606,-0.106863382,0.168267405,-0.071534613,0.678435628,0.994
14.64,2.045569186,0.279018888,-1.196442398,0.377336006,0.344845628,-0.072512748,-0.107063578,0.167723659,-0.067668067,0.68152972,0.992
14.65,2.049200616,0.282589784,-1.196791095,0.376053162,0.345946493,-0.069090891,-0.107263774,0.167179912,-0.063801522,0.684623813,0.989
14.66,2.052832047,0.286160681,-1.197139791,0.374770318,0.347047359,-0.065669033,-0.107463971,0.166636166,-0.059934976,0.687717905,0.986
14.67,2.056463478,0.289731577,-1.197488488,0.373487474,0.348148224,-0.062247176,-0.107664167,0.16609242,-0.056068431,0.690811997,0.984
14.68,2.060094908,0.293302473,-1.197837184,0.37220463,0.34924909,-0.058825318,-0.107864364,0.165548674,-0.052201885,0.693906089,0.981
14.69,2.063726339,0.296873369,-1.198185881,0.370921786,0.350349956,-0.05540346,-0.10806456,0.165004928,-0.04833534,0.697000182,0.979
14.7,2.067357769,0.300444266,-1.198534577,0.369638942,0.351450821,-0.051981603,-0.108264757,0.164461181,-0.044468794,0.700094274,0.976
14.71,2.072117654,0.30308099,-1.200181502,0.367784298,0.353714356,-0.012930568,-0.10921693,0.164590733,-0.00149318,0.706374302,0.99
14.72,2.075623701,0.306755683,-1.200385951,0.366564987,0.354686036,-0.013467508,-0.109333574,0.163972176,-0.001972087,0.709114401,0.986
14.73,2.079129747,0.310430376,-1.2005904,0.365345677,0.355657716,-0.014004447,-0.109450217,0.163353619,-0.002450993,0.711854501,0.981
14.74,2.082635794,0.314105069,-1.200794849,0.364126366,0.356629397,-0.014541387,-0.109566861,0.162735062,-0.0029299,0.7145946,0.977
14.75,2.086141841,0.317779762,-1.200999298,0.362907055,0.357601077,-0.015078327,-0.109683504,0.162116505,-0.003408806,0.7173347,0.973
14.76,2.089647888,0.321454456,-1.201203746,0.361687745,0.358572757,-0.015615267,-0.109800148,0.161497948,-0.003887712,0.720074799,0.968
14.77,2.093153934,0.325129149,-1.201408195,0.360468434,0.359544437,-0.016152207,-0.109916791,0.160879391,-0.004366619,0.722814898,0.964
14.78,2.096659981,0.328803842,-1.201612644,0.359249123,0.360516117,-0.016689147,-0.110033435,0.160260834,-0.004845525,0.725554998,0.96
14.79,2.100166028,0.332478535,-1.201817093,0.358029812,0.361487797,-0.017226087,-0.110150078,0.159642277,-0.005324432,0.728295097,0.955
14.8,2.103672075,0.336153228,-1.202021542,0.356810502,0.362459477,-0.017763026,-0.110266722,0.159023719,-0.005803338,0.731035197,0.951
14.81,2.108209788,0.339038848,-1.20200699,0.354242556,0.365149421,-0.023585219,-0.11183698,0.159566725,-0.011998514,0.737408657,1.45
14.82,2.111601205,0.342801216,-1.202235772,0.353173093,0.365930183,-0.023534909,-0.11179211,0.158819105,-0.011842279,0.73974505,1.39
14.83,2.114992622,0.346563584,-1.202464554,0.352103631,0.366710945,-0.023484598,-0.111747241,0.158071486,-0.011686045,0.742081442,1.33
14.84,2.118384039,0.350325952,-1.202693337,0.351034169,0.367491707,-0.023434288,-0.111702372,0.157323866,-0.01152981,0.744417835,1.27
14.85,2.121775456,0.35408832,-1.202922119,0.349964706,0.368272469,-0.023383977,-0.111657503,0.156576247,-0.011373576,0.746754228,1.21
14.86,2.125166874,0.357850688,-1.203150901,0.348895244,0.369053231,-0.023333667,-0.111612634,0.155828627,-0.011217341,0.74909062,1.15
14.87,2.128558291,0.361613056,-1.203379683,0.347825782,0.369833993,-0.023283356,-0.111567764,0.155081008,-0.011061107,0.751427013,1.09
14.88,2.131949708,0.365375424,-1.203608466,0.346756319,0.370614755,-0.023233046,-0.111522895,0.154333388,-0.010904872,0.753763406,1.03
14.89,2.135341125,0.369137792,-1.203837248,0.345686857,0.371395517,-0.023182735,-0.111478026,0.153585768,-0.010748637,0.756099798,0.968
14.9,2.138732542,0.372900161,-1.20406603,0.344617394,0.372176279,-0.023132425,-0.111433157,0.152838149,-0.010592403,0.758436191,0.908
14.91,2.143019599,0.376041311,-1.203772043,0.342180091,0.374594483,-0.011721746,-0.112715746,0.153055114,0.001064811,0.764687038,0.488
14.92,2.146311501,0.379872703,-1.204058911,0.341262611,0.375193307,-0.012933698,-0.112523381,0.152200319,-0.0000568,0.766588491,0.468
14.93,2.149603402,0.383704095,-1.204345779,0.340345131,0.375792131,-0.014145651,-0.112331017,0.151345523,-0.001178493,0.768489944,0.448
14.94,2.152895304,0.387535488,-1.204632647,0.339427651,0.376390955,-0.015357604,-0.112138652,0.150490727,-0.002300145,0.770391398,0.428
14.95,2.156187205,0.39136688,-1.204919514,0.338510171,0.376989779,-0.016569556,-0.111946288,0.149635932,-0.003421797,0.772292851,0.407
14.96,2.159479107,0.395198272,-1.205206382,0.337592691,0.377588602,-0.017781509,-0.111753923,0.148781136,-0.004543449,0.774194304,0.387
14.97,2.162771008,0.399029665,-1.20549325,0.336675211,0.378187426,-0.018993462,-0.111561559,0.14792634,-0.005665101,0.776095757,0.367
14.98,2.166062909,0.402861057,-1.205780117,0.335757731,0.37878625,-0.020205415,-0.111369194,0.147071545,-0.006786754,0.777997211,0.347
14.99,2.169354811,0.406692449,-1.206066985,0.334840251,0.379385074,-0.021417367,-0.111176829,0.146216749,-0.007908406,0.779898664,0.326
15,2.172646712,0.410523841,-1.206353853,0.333922771,0.379983898,-0.02262932,-0.110984465,0.145361953,-0.009030058,0.781800117,0.306
15.01,2.17668165,0.413904962,-1.205843999,0.331335245,0.382355841,-0.029722913,-0.112289018,0.145510961,-0.017042837,0.787775983,0.165
15.02,2.179890992,0.417786384,-1.206219391,0.330603326,0.382757652,-0.03028135,-0.111930329,0.144544631,-0.017398809,0.789224724,0.158
15.03,2.183100334,0.421667807,-1.206594784,0.329871406,0.383159462,-0.030839787,-0.11157164,0.143578302,-0.01775478,0.790673465,0.151
15.04,2.186309676,0.425549229,-1.206970176,0.329139487,0.383561273,-0.031398225,-0.111212951,0.142611972,-0.018110751,0.792122206,0.144
15.05,2.189519018,0.429430652,-1.207345568,0.328407567,0.383963083,-0.031956662,-0.110854263,0.141645643,-0.018466723,0.793570946,0.137
15.06,2.19272836,0.433312074,-1.207720961,0.327675648,0.384364894,-0.032515099,-0.110495574,0.140679314,-0.018822694,0.795019687,0.131
15.07,2.195937702,0.437193497,-1.208096353,0.326943729,0.384766704,-0.033073536,-0.110136885,0.139712984,-0.019178665,0.796468428,0.124
15.08,2.199147043,0.441074919,-1.208471745,0.326211809,0.385168515,-0.033631973,-0.109778196,0.138746655,-0.019534637,0.797917169,0.117
15.09,2.202356385,0.444956342,-1.208847138,0.32547989,0.385570326,-0.03419041,-0.109419508,0.137780325,-0.019890608,0.79936591,0.11
15.1,2.205565727,0.448837764,-1.20922253,0.32474797,0.385972136,-0.034748847,-0.109060819,0.136813996,-0.020246579,0.80081465,0.103
15.11,2.20934954,0.452443571,-1.209104733,0.322325798,0.388075551,-0.035496465,-0.110069563,0.136679575,-0.021112105,0.806279673,0.0555
15.12,2.212495052,0.456355618,-1.209534924,0.321781684,0.388288295,-0.036033882,-0.109558938,0.135620811,-0.02141146,0.80728216,0.0532
15.13,2.215640564,0.460267664,-1.209965115,0.321237571,0.388501038,-0.036571299,-0.109048312,0.134562048,-0.021710814,0.808284647,0.0509
15.14,2.218786075,0.464179711,-1.210395307,0.320693457,0.388713781,-0.037108716,-0.108537686,0.133503284,-0.022010168,0.809287135,0.0486
15.15,2.221931587,0.468091757,-1.210825498,0.320149344,0.388926525,-0.037646133,-0.10802706,0.13244452,-0.022309522,0.810289622,0.0463
15.16,2.225077099,0.472003803,-1.211255689,0.31960523,0.389139268,-0.03818355,-0.107516434,0.131385757,-0.022608876,0.811292109,0.044
15.17,2.228222611,0.47591585,-1.21168588,0.319061116,0.389352012,-0.038720967,-0.107005809,0.130326993,-0.02290823,0.812294597,0.0417
15.18,2.231368123,0.479827896,-1.212116071,0.318517003,0.389564755,-0.039258384,-0.106495183,0.129268229,-0.023207584,0.813297084,0.0394
15.19,2.234513634,0.483739943,-1.212546262,0.317972889,0.389777498,-0.039795801,-0.105984557,0.128209466,-0.023506938,0.814299571,0.0371
15.2,2.237659146,0.487651989,-1.212976453,0.317428776,0.389990242,-0.040333218,-0.105473931,0.127150702,-0.023806292,0.815302059,0.0348
15.21,2.241209347,0.491450702,-1.213102315,0.31519147,0.391733267,-0.044458594,-0.106196935,0.126669333,-0.027963024,0.820044303,0.0188
15.22,2.244309893,0.495375341,-1.21356632,0.314835489,0.391775979,-0.044597349,-0.105549239,0.125546415,-0.027833781,0.820631261,0.0181
15.23,2.24741044,0.49929998,-1.214030326,0.314479508,0.391818691,-0.044736104,-0.104901544,0.124423496,-0.027704537,0.82121822,0.0173
15.24,2.250510986,0.503224619,-1.214494331,0.314123527,0.391861403,-0.044874859,-0.104253848,0.123300577,-0.027575294,0.821805179,0.0165
15.25,2.253611533,0.507149258,-1.214958337,0.313767545,0.391904115,-0.045013614,-0.103606152,0.122177659,-0.02744605,0.822392138,0.0157
15.26,2.256712079,0.511073897,-1.215422342,0.313411564,0.391946827,-0.045152369,-0.102958457,0.12105474,-0.027316807,0.822979096,0.015
15.27,2.259812625,0.514998536,-1.215886348,0.313055583,0.391989539,-0.045291124,-0.102310761,0.119931822,-0.027187563,0.823566055,0.0142
15.28,2.262913172,0.518923175,-1.216350353,0.312699602,0.392032251,-0.045429879,-0.101663065,0.118808903,-0.02705832,0.824153014,0.0134
15.29,2.266013718,0.522847814,-1.216814359,0.312343621,0.392074963,-0.045568633,-0.10101537,0.117685984,-0.026929077,0.824739973,0.0126
15.3,2.269114264,0.526772453,-1.217278364,0.31198764,0.392117676,-0.045707388,-0.100367674,0.116563066,-0.026799833,0.825326931,0.0118
15.31,2.27245297,0.530727561,-1.217835968,0.309998183,0.393513353,-0.05021656,-0.100770528,0.115782486,-0.030924687,0.829335031,0.00641
15.32,2.275527054,0.534648815,-1.218289574,0.3098237,0.393405736,-0.049869713,-0.100006104,0.11462153,-0.030322766,0.829541863,0.00615
15.33,2.278601138,0.538570068,-1.218743179,0.309649216,0.393298118,-0.049522866,-0.099241681,0.113460573,-0.029720845,0.829748695,0.00589
15.34,2.281675222,0.542491322,-1.219196785,0.309474732,0.393190501,-0.049176019,-0.098477257,0.112299617,-0.029118924,0.829955527,0.00563
15.35,2.284749307,0.546412575,-1.219650391,0.309300248,0.393082883,-0.048829172,-0.097712834,0.111138661,-0.028517004,0.830162359,0.00537
15.36,2.287823391,0.550333829,-1.220103996,0.309125765,0.392975266,-0.048482325,-0.096948411,0.109977705,-0.027915083,0.830369191,0.00511
15.37,2.290897475,0.554255083,-1.220557602,0.308951281,0.392867648,-0.048135478,-0.096183987,0.108816748,-0.027313162,0.830576023,0.00485
15.38,2.29397156,0.558176336,-1.221011208,0.308776797,0.392760031,-0.047788631,-0.095419564,0.107655792,-0.026711241,0.830782855,0.0046
15.39,2.297045644,0.56209759,-1.221464814,0.308602313,0.392652413,-0.047441785,-0.09465514,0.106494836,-0.02610932,0.830989687,0.00434
15.4,2.300119728,0.566018843,-1.221918419,0.30842783,0.392544796,-0.047094938,-0.093890717,0.10533388,-0.025507399,0.831196519,0.00408
15.41,2.303272644,0.570098971,-1.222729731,0.30670195,0.393659587,-0.047659679,-0.093989708,0.104350471,-0.025275338,0.834546185,0.00226
15.42,2.306337969,0.574002572,-1.223143591,0.306699844,0.393416146,-0.047211545,-0.09312935,0.103169787,-0.024632322,0.834403813,0.00217
15.43,2.309403294,0.577906173,-1.223557452,0.306697737,0.393172705,-0.04676341,-0.092268992,0.101989103,-0.023989305,0.834261441,0.00209
15.44,2.31246862,0.581809774,-1.223971312,0.306695631,0.392929265,-0.046315276,-0.091408633,0.10080842,-0.023346289,0.83411907,0.002
15.45,2.315533945,0.585713375,-1.224385173,0.306693524,0.392685824,-0.045867141,-0.090548275,0.099627736,-0.022703273,0.833976698,0.00192
15.46,2.31859927,0.589616976,-1.224799034,0.306691418,0.392442384,-0.045419007,-0.089687916,0.098447052,-0.022060256,0.833834326,0.00183
15.47,2.321664595,0.593520577,-1.225212894,0.306689311,0.392198943,-0.044970872,-0.088827558,0.097266368,-0.02141724,0.833691954,0.00175
15.48,2.324729921,0.597424177,-1.225626755,0.306687205,0.391955503,-0.044522738,-0.0879672,0.096085685,-0.020774223,0.833549583,0.00166
15.49,2.327795246,0.601327778,-1.226040616,0.306685099,0.391712062,-0.044074603,-0.087106841,0.094905001,-0.020131207,0.833407211,0.00157
15.5,2.330860571,0.605231379,-1.226454476,0.306682992,0.391468621,-0.043626469,-0.086246483,0.093724317,-0.019488191,0.833264839,0.00149
15.51,2.333853062,0.609413162,-1.226809581,0.305199421,0.392397817,-0.033937406,-0.086093266,0.092653654,-0.009025531,0.835831951,0.000868
15.52,2.33692648,0.613285854,-1.22722997,0.305361922,0.392024084,-0.034516041,-0.085154337,0.091460746,-0.009473586,0.835388526,0.000842
15.53,2.339999898,0.617158545,-1.227650359,0.305524423,0.39165035,-0.035094677,-0.084215407,0.090267838,-0.009921641,0.8349451,0.000815
15.54,2.343073315,0.621031237,-1.228070748,0.305686923,0.391276617,-0.035673312,-0.083276477,0.089074929,-0.010369696,0.834501675,0.000789
15.55,2.346146733,0.624903929,-1.228491137,0.305849424,0.390902883,-0.036251947,-0.082337548,0.087882021,-0.010817751,0.834058249,0.000763
15.56,2.349220151,0.628776621,-1.228911526,0.306011925,0.39052915,-0.036830583,-0.081398618,0.086689113,-0.011265806,0.833614824,0.000737
15.57,2.352293569,0.632649313,-1.229331915,0.306174425,0.390155416,-0.037409218,-0.080459688,0.085496205,-0.011713861,0.833171398,0.000711
15.58,2.355366987,0.636522005,-1.229752304,0.306336926,0.389781683,-0.037987853,-0.079520758,0.084303296,-0.012161916,0.832727972,0.000684
15.59,2.358440405,0.640394696,-1.230172694,0.306499427,0.389407949,-0.038566489,-0.078581829,0.083110388,-0.012609972,0.832284547,0.000658
15.6,2.361513823,0.644267388,-1.230593083,0.306661928,0.389034216,-0.039145124,-0.077642899,0.08191748,-0.013058027,0.831841121,0.000632
15.61,2.364374479,0.648527422,-1.231813165,0.30550743,0.389710375,-0.066133814,-0.077175931,0.080700846,-0.040319386,0.834019545,0.00000264
15.62,2.367471537,0.652357075,-1.2321447,0.305816264,0.389219986,-0.063777999,-0.076184561,0.079510574,-0.037788185,0.833284803,0.0000435
15.63,2.370568595,0.656186729,-1.232476234,0.306125098,0.388729598,-0.061422184,-0.075193191,0.078320302,-0.035256984,0.832550061,0.0000843
15.64,2.373665653,0.660016383,-1.232807768,0.306433932,0.38823921,-0.059066368,-0.074201821,0.07713003,-0.032725783,0.831815319,0.000125
15.65,2.376762712,0.663846037,-1.233139302,0.306742765,0.387748822,-0.056710553,-0.073210451,0.075939758,-0.030194582,0.831080577,0.000166
15.66,2.37985977,0.667675691,-1.233470837,0.307051599,0.387258434,-0.054354738,-0.072219081,0.074749485,-0.027663381,0.830345834,0.000207
15.67,2.382956828,0.671505345,-1.233802371,0.307360433,0.386768045,-0.051998923,-0.071227712,0.073559213,-0.02513218,0.829611092,0.000248
15.68,2.386053886,0.675334999,-1.234133905,0.307669267,0.386277657,-0.049643108,-0.070236342,0.072368941,-0.022600979,0.82887635,0.000289
15.69,2.389150945,0.679164653,-1.234465439,0.307978101,0.385787269,-0.047287293,-0.069244972,0.071178669,-0.020069778,0.828141608,0.000329
15.7,2.392248003,0.682994307,-1.234796974,0.308286935,0.385296881,-0.044931477,-0.068253602,0.069988397,-0.017538577,0.827406866,0.00037
15.71,2.394995496,0.687342116,-1.236304166,0.307169237,0.386380654,-0.023685084,-0.067796531,0.069301041,0.006161282,0.829448623,0.000803
15.72,2.398131394,0.691114197,-1.236505071,0.307636574,0.385715359,-0.023428222,-0.066745794,0.068054889,0.00634041,0.828405381,0.0008
15.73,2.401267293,0.694886278,-1.236705977,0.308103912,0.385050064,-0.02317136,-0.065695058,0.066808738,0.006519538,0.827362139,0.000798
15.74,2.404403192,0.698658359,-1.236906883,0.308571249,0.384384769,-0.022914498,-0.064644321,0.065562586,0.006698666,0.826318897,0.000795
15.75,2.407539091,0.70243044,-1.237107788,0.309038587,0.383719474,-0.022657636,-0.063593585,0.064316434,0.006877793,0.825275655,0.000792
15.76,2.41067499,0.706202521,-1.237308694,0.309505924,0.383054179,-0.022400774,-0.062542849,0.063070282,0.007056921,0.824232413,0.000789
15.77,2.413810889,0.709974602,-1.237509599,0.309973262,0.382388884,-0.022143912,-0.061492112,0.06182413,0.007236049,0.823189171,0.000787
15.78,2.416946787,0.713746683,-1.237710505,0.310440599,0.381723589,-0.02188705,-0.060441376,0.060577979,0.007415176,0.822145928,0.000784
15.79,2.420082686,0.717518764,-1.237911411,0.310907936,0.381058294,-0.021630188,-0.059390639,0.059331827,0.007594304,0.821102686,0.000781
15.8,2.423218585,0.721290845,-1.238112316,0.311375274,0.380392999,-0.021373326,-0.058339903,0.058085675,0.007773432,0.820059444,0.000779
15.81,2.425867999,0.725738331,-1.239493374,0.310392042,0.381430333,-0.040099385,-0.057794073,0.057420616,-0.010869146,0.824045054,-0.0608
15.82,2.429057951,0.729435367,-1.239563152,0.311020554,0.380575857,-0.037733309,-0.056687236,0.056109899,-0.008598718,0.82244305,-0.0539
15.83,2.432247904,0.733132403,-1.23963293,0.311649065,0.379721381,-0.035367234,-0.055580399,0.054799181,-0.006328289,0.820841047,-0.0471
15.84,2.435437857,0.736829439,-1.239702707,0.312277577,0.378866905,-0.033001158,-0.054473561,0.053488463,-0.004057861,0.819239044,-0.0403
15.85,2.43862781,0.740526475,-1.239772485,0.312906089,0.378012429,-0.030635083,-0.053366724,0.052177746,-0.001787433,0.81763704,-0.0334
15.86,2.441817762,0.744223511,-1.239842262,0.313534601,0.377157953,-0.028269007,-0.052259887,0.050867028,0.000482996,0.816035037,-0.0266
15.87,2.445007715,0.747920547,-1.23991204,0.314163113,0.376303477,-0.025902932,-0.05115305,0.04955631,0.002753424,0.814433033,-0.0198
15.88,2.448197668,0.751617583,-1.239981817,0.314791625,0.375449001,-0.023536856,-0.050046213,0.048245593,0.005023853,0.81283103,-0.0129
15.89,2.45138762,0.755314619,-1.240051595,0.315420136,0.374594525,-0.021170781,-0.048939375,0.046934875,0.007294281,0.811229027,-0.00609
15.9,2.454577573,0.759011656,-1.240121372,0.316048648,0.373740049,-0.018804705,-0.047832538,0.045624157,0.009564709,0.809627023,0.000752
15.91,2.457072788,0.763636575,-1.241868898,0.314001354,0.376217659,-0.007409658,-0.048405353,0.04646588,0.022907495,0.815483353,0.101
15.92,2.460339934,0.767230513,-1.241752259,0.314927178,0.374992951,-0.006046802,-0.047111888,0.044916002,0.023947661,0.813052646,0.0975
15.93,2.463607079,0.770824451,-1.24163562,0.315853001,0.373768243,-0.004683945,-0.045818423,0.043366125,0.024987828,0.810621939,0.094
15.94,2.466874225,0.774418389,-1.241518981,0.316778825,0.372543535,-0.003321089,-0.044524958,0.041816247,0.026027994,0.808191232,0.0904
15.95,2.470141371,0.778012327,-1.241402342,0.317704648,0.371318827,-0.001958233,-0.043231492,0.040266369,0.027068161,0.805760525,0.0869
15.96,2.473408517,0.781606265,-1.241285703,0.318630472,0.370094119,-0.000595376,-0.041938027,0.038716492,0.028108327,0.803329818,0.0833
15.97,2.476675663,0.785200203,-1.241169064,0.319556296,0.368869411,0.00076748,-0.040644562,0.037166614,0.029148494,0.800899111,0.0798
15.98,2.479942809,0.788794141,-1.241052425,0.320482119,0.367644704,0.002130337,-0.039351097,0.035616736,0.03018866,0.798468403,0.0762
15.99,2.483209955,0.792388078,-1.240935787,0.321407943,0.366419996,0.003493193,-0.038057631,0.034066859,0.031228827,0.796037696,0.0727
16,2.4864771,0.795982016,-1.240819148,0.322333766,0.365195288,0.004856049,-0.036764166,0.032516981,0.032268993,0.793606989,0.0691
16.01,2.488788607,0.800844528,-1.241936521,0.320929127,0.367222004,0.006069391,-0.036637045,0.032823638,0.034095794,0.798246962,0.050928848
16.02,2.492161935,0.804297513,-1.241682769,0.322113891,0.365636027,0.00744886,-0.035213986,0.031067478,0.035048557,0.795030624,0.049002359
16.03,2.495535263,0.807750498,-1.241429018,0.323298655,0.36405005,0.008828329,-0.033790927,0.029311319,0.03600132,0.791814286,0.04707587
16.04,2.498908591,0.811203484,-1.241175267,0.324483419,0.362464073,0.010207798,-0.032367868,0.02755516,0.036954082,0.788597948,0.045149381
16.05,2.502281919,0.814656469,-1.240921515,0.325668182,0.360878095,0.011587268,-0.030944809,0.025799,0.037906845,0.785381609,0.043222892
16.06,2.505655247,0.818109454,-1.240667764,0.326852946,0.359292118,0.012966737,-0.02952175,0.024042841,0.038859608,0.782165271,0.041296403
16.07,2.509028575,0.82156244,-1.240414013,0.32803771,0.357706141,0.014346206,-0.028098691,0.022286682,0.03981237,0.778948933,0.039369914
16.08,2.512401903,0.825015425,-1.240160261,0.329222474,0.356120164,0.015725675,-0.026675632,0.020530523,0.040765133,0.775732594,0.037443425
16.09,2.515775231,0.82846841,-1.23990651,0.330407238,0.354534186,0.017105144,-0.025252573,0.018774363,0.041717895,0.772516256,0.035516936
16.1,2.519148559,0.831921395,-1.239652759,0.331592002,0.352948209,0.018484614,-0.023829514,0.017018204,0.042670658,0.769299918,0.033590447
16.11,2.52136747,0.836943914,-1.240643912,0.331108547,0.354099007,0.019797619,-0.022793921,0.016418277,0.044414444,0.771924304,-0.913139967
16.12,2.524869066,0.840222507,-1.240251838,0.332478669,0.352208944,0.021184473,-0.02132781,0.014533647,0.045279315,0.768058996,-0.810088242
16.13,2.528370663,0.8435011,-1.239859764,0.33384879,0.35031888,0.022571327,-0.019861699,0.012649018,0.046144186,0.764193688,-0.707036517
16.14,2.531872259,0.846779692,-1.23946769,0.335218912,0.348428817,0.023958181,-0.018395588,0.010764388,0.047009057,0.760328381,-0.603984792
16.15,2.535373856,0.850058285,-1.239075616,0.336589033,0.346538754,0.025345035,-0.016929477,0.008879759,0.047873928,0.756463073,-0.500933067
16.16,2.538875453,0.853336878,-1.238683542,0.337959155,0.34464869,0.02673189,-0.015463366,0.006995129,0.048738799,0.752597765,-0.397881342
16.17,2.542377049,0.85661547,-1.238291468,0.339329277,0.342758627,0.028118744,-0.013997256,0.0051105,0.049603671,0.748732458,-0.294829617
16.18,2.545878646,0.859894063,-1.237899394,0.340699398,0.340868564,0.029505598,-0.012531145,0.00322587,0.050468542,0.74486715,-0.191777892
16.19,2.549380243,0.863172656,-1.237507319,0.34206952,0.3389785,0.030892452,-0.011065034,0.001341241,0.051333413,0.741001843,-0.088726167
16.2,2.552881839,0.866451248,-1.237115245,0.343439642,0.337088437,0.032279306,-0.009598923,-0.000543389,0.052198284,0.737136535,0.014325558
16.21,2.555085614,0.871539829,-1.237867622,0.343597337,0.337258323,0.035743139,-0.008025738,-0.002064235,0.055918519,0.737464472,0.730893441
16.22,2.558731413,0.874617312,-1.237348386,0.345102173,0.335139376,0.036899218,-0.006571524,-0.003989285,0.056466128,0.733133248,0.765776704
16.23,2.562377212,0.877694795,-1.236829151,0.346607008,0.33302043,0.038055296,-0.005117311,-0.005914335,0.057013736,0.728802025,0.800659967
16.24,2.566023011,0.880772278,-1.236309916,0.348111844,0.330901483,0.039211375,-0.003663097,-0.007839385,0.057561345,0.724470801,0.83554323
16.25,2.56966881,0.883849761,-1.235790681,0.34961668,0.328782536,0.040367453,-0.002208883,-0.009764434,0.058108953,0.720139577,0.870426493
16.26,2.573314609,0.886927244,-1.235271445,0.351121515,0.32666359,0.041523532,-0.000754669,-0.011689484,0.058656562,0.715808353,0.905309756
16.27,2.576960409,0.890004727,-1.23475221,0.352626351,0.324544643,0.04267961,0.000699544,-0.013614534,0.05920417,0.71147713,0.940193019
16.28,2.580606208,0.89308221,-1.234232975,0.354131187,0.322425696,0.043835689,0.002153758,-0.015539584,0.059751779,0.707145906,0.975076282
16.29,2.584252007,0.896159692,-1.233713739,0.355636022,0.32030675,0.044991767,0.003607972,-0.017464634,0.060299388,0.702814682,1.009959545
16.3,2.587897806,0.899237175,-1.233194504,0.357140858,0.318187803,0.046147846,0.005062186,-0.019389684,0.060846996,0.698483458,1.044842808
16.31,2.590119659,0.904341088,-1.231144663,0.357511657,0.318085734,0.098737648,0.006691155,-0.0210304,0.113321176,0.693890569,2.149633045
16.32,2.593923674,0.907193412,-1.230795495,0.359142496,0.31574269,0.094178869,0.008125952,-0.022987043,0.108099166,0.689588419,2.065637755
16.33,2.597727689,0.910045736,-1.230446327,0.360773336,0.313399646,0.089620089,0.009560748,-0.024943685,0.102877155,0.685286269,1.981642465
16.34,2.601531704,0.91289806,-1.230097159,0.362404176,0.311056602,0.085061309,0.010995544,-0.026900327,0.097655145,0.68098412,1.897647176
16.35,2.60533572,0.915750384,-1.229747991,0.364035015,0.308713557,0.08050253,0.012430341,-0.02885697,0.092433134,0.67668197,1.813651886
16.36,2.609139735,0.918602708,-1.229398823,0.365665855,0.306370513,0.07594375,0.013865137,-0.030813612,0.087211124,0.67237982,1.729656597
16.37,2.61294375,0.921455032,-1.229049655,0.367296695,0.304027469,0.07138497,0.015299934,-0.032770255,0.081989113,0.66807767,1.645661307
16.38,2.616747765,0.924307356,-1.228700487,0.368927535,0.301684425,0.06682619,0.01673473,-0.034726897,0.076767103,0.66377552,1.561666018
16.39,2.620551781,0.92715968,-1.228351319,0.370558374,0.29934138,0.062267411,0.018169527,-0.03668354,0.071545092,0.659473371,1.477670728
16.4,2.624355796,0.930012004,-1.228002151,0.372189214,0.296998336,0.057708631,0.019604323,-0.038640182,0.066323082,0.655171221,1.393675439
16.41,2.626797487,0.934831146,-1.226600058,0.376088089,0.2915305,-0.007841743,0.024598472,-0.045482595,-0.004590333,0.646328732,0.880905095
16.42,2.630752872,0.937464935,-1.226367882,0.377466925,0.289534655,-0.005623679,0.025637785,-0.046896374,-0.002513299,0.642531065,0.844551478
16.43,2.634708256,0.940098723,-1.226135705,0.378845761,0.28753881,-0.003405615,0.026677098,-0.048310153,-0.000436264,0.638733397,0.808197861
16.44,2.638663641,0.942732512,-1.225903529,0.380224596,0.285542964,-0.001187551,0.027716411,-0.049723932,0.00164077,0.634935729,0.771844244
16.45,2.642619026,0.945366301,-1.225671353,0.381603432,0.283547119,0.001030513,0.028755723,-0.051137711,0.003717804,0.631138062,0.735490627
16.46,2.64657441,0.948000089,-1.225439176,0.382982268,0.281551274,0.003248577,0.029795036,-0.05255149,0.005794839,0.627340394,0.699137011
16.47,2.650529795,0.950633878,-1.225207,0.384361104,0.279555429,0.005466641,0.030834349,-0.053965269,0.007871873,0.623542726,0.662783394
16.48,2.65448518,0.953267667,-1.224974824,0.385739939,0.277559584,0.007684706,0.031873662,-0.055379048,0.009948907,0.619745059,0.626429777
16.49,2.658440564,0.955901455,-1.224742647,0.387118775,0.275563739,0.00990277,0.032912975,-0.056792827,0.012025942,0.615947391,0.59007616
16.5,2.662395949,0.958535244,-1.224510471,0.388497611,0.273567894,0.012120834,0.033952288,-0.058206606,0.014102976,0.612149723,0.553722543
16.51,2.665185839,0.962857075,-1.22630342,0.391343052,0.269467387,0.013758554,0.037393587,-0.062997448,0.017468998,0.603270893,0.302868553
16.52,2.669270723,0.965303303,-1.225846229,0.392558931,0.267705394,0.016041101,0.038166013,-0.064035998,0.019402811,0.600037799,0.290348311
16.53,2.673355607,0.967749532,-1.225389039,0.393774811,0.2659434,0.018323648,0.038938438,-0.065074548,0.021336625,0.596804705,0.277828069
16.54,2.677440491,0.97019576,-1.224931849,0.39499069,0.264181406,0.020606194,0.039710864,-0.066113097,0.023270438,0.593571611,0.265307827
16.55,2.681525375,0.972641989,-1.224474659,0.39620657,0.262419412,0.022888741,0.040483289,-0.067151647,0.025204252,0.590338517,0.252787585
16.56,2.685610259,0.975088217,-1.224017468,0.39742245,0.260657418,0.025171288,0.041255714,-0.068190197,0.027138065,0.587105423,0.240267342
16.57,2.689695143,0.977534445,-1.223560278,0.398638329,0.258895424,0.027453835,0.04202814,-0.069228747,0.029071879,0.583872329,0.2277471
16.58,2.693780027,0.979980674,-1.223103088,0.399854209,0.25713343,0.029736381,0.042800565,-0.070267297,0.031005693,0.580639235,0.215226858
16.59,2.697864911,0.982426902,-1.222645898,0.401070088,0.255371436,0.032018928,0.043572991,-0.071305847,0.032939506,0.577406141,0.202706616
16.6,2.701949795,0.984873131,-1.222188708,0.402285968,0.253609442,0.034301475,0.044345416,-0.072344397,0.03487332,0.574173047,0.190186374
16.61,2.705014054,0.988799929,-1.224782375,0.404927869,0.249819649,0.016649981,0.047239046,-0.076345441,0.018613525,0.566565069,0.102829451
16.62,2.709212341,0.99108165,-1.223986201,0.405985302,0.248282966,0.021147421,0.047775782,-0.077054825,0.022568851,0.563818074,0.098624395
16.63,2.713410627,0.99336337,-1.223190026,0.407042734,0.246746284,0.025644862,0.048312518,-0.077764209,0.026524176,0.561071078,0.09441934
16.64,2.717608914,0.995645091,-1.222393852,0.408100167,0.245209601,0.030142302,0.048849254,-0.078473593,0.030479502,0.558324082,0.090214285
16.65,2.721807201,0.997926812,-1.221597677,0.4091576,0.243672918,0.034639742,0.04938599,-0.079182977,0.034434827,0.555577086,0.086009229
16.66,2.726005488,1.000208532,-1.220801503,0.410215033,0.242136235,0.039137182,0.049922726,-0.079892361,0.038390153,0.55283009,0.081804174
16.67,2.730203775,1.002490253,-1.220005329,0.411272465,0.240599552,0.043634622,0.050459462,-0.080601745,0.042345479,0.550083094,0.077599119
16.68,2.734402062,1.004771974,-1.219209154,0.412329898,0.239062869,0.048132062,0.050996198,-0.081311128,0.046300804,0.547336098,0.073394063
16.69,2.738600349,1.007053694,-1.21841298,0.413387331,0.237526186,0.052629502,0.051532934,-0.082020512,0.05025613,0.544589102,0.069189008
16.7,2.742798635,1.009335415,-1.217616805,0.414444764,0.235989503,0.057126943,0.05206967,-0.082729896,0.054211455,0.541842107,0.064983953
16.71,2.746080276,1.012955392,-1.21957785,0.416171883,0.233638877,0.087431844,0.053759155,-0.084891669,0.087534035,0.535855541,0.035250999
16.72,2.750380412,1.015088417,-1.218475318,0.417154906,0.232192633,0.089061788,0.054167808,-0.085439676,0.088226332,0.533468497,0.033882377
16.73,2.754680549,1.017221443,-1.217372786,0.418137929,0.230746388,0.090691733,0.054576461,-0.085987684,0.08891863,0.531081454,0.032513754
16.74,2.758980685,1.019354468,-1.216270254,0.419120952,0.229300143,0.092321677,0.054985114,-0.086535691,0.089610927,0.52869441,0.031145132
16.75,2.763280821,1.021487494,-1.215167722,0.420103975,0.227853898,0.093951622,0.055393766,-0.087083698,0.090303225,0.526307366,0.02977651
16.76,2.767580958,1.023620519,-1.21406519,0.421086998,0.226407654,0.095581566,0.055802419,-0.087631706,0.090995522,0.523920323,0.028407888
16.77,2.771881094,1.025753545,-1.212962658,0.422070021,0.224961409,0.097211511,0.056211072,-0.088179713,0.091687819,0.521533279,0.027039266
16.78,2.776181231,1.02788657,-1.211860126,0.423053045,0.223515164,0.098841455,0.056619725,-0.088727721,0.092380117,0.519146235,0.025670644
16.79,2.780481367,1.030019596,-1.210757593,0.424036068,0.222068919,0.1004714,0.057028378,-0.089275728,0.093072414,0.516759192,0.024302021
16.8,2.784781504,1.032152621,-1.209655061,0.425019091,0.220622674,0.102101344,0.05743703,-0.089823736,0.093764711,0.514372148,0.022933399
16.81,2.788235643,1.035551708,-1.209837893,0.426756076,0.218562119,0.107361195,0.058967433,-0.09147926,0.098709983,0.509940725,0.013871996
16.82,2.792629779,1.03754406,-1.208592542,0.427655326,0.217184131,0.108587817,0.059251447,-0.09190421,0.098929728,0.507780834,0.013358127
16.83,2.797023915,1.039536412,-1.207347192,0.428554575,0.215806143,0.109814438,0.059535461,-0.09232916,0.099149472,0.505620944,0.012844259
16.84,2.801418052,1.041528764,-1.206101842,0.429453825,0.214428155,0.11104106,0.059819475,-0.09275411,0.099369217,0.503461054,0.01233039
16.85,2.805812188,1.043521116,-1.204856492,0.430353074,0.213050167,0.112267681,0.060103489,-0.09317906,0.099588962,0.501301163,0.011816521
16.86,2.810206324,1.045513468,-1.203611141,0.431252324,0.211672179,0.113494303,0.060387503,-0.09360401,0.099808706,0.499141273,0.011302653
16.87,2.81460046,1.04750582,-1.202365791,0.432151573,0.210294191,0.114720924,0.060671516,-0.09402896,0.100028451,0.496981382,0.010788784
16.88,2.818994596,1.049498172,-1.201120441,0.433050823,0.208916203,0.115947546,0.06095553,-0.09445391,0.100248196,0.494821492,0.010274915
16.89,2.823388733,1.051490524,-1.19987509,0.433950072,0.207538215,0.117174167,0.061239544,-0.09487886,0.10046794,0.492661602,0.009761046
16.9,2.827782869,1.053482876,-1.19862974,0.434849322,0.206160227,0.118400789,0.061523558,-0.09530381,0.100687685,0.490501711,0.009247178
16.91,2.831403612,1.05670481,-1.198492708,0.4364625,0.204643667,0.119539045,0.062777114,-0.096249787,0.101016834,0.487440016,-0.004148268
16.92,2.835883681,1.058560542,-1.197124211,0.437282424,0.203281075,0.120775485,0.062953401,-0.096616845,0.101224423,0.485380326,-0.00323085
16.93,2.840363749,1.060416273,-1.195755715,0.438102348,0.201918484,0.122011925,0.063129688,-0.096983903,0.101432012,0.483320636,-0.002313433
16.94,2.844843818,1.062272005,-1.194387218,0.438922272,0.200555893,0.123248365,0.063305975,-0.097350961,0.1016396,0.481260946,-0.001396015
16.95,2.849323887,1.064127737,-1.193018721,0.439742196,0.199193302,0.124484804,0.063482262,-0.097718019,0.101847189,0.479201257,-0.000478597
16.96,2.853803956,1.065983469,-1.191650224,0.440562121,0.197830711,0.125721244,0.063658549,-0.098085077,0.102054777,0.477141567,0.00043882
16.97,2.858284024,1.0678392,-1.190281728,0.441382045,0.19646812,0.126957684,0.063834836,-0.098452135,0.102262366,0.475081877,0.001356238
16.98,2.862764093,1.069694932,-1.188913231,0.442201969,0.195105528,0.128194124,0.064011123,-0.098819193,0.102469954,0.473022187,0.002273655
16.99,2.867244162,1.071550664,-1.187544734,0.443021893,0.193742937,0.129430564,0.06418741,-0.099186251,0.102677543,0.470962497,0.003191073
17,2.871724231,1.073406395,-1.186176237,0.443841817,0.192380346,0.130667004,0.064363698,-0.099553309,0.102885131,0.468902808,0.00411
17.01,2.875499777,1.076501561,-1.185651327,0.445330527,0.191350702,0.13728652,0.065367429,-0.099917772,0.108662626,0.467015622,-0.055438317
17.02,2.880058126,1.078219578,-1.184189098,0.446076141,0.189951117,0.13792484,0.065451778,-0.100285119,0.108251336,0.464936765,-0.047802652
17.03,2.884616475,1.079937595,-1.18272687,0.446821756,0.188551532,0.138563161,0.065536127,-0.100652465,0.107840046,0.462857908,-0.040166988
17.04,2.889174824,1.081655612,-1.181264641,0.44756737,0.187151946,0.139201481,0.065620476,-0.101019812,0.107428756,0.460779051,-0.032531323
17.05,2.893733173,1.083373628,-1.179802413,0.448312985,0.185752361,0.139839801,0.065704824,-0.101387158,0.107017467,0.458700194,-0.024895658
17.06,2.898291522,1.085091645,-1.178340184,0.4490586,0.184352776,0.140478121,0.065789173,-0.101754504,0.106606177,0.456621338,-0.017259993
17.07,2.902849871,1.086809662,-1.176877956,0.449804214,0.18295319,0.141116442,0.065873522,-0.102121851,0.106194887,0.454542481,-0.009624329
17.08,2.90740822,1.088527679,-1.175415727,0.450549829,0.181553605,0.141754762,0.065957871,-0.102489197,0.105783597,0.452463624,-0.001988664
17.09,2.911966569,1.090245696,-1.173953498,0.451295443,0.18015402,0.142393082,0.06604222,-0.102856544,0.105372307,0.450384767,0.005647001
17.1,2.916524919,1.091963712,-1.17249127,0.452041058,0.178754435,0.143031402,0.066126569,-0.10322389,0.104961017,0.44830591,0.013282666
17.11,2.920446255,1.094977381,-1.171412771,0.453467694,0.178162296,0.147483414,0.066967853,-0.103114402,0.107993257,0.4474304,0.013024203
17.12,2.925075384,1.096551436,-1.169907905,0.454137639,0.176672994,0.147697991,0.066968098,-0.10353473,0.107199353,0.445217838,0.021536993
17.13,2.929704512,1.098125492,-1.16840304,0.454807585,0.175183693,0.147912567,0.066968343,-0.103955058,0.106405448,0.443005276,0.030049783
17.14,2.93433364,1.099699547,-1.166898175,0.45547753,0.173694391,0.148127144,0.066968588,-0.104375386,0.105611544,0.440792714,0.038562573
17.15,2.938962768,1.101273603,-1.16539331,0.456147476,0.172205089,0.148341721,0.066968833,-0.104795714,0.10481764,0.438580152,0.047075363
17.16,2.943591896,1.102847658,-1.163888445,0.456817421,0.170715788,0.148556298,0.066969078,-0.105216042,0.104023735,0.43636759,0.055588153
17.17,2.948221025,1.104421714,-1.16238358,0.457487367,0.169226486,0.148770874,0.066969322,-0.10563637,0.103229831,0.434155028,0.064100943
17.18,2.952850153,1.10599577,-1.160878714,0.458157312,0.167737185,0.148985451,0.066969567,-0.106056698,0.102435926,0.431942466,0.072613733
17.19,2.957479281,1.107569825,-1.159373849,0.458827258,0.166247883,0.149200028,0.066969812,-0.106477026,0.101642022,0.429729904,0.081126523
17.2,2.962108409,1.109143881,-1.157868984,0.459497203,0.164758581,0.149414605,0.066970057,-0.106897354,0.100848118,0.427517342,0.089639313
17.21,2.96617369,1.112108747,-1.156992164,0.460961684,0.164333033,0.140929488,0.067765058,-0.106632224,0.090640006,0.427411332,0.004940906
17.22,2.970865468,1.113528268,-1.155417516,0.461543348,0.162725536,0.142110698,0.067676997,-0.107128714,0.090892125,0.424964709,0.023810495
17.23,2.975557246,1.114947789,-1.153842868,0.462125011,0.16111804,0.143291907,0.067588935,-0.107625204,0.091144243,0.422518085,0.042680085
17.24,2.980249024,1.11636731,-1.15226822,0.462706675,0.159510544,0.144473116,0.067500874,-0.108121695,0.091396362,0.420071462,0.061549675
17.25,2.984940802,1.117786831,-1.150693572,0.463288339,0.157903047,0.145654326,0.067412813,-0.108618185,0.09164848,0.417624839,0.080419265
17.26,2.98963258,1.119206352,-1.149118924,0.463870003,0.156295551,0.146835535,0.067324751,-0.109114675,0.091900599,0.415178215,0.099288854
17.27,2.994324358,1.120625873,-1.147544277,0.464451666,0.154688055,0.148016744,0.06723669,-0.109611165,0.092152718,0.412731592,0.118158444
17.28,2.999016136,1.122045394,-1.145969629,0.46503333,0.153080558,0.149197954,0.067148629,-0.110107655,0.092404836,0.410284969,0.137028034
17.29,3.003707914,1.123464915,-1.144394981,0.465614994,0.151473062,0.150379163,0.067060567,-0.110604145,0.092656955,0.407838345,0.155897624
17.3,3.008399691,1.124884436,-1.142820333,0.466196657,0.149865565,0.151560372,0.066972506,-0.111100635,0.092909073,0.405391722,0.174767213
17.31,3.012608198,1.127825757,-1.142071614,0.467602139,0.149806888,0.157483476,0.067629007,-0.110495147,0.098129994,0.405779712,0.125681911
17.32,3.017353672,1.129076189,-1.140405196,0.468092268,0.1480273,0.158137809,0.067458217,-0.111114079,0.097830023,0.403018132,0.152102045
17.33,3.022099147,1.130326621,-1.138738778,0.468582396,0.146247713,0.158792141,0.067287426,-0.111733011,0.097530053,0.400256552,0.178522178
17.34,3.026844622,1.131577054,-1.13707236,0.469072524,0.144468126,0.159446473,0.067116636,-0.112351943,0.097230082,0.397494971,0.204942311
17.35,3.031590097,1.132827486,-1.135405943,0.469562653,0.142688538,0.160100805,0.066945845,-0.112970875,0.096930112,0.394733391,0.231362445
17.36,3.036335572,1.134077918,-1.133739525,0.470052781,0.140908951,0.160755137,0.066775055,-0.113589807,0.096630141,0.39197181,0.257782578
17.37,3.041081046,1.13532835,-1.132073107,0.470542909,0.139129364,0.161409469,0.066604264,-0.114208739,0.096330171,0.38921023,0.284202711
17.38,3.045826521,1.136578782,-1.130406689,0.471033038,0.137349776,0.162063802,0.066433473,-0.114827671,0.0960302,0.38644865,0.310622844
17.39,3.050571996,1.137829215,-1.128740271,0.471523166,0.135570189,0.162718134,0.066262683,-0.115446603,0.09573023,0.383687069,0.337042978
17.4,3.055317471,1.139079647,-1.127073853,0.472013295,0.133790602,0.163372466,0.066091892,-0.116065535,0.09543026,0.380925489,0.363463111
17.41,3.059667117,1.142025309,-1.125612053,0.473431672,0.133915063,0.171711151,0.066695639,-0.115337457,0.102544669,0.381546472,0.479415315
17.42,3.064456572,1.143087382,-1.1239229,0.473818661,0.131923914,0.171511666,0.066438789,-0.116106057,0.101420878,0.378409051,0.49588744
17.43,3.069246028,1.144149455,-1.122233746,0.474205651,0.129932766,0.171312181,0.066181939,-0.116874657,0.100297088,0.375271631,0.512359566
17.44,3.074035484,1.145211529,-1.120544593,0.474592641,0.127941618,0.171112696,0.065925088,-0.117643257,0.099173297,0.37213421,0.528831691
17.45,3.07882494,1.146273602,-1.11885544,0.47497963,0.125950469,0.170913212,0.065668238,-0.118411856,0.098049507,0.368996789,0.545303817
17.46,3.083614396,1.147335675,-1.117166287,0.47536662,0.123959321,0.170713727,0.065411388,-0.119180456,0.096925717,0.365859368,0.561775942
17.47,3.088403851,1.148397749,-1.115477133,0.475753609,0.121968173,0.170514242,0.065154538,-0.119949056,0.095801926,0.362721947,0.578248067
17.48,3.093193307,1.149459822,-1.11378798,0.476140599,0.119977024,0.170314757,0.064897687,-0.120717656,0.094678136,0.359584526,0.594720193
17.49,3.097982763,1.150521895,-1.112098827,0.476527589,0.117985876,0.170115272,0.064640837,-0.121486256,0.093554346,0.356447106,0.611192318
17.5,3.102772219,1.151583969,-1.110409673,0.476914578,0.115994728,0.169915787,0.064383987,-0.122254855,0.092430555,0.353309685,0.627664444
17.51,3.107269501,1.154517909,-1.109015323,0.478451291,0.115587867,0.160229028,0.065045694,-0.122130908,0.080808079,0.353916288,0.786807238
17.52,3.11209142,1.155371998,-1.107293414,0.478710533,0.113420687,0.161083685,0.064686782,-0.122998679,0.080850809,0.350362865,0.787427067
17.53,3.11691334,1.156226086,-1.105571505,0.478969776,0.111253506,0.161938341,0.06432787,-0.123866451,0.080893539,0.346809441,0.788046896
17.54,3.121735259,1.157080174,-1.103849595,0.479229019,0.109086326,0.162792998,0.063968958,-0.124734223,0.08093627,0.343256018,0.788666725
17.55,3.126557179,1.157934262,-1.102127686,0.479488261,0.106919146,0.163647655,0.063610045,-0.125601995,0.080979,0.339702594,0.789286554
17.56,3.131379098,1.15878835,-1.100405777,0.479747504,0.104751965,0.164502312,0.063251133,-0.126469766,0.08102173,0.336149171,0.789906383
17.57,3.136201018,1.159642438,-1.098683868,0.480006747,0.102584785,0.165356969,0.062892221,-0.127337538,0.081064461,0.332595747,0.790526211
17.58,3.141022937,1.160496526,-1.096961959,0.480265989,0.100417605,0.166211626,0.062533309,-0.12820531,0.081107191,0.329042323,0.79114604
17.59,3.145844857,1.161350614,-1.095240049,0.480525232,0.098250425,0.167066282,0.062174397,-0.129073081,0.081149921,0.3254889,0.791765869
17.6,3.150666777,1.162204702,-1.09351814,0.480784475,0.096083244,0.167920939,0.061815484,-0.129940853,0.081192651,0.321935476,0.792385698
17.61,3.155316772,1.165117796,-1.091648491,0.482298626,0.096094555,0.187113202,0.06238846,-0.129411128,0.099611445,0.322372129,0.786945193
17.62,3.160157795,1.165743105,-1.089942997,0.482418434,0.093685321,0.185930347,0.061926005,-0.130434177,0.097612391,0.318375364,0.788238393
17.63,3.164998817,1.166368415,-1.088237503,0.482538243,0.091276086,0.184747492,0.061463549,-0.131457227,0.095613336,0.314378599,0.789531592
17.64,3.169839839,1.166993725,-1.08653201,0.482658051,0.088866851,0.183564637,0.061001094,-0.132480276,0.093614282,0.310381833,0.790824791
17.65,3.174680861,1.167619035,-1.084826516,0.482777859,0.086457616,0.182381782,0.060538639,-0.133503325,0.091615227,0.306385068,0.792117991
17.66,3.179521883,1.168244344,-1.083121023,0.482897668,0.084048381,0.181198927,0.060076184,-0.134526374,0.089616173,0.302388302,0.79341119
17.67,3.184362906,1.168869654,-1.081415529,0.483017476,0.081639146,0.180016072,0.059613728,-0.135549423,0.087617118,0.298391537,0.794704389
17.68,3.189203928,1.169494964,-1.079710035,0.483137284,0.079229911,0.178833217,0.059151273,-0.136572472,0.085618064,0.294394772,0.795997589
17.69,3.19404495,1.170120274,-1.078004542,0.483257093,0.076820677,0.177650363,0.058688818,-0.137595521,0.083619009,0.290398006,0.797290788
17.7,3.198885972,1.170745583,-1.076299048,0.483376901,0.074411442,0.176467508,0.058226362,-0.13861857,0.081619955,0.286401241,0.798583987
17.71,3.203689578,1.173605532,-1.074424976,0.484930519,0.073306101,0.157364451,0.058781507,-0.13925847,0.059901549,0.286979443,0.797512849
17.72,3.208534757,1.173982549,-1.072738214,0.484891015,0.070751989,0.158172729,0.058205985,-0.140324091,0.060093534,0.282474348,0.799068752
17.73,3.213379937,1.174359565,-1.071051451,0.484851511,0.068197877,0.158981008,0.057630463,-0.141389712,0.060285518,0.277969253,0.800624656
17.74,3.218225117,1.174736582,-1.069364688,0.484812007,0.065643765,0.159789286,0.057054941,-0.142455334,0.060477503,0.273464158,0.802180559
17.75,3.223070296,1.175113598,-1.067677925,0.484772503,0.063089653,0.160597565,0.056479419,-0.143520955,0.060669487,0.268959063,0.803736463
17.76,3.227915476,1.175490615,-1.065991163,0.484733,0.060535541,0.161405844,0.055903897,-0.144586576,0.060861472,0.264453968,0.805292366
17.77,3.232760655,1.175867632,-1.0643044,0.484693496,0.057981429,0.162214122,0.055328375,-0.145652198,0.061053456,0.259948873,0.80684827
17.78,3.237605835,1.176244648,-1.062617637,0.484653992,0.055427317,0.163022401,0.054752853,-0.146717819,0.061245441,0.255443778,0.808404173
17.79,3.242451015,1.176621665,-1.060930875,0.484614488,0.052873205,0.16383068,0.054177331,-0.147783441,0.061437425,0.250938683,0.809960077
17.8,3.247296194,1.176998681,-1.059244112,0.484574984,0.050319093,0.164638958,0.053601809,-0.148849062,0.06162941,0.246433587,0.81151598
17.81,3.252259887,1.179838247,-1.055465035,0.486204127,0.051168223,0.221837906,0.054176964,-0.1474705,0.11838485,0.248672299,0.397161312
17.82,3.257091898,1.179941647,-1.054010751,0.485979218,0.048235974,0.216380555,0.053473589,-0.148807698,0.112292006,0.243417892,0.444929501
17.83,3.26192391,1.180045047,-1.052556468,0.485754309,0.045303724,0.210923204,0.052770215,-0.150144895,0.106199162,0.238163485,0.49269769
17.84,3.266755921,1.180148447,-1.051102185,0.4855294,0.042371474,0.205465852,0.05206684,-0.151482092,0.100106318,0.232909078,0.54046588
17.85,3.271587933,1.180251847,-1.049647901,0.485304491,0.039439224,0.200008501,0.051363465,-0.152819289,0.094013474,0.227654671,0.588234069
17.86,3.276419944,1.180355247,-1.048193618,0.485079582,0.036506974,0.19455115,0.05066009,-0.154156486,0.087920631,0.222400264,0.636002258
17.87,3.281251956,1.180458647,-1.046739334,0.484854673,0.033574724,0.189093798,0.049956715,-0.155,0.081827787,0.217145858,0.683770447
17.88,3.286083967,1.180562047,-1.045285051,0.484629764,0.030642474,0.183636447,0.04925334,-0.157,0.075734943,0.211891451,0.731538637
17.89,3.290915979,1.180665446,-1.043830768,0.484404855,0.027710224,0.178179096,0.048549965,-0.158,0.069642099,0.206637044,0.779306826
17.9,3.29574799,1.180768846,-1.042376484,0.484179946,0.024777974,0.172721744,0.04784659,-0.16,0.063549255,0.201382637,0.827075015
17.91,3.300849206,1.183552856,-1.038905459,0.485280901,0.022576116,0.109368617,0.047836042,-0.161,-0.005922924,0.203190447,1.488544145
17.92,3.305651306,1.18335841,-1.037675258,0.484908674,0.019562711,0.11034413,0.047055687,-0.163,-0.00497362,0.19715135,1.468123341
17.93,3.310453406,1.183163964,-1.036445057,0.484536447,0.016549307,0.111319643,0.046275331,-0.164,-0.004024315,0.191112252,1.447702537
17.94,3.315255506,1.182969519,-1.035214856,0.484164219,0.013535902,0.112295155,0.045494975,-0.165,-0.003075011,0.185073154,1.427281733
17.95,3.320057606,1.182775073,-1.033984655,0.483791992,0.010522497,0.113270668,0.044714619,-0.166,-0.002125706,0.179034056,1.406860929
17.96,3.324859706,1.182580628,-1.032754454,0.483419765,0.007509093,0.11424618,0.043934264,-0.168,-0.001176402,0.172994959,1.386440125
17.97,3.329661806,1.182386182,-1.031524253,0.483047538,0.0045,0.115221693,0.043153908,-0.169,-0.000227097,0.166955861,1.366019321
17.98,3.334463906,1.182191736,-1.030294052,0.48267531,0.00148,0.116197206,0.042373552,-0.17,0.000722207,0.160916763,1.345598517
17.99,3.339266006,1.181997291,-1.029063851,0.482303083,-0.00153,0.117172718,0.041593196,-0.171592615,0.001671511,0.154877665,1.325177712
18,3.344068106,1.181802845,-1.027833651,0.481930856,-0.00454,0.118148231,0.040812841,-0.172877247,0.002620816,0.148838568,1.304756908
18.01,3.349286556,1.18439736,-1.026898476,0.483209283,-0.006245425,0.130788737,0.04098082,-0.174005543,0.016089488,0.147770168,1.111291424
18.02,3.354042395,1.18389303,-1.025635494,0.48265365,-0.009404664,0.130468139,0.040095094,-0.175307546,0.015647751,0.141178771,1.110097806
18.03,3.358798233,1.1833887,-1.024372513,0.482098017,-0.012563902,0.130147541,0.039209368,-0.176609549,0.015206015,0.134587373,1.108904189
18.04,3.363554072,1.18288437,-1.023109531,0.481542383,-0.015723141,0.129826943,0.038323641,-0.177911552,0.014764278,0.127995976,1.107710572
18.05,3.368309911,1.18238004,-1.02184655,0.48098675,-0.018882379,0.129506345,0.037437915,-0.179213555,0.014322542,0.121404578,1.106516954
18.06,3.37306575,1.181875709,-1.020583568,0.480431116,-0.022041618,0.129185748,0.036552189,-0.180515557,0.013880806,0.114813181,1.105323337
18.07,3.377821588,1.181371379,-1.019320586,0.479875483,-0.025200856,0.12886515,0.035666462,-0.18181756,0.013439069,0.108221783,1.104129719
18.08,3.382577427,1.180867049,-1.018057605,0.479319849,-0.028360095,0.128544552,0.034780736,-0.183119563,0.012997333,0.101630385,1.102936102
18.09,3.387333266,1.180362719,-1.016794623,0.478764216,-0.031519333,0.128223954,0.03389501,-0.184421566,0.012555596,0.095038988,1.101742485
18.1,3.392089105,1.179858389,-1.015531642,0.478208582,-0.034678572,0.127903356,0.033009283,-0.185723569,0.01211386,0.08844759,1.100548867
18.11,3.397429142,1.182216216,-1.013969317,0.479345983,-0.037502863,0.127799589,0.033019438,-0.187862426,0.011491391,0.085504426,1.082574585
18.12,3.40212007,1.181393868,-1.012739595,0.478602235,-0.040699318,0.127454899,0.032034169,-0.189071445,0.011069736,0.078507669,1.083245486
18.13,3.406810997,1.180571521,-1.011509874,0.477858486,-0.043895773,0.127110209,0.0310489,-0.190280464,0.010648081,0.071510912,1.083916387
18.14,3.411501925,1.179749173,-1.010280153,0.477114738,-0.047092228,0.126765519,0.030063632,-0.191489483,0.010226426,0.064514156,1.084587288
18.15,3.416192853,1.178926826,-1.009050432,0.476370989,-0.050288683,0.126420829,0.029078363,-0.192698502,0.009804771,0.057517399,1.085258189
18.16,3.420883781,1.178104478,-1.00782071,0.475627241,-0.053485138,0.126076139,0.028093095,-0.193907521,0.009383116,0.050520642,1.08592909
18.17,3.425574709,1.17728213,-1.006590989,0.474883493,-0.056681593,0.125731449,0.027107826,-0.19511654,0.008961461,0.043523885,1.086599991
18.18,3.430265636,1.176459783,-1.005361268,0.474139744,-0.059878048,0.125386759,0.026122558,-0.196325559,0.008539806,0.036527129,1.087270892
18.19,3.434956564,1.175637435,-1.004131547,0.473395996,-0.063074503,0.125042069,0.025137289,-0.197534578,0.008118151,0.029530372,1.087941793
18.2,3.439647492,1.174815088,-1.002901825,0.472652248,-0.066270957,0.124697379,0.02415202,-0.198743597,0.007696496,0.022533615,1.088612694
18.21,3.445094414,1.176875613,-1.001346983,0.473643861,-0.069390495,0.124651547,0.024015372,-0.200963817,0.00719421,0.018173355,1.160943122
18.22,3.449701342,1.175732946,-1.000153386,0.472707295,-0.072595497,0.12427365,0.022935813,-0.20206048,0.006781514,0.010883655,1.153651853
18.23,3.454308271,1.174590279,-0.99895979,0.471770729,-0.075800498,0.123895754,0.021856253,-0.203157143,0.006368818,0.003593954,1.146360584
18.24,3.458915199,1.173447612,-0.997766193,0.470834162,-0.079005499,0.123517857,0.020776693,-0.204253807,0.005956122,-0.003695747,1.139069316
18.25,3.463522128,1.172304946,-0.996572596,0.469897596,-0.082210501,0.123139961,0.019697133,-0.20535047,0.005543426,-0.010985448,1.131778047
18.26,3.468129056,1.171162279,-0.995379,0.46896103,-0.085415502,0.122762064,0.018617574,-0.206447134,0.00513073,-0.018275149,1.124486778
18.27,3.472735985,1.170019612,-0.994185403,0.468024463,-0.088620503,0.122384168,0.017538014,-0.207543797,0.004718034,-0.02556485,1.117195509
18.28,3.477342913,1.168876945,-0.992991806,0.467087897,-0.091825505,0.122006271,0.016458454,-0.208640461,0.004305338,-0.03285455,1.10990424
18.29,3.481949842,1.167734279,-0.99179821,0.46615133,-0.095030506,0.121628375,0.015378895,-0.209737124,0.003892642,-0.040144251,1.102612972
18.3,3.48655677,1.166591612,-0.990604613,0.465214764,-0.098235507,0.121250478,0.014299335,-0.210833787,0.003479946,-0.047433952,1.095321703
18.31,3.492107162,1.168367171,-0.988005544,0.466336813,-0.100673114,0.142175712,0.014306786,-0.212150053,0.023998954,-0.051754235,0.915180628
18.32,3.496609261,1.166900257,-0.986968111,0.465171511,-0.103963381,0.139430801,0.013106448,-0.213222316,0.021260513,-0.059373872,0.927094893
18.33,3.50111136,1.165433343,-0.985930678,0.46400621,-0.107253648,0.13668589,0.011906109,-0.214294579,0.018522072,-0.066993508,0.939009158
18.34,3.505613459,1.163966429,-0.984893245,0.462840908,-0.110543916,0.133940979,0.01070577,-0.215366843,0.015783632,-0.074613144,0.950923423
18.35,3.510115559,1.162499515,-0.983855812,0.461675607,-0.113834183,0.131196068,0.009505431,-0.216439106,0.013045191,-0.08223278,0.962837688
18.36,3.514617658,1.161032601,-0.982818379,0.460510306,-0.117124451,0.128451157,0.008305093,-0.217511369,0.01030675,-0.089852416,0.974751954
18.37,3.519119757,1.159565687,-0.981780946,0.459345004,-0.120414718,0.125706246,0.007104754,-0.218583632,0.007568309,-0.097472052,0.986666219
18.38,3.523621856,1.158098773,-0.980743512,0.458179703,-0.123704985,0.122961335,0.005904415,-0.219655895,0.004829868,-0.105091688,0.998580484
18.39,3.528123956,1.156631859,-0.979706079,0.457014402,-0.126995253,0.120216424,0.004704076,-0.220728158,0.002091428,-0.112711325,1.010494749
18.4,3.532626055,1.155164945,-0.978668646,0.4558491,-0.13028552,0.117471513,0.003503738,-0.221800422,-0.000647013,-0.120330961,1.022409015
18.41,3.538253001,1.156615905,-0.977399901,0.456185653,-0.13453963,0.069947114,0.002724948,-0.224801564,-0.050629539,-0.125659651,1.181583373
18.42,3.542630117,1.154824783,-0.976388169,0.454853479,-0.137722804,0.072177702,0.001477771,-0.225659507,-0.048118637,-0.133533837,1.177135406
18.43,3.547007234,1.15303366,-0.975376438,0.453521305,-0.140905977,0.074408289,0.000230593,-0.226517451,-0.045607735,-0.141408023,1.172687438
18.44,3.55138435,1.151242538,-0.974364706,0.452189131,-0.144089151,0.076638877,-0.001016585,-0.227375394,-0.043096833,-0.149282208,1.168239471
18.45,3.555761466,1.149451415,-0.973352974,0.450856957,-0.147272325,0.078869465,-0.002263762,-0.228233337,-0.040585931,-0.157156394,1.163791504
18.46,3.560138582,1.147660293,-0.972341243,0.449524783,-0.150455499,0.081100053,-0.00351094,-0.22909128,-0.038075029,-0.16503058,1.159343536
18.47,3.564515698,1.145869171,-0.971329511,0.448192609,-0.153638673,0.083330641,-0.004758117,-0.229949224,-0.035564127,-0.172904765,1.154895569
18.48,3.568892815,1.144078048,-0.970317779,0.446860435,-0.156821847,0.085561228,-0.006005295,-0.230807167,-0.033053225,-0.180778951,1.150447602
18.49,3.573269931,1.142286926,-0.969306048,0.445528261,-0.16000502,0.087791816,-0.007252472,-0.23166511,-0.030542323,-0.188653137,1.145999634
18.5,3.577647047,1.140495804,-0.968294316,0.444196086,-0.163188194,0.090022404,-0.00849965,-0.232523053,-0.028031421,-0.196527322,1.141551667
18.51,3.583325678,1.141573535,-0.968098139,0.444833052,-0.16651101,0.116100223,-0.008900147,-0.234292787,0.000586523,-0.204251414,1.164287459
18.52,3.587558182,1.139463651,-0.96699579,0.443282085,-0.169678668,0.115681118,-0.010241401,-0.235049421,0.000196643,-0.212142276,1.156819074
18.53,3.591790685,1.137353767,-0.965893441,0.441731118,-0.172846326,0.115262014,-0.011582654,-0.235806054,-0.000193238,-0.220033139,1.149350689
18.54,3.596023189,1.135243883,-0.964791092,0.44018015,-0.176013984,0.114842909,-0.012923907,-0.236562687,-0.000583118,-0.227924002,1.141882304
18.55,3.600255692,1.133133999,-0.963688743,0.438629183,-0.179181642,0.114423804,-0.01426516,-0.23731932,-0.000972999,-0.235814865,1.134413919
18.56,3.604488195,1.131024116,-0.962586395,0.437078215,-0.1823493,0.1140047,-0.015606413,-0.238075954,-0.001362879,-0.243705728,1.126945534
18.57,3.608720699,1.128914232,-0.961484046,0.435527248,-0.185516958,0.113585595,-0.016947666,-0.238832587,-0.00175276,-0.25159659,1.119477149
18.58,3.612953202,1.126804348,-0.960381697,0.433976281,-0.188684616,0.113166491,-0.018288919,-0.23958922,-0.00214264,-0.259487453,1.112008764
18.59,3.617185706,1.124694464,-0.959279348,0.432425313,-0.191852274,0.112747386,-0.019630173,-0.240345853,-0.002532521,-0.267378316,1.104540379
18.6,3.621418209,1.12258458,-0.958176999,0.430874346,-0.195019932,0.112328282,-0.020971426,-0.241102486,-0.002922402,-0.275269179,1.097071994
18.61,3.627113027,1.123251616,-0.956704942,0.430611602,-0.199699194,0.111760391,-0.022231583,-0.244051693,-0.003811961,-0.284074012,1.16417136
18.62,3.631183051,1.120833185,-0.955643672,0.428917499,-0.202698896,0.111357818,-0.023581847,-0.244564707,-0.004146322,-0.291863322,1.148417669
18.63,3.635253075,1.118414755,-0.954582402,0.427223395,-0.205698598,0.110955245,-0.024932111,-0.245077721,-0.004480682,-0.299652633,1.132663978
18.64,3.639323099,1.115996325,-0.953521132,0.425529292,-0.2086983,0.110552672,-0.026282374,-0.245590735,-0.004815043,-0.307441943,1.116910287
18.65,3.643393123,1.113577894,-0.952459862,0.423835189,-0.211698002,0.1101501,-0.027632638,-0.246103749,-0.005149404,-0.315231254,1.101156597
18.66,3.647463147,1.111159464,-0.951398591,0.422141085,-0.214697704,0.109747527,-0.028982902,-0.246616763,-0.005483764,-0.323020564,1.085402906
18.67,3.651533171,1.108741033,-0.950337321,0.420446982,-0.217697407,0.109344954,-0.030333166,-0.247129776,-0.005818125,-0.330809875,1.069649215
18.68,3.655603195,1.106322603,-0.949276051,0.418752879,-0.220697109,0.108942381,-0.031683429,-0.24764279,-0.006152486,-0.338599185,1.053895525
18.69,3.659673219,1.103904173,-0.948214781,0.417058775,-0.223696811,0.108539809,-0.033033693,-0.248155804,-0.006486846,-0.346388496,1.038141834
18.7,3.663743243,1.101485742,-0.947153511,0.415364672,-0.226696513,0.108137236,-0.034383957,-0.248668818,-0.006821207,-0.354177806,1.022388143
18.71,3.669383233,1.101668991,-0.946473719,0.414625071,-0.231559074,0.092854345,-0.035994956,-0.251506403,-0.02233681,-0.362370777,0.893472082
18.72,3.673278817,1.098961485,-0.945370062,0.412824911,-0.234351791,0.094105141,-0.037316249,-0.251761132,-0.020984366,-0.370115237,0.890291988
18.73,3.6771744,1.096253979,-0.944266405,0.411024752,-0.237144509,0.095355937,-0.038637543,-0.25201586,-0.019631922,-0.377859696,0.887111894
18.74,3.681069983,1.093546473,-0.943162749,0.409224593,-0.239937227,0.096606733,-0.039958836,-0.252270588,-0.018279478,-0.385604155,0.8839318
18.75,3.684965566,1.090838967,-0.942059092,0.407424434,-0.242729945,0.097857529,-0.041280129,-0.252525316,-0.016927034,-0.393348615,0.880751706
18.76,3.68886115,1.088131461,-0.940955436,0.405624275,-0.245522663,0.099108325,-0.042601422,-0.252780045,-0.01557459,-0.401093074,0.877571612
18.77,3.692756733,1.085423956,-0.939851779,0.403824116,-0.248315381,0.100359121,-0.043922715,-0.253034773,-0.014222146,-0.408837534,0.874391518
18.78,3.696652316,1.08271645,-0.938748122,0.402023956,-0.251108099,0.101609917,-0.045244009,-0.253289501,-0.012869702,-0.416581993,0.871211424
18.79,3.7005479,1.080008944,-0.937644466,0.400223797,-0.253900817,0.102860712,-0.046565302,-0.25354423,-0.011517258,-0.424326452,0.86803133
18.8,3.704443483,1.077301438,-0.936540809,0.398423638,-0.256693534,0.104111508,-0.047886595,-0.253798958,-0.010164814,-0.432070912,0.864851236
18.81,3.710059971,1.077092544,-0.935733269,0.398697128,-0.259741788,0.121951314,-0.048323403,-0.254538478,0.008993839,-0.439485073,0.824131712
18.82,3.713764343,1.074107414,-0.934596711,0.396666563,-0.262506113,0.121358886,-0.049742973,-0.25473934,0.008367815,-0.447266233,0.825122666
18.83,3.717468715,1.071122285,-0.933460152,0.394635999,-0.265270438,0.120766459,-0.051162542,-0.254940203,0.007741792,-0.455047392,0.82611362
18.84,3.721173086,1.068137156,-0.932323594,0.392605434,-0.268034763,0.120174031,-0.052582111,-0.255141065,0.007115768,-0.462828551,0.827104574
18.85,3.724877458,1.065152026,-0.931187035,0.39057487,-0.270799088,0.119581604,-0.05400168,-0.255341928,0.006489744,-0.47060971,0.828095528
18.86,3.728581829,1.062166897,-0.930050477,0.388544305,-0.273563413,0.118989177,-0.05542125,-0.25554279,0.005863721,-0.478390869,0.829086481
18.87,3.732286201,1.059181768,-0.928913918,0.38651374,-0.276327738,0.118396749,-0.056840819,-0.255743653,0.005237697,-0.486172028,0.830077435
18.88,3.735990572,1.056196639,-0.92777736,0.384483176,-0.279092063,0.117804322,-0.058260388,-0.255944516,0.004611674,-0.493953187,0.831068389
18.89,3.739694944,1.053211509,-0.926640801,0.382452611,-0.281856388,0.117211895,-0.059679958,-0.256145378,0.00398565,-0.501734346,0.832059343
18.9,3.743399316,1.05022638,-0.925504243,0.380422047,-0.284620713,0.116619467,-0.061099527,-0.256346241,0.003359626,-0.509515506,0.833050297
18.91,3.749012949,1.049677929,-0.923925884,0.37995442,-0.288509489,0.114202944,-0.062233771,-0.25785233,0.000346085,-0.517603436,0.831889864
18.92,3.75250518,1.046422057,-0.922838414,0.377750196,-0.291148875,0.113813194,-0.063685043,-0.257908168,-0.0000147,-0.525350509,0.833119861
18.93,3.755997411,1.043166186,-0.921750945,0.375545971,-0.293788261,0.113423444,-0.065136315,-0.257964005,-0.000375403,-0.533097583,0.834349857
18.94,3.759489643,1.039910315,-0.920663475,0.373341747,-0.296427647,0.113033694,-0.066587587,-0.258019842,-0.000736147,-0.540844656,0.835579854
18.95,3.762981874,1.036654444,-0.919576005,0.371137523,-0.299067033,0.112643944,-0.068038859,-0.25807568,-0.00109689,-0.54859173,0.836809851
18.96,3.766474106,1.033398572,-0.918488536,0.368933298,-0.301706419,0.112254194,-0.069490131,-0.258131517,-0.001457634,-0.556338803,0.838039848
18.97,3.769966337,1.030142701,-0.917401066,0.366729074,-0.304345805,0.111864444,-0.070941404,-0.258187354,-0.001818378,-0.564085876,0.839269844
18.98,3.773458569,1.02688683,-0.916313597,0.36452485,-0.306985191,0.111474694,-0.072392676,-0.258243192,-0.002179122,-0.57183295,0.840499841
18.99,3.7769508,1.023630959,-0.915226127,0.362320625,-0.309624577,0.111084944,-0.073843948,-0.258299029,-0.002539866,-0.579580023,0.841729838
19,3.780443031,1.020375087,-0.914138657,0.360116401,-0.312263963,0.110695194,-0.07529522,-0.258354867,-0.00290061,-0.587327097,0.842959835
19.01,3.785971684,1.019409019,-0.913059307,0.358883347,-0.316695085,0.103130731,-0.077081467,-0.260252693,-0.010760736,-0.596451302,0.851296437
19.02,3.789237647,1.015898725,-0.911970935,0.356571215,-0.319135389,0.103538171,-0.07849552,-0.260103865,-0.010288215,-0.604045361,0.851736811
19.03,3.792503609,1.012388431,-0.910882564,0.354259083,-0.321575693,0.103945612,-0.079909572,-0.259955037,-0.009815694,-0.61163942,0.852177185
19.04,3.795769571,1.008878138,-0.909794192,0.351946951,-0.324015997,0.104353052,-0.081323625,-0.259806209,-0.009343174,-0.619233479,0.852617559
19.05,3.799035534,1.005367844,-0.90870582,0.349634818,-0.326456302,0.104760492,-0.082737678,-0.259657381,-0.008870653,-0.626827537,0.853057933
19.06,3.802301496,1.00185755,-0.907617448,0.347322686,-0.328896606,0.105167932,-0.08415173,-0.259508553,-0.008398132,-0.634421596,0.853498307
19.07,3.805567458,0.998347256,-0.906529076,0.345010554,-0.33133691,0.105575373,-0.085565783,-0.259359724,-0.007925611,-0.642015655,0.853938681
19.08,3.808833421,0.994836962,-0.905440704,0.342698422,-0.333777214,0.105982813,-0.086979836,-0.259210896,-0.007453091,-0.649609714,0.854379055
19.09,3.812099383,0.991326669,-0.904352333,0.34038629,-0.336217519,0.106390253,-0.088393888,-0.259062068,-0.00698057,-0.657203772,0.854819429
19.1,3.815365346,0.987816375,-0.903263961,0.338074158,-0.338657823,0.106797693,-0.089807941,-0.25891324,-0.006508049,-0.664797831,0.855259803
19.11,3.820751729,0.986407111,-0.902412314,0.336468909,-0.343058705,0.109807038,-0.091787758,-0.260591044,-0.003008356,-0.674912586,0.85816836
19.12,3.823782089,0.98266337,-0.901297639,0.334078234,-0.345281167,0.109925377,-0.093138948,-0.260239257,-0.002872188,-0.682226568,0.858334491
19.13,3.826812449,0.978919628,-0.900182965,0.33168756,-0.347503629,0.110043717,-0.094490138,-0.259887469,-0.002736019,-0.689540549,0.858500622
19.14,3.829842809,0.975175886,-0.89906829,0.329296885,-0.349726092,0.110162057,-0.095841328,-0.259535682,-0.002599851,-0.69685453,0.858666754
19.15,3.832873169,0.971432145,-0.897953616,0.32690621,-0.351948554,0.110280397,-0.097192518,-0.259183895,-0.002463683,-0.704168512,0.858832885
19.16,3.835903529,0.967688403,-0.896838941,0.324515536,-0.354171016,0.110398737,-0.098543708,-0.258832108,-0.002327515,-0.711482493,0.858999017
19.17,3.838933889,0.963944661,-0.895724266,0.322124861,-0.356393479,0.110517076,-0.099894898,-0.25848032,-0.002191346,-0.718796475,0.859165148
19.18,3.841964249,0.96020092,-0.894609592,0.319734186,-0.358615941,0.110635416,-0.101246088,-0.258128533,-0.002055178,-0.726110456,0.85933128
19.19,3.844994609,0.956457178,-0.893494917,0.317343512,-0.360838403,0.110753756,-0.102597278,-0.257776746,-0.00191901,-0.733424437,0.859497411
19.2,3.848024969,0.952713437,-0.892380243,0.314952837,-0.363060866,0.110872096,-0.103948468,-0.257424959,-0.001782842,-0.740738419,0.859663543
19.21,3.853217051,0.950857486,-0.891420211,0.312682042,-0.367554906,0.110029243,-0.106395849,-0.259028141,-0.002485314,-0.751527372,0.860573682
19.22,3.85600722,0.94690399,-0.890288354,0.310278047,-0.369524971,0.110254382,-0.10762524,-0.258459135,-0.002255964,-0.758455246,0.860657146
19.23,3.858797388,0.942950493,-0.889156497,0.307874053,-0.371495035,0.110479521,-0.108854631,-0.257890129,-0.002026613,-0.765383119,0.86074061
19.24,3.861587557,0.938996997,-0.88802464,0.305470058,-0.3734651,0.11070466,-0.110084022,-0.257321123,-0.001797263,-0.772310992,0.860824074
19.25,3.864377726,0.935043501,-0.886892782,0.303066063,-0.375435165,0.110929799,-0.111313413,-0.256752116,-0.001567912,-0.779238866,0.860907538
19.26,3.867167895,0.931090005,-0.885760925,0.300662069,-0.37740523,0.111154938,-0.112542804,-0.25618311,-0.001338562,-0.786166739,0.860991002
19.27,3.869958063,0.927136509,-0.884629068,0.298258074,-0.379375294,0.111380077,-0.113772195,-0.255614104,-0.001109211,-0.793094612,0.861074466
19.28,3.872748232,0.923183013,-0.883497211,0.295854079,-0.381345359,0.111605216,-0.115001586,-0.255045098,-0.00087986,-0.800022486,0.86115793
19.29,3.875538401,0.919229517,-0.882365354,0.293450085,-0.383315424,0.111830355,-0.116230977,-0.254476092,-0.00065051,-0.806950359,0.861241394
19.3,3.87832857,0.915276021,-0.881233496,0.29104609,-0.385285489,0.112055494,-0.117460368,-0.253907086,-0.000421159,-0.813878232,0.861324858
19.31,3.883263445,0.912974871,-0.880554928,0.288189645,-0.389670722,0.10726816,-0.120248661,-0.255241143,-0.004997866,-0.824969854,0.861685112
19.32,3.885815313,0.908837781,-0.879372705,0.285835923,-0.391372435,0.108050241,-0.121304841,-0.254460685,-0.004234509,-0.831435088,0.861737822
19.33,3.888367181,0.904700691,-0.878190483,0.2834822,-0.393074147,0.108832321,-0.12236102,-0.253680228,-0.003471152,-0.837900323,0.861790531
19.34,3.890919049,0.900563601,-0.87700826,0.281128478,-0.39477586,0.109614401,-0.1234172,-0.25289977,-0.002707795,-0.844365558,0.86184324
19.35,3.893470917,0.89642651,-0.875826038,0.278774756,-0.396477573,0.110396482,-0.12447338,-0.252119313,-0.001944438,-0.850830792,0.86189595
19.36,3.896022785,0.89228942,-0.874643815,0.276421033,-0.398179286,0.111178562,-0.125529559,-0.251338855,-0.001181081,-0.857296027,0.861948659
19.37,3.898574653,0.88815233,-0.873461592,0.274067311,-0.399880998,0.111960643,-0.126585739,-0.250558397,-0.000417724,-0.863761262,0.862001369
19.38,3.901126521,0.88401524,-0.87227937,0.271713588,-0.401582711,0.112742723,-0.127641918,-0.24977794,0.000345632,-0.870226496,0.862054078
19.39,3.903678389,0.87987815,-0.871097147,0.269359866,-0.403284424,0.113524803,-0.128698098,-0.248997482,0.001108989,-0.876691731,0.862106787
19.4,3.906230257,0.875741059,-0.869914925,0.267006144,-0.404986136,0.114306884,-0.129754278,-0.248217025,0.001872346,-0.883156965,0.862159497
19.41,3.910873644,0.873025459,-0.869123936,0.264050012,-0.40887906,0.121342035,-0.132363428,-0.248925367,0.009575795,-0.894234512,0.862343684
19.42,3.913193121,0.868730425,-0.867898243,0.261763224,-0.410337305,0.12142933,-0.133247055,-0.247979487,0.009568031,-0.900187267,0.862381785
19.43,3.915512598,0.864435392,-0.86667255,0.259476436,-0.41179555,0.121516625,-0.134130682,-0.247033607,0.009560267,-0.906140023,0.862419886
19.44,3.917832075,0.860140358,-0.865446857,0.257189648,-0.413253795,0.121603919,-0.13501431,-0.246087728,0.009552502,-0.912092779,0.862457986
19.45,3.920151552,0.855845325,-0.864221164,0.25490286,-0.414712039,0.121691214,-0.135897937,-0.245141848,0.009544738,-0.918045534,0.862496087
19.46,3.922471029,0.851550291,-0.862995471,0.252616072,-0.416170284,0.121778509,-0.136781565,-0.244195968,0.009536973,-0.92399829,0.862534188
19.47,3.924790507,0.847255257,-0.861769778,0.250329284,-0.417628529,0.121865804,-0.137665192,-0.243250088,0.009529209,-0.929951045,0.862572288
19.48,3.927109984,0.842960224,-0.860544085,0.248042496,-0.419086774,0.121953098,-0.138548819,-0.242304209,0.009521444,-0.935903801,0.862610389
19.49,3.929429461,0.83866519,-0.859318392,0.245755708,-0.420545018,0.122040393,-0.139432447,-0.241358329,0.00951368,-0.941856556,0.86264849
19.5,3.931748938,0.834370157,-0.858092699,0.24346892,-0.422003263,0.122127688,-0.140316074,-0.240412449,0.009505916,-0.947809312,0.86268659
19.51,3.936273108,0.831391676,-0.847511706,0.243792131,-0.423545884,0.310899946,-0.139384966,-0.238699653,0.198176127,-0.960449866,0.850220957
19.52,3.938347619,0.826950359,-0.84732549,0.241215343,-0.424994753,0.290022245,-0.140470231,-0.237838987,0.177204143,-0.965659533,0.851648362
19.53,3.94042213,0.822509042,-0.847139275,0.238638555,-0.426443623,0.269144544,-0.141555496,-0.23697832,0.156232159,-0.9708692,0.853075766
19.54,3.942496642,0.818067725,-0.84695306,0.236061767,-0.427892493,0.248266843,-0.14264076,-0.236117653,0.135260175,-0.976078867,0.854503171
19.55,3.944571153,0.813626408,-0.846766844,0.233484979,-0.429341362,0.227389141,-0.143726025,-0.235256986,0.114288191,-0.981288533,0.855930575
19.56,3.946645664,0.80918509,-0.846580629,0.230908191,-0.430790232,0.20651144,-0.144811289,-0.234396319,0.093316207,-0.9864982,0.857357979
19.57,3.948720175,0.804743773,-0.846394414,0.228331403,-0.432239102,0.185633739,-0.145896554,-0.233535652,0.072344223,-0.991707867,0.858785384
19.58,3.950794686,0.800302456,-0.846208199,0.225754615,-0.433687971,0.164756038,-0.146981818,-0.232674985,0.051372239,-0.996917534,0.860212788
19.59,3.952869197,0.795861139,-0.846021983,0.223177827,-0.435136841,0.143878336,-0.148067083,-0.231814319,0.030400255,-1.0021272,0.861640193
19.6,3.954943708,0.791419822,-0.845835768,0.220601039,-0.436585711,0.123000635,-0.149152348,-0.230953652,0.009428271,-1.007336867,0.863067597
19.61,3.958721974,0.787889335,-0.850272431,0.205877544,-0.445651709,-0.366141631,-0.163361057,-0.236935513,-0.498683063,-1.019808669,0.875178579
19.62,3.960607179,0.783346815,-0.849572563,0.20465039,-0.446254231,-0.334989936,-0.162988161,-0.235314565,-0.465528453,-1.024211432,0.875418919
19.63,3.962492384,0.778804294,-0.848872694,0.203423236,-0.446856753,-0.303838241,-0.162615265,-0.233693618,-0.432373842,-1.028614195,0.875659259
19.64,3.964377589,0.774261773,-0.848172826,0.202196082,-0.447459275,-0.272686547,-0.162242369,-0.23207267,-0.399219232,-1.033016957,0.8758996
19.65,3.966262794,0.769719253,-0.847472957,0.200968928,-0.448061797,-0.241534852,-0.161869473,-0.230451722,-0.366064621,-1.03741972,0.87613994
19.66,3.968147999,0.765176732,-0.846773089,0.199741774,-0.448664319,-0.210383157,-0.161496577,-0.228830774,-0.33291001,-1.041822483,0.87638028
19.67,3.970033204,0.760634212,-0.846073221,0.19851462,-0.449266841,-0.179231462,-0.161123681,-0.227209826,-0.2997554,-1.046225246,0.876620621
19.68,3.971918409,0.756091691,-0.845373352,0.197287466,-0.449869363,-0.148079767,-0.160750785,-0.225588879,-0.266600789,-1.050628009,0.876860961
19.69,3.973803615,0.75154917,-0.844673484,0.196060312,-0.450471885,-0.116928072,-0.160377889,-0.223967931,-0.233446179,-1.055030772,0.877101301
19.7,3.97568882,0.74700665,-0.843973615,0.194833158,-0.451074407,-0.085776377,-0.160004993,-0.222346983,-0.200291568,-1.059433535,0.877341642
19.71,3.978918278,0.743063967,-0.851094185,0.198224779,-0.450606596,0.349698664,-0.154677716,-0.218196849,0.267025538,-1.069962204,0.88943317
19.72,3.980654121,0.738454798,-0.849525379,0.196484428,-0.451328044,0.335925543,-0.154855307,-0.216856922,0.251939871,-1.073684311,0.888356711
19.73,3.982389965,0.733845629,-0.847956573,0.194744077,-0.452049492,0.322152421,-0.155032898,-0.215516995,0.236854205,-1.077406418,0.887280253
19.74,3.984125809,0.729236459,-0.846387767,0.193003726,-0.45277094,0.3083793,-0.155210489,-0.214177068,0.221768538,-1.081128524,0.886203795
19.75,3.985861652,0.72462729,-0.844818961,0.191263374,-0.453492388,0.294606179,-0.155388079,-0.212837141,0.206682871,-1.084850631,0.885127337
19.76,3.987597496,0.720018121,-0.843250155,0.189523023,-0.454213836,0.280833057,-0.15556567,-0.211497214,0.191597205,-1.088572737,0.884050878
19.77,3.98933334,0.715408951,-0.841681349,0.187782672,-0.454935284,0.267059936,-0.155743261,-0.210157286,0.176511538,-1.092294844,0.88297442
19.78,3.991069183,0.710799782,-0.840112543,0.186042321,-0.455656732,0.253286815,-0.155920852,-0.208817359,0.161425871,-1.096016951,0.881897962
19.79,3.992805027,0.706190613,-0.838543737,0.184301969,-0.45637818,0.239513693,-0.156098443,-0.207477432,0.146340205,-1.099739057,0.880821503
19.8,3.994540871,0.701581443,-0.836974931,0.182561618,-0.457099628,0.225740572,-0.156276034,-0.206137505,0.131254538,-1.103461164,0.879745045
19.81,3.997604328,0.697488898,-0.828712941,0.176026052,-0.460357862,0.097912279,-0.161408672,-0.20612843,-0.0114634,-1.113168656,0.87084151
19.82,3.999192659,0.692822326,-0.827887822,0.174818502,-0.460797445,0.096811955,-0.161035702,-0.204640631,-0.012367703,-1.11622572,0.870634727
19.83,4.00078099,0.688155754,-0.827062703,0.173610953,-0.461237028,0.09571163,-0.160662732,-0.203152831,-0.013272007,-1.119282784,0.870427944
19.84,4.002369321,0.683489182,-0.826237585,0.172403403,-0.461676611,0.094611306,-0.160289762,-0.201665032,-0.01417631,-1.122339848,0.870221161
19.85,4.003957652,0.67882261,-0.825412466,0.171195854,-0.462116193,0.093510981,-0.159916792,-0.200177232,-0.015080613,-1.125396911,0.870014377
19.86,4.005545983,0.674156038,-0.824587347,0.169988304,-0.462555776,0.092410657,-0.159543822,-0.198689433,-0.015984916,-1.128453975,0.869807594
19.87,4.007134314,0.669489466,-0.823762228,0.168780755,-0.462995359,0.091310332,-0.159170852,-0.197201633,-0.01688922,-1.131511039,0.869600811
19.88,4.008722645,0.664822894,-0.822937109,0.167573205,-0.463434942,0.090210008,-0.158797883,-0.195713833,-0.017793523,-1.134568103,0.869394028
19.89,4.010310976,0.660156322,-0.82211199,0.166365655,-0.463874524,0.089109683,-0.158424913,-0.194226034,-0.018697826,-1.137625167,0.869187245
19.9,4.012936674,0.655848501,-0.820884979,0.161854462,-0.465848578,0.074037304,-0.160982617,-0.192784905,-0.034478488,-1.146379024,0.868261387
19.91,4.014421268,0.651146054,-0.820100049,0.160977277,-0.466134713,0.074334185,-0.16031658,-0.191292439,-0.033895155,-1.148866408,0.868126511
19.92,4.015905863,0.646443607,-0.81931512,0.160100091,-0.466420849,0.074631065,-0.159650542,-0.189799972,-0.033311822,-1.151353792,0.867991636
19.93,4.017390457,0.64174116,-0.81853019,0.159222906,-0.466706985,0.074927946,-0.158984505,-0.188307505,-0.03272849,-1.153841177,0.86785676
19.94,4.018875051,0.637038713,-0.817745261,0.158345721,-0.466993121,0.075224827,-0.158318468,-0.186815039,-0.032145157,-1.156328561,0.867721884
19.95,4.020359646,0.632336266,-0.816960331,0.157468536,-0.467279256,0.075521708,-0.157652431,-0.185322572,-0.031561825,-1.158815946,0.867587008
19.96,4.02184424,0.627633819,-0.816175402,0.156591351,-0.467565392,0.075818589,-0.156986394,-0.183830105,-0.030978492,-1.16130333,0.867452133
19.97,4.023328835,0.622931372,-0.815390472,0.155714165,-0.467851528,0.07611547,-0.156320356,-0.182337639,-0.030395159,-1.163790715,0.867317257
19.98,4.024813429,0.618228925,-0.814605542,0.15483698,-0.468137663,0.076412351,-0.155654319,-0.180845172,-0.029811827,-1.166278099,0.867182381
19.99,4.026298023,0.613526478,-0.813820613,0.153959795,-0.468423799,0.076709232,-0.154988282,-0.179352705,-0.029228494,-1.168765484,0.867047506
20,4.028532739,0.60905551,-0.812585445,0.150637295,-0.469743883,0.091946316,-0.156101522,-0.17740172,-0.013121626,-1.17578174,0.873225724
20.01,4.029942321,0.604329915,-0.811845539,0.150004642,-0.469926624,0.090749177,-0.155257557,-0.175955105,-0.014090647,-1.177816237,0.872459539
20.02,4.031351904,0.59960432,-0.811105634,0.149371988,-0.470109365,0.089552038,-0.154413592,-0.17450849,-0.015059668,-1.179850735,0.871693354
20.03,4.032761486,0.594878725,-0.810365728,0.148739334,-0.470292106,0.088354898,-0.153569627,-0.173061876,-0.016028689,-1.181885232,0.870927169
20.04,4.034171068,0.59015313,-0.809625822,0.14810668,-0.470474847,0.087157759,-0.152725662,-0.171615261,-0.01699771,-1.183919729,0.870160984
20.05,4.03558065,0.585427535,-0.808885916,0.147474027,-0.470657588,0.08596062,-0.151881697,-0.170168646,-0.017966731,-1.185954226,0.869394798
20.06,4.036990232,0.58070194,-0.808146011,0.146841373,-0.470840329,0.08476348,-0.151037732,-0.168722031,-0.018935752,-1.187988724,0.868628613
20.07,4.038399814,0.575976345,-0.807406105,0.146208719,-0.471023069,0.083566341,-0.150193767,-0.167275416,-0.019904773,-1.190023221,0.867862428
20.08,4.039809397,0.57125075,-0.806666199,0.145576065,-0.47120581,0.082369202,-0.149349802,-0.165828802,-0.020873794,-1.192057718,0.867096243
20.09,4.041218979,0.566525155,-0.805926293,0.144943412,-0.471388551,0.081172062,-0.148505837,-0.164382187,-0.021842815,-1.194092215,0.866330058
20.1,4.043151135,0.561941205,-0.805159867,0.142192548,-0.472347918,0.056561254,-0.148936117,-0.162265583,-0.047194526,-1.199678725,0.884057901
20.11,4.04450846,0.557201446,-0.804422613,0.141771716,-0.472452996,0.057705481,-0.147964727,-0.160885967,-0.045725278,-1.201358021,0.881442313
20.12,4.045865784,0.552461687,-0.80368536,0.141350883,-0.472558075,0.058849709,-0.146993338,-0.159506351,-0.04425603,-1.203037317,0.878826725
20.13,4.047223109,0.547721927,-0.802948106,0.14093005,-0.472663153,0.059993937,-0.146021948,-0.158126735,-0.042786782,-1.204716613,0.876211137
20.14,4.048580434,0.542982168,-0.802210852,0.140509217,-0.472768231,0.061138164,-0.145050559,-0.15674712,-0.041317534,-1.206395909,0.873595549
20.15,4.049937759,0.538242408,-0.801473599,0.140088384,-0.47287331,0.062282392,-0.14407917,-0.155367504,-0.039848286,-1.208075205,0.870979961
20.16,4.051295083,0.533502649,-0.800736345,0.139667552,-0.472978388,0.063426619,-0.14310778,-0.153987888,-0.038379038,-1.209754501,0.868364373
20.17,4.052652408,0.528762889,-0.799999091,0.139246719,-0.473083466,0.064570847,-0.142136391,-0.152608272,-0.03690979,-1.211433797,0.865748785
20.18,4.054009733,0.52402313,-0.799261838,0.138825886,-0.473188545,0.065715074,-0.141165001,-0.151228656,-0.035440542,-1.213113093,0.863133197
20.19,4.055367058,0.51928337,-0.798524584,0.138405053,-0.473293623,0.066859302,-0.140193612,-0.14984904,-0.033971294,-1.214792389,0.860517609
20.2,4.057031113,0.514612954,-0.809677408,0.135823804,-0.474086087,-0.146914353,-0.14041125,-0.147777194,-0.24595068,-1.21928184,1.382868992
20.21,4.058357765,0.50986626,-0.807751146,0.135619012,-0.474122427,-0.124278337,-0.139320958,-0.146466801,-0.223136569,-1.22068012,1.327756707
20.22,4.059684416,0.505119566,-0.805824885,0.135414221,-0.474158767,-0.101642321,-0.138230666,-0.145156408,-0.200322457,-1.222078401,1.272644422
20.23,4.061011068,0.500372873,-0.803898623,0.13520943,-0.474195106,-0.079006306,-0.137140373,-0.143846015,-0.177508346,-1.223476681,1.217532137
20.24,4.06233772,0.495626179,-0.801972362,0.135004639,-0.474231446,-0.05637029,-0.136050081,-0.142535622,-0.154694234,-1.224874962,1.162419852
20.25,4.063664371,0.490879485,-0.800046101,0.134799848,-0.474267786,-0.033734274,-0.134959789,-0.141225229,-0.131880123,-1.226273243,1.107307567
20.26,4.064991023,0.486132791,-0.798119839,0.134595057,-0.474304126,-0.011098258,-0.133869497,-0.139914837,-0.109066011,-1.227671523,1.052195282
20.27,4.066317675,0.481386098,-0.796193578,0.134390265,-0.474340465,0.011537758,-0.132779205,-0.138604444,-0.0862519,-1.229069804,0.997082996
20.28,4.067644327,0.476639404,-0.794267316,0.134185474,-0.474376805,0.034173774,-0.131688913,-0.137294051,-0.063437788,-1.230468084,0.941970711
20.29,4.068970978,0.47189271,-0.792341055,0.133980683,-0.474413145,0.05680979,-0.130598621,-0.135983658,-0.040623677,-1.231866365,0.886858426
20.3,4.070498197,0.467161998,-0.792852315,0.133810375,-0.474816507,0.483415293,-0.128383554,-0.133729895,0.408974034,-1.23492905,0.450198856
20.31,4.071804792,0.462413706,-0.790682301,0.133602135,-0.474816145,0.46565436,-0.127405739,-0.132513839,0.389109785,-1.23616089,0.4332413
20.32,4.073111387,0.457665414,-0.788512288,0.133393896,-0.474815782,0.447893427,-0.126427924,-0.131297783,0.369245537,-1.23739273,0.416283743
20.33,4.074417982,0.452917122,-0.786342274,0.133185656,-0.47481542,0.430132494,-0.12545011,-0.130081727,0.349381289,-1.23862457,0.399326186
20.34,4.075724577,0.44816883,-0.784172261,0.132977417,-0.474815057,0.412371561,-0.124472295,-0.128865671,0.32951704,-1.23985641,0.38236863
20.35,4.077031172,0.443420538,-0.782002247,0.132769178,-0.474814695,0.394610628,-0.12349448,-0.127649615,0.309652792,-1.24108825,0.365411073
20.36,4.078337767,0.438672247,-0.779832234,0.132560938,-0.474814332,0.376849695,-0.122516666,-0.12643356,0.289788543,-1.242320091,0.348453517
20.37,4.079644362,0.433923955,-0.77766222,0.132352699,-0.47481397,0.359088763,-0.121538851,-0.125217504,0.269924295,-1.243551931,0.33149596
20.38,4.080950957,0.429175663,-0.775492207,0.132144459,-0.474813608,0.34132783,-0.120561036,-0.124001448,0.250060047,-1.244783771,0.314538403
20.39,4.082257552,0.424427371,-0.773322193,0.13193622,-0.474813245,0.323566897,-0.119583222,-0.122785392,0.230195798,-1.246015611,0.297580847
20.4,4.08374853,0.419678744,-0.767379413,0.131314244,-0.474766056,0.026042518,-0.118041329,-0.120306454,-0.089296144,-1.248264444,0.175067442
20.41,4.085036686,0.414930486,-0.765586676,0.131147379,-0.474770376,0.03625793,-0.117119922,-0.119216686,-0.079197623,-1.249394585,0.168665471
20.42,4.086324843,0.410182228,-0.763793939,0.130980513,-0.474774696,0.046473342,-0.116198515,-0.118126918,-0.069099102,-1.250524726,0.162263499
20.43,4.087613,0.405433969,-0.762001203,0.130813647,-0.474779016,0.056688753,-0.115277108,-0.117037151,-0.059000581,-1.251654867,0.155861527
20.44,4.088901156,0.400685711,-0.760208466,0.130646781,-0.474783337,0.066904165,-0.114355701,-0.115947383,-0.04890206,-1.252785008,0.149459555
20.45,4.090189313,0.395937452,-0.758415729,0.130479916,-0.474787657,0.077119577,-0.113434294,-0.114857616,-0.038803539,-1.253915149,0.143057583
20.46,4.09147747,0.391189194,-0.756622992,0.13031305,-0.474791977,0.087334988,-0.112512888,-0.113767848,-0.028705018,-1.25504529,0.136655612
20.47,4.092765626,0.386440936,-0.754830255,0.130146184,-0.474796297,0.0975504,-0.111591481,-0.112678081,-0.018606497,-1.256175431,0.13025364
20.48,4.094053783,0.381692677,-0.753037518,0.129979318,-0.474800617,0.107765812,-0.110670074,-0.111588313,-0.008507976,-1.257305571,0.123851668
20.49,4.09534194,0.376944419,-0.751244781,0.129812453,-0.474804938,0.117981223,-0.109748667,-0.110498545,0.001590545,-1.258435712,0.117449696
20.5,4.096814409,0.372201501,-0.74770233,0.130001485,-0.474776371,0.367499139,-0.107549955,-0.108286124,0.261090091,-1.260242409,0.06868865
20.51,4.098084135,0.367452709,-0.746084565,0.129799029,-0.47478398,0.3537843,-0.106756279,-0.107308622,0.246248509,-1.261304895,0.066522586
20.52,4.09935386,0.362703916,-0.7444668,0.129596574,-0.474791589,0.340069461,-0.105962602,-0.106331119,0.231406928,-1.26236738,0.064356521
20.53,4.100623585,0.357955124,-0.742849034,0.129394118,-0.474799198,0.326354623,-0.105168926,-0.105353617,0.216565346,-1.263429865,0.062190457
20.54,4.101893311,0.353206331,-0.741231269,0.129191663,-0.474806807,0.312639784,-0.10437525,-0.104376115,0.201723765,-1.26449235,0.060024393
20.55,4.103163036,0.348457539,-0.739613503,0.128989207,-0.474814415,0.298924945,-0.103581573,-0.103398613,0.186882183,-1.265554836,0.057858328
20.56,4.104432762,0.343708747,-0.737995738,0.128786751,-0.474822024,0.285210106,-0.102787897,-0.102421111,0.172040602,-1.266617321,0.055692264
20.57,4.105702487,0.338959954,-0.736377972,0.128584296,-0.474829633,0.271495268,-0.101994221,-0.101443609,0.15719902,-1.267679806,0.053526199
20.58,4.106972212,0.334211162,-0.734760207,0.12838184,-0.474837242,0.257780429,-0.101200544,-0.100466106,0.142357439,-1.268742292,0.051360135
20.59,4.108241938,0.329462369,-0.733142442,0.128179385,-0.474844851,0.24406559,-0.100406868,-0.099488604,0.127515857,-1.269804777,0.049194071
20.6,4.109708422,0.324730924,-0.728109776,0.127888159,-0.474642953,0.024351921,-0.098908285,-0.097324094,-0.108166136,-1.271143474,0.038020836
20.61,4.110958472,0.319980397,-0.7268335,0.127694581,-0.474671513,0.031236965,-0.0981851,-0.096465292,-0.100923677,-1.272178338,0.036755488
20.62,4.112208521,0.315229869,-0.725557225,0.127501002,-0.474700072,0.03812201,-0.097461914,-0.095606491,-0.093681217,-1.273213202,0.035490141
20.63,4.113458571,0.310479342,-0.724280949,0.127307423,-0.474728632,0.045007054,-0.096738728,-0.09474769,-0.086438757,-1.274248066,0.034224794
20.64,4.11470862,0.305728815,-0.723004674,0.127113845,-0.474757191,0.051892098,-0.096015543,-0.093888888,-0.079196297,-1.27528293,0.032959446
20.65,4.11595867,0.300978288,-0.721728399,0.126920266,-0.474785751,0.058777143,-0.095292357,-0.093030087,-0.071953838,-1.276317794,0.031694099
20.66,4.117208719,0.296227761,-0.720452123,0.126726688,-0.47481431,0.065662187,-0.094569171,-0.092171286,-0.064711378,-1.277352659,0.030428752
20.67,4.118458769,0.291477234,-0.719175848,0.126533109,-0.47484287,0.072547231,-0.093845985,-0.091312484,-0.057468918,-1.278387523,0.029163404
20.68,4.119708818,0.286726707,-0.717899573,0.126339531,-0.474871429,0.079432276,-0.0931228,-0.090453683,-0.050226458,-1.279422387,0.027898057
20.69,4.120958868,0.281976179,-0.716623297,0.126145952,-0.474899989,0.08631732,-0.092399614,-0.089594882,-0.042983998,-1.280457251,0.02663271
20.7,4.122425136,0.277266652,-0.714807077,0.126381217,-0.474682616,0.241702195,-0.090524399,-0.087631347,0.120000751,-1.281891798,0.020089659
20.71,4.123653564,0.272512025,-0.713584796,0.126144754,-0.474735769,0.233737256,-0.089916416,-0.086883019,0.111668982,-1.282886694,0.019352082
20.72,4.124881991,0.267757398,-0.712362515,0.125908291,-0.474788922,0.225772318,-0.089308433,-0.086134691,0.103337213,-1.28388159,0.018614505
20.73,4.126110419,0.26300277,-0.711140234,0.125671828,-0.474842074,0.217807379,-0.08870045,-0.085386363,0.095005444,-1.284876486,0.017876928
20.74,4.127338846,0.258248143,-0.709917953,0.125435365,-0.474895227,0.20984244,-0.088092468,-0.084638035,0.086673674,-1.285871382,0.017139351
20.75,4.128567274,0.253493516,-0.708695672,0.125198903,-0.47494838,0.201877502,-0.087484485,-0.083889707,0.078341905,-1.286866277,0.016401774
20.76,4.129795702,0.248738889,-0.707473392,0.12496244,-0.475001532,0.193912563,-0.086876502,-0.083141379,0.070010136,-1.287861173,0.015664197
20.77,4.131024129,0.243984262,-0.706251111,0.124725977,-0.475054685,0.185947624,-0.08626852,-0.082393051,0.061678367,-1.288856069,0.01492662
20.78,4.132252557,0.239229635,-0.70502883,0.124489514,-0.475107838,0.177982686,-0.085660537,-0.081644723,0.053346597,-1.289850965,0.014189043
20.79,4.133480984,0.234475008,-0.703806549,0.124253051,-0.47516099,0.170017747,-0.085052554,-0.080896395,0.045014828,-1.290845861,0.013451466
20.8,4.13493897,0.229780811,-0.700919781,0.123883794,-0.475071281,0.036043761,-0.083969382,-0.079256877,-0.097657757,-1.292186298,0.008500492
20.81,4.136144442,0.225020141,-0.699863949,0.123660611,-0.47513872,0.040679727,-0.083408918,-0.078597668,-0.092555445,-1.29314664,0.008184255
20.82,4.137349914,0.220259471,-0.698808116,0.123437427,-0.475206159,0.045315693,-0.082848454,-0.077938459,-0.087453133,-1.294106981,0.007868018
20.83,4.138555386,0.215498801,-0.697752284,0.123214243,-0.475273598,0.049951659,-0.082287991,-0.07727925,-0.08235082,-1.295067323,0.00755178
20.84,4.139760857,0.210738131,-0.696696452,0.12299106,-0.475341036,0.054587625,-0.081727527,-0.076620041,-0.077248508,-1.296027665,0.007235543
20.85,4.140966329,0.205977461,-0.69564062,0.122767876,-0.475408475,0.059223591,-0.081167063,-0.075960832,-0.072146195,-1.296988007,0.006919306
20.86,4.142171801,0.20121679,-0.694584788,0.122544692,-0.475475914,0.063859558,-0.080606599,-0.075301623,-0.067043883,-1.297948349,0.006603069
20.87,4.143377273,0.19645612,-0.693528956,0.122321509,-0.475543353,0.068495524,-0.080046135,-0.074642414,-0.061941571,-1.29890869,0.006286831
20.88,4.144582744,0.19169545,-0.692473124,0.122098325,-0.475610792,0.07313149,-0.079485672,-0.073983205,-0.056839258,-1.299869032,0.005970594
20.89,4.145788216,0.18693478,-0.691417291,0.121875141,-0.475678231,0.077767456,-0.078925208,-0.073323996,-0.051736946,-1.300829374,0.005654357
20.9,4.1472365,0.182255051,-0.688751923,0.122026539,-0.475482172,0.207313514,-0.077429699,-0.071742081,0.083377771,-1.302071434,0.003624297
20.91,4.148417691,0.177486287,-0.687857044,0.121765898,-0.475575961,0.199458471,-0.076962739,-0.071175142,0.075478843,-1.303003604,0.003479442
20.92,4.149598881,0.172717522,-0.686962166,0.121505256,-0.47566975,0.191603427,-0.07649578,-0.070608204,0.067579915,-1.303935774,0.003334587
20.93,4.150780072,0.167948758,-0.686067287,0.121244614,-0.475763538,0.183748384,-0.076028821,-0.070041266,0.059680987,-1.304867944,0.003189732
20.94,4.151961262,0.163179994,-0.685172409,0.120983972,-0.475857327,0.175893341,-0.075561862,-0.069474327,0.051782058,-1.305800114,0.003044877
20.95,4.153142453,0.15841123,-0.68427753,0.12072333,-0.475951116,0.168038298,-0.075094902,-0.068907389,0.04388313,-1.306732284,0.002900022
20.96,4.154323643,0.153642466,-0.683382652,0.120462688,-0.476044904,0.160183255,-0.074627943,-0.068340451,0.035984202,-1.307664454,0.002755167
20.97,4.155504834,0.148873702,-0.682487773,0.120202047,-0.476138693,0.152328211,-0.074160984,-0.067773512,0.028085274,-1.308596624,0.002610312
20.98,4.156686024,0.144104937,-0.681592895,0.119941405,-0.476232482,0.144473168,-0.073694025,-0.067206574,0.020186346,-1.309528794,0.002465457
20.99,4.157867215,0.139336173,-0.680698016,0.119680763,-0.47632627,0.136618125,-0.073227066,-0.066639636,0.012287418,-1.310460964,0.002320602
21,4.159300216,0.134664811,-0.675439675,0.119222272,-0.476357293,0.058931544,-0.072490996,-0.065442993,-0.073341976,-1.311800132,0.000962556
21.01,4.160456225,0.129886306,-0.674981142,0.118981415,-0.476457358,0.058059655,-0.072050948,-0.064939025,-0.073467857,-1.312691602,0.00093902
21.02,4.161612235,0.125107802,-0.67452261,0.118740558,-0.476557423,0.057187765,-0.071610899,-0.064435057,-0.073593739,-1.313583072,0.000915484
21.03,4.162768244,0.120329297,-0.674064078,0.118499701,-0.476657489,0.056315876,-0.071170851,-0.06393109,-0.07371962,-1.314474542,0.000891948
21.04,4.163924254,0.115550793,-0.673605546,0.118258844,-0.476757554,0.055443986,-0.070730803,-0.063427122,-0.073845502,-1.315366012,0.000868412
21.05,4.165080263,0.110772289,-0.673147014,0.118017988,-0.476857619,0.054572097,-0.070290755,-0.062923154,-0.073971383,-1.316257482,0.000844876
21.06,4.166236272,0.105993784,-0.672688482,0.117777131,-0.476957684,0.053700208,-0.069850707,-0.062419186,-0.074097265,-1.317148952,0.00082134
21.07,4.167392282,0.10121528,-0.672229949,0.117536274,-0.47705775,0.052828318,-0.069410659,-0.061915218,-0.074223147,-1.318040422,0.000797804
21.08,4.168548291,0.096436776,-0.671771417,0.117295417,-0.477157815,0.051956429,-0.06897061,-0.06141125,-0.074349028,-1.318931892,0.000774268
21.09,4.169704301,0.091658271,-0.671312885,0.11705456,-0.47725788,0.051084539,-0.068530562,-0.060907282,-0.07447491,-1.319823363,0.000750732
21.1,4.171091341,0.086982427,-0.670598121,0.116584934,-0.477320434,0.037899586,-0.067879235,-0.059861835,-0.087039736,-1.321346039,0.000670051
21.11,4.172224247,0.082193656,-0.670165212,0.116366954,-0.47742425,0.038259003,-0.067460314,-0.059412015,-0.085921723,-1.322174389,0.00065223
21.12,4.173357153,0.077404886,-0.669732303,0.116148974,-0.477528067,0.03861842,-0.067041394,-0.058962195,-0.08480371,-1.323002738,0.000634408
21.13,4.17449006,0.072616116,-0.669299394,0.115930994,-0.477631883,0.038977837,-0.066622474,-0.058512375,-0.083685697,-1.323831088,0.000616586
21.14,4.175622966,0.067827345,-0.668866485,0.115713014,-0.477735699,0.039337254,-0.066203554,-0.058062555,-0.082567684,-1.324659437,0.000598765
21.15,4.176755872,0.063038575,-0.668433576,0.115495034,-0.477839516,0.039696671,-0.065784633,-0.057612735,-0.081449672,-1.325487787,0.000580943
21.16,4.177888779,0.058249805,-0.668000667,0.115277054,-0.477943332,0.040056087,-0.065365713,-0.057162915,-0.080331659,-1.326316136,0.000563122
21.17,4.179021685,0.053461034,-0.667567758,0.115059073,-0.478047149,0.040415504,-0.064946793,-0.056713095,-0.079213646,-1.327144485,0.0005453
21.18,4.180154591,0.048672264,-0.667134849,0.114841093,-0.478150965,0.040774921,-0.064527873,-0.056263275,-0.078095633,-1.327972835,0.000527479
21.19,4.181287498,0.043883494,-0.66670194,0.114623113,-0.478254781,0.041134338,-0.064108952,-0.055813455,-0.07697762,-1.328801184,0.000509657
21.2,4.182623737,0.039199357,-0.664932887,0.114078244,-0.478355605,0.075405045,-0.063598001,-0.054910823,-0.040830304,-1.330501141,0.000369749
21.21,4.18373631,0.034400124,-0.664633592,0.113892953,-0.478459721,0.072373332,-0.063188284,-0.054506284,-0.043215222,-1.33124233,0.000364136
21.22,4.184848883,0.02960089,-0.664334298,0.113707662,-0.478563837,0.06934162,-0.062778567,-0.054101745,-0.045600139,-1.331983519,0.000358523
21.23,4.185961456,0.024801656,-0.664035003,0.113522371,-0.478667952,0.066309908,-0.06236885,-0.053697207,-0.047985056,-1.332724707,0.00035291
21.24,4.187074029,0.020002422,-0.663735709,0.113337079,-0.478772068,0.063278196,-0.061959132,-0.053292668,-0.050369973,-1.333465896,0.000347297
21.25,4.188186602,0.015203189,-0.663436414,0.113151788,-0.478876183,0.060246484,-0.061549415,-0.052888129,-0.052754891,-1.334207085,0.000341684
21.26,4.189299176,0.010403955,-0.66313712,0.112966497,-0.478980299,0.057214772,-0.061139698,-0.05248359,-0.055139808,-1.334948273,0.000336071
21.27,4.190411749,0.005604721,-0.662837826,0.112781206,-0.479084415,0.05418306,-0.060729981,-0.052079052,-0.057524725,-1.335689462,0.000330458
21.28,4.191524322,0.000805487,-0.662538531,0.112595915,-0.47918853,0.051151348,-0.060320264,-0.051674513,-0.059909643,-1.336430651,0.000324845
21.29,4.192636895,-0.003993747,-0.662239237,0.112410624,-0.479292646,0.048119636,-0.059910547,-0.051269974,-0.06229456,-1.337171839,0.000319232
21.3,4.193905622,-0.008693949,-0.660402012,0.111634677,-0.479486283,0.015212238,-0.059681768,-0.050550419,-0.09694008,-1.338836679,0.00051498
21.31,4.19500258,-0.013503086,-0.660256511,0.111508452,-0.479581447,0.015168094,-0.059253957,-0.050177381,-0.096098937,-1.339485503,0.000489231
21.32,4.196099537,-0.018312223,-0.660111009,0.111382226,-0.47967661,0.015123951,-0.058826146,-0.049804344,-0.095257794,-1.340134326,0.000463482
21.33,4.197196495,-0.02312136,-0.659965508,0.111256,-0.479771774,0.015079807,-0.058398335,-0.049431307,-0.094416651,-1.34078315,0.000437733
21.34,4.198293453,-0.027930497,-0.659820006,0.111129775,-0.479866937,0.015035664,-0.057970524,-0.04905827,-0.093575508,-1.341431974,0.000411984
21.35,4.19939041,-0.032739634,-0.659674505,0.111003549,-0.4799621,0.014991521,-0.057542713,-0.048685233,-0.092734365,-1.342080797,0.000386235
21.36,4.200487368,-0.037548771,-0.659529003,0.110877323,-0.480057264,0.014947377,-0.057114902,-0.048312196,-0.091893222,-1.342729621,0.000360486
21.37,4.201584325,-0.042357907,-0.659383502,0.110751098,-0.480152427,0.014903234,-0.056687091,-0.047939159,-0.091052079,-1.343378444,0.000334737
21.38,4.202681283,-0.047167044,-0.659238001,0.110624872,-0.480247591,0.01485909,-0.05625928,-0.047566122,-0.090210936,-1.344027268,0.000308988
21.39,4.20377824,-0.051976181,-0.659092499,0.110498647,-0.480342754,0.014814947,-0.055831469,-0.047193085,-0.089369793,-1.344676092,0.000283239
21.4,4.204971214,-0.056689215,-0.659265234,0.109706682,-0.480429208,0.007523197,-0.055641587,-0.046438302,-0.094935113,-1.347240334,-0.004999446
21.41,4.20605857,-0.061507962,-0.659087909,0.10964703,-0.480525243,0.008203814,-0.055189983,-0.046103439,-0.093453324,-1.347697616,-0.004499502
21.42,4.207145926,-0.066326709,-0.658910583,0.109587378,-0.480621277,0.008884431,-0.054738379,-0.045768577,-0.091971535,-1.348154898,-0.003999557
21.43,4.208233282,-0.071145456,-0.658733258,0.109527726,-0.480717311,0.009565048,-0.054286775,-0.045433714,-0.090489745,-1.348612179,-0.003499612
21.44,4.209320638,-0.075964203,-0.658555933,0.109468075,-0.480813346,0.010245666,-0.053835172,-0.045098852,-0.089007956,-1.349069461,-0.002999668
21.45,4.210407994,-0.08078295,-0.658378608,0.109408423,-0.48090938,0.010926283,-0.053383568,-0.04476399,-0.087526167,-1.349526743,-0.002499723
21.46,4.21149535,-0.085601698,-0.658201283,0.109348771,-0.481005414,0.0116069,-0.052931964,-0.044429127,-0.086044377,-1.349984024,-0.001999779
21.47,4.212582706,-0.090420445,-0.658023958,0.10928912,-0.481101449,0.012287517,-0.05248036,-0.044094265,-0.084562588,-1.350441306,-0.001499834
21.48,4.213670062,-0.095239192,-0.657846633,0.109229468,-0.481197483,0.012968134,-0.052028756,-0.043759402,-0.083080799,-1.350898588,-0.000999889
21.49,4.214757418,-0.100057939,-0.657669308,0.109169816,-0.481293518,0.013648751,-0.051577153,-0.04342454,-0.081599009,-1.351355869,-0.000499945
21.5,4.215847594,-0.104786215,-0.656812843,0.107891826,-0.481521199,0.041524298,-0.051892284,-0.042886463,-0.051440501,-1.355124843,0.008449144
21.51,4.216934668,-0.10961401,-0.656703432,0.107954008,-0.481604069,0.039485423,-0.051364006,-0.042571922,-0.052826383,-1.355250956,0.008104174
21.52,4.218021742,-0.114441804,-0.656594021,0.10801619,-0.481686939,0.037446547,-0.050835729,-0.042257381,-0.054212266,-1.355377068,0.007759204
21.53,4.219108816,-0.119269598,-0.65648461,0.108078372,-0.481769808,0.035407671,-0.050307452,-0.04194284,-0.055598149,-1.355503181,0.007414235
21.54,4.22019589,-0.124097392,-0.656375199,0.108140554,-0.481852678,0.033368795,-0.049779175,-0.041628299,-0.056984031,-1.355629293,0.007069265
21.55,4.221282964,-0.128925187,-0.656265788,0.108202737,-0.481935548,0.031329919,-0.049250897,-0.041313758,-0.058369914,-1.355755405,0.006724295
21.56,4.222370038,-0.133752981,-0.656156377,0.108264919,-0.482018417,0.029291043,-0.04872262,-0.040999217,-0.059755797,-1.355881518,0.006379325
21.57,4.223457112,-0.138580775,-0.656046966,0.108327101,-0.482101287,0.027252167,-0.048194343,-0.040684676,-0.061141679,-1.35600763,0.006034356
21.58,4.224544186,-0.143408569,-0.655937555,0.108389283,-0.482184156,0.025213291,-0.047666066,-0.040370135,-0.062527562,-1.356133743,0.005689386
21.59,4.22563126,-0.148236364,-0.655828144,0.108451465,-0.482267026,0.023174415,-0.047137788,-0.040055594,-0.063913445,-1.356259855,0.005344416
21.6,4.226589504,-0.152990608,-0.656087631,0.107193987,-0.482521845,-0.02702026,-0.047400894,-0.039598462,-0.114841009,-1.3600163,0.002363721
21.61,4.227689461,-0.157825757,-0.65594133,0.107388135,-0.48258752,-0.024243556,-0.046793479,-0.03929818,-0.111272724,-1.359779379,0.002282324
21.62,4.228789418,-0.162660906,-0.655795029,0.107582283,-0.482653194,-0.021466852,-0.046186063,-0.038997898,-0.107704438,-1.359542458,0.002200926
21.63,4.229889375,-0.167496055,-0.655648729,0.107776431,-0.482718869,-0.018690148,-0.045578648,-0.038697617,-0.104136153,-1.359305537,0.002119529
21.64,4.230989332,-0.172331205,-0.655502428,0.10797058,-0.482784544,-0.015913444,-0.044971232,-0.038397335,-0.100567867,-1.359068616,0.002038132
21.65,4.232089289,-0.177166354,-0.655356127,0.108164728,-0.482850218,-0.01313674,-0.044363816,-0.038097053,-0.096999582,-1.358831696,0.001956735
21.66,4.233189246,-0.182001503,-0.655209826,0.108358876,-0.482915893,-0.010360036,-0.043756401,-0.037796771,-0.093431296,-1.358594775,0.001875338
21.67,4.234289202,-0.186836653,-0.655063525,0.108553024,-0.482981568,-0.007583332,-0.043148985,-0.03749649,-0.08986301,-1.358357854,0.00179394
21.68,4.235389159,-0.191671802,-0.654917225,0.108747172,-0.483047242,-0.004806628,-0.04254157,-0.037196208,-0.086294725,-1.358120933,0.001712543
21.69,4.236489116,-0.196506951,-0.654770924,0.108941321,-0.483112917,-0.002029924,-0.041934154,-0.036895926,-0.082726439,-1.357884013,0.001631146
21.7,4.237318052,-0.201278103,-0.653516005,0.10759643,-0.483209717,0.078452916,-0.042258362,-0.036326487,0.002116268,-1.360948542,0.001101146
21.71,4.238445111,-0.206119652,-0.653480566,0.107944482,-0.483272279,0.073459007,-0.041557784,-0.036053121,-0.002442888,-1.360381477,0.001064609
21.72,4.23957217,-0.210961201,-0.653445127,0.108292534,-0.483334841,0.068465097,-0.040857206,-0.035779755,-0.007002045,-1.359814411,0.001028072
21.73,4.240699229,-0.21580275,-0.653409688,0.108640586,-0.483397403,0.063471188,-0.040156628,-0.035506389,-0.011561202,-1.359247345,0.000991535
21.74,4.241826288,-0.220644299,-0.653374249,0.108988638,-0.483459966,0.058477278,-0.03945605,-0.035233023,-0.016120358,-1.358680279,0.000954998
21.75,4.242953347,-0.225485848,-0.65333881,0.109336691,-0.483522528,0.053483368,-0.038755472,-0.034959657,-0.020679515,-1.358113213,0.000918461
21.76,4.244080406,-0.230327397,-0.653303371,0.109684743,-0.48358509,0.048489459,-0.038054894,-0.034686291,-0.025238672,-1.357546148,0.000881924
21.77,4.245207465,-0.235168946,-0.653267932,0.110032795,-0.483647652,0.043495549,-0.037354316,-0.034412925,-0.029797828,-1.356979082,0.000845387
21.78,4.246334524,-0.240010495,-0.653232493,0.110380847,-0.483710215,0.038501639,-0.036653738,-0.034139559,-0.034356985,-1.356412016,0.00080885
21.79,4.247461583,-0.244852044,-0.653197054,0.110728899,-0.483772777,0.03350773,-0.03595316,-0.033866193,-0.038916141,-1.35584495,0.000772313
21.8,4.248213079,-0.249639998,-0.656635694,0.110584225,-0.484015797,-0.140845973,-0.03504473,-0.033499919,-0.217394248,-1.357753988,0.000253678
21.81,4.249377694,-0.254486906,-0.656252848,0.11098155,-0.484060313,-0.128903903,-0.034364938,-0.033235844,-0.20456151,-1.356939311,0.000265351
21.82,4.250542309,-0.259333815,-0.655870001,0.111378875,-0.48410483,-0.116961834,-0.033685145,-0.032971769,-0.191728771,-1.356124635,0.000277024
21.83,4.251706924,-0.264180723,-0.655487154,0.111776199,-0.484149346,-0.105019764,-0.033005352,-0.032707693,-0.178896033,-1.355309959,0.000288697
21.84,4.252871539,-0.269027632,-0.655104307,0.112173524,-0.484193863,-0.093077694,-0.03232556,-0.032443618,-0.166063295,-1.354495283,0.00030037
21.85,4.254036154,-0.27387454,-0.65472146,0.112570849,-0.484238379,-0.081135625,-0.031645767,-0.032179543,-0.153230556,-1.353680607,0.000312043
21.86,4.25520077,-0.278721449,-0.654338613,0.112968173,-0.484282896,-0.069193555,-0.030965974,-0.031915468,-0.140397818,-1.352865931,0.000323716
21.87,4.256365385,-0.283568357,-0.653955766,0.113365498,-0.484327412,-0.057251485,-0.030286181,-0.031651392,-0.12756508,-1.352051255,0.000335389
21.88,4.25753,-0.288415266,-0.653572919,0.113762823,-0.484371928,-0.045309416,-0.029606389,-0.031387317,-0.114732341,-1.351236578,0.000347061
21.89,4.258694615,-0.293262174,-0.653190072,0.114160147,-0.484416445,-0.033367346,-0.028926596,-0.031123242,-0.101899603,-1.350421902,0.000358734
21.9,4.25935849,-0.29806695,-0.654849447,0.11243773,-0.484553566,0.176571204,-0.029686752,-0.030687697,0.121762354,-1.351516858,-0.000298292
21.91,4.26057318,-0.302918072,-0.654262378,0.113047029,-0.484588822,0.168713626,-0.028862965,-0.030440768,0.11351217,-1.350511218,-0.000219749
21.92,4.261787869,-0.307769193,-0.653675308,0.113656328,-0.484624078,0.160856047,-0.028039177,-0.03019384,0.105261987,-1.349505579,-0.000141206
21.93,4.263002558,-0.312620315,-0.653088239,0.114265627,-0.484659334,0.152998469,-0.02721539,-0.029946912,0.097011803,-1.34849994,-0.0000627
21.94,4.264217247,-0.317471437,-0.65250117,0.114874925,-0.48469459,0.14514089,-0.026391602,-0.029699984,0.08876162,-1.3474943,0.0000159
21.95,4.265431936,-0.322322559,-0.651914101,0.115484224,-0.484729846,0.137283312,-0.025567814,-0.029453055,0.080511436,-1.346488661,0.0000944
21.96,4.266646626,-0.327173681,-0.651327032,0.116093523,-0.484765102,0.129425734,-0.024744027,-0.029206127,0.072261253,-1.345483022,0.000172965
21.97,4.267861315,-0.332024803,-0.650739963,0.116702822,-0.484800358,0.121568155,-0.023920239,-0.028959199,0.064011069,-1.344477382,0.000251508
21.98,4.269076004,-0.336875924,-0.650152894,0.117312121,-0.484835614,0.113710577,-0.023096452,-0.028712271,0.055760886,-1.343471743,0.000330051
21.99,4.270290693,-0.341727046,-0.649565824,0.11792142,-0.48487087,0.105852999,-0.022272664,-0.028465343,0.047510702,-1.342466104,0.000408594
22,4.270863634,-0.346566693,-0.646473841,0.117887842,-0.485416508,-0.009058134,-0.021267966,-0.028481868,-0.07604322,-1.343044972,0.001778166
22.01,4.272142498,-0.351418962,-0.646137263,0.118561428,-0.485400726,-0.006210357,-0.020462269,-0.028208595,-0.07276303,-1.341880882,0.001727606
22.02,4.273421362,-0.356271231,-0.645800686,0.119235015,-0.485384943,-0.00336258,-0.019656573,-0.027935321,-0.069482839,-1.340716792,0.001677046
22.03,4.274700226,-0.361123501,-0.645464108,0.119908601,-0.485369161,-0.000514803,-0.018850876,-0.027662047,-0.066202649,-1.339552702,0.001626486
22.04,4.27597909,-0.36597577,-0.64512753,0.120582187,-0.485353379,0.002332974,-0.01804518,-0.027388774,-0.062922459,-1.338388612,0.001575926
22.05,4.277257954,-0.37082804,-0.644790952,0.121255774,-0.485337596,0.005180751,-0.017239483,-0.0271155,-0.059642268,-1.337224522,0.001525366
22.06,4.278536818,-0.375680309,-0.644454375,0.12192936,-0.485321814,0.008028528,-0.016433787,-0.026842227,-0.056362078,-1.336060432,0.001474806
22.07,4.279815682,-0.380532578,-0.644117797,0.122602947,-0.485306032,0.010876305,-0.01562809,-0.026568953,-0.053081888,-1.334896342,0.001424246
22.08,4.281094546,-0.385384848,-0.643781219,0.123276533,-0.485290249,0.013724083,-0.014822394,-0.026295679,-0.049801697,-1.333732252,0.001373686
22.09,4.28237341,-0.390237117,-0.643444642,0.12395012,-0.485274467,0.01657186,-0.014016697,-0.026022406,-0.046521507,-1.332568162,0.001323126
22.1,4.283652274,-0.395089387,-0.643108064,0.124623706,-0.485258685,0.019419637,-0.013211001,-0.025749132,-0.043241317,-1.331404072,0.001272566
22.11,4.284267577,-0.399982921,-0.645093614,0.124154328,-0.485804731,0.027084557,-0.012823142,-0.02579174,-0.032191813,-1.331536898,0.001076812
22.12,4.28562017,-0.404830606,-0.644499022,0.124954911,-0.485726523,0.029397096,-0.011971019,-0.025483369,-0.02977488,-1.330228706,0.001042385
22.13,4.286972763,-0.40967829,-0.64390443,0.125755493,-0.485648315,0.031709635,-0.011118896,-0.025174997,-0.027357946,-1.328920514,0.001007958
22.14,4.288325356,-0.414525974,-0.643309838,0.126556076,-0.485570108,0.034022174,-0.010266773,-0.024866625,-0.024941013,-1.327612322,0.00097353
22.15,4.289677949,-0.419373659,-0.642715246,0.127356658,-0.4854919,0.036334713,-0.00941465,-0.024558254,-0.02252408,-1.32630413,0.000939103
22.16,4.291030542,-0.424221343,-0.642120655,0.128157241,-0.485413692,0.038647252,-0.008562528,-0.024249882,-0.020107147,-1.324995938,0.000904676
22.17,4.292383136,-0.429069027,-0.641526063,0.128957824,-0.485335485,0.040959791,-0.007710405,-0.023941511,-0.017690213,-1.323687746,0.000870249
22.18,4.293735729,-0.433916712,-0.640931471,0.129758406,-0.485257277,0.04327233,-0.006858282,-0.023633139,-0.01527328,-1.322379555,0.000835821
22.19,4.295088322,-0.438764396,-0.640336879,0.130558989,-0.485179069,0.045584869,-0.006006159,-0.023324767,-0.012856347,-1.321071363,0.000801394
22.2,4.295546663,-0.443734029,-0.639037073,0.129424838,-0.486030574,0.108251371,-0.006236647,-0.023637736,0.052331482,-1.321673641,-0.062076318
22.21,4.296988681,-0.448569518,-0.638513003,0.130418893,-0.485859395,0.104528514,-0.005276263,-0.02326723,0.048471326,-1.320174402,-0.055826417
22.22,4.298430699,-0.453405008,-0.637988932,0.131412949,-0.485688216,0.100805657,-0.004315879,-0.022896725,0.044611169,-1.318675163,-0.049576515
22.23,4.299872718,-0.458240498,-0.637464862,0.132407005,-0.485517037,0.0970828,-0.003355495,-0.022526219,0.040751013,-1.317175924,-0.043326614
22.24,4.301314736,-0.463075987,-0.636940791,0.133401061,-0.485345858,0.093359942,-0.002395111,-0.022155714,0.036890857,-1.315676686,-0.037076713
22.25,4.302756754,-0.467911477,-0.63641672,0.134395117,-0.485174679,0.089637085,-0.001434727,-0.021785208,0.0330307,-1.314177447,-0.030826812
22.26,4.304198773,-0.472746966,-0.63589265,0.135389173,-0.485003501,0.085914228,-0.000474343,-0.021414702,0.029170544,-1.312678208,-0.024576911
22.27,4.305640791,-0.477582456,-0.635368579,0.136383229,-0.484832322,0.082191371,0.000486041,-0.021044197,0.025310387,-1.311178969,-0.01832701
22.28,4.307082809,-0.482417945,-0.634844509,0.137377285,-0.484661143,0.078468513,0.001446425,-0.020673691,0.021450231,-1.30967973,-0.012077108
22.29,4.308524828,-0.487253435,-0.634320438,0.138371341,-0.484489964,0.074745656,0.002406809,-0.020303185,0.017590075,-1.308180491,-0.005827207
22.3,4.308941796,-0.492304355,-0.635537168,0.138620687,-0.485262121,-0.038252768,0.003582867,-0.02050551,-0.099405805,-1.310419657,-0.423623863
22.31,4.310486319,-0.497118302,-0.634839018,0.139689214,-0.484996608,-0.031048068,0.004521684,-0.020077721,-0.091952389,-1.308546577,-0.374969306
22.32,4.312030842,-0.501932248,-0.634140867,0.140757741,-0.484731096,-0.023843369,0.005460501,-0.019649932,-0.084498973,-1.306673498,-0.326314749
22.33,4.313575366,-0.506746195,-0.633442716,0.141826268,-0.484465583,-0.016638669,0.006399317,-0.019222144,-0.077045557,-1.304800419,-0.277660192
22.34,4.315119889,-0.511560141,-0.632744566,0.142894795,-0.484200071,-0.00943397,0.007338134,-0.018794355,-0.069592141,-1.302927339,-0.229005635
22.35,4.316664412,-0.516374088,-0.632046415,0.143963322,-0.483934559,-0.00222927,0.00827695,-0.018366566,-0.062138725,-1.30105426,-0.180351079
22.36,4.318208936,-0.521188034,-0.631348264,0.145031849,-0.483669046,0.004975429,0.009215767,-0.017938778,-0.054685309,-1.299181181,-0.131696522
22.37,4.319753459,-0.526001981,-0.630650114,0.146100376,-0.483403534,0.012180128,0.010154584,-0.017510989,-0.047231893,-1.297308101,-0.083041965
22.38,4.321297983,-0.530815927,-0.629951963,0.147168903,-0.483138021,0.019384828,0.0110934,-0.0170832,-0.039778478,-1.295435022,-0.034387408
22.39,4.322842506,-0.535629874,-0.629253812,0.14823743,-0.482872509,0.026589527,0.012032217,-0.016655412,-0.032325062,-1.293561943,0.014267149
22.4,4.323130266,-0.540803709,-0.631944696,0.145415755,-0.484583546,0.110103678,0.010019649,-0.017776384,0.058891221,-1.297191702,-0.006020018
22.41,4.324800466,-0.545581666,-0.630907642,0.146873302,-0.484120379,0.109677432,0.011253604,-0.01719372,0.05796835,-1.294768339,0.049528711
22.42,4.326470666,-0.550359624,-0.629870588,0.148330849,-0.483657212,0.109251187,0.012487559,-0.016611055,0.05704548,-1.292344975,0.10507744
22.43,4.328140865,-0.555137582,-0.628833534,0.149788396,-0.483194044,0.108824941,0.013721514,-0.01602839,0.056122609,-1.289921612,0.16062617
22.44,4.329811065,-0.559915539,-0.62779648,0.151245943,-0.482730877,0.108398695,0.014955469,-0.015445725,0.055199738,-1.287498249,0.216174899
22.45,4.331481265,-0.564693497,-0.626759426,0.152703491,-0.482267709,0.10797245,0.016189424,-0.01486306,0.054276867,-1.285074886,0.271723628
22.46,4.333151464,-0.569471455,-0.625722372,0.154161038,-0.481804542,0.107546204,0.017423379,-0.014280396,0.053353996,-1.282651523,0.327272357
22.47,4.334821664,-0.574249412,-0.624685317,0.155618585,-0.481341375,0.107119958,0.018657334,-0.013697731,0.052431126,-1.28022816,0.382821087
22.48,4.336491863,-0.57902737,-0.623648263,0.157076132,-0.480878207,0.106693713,0.01989129,-0.013115066,0.051508255,-1.277804797,0.438369816
22.49,4.338162063,-0.583805328,-0.622611209,0.158533679,-0.48041504,0.106267467,0.021125245,-0.012532401,0.050585384,-1.275381434,0.493918545
22.5,4.338223384,-0.589145884,-0.620925228,0.157051899,-0.481961592,0.110294112,0.020653828,-0.013376791,0.053192533,-1.27865826,0.796123799
22.51,4.340054472,-0.593867581,-0.619953066,0.158803379,-0.481297453,0.109422577,0.02205832,-0.012651421,0.05191666,-1.275664878,0.827006876
22.52,4.341885559,-0.598589279,-0.618980905,0.160554859,-0.480633313,0.108551042,0.023462812,-0.011926051,0.050640788,-1.272671496,0.857889952
22.53,4.343716647,-0.603310977,-0.618008744,0.162306338,-0.479969174,0.107679508,0.024867305,-0.011200681,0.049364915,-1.269678114,0.888773029
22.54,4.345547734,-0.608032675,-0.617036582,0.164057818,-0.479305034,0.106807973,0.026271797,-0.01047531,0.048089042,-1.266684732,0.919656106
22.55,4.347378822,-0.612754373,-0.616064421,0.165809298,-0.478640895,0.105936438,0.027676289,-0.00974994,0.046813169,-1.26369135,0.950539183
22.56,4.349209909,-0.617476071,-0.615092259,0.167560778,-0.477976756,0.105064903,0.029080781,-0.00902457,0.045537296,-1.260697968,0.98142226
22.57,4.351040997,-0.622197768,-0.614120098,0.169312257,-0.477312616,0.104193369,0.030485274,-0.0082992,0.044261424,-1.257704586,1.012305337
22.58,4.352872084,-0.626919466,-0.613147936,0.171063737,-0.476648477,0.103321834,0.031889766,-0.007573829,0.042985551,-1.254711204,1.043188413
22.59,4.354703171,-0.631641164,-0.612175775,0.172815217,-0.475984338,0.102450299,0.033294258,-0.006848459,0.041709678,-1.251717821,1.07407149
22.6,4.356534259,-0.636362862,-0.611203614,0.174566697,-0.475320198,0.101578765,0.03469875,-0.006123089,0.040433805,-1.248724439,1.104954567
22.61,4.356676049,-0.641778364,-0.609121233,0.174154048,-0.476593648,0.107224206,0.035203157,-0.006682475,0.044526623,-1.250623692,1.320111152
22.62,4.358694836,-0.646422973,-0.60827243,0.176145987,-0.475714221,0.105628563,0.036707659,-0.005814354,0.042654229,-1.247086684,1.330519395
22.63,4.360713623,-0.651067581,-0.607423626,0.178137925,-0.474834794,0.104032919,0.038212161,-0.004946233,0.040781835,-1.243549676,1.340927637
22.64,4.36273241,-0.65571219,-0.606574822,0.180129863,-0.473955367,0.102437276,0.039716663,-0.004078112,0.038909441,-1.240012668,1.35133588
22.65,4.364751197,-0.660356798,-0.605726018,0.182121802,-0.47307594,0.100841633,0.041221164,-0.003209991,0.037037047,-1.236475659,1.361744123
22.66,4.366769985,-0.665001406,-0.604877215,0.18411374,-0.472196513,0.09924599,0.042725666,-0.00234187,0.035164653,-1.232938651,1.372152365
22.67,4.368788772,-0.669646015,-0.604028411,0.186105679,-0.471317086,0.097650347,0.044230168,-0.001473749,0.033292259,-1.229401643,1.382560608
22.68,4.370807559,-0.674290623,-0.603179607,0.188097617,-0.470437659,0.096054704,0.045734669,-0.000605628,0.031419865,-1.225864635,1.39296885
22.69,4.372826346,-0.678935232,-0.602330803,0.190089556,-0.469558232,0.09445906,0.047239171,0.000262493,0.029547471,-1.222327626,1.403377093
22.7,4.372762401,-0.684570039,-0.599710426,0.190367131,-0.470908394,0.096382731,0.048533812,-0.000230855,0.029321998,-1.223780455,1.482781759
22.71,4.374989461,-0.689115627,-0.59903878,0.192530506,-0.469806008,0.094435157,0.050059299,0.000773413,0.027284912,-1.219744463,1.486290359
22.72,4.377216522,-0.693661216,-0.598367133,0.194693881,-0.468703622,0.092487582,0.051584787,0.001777681,0.025247826,-1.215708471,1.489798959
22.73,4.379443582,-0.698206804,-0.597695487,0.196857255,-0.467601236,0.090540008,0.053110275,0.002781948,0.02321074,-1.211672479,1.49330756
22.74,4.381670642,-0.702752393,-0.597023841,0.19902063,-0.46649885,0.088592433,0.054635763,0.003786216,0.021173654,-1.207636487,1.49681616
22.75,4.383897703,-0.707297981,-0.596352194,0.201184005,-0.465396464,0.086644858,0.056161251,0.004790484,0.019136568,-1.203600495,1.50032476
22.76,4.386124763,-0.71184357,-0.595680548,0.20334738,-0.464294078,0.084697284,0.057686739,0.005794752,0.017099482,-1.199564503,1.503833361
22.77,4.388351824,-0.716389158,-0.595008901,0.205510754,-0.463191692,0.082749709,0.059212227,0.00679902,0.015062396,-1.195528511,1.507341961
22.78,4.390578884,-0.720934747,-0.594337255,0.207674129,-0.462089306,0.080802135,0.060737714,0.007803287,0.01302531,-1.191492519,1.510850561
22.79,4.392805944,-0.725480335,-0.593665608,0.209837504,-0.46098692,0.07885456,0.062263202,0.008807555,0.010988224,-1.187456527,1.514359162
22.8,4.392680372,-0.731317957,-0.585025482,0.208374782,-0.463716474,0.197327125,0.061688081,0.006984151,0.127334192,-1.187332144,1.541122273
22.81,4.395142695,-0.735734342,-0.585150683,0.210900766,-0.462230894,0.183337537,0.06342363,0.008271186,0.1134588,-1.182904992,1.542305423
22.82,4.397605019,-0.740150728,-0.585275885,0.213426751,-0.460745314,0.169347948,0.065159179,0.009558221,0.099583409,-1.178477839,1.543488572
22.83,4.400067343,-0.744567113,-0.585401086,0.215952735,-0.459259734,0.155358359,0.066894728,0.010845256,0.085708018,-1.174050686,1.544671721
22.84,4.402529666,-0.748983498,-0.585526288,0.21847872,-0.457774154,0.141368771,0.068630276,0.012132291,0.071832626,-1.169623533,1.54585487
22.85,4.40499199,-0.753399883,-0.585651489,0.221004704,-0.456288574,0.127379182,0.070365825,0.013419326,0.057957235,-1.16519638,1.547038019
22.86,4.407454314,-0.757816268,-0.585776691,0.223530689,-0.454802994,0.113389594,0.072101374,0.014706361,0.044081844,-1.160769227,1.548221169
22.87,4.409916637,-0.762232654,-0.585901893,0.226056673,-0.453317414,0.099400005,0.073836923,0.015993396,0.030206452,-1.156342075,1.549404318
22.88,4.412378961,-0.766649039,-0.586027094,0.228582657,-0.451831834,0.085410417,0.075572471,0.017280431,0.016331061,-1.151914922,1.550587467
22.89,4.414841285,-0.771065424,-0.586152296,0.231108642,-0.450346254,0.071420828,0.07730802,0.018567466,0.00245567,-1.147487769,1.551770616
22.9,4.415192743,-0.776809851,-0.590664835,0.242083408,-0.445521458,-0.310101959,0.089227899,0.024480752,-0.392828311,-1.145196801,2.13639172
22.91,4.417866153,-0.781093432,-0.590351302,0.243764514,-0.4443698,-0.287338228,0.089945015,0.025305162,-0.368562844,-1.14055603,2.079231074
22.92,4.420539563,-0.785377013,-0.59003777,0.245445621,-0.443218141,-0.264574496,0.090662131,0.026129572,-0.344297376,-1.135915258,2.022070428
22.93,4.423212973,-0.789660594,-0.589724238,0.247126727,-0.442066483,-0.241810765,0.091379246,0.026953982,-0.320031909,-1.131274487,1.964909782
22.94,4.425886384,-0.793944175,-0.589410706,0.248807833,-0.440914824,-0.219047034,0.092096362,0.027778392,-0.295766441,-1.126633716,1.907749135
22.95,4.428559794,-0.798227756,-0.589097174,0.250488939,-0.439763166,-0.196283302,0.092813478,0.028602802,-0.271500973,-1.121992944,1.850588489
22.96,4.431233204,-0.802511337,-0.588783641,0.252170046,-0.438611507,-0.173519571,0.093530593,0.029427212,-0.247235506,-1.117352173,1.793427843
22.97,4.433906614,-0.806794918,-0.588470109,0.253851152,-0.437459849,-0.15075584,0.094247709,0.030251622,-0.222970038,-1.112711402,1.736267196
22.98,4.436580025,-0.811078499,-0.588156577,0.255532258,-0.43630819,-0.127992109,0.094964825,0.031076032,-0.19870457,-1.10807063,1.67910655
22.99,4.439253435,-0.81536208,-0.587843045,0.257213364,-0.435156531,-0.105228377,0.09568194,0.031900442,-0.174439103,-1.103429859,1.621945904
23,4.439777843,-0.821241847,-0.587366813,0.24960284,-0.443037643,0.376062534,0.087824541,0.024516492,0.332619013,-1.100797765,0.610437419
23.01,4.442666153,-0.825365809,-0.587069551,0.252213109,-0.440982707,0.352973548,0.089399109,0.026161738,0.308605216,-1.095956126,0.648711557
23.02,4.445554464,-0.829489772,-0.586772288,0.254823379,-0.438927772,0.329884561,0.090973676,0.027806984,0.284591418,-1.091114487,0.686985694
23.03,4.448442774,-0.833613734,-0.586475026,0.257433648,-0.436872836,0.306795574,0.092548243,0.02945223,0.260577621,-1.086272848,0.725259832
23.04,4.451331085,-0.837737697,-0.586177764,0.260043917,-0.434817901,0.283706587,0.09412281,0.031097476,0.236563824,-1.081431209,0.763533969
23.05,4.454219395,-0.841861659,-0.585880502,0.262654187,-0.432762965,0.260617601,0.095697377,0.032742722,0.212550027,-1.07658957,0.801808107
23.06,4.457107706,-0.845985622,-0.585583239,0.265264456,-0.43070803,0.237528614,0.097271944,0.034387968,0.18853623,-1.071747931,0.840082245
23.07,4.459996016,-0.850109584,-0.585285977,0.267874725,-0.428653094,0.214439627,0.098846511,0.036033214,0.164522433,-1.066906292,0.878356382
23.08,4.462884327,-0.854233547,-0.584988715,0.270484994,-0.426598159,0.19135064,0.100421079,0.03767846,0.140508635,-1.062064653,0.91663052
23.09,4.465772637,-0.858357509,-0.584691452,0.273095264,-0.424543223,0.168261654,0.101995646,0.039323706,0.116494838,-1.057223014,0.954904657
23.1,4.468660948,-0.862481472,-0.58439419,0.275705533,-0.422488288,0.145172667,0.103570213,0.040968952,0.092481041,-1.052381374,0.993178795
23.11,4.469718875,-0.868135002,-0.586152966,0.288695404,-0.413875397,-0.334636487,0.116941492,0.050652874,-0.40986534,-1.048322322,1.753621379
23.12,4.472810561,-0.872089013,-0.585627255,0.290152384,-0.412549123,-0.306978788,0.117205313,0.051404934,-0.380731073,-1.043393729,1.711654578
23.13,4.475902248,-0.876043023,-0.585101544,0.291609364,-0.411222849,-0.27932109,0.117469135,0.052156994,-0.351596805,-1.038465136,1.669687777
23.14,4.478993934,-0.879997034,-0.584575833,0.293066345,-0.409896575,-0.251663391,0.117732956,0.052909053,-0.322462537,-1.033536543,1.627720976
23.15,4.48208562,-0.883951045,-0.584050122,0.294523325,-0.408570302,-0.224005693,0.117996778,0.053661113,-0.293328269,-1.02860795,1.585754175
23.16,4.485177307,-0.887905055,-0.583524411,0.295980305,-0.407244028,-0.196347995,0.118260599,0.054413173,-0.264194002,-1.023679356,1.543787374
23.17,4.488268993,-0.891859066,-0.5829987,0.297437285,-0.405917754,-0.168690296,0.11852442,0.055165232,-0.235059734,-1.018750763,1.501820574
23.18,4.49136068,-0.895813076,-0.582472989,0.298894265,-0.40459148,-0.141032598,0.118788242,0.055917292,-0.205925466,-1.01382217,1.459853773
23.19,4.494452366,-0.899767087,-0.581947278,0.300351246,-0.403265206,-0.113374899,0.119052063,0.056669352,-0.176791198,-1.008893577,1.417886972
23.2,4.495610438,-0.905642532,-0.581619845,0.292428009,-0.413974023,0.463470959,0.110199489,0.046138381,0.430665497,-1.00528567,0.547715997
23.21,4.498895486,-0.909404399,-0.581074307,0.294823011,-0.41144424,0.436209842,0.11137495,0.048018744,0.401967522,-1.000225008,0.588569614
23.22,4.502180534,-0.913166266,-0.580528768,0.297218013,-0.408914457,0.408948724,0.112550411,0.049899107,0.373269547,-0.995164346,0.62942323
23.23,4.505465581,-0.916928133,-0.579983229,0.299613015,-0.406384674,0.381687606,0.113725872,0.051779469,0.344571572,-0.990103685,0.670276847
23.24,4.508750629,-0.92069,-0.57943769,0.302008016,-0.403854892,0.354426489,0.114901333,0.053659832,0.315873597,-0.985043023,0.711130464
23.25,4.512035677,-0.924451867,-0.578892152,0.304403018,-0.401325109,0.327165371,0.116076793,0.055540195,0.287175622,-0.979982361,0.75198408
23.26,4.515320725,-0.928213734,-0.578346613,0.30679802,-0.398795326,0.299904254,0.117252254,0.057420557,0.258477647,-0.974921699,0.792837697
23.27,4.518605773,-0.931975601,-0.577801074,0.309193022,-0.396265543,0.272643136,0.118427715,0.05930092,0.229779672,-0.969861038,0.833691313
23.28,4.521890821,-0.935737468,-0.577255535,0.311588024,-0.39373576,0.245382019,0.119603176,0.061181283,0.201081697,-0.964800376,0.87454493
23.29,4.525175869,-0.939499335,-0.576709997,0.313983026,-0.391205978,0.218120901,0.120778637,0.063061646,0.172383722,-0.959739714,0.915398546
23.3,4.526445395,-0.945539553,-0.565424369,0.323900827,-0.383518102,-0.139560079,0.130652358,0.071980464,-0.215432091,-0.954534134,1.678153036
23.31,4.529931995,-0.949073585,-0.56595284,0.325543549,-0.381504129,-0.13377921,0.130957993,0.073156981,-0.208218282,-0.949487964,1.646816565
23.32,4.533418595,-0.952607617,-0.56648131,0.327186271,-0.379490155,-0.127998342,0.131263628,0.074333498,-0.201004473,-0.944441794,1.615480094
23.33,4.536905195,-0.956141649,-0.56700978,0.328828993,-0.377476181,-0.122217473,0.131569263,0.075510015,-0.193790664,-0.939395624,1.584143624
23.34,4.540391795,-0.959675681,-0.56753825,0.330471715,-0.375462208,-0.116436604,0.131874898,0.076686532,-0.186576856,-0.934349454,1.552807153
23.35,4.543878395,-0.963209713,-0.56806672,0.332114437,-0.373448234,-0.110655735,0.132180533,0.07786305,-0.179363047,-0.929303284,1.521470682
23.36,4.547364995,-0.966743745,-0.56859519,0.333757159,-0.371434261,-0.104874866,0.132486168,0.079039567,-0.172149238,-0.924257114,1.490134212
23.37,4.550851595,-0.970277777,-0.56912366,0.335399881,-0.369420287,-0.099093998,0.132791803,0.080216084,-0.164935429,-0.919210944,1.458797741
23.38,4.554338195,-0.973811809,-0.56965213,0.337042603,-0.367406314,-0.093313129,0.133097438,0.081392601,-0.15772162,-0.914164774,1.42746127
23.39,4.557824795,-0.977345842,-0.5701806,0.338685325,-0.36539234,-0.08753226,0.133403073,0.082569118,-0.150507812,-0.909118605,1.396124799
23.4,4.559761784,-0.982919653,-0.576924637,0.342316522,-0.363759372,-0.090440929,0.136002817,0.084541147,-0.144769731,-0.902578143,1.25908822
23.41,4.563403345,-0.986249707,-0.57683155,0.343760396,-0.361707298,-0.083791106,0.136079041,0.085638113,-0.13740835,-0.897681402,1.23832176
23.42,4.567044906,-0.989579762,-0.576738464,0.345204271,-0.359655224,-0.077141284,0.136155265,0.086735079,-0.130046968,-0.892784661,1.2175553
23.43,4.570686467,-0.992909816,-0.576645377,0.346648145,-0.35760315,-0.070491461,0.136231489,0.087832045,-0.122685586,-0.887887921,1.19678884
23.44,4.574328029,-0.99623987,-0.57655229,0.34809202,-0.355551076,-0.063841638,0.136307713,0.088929011,-0.115324204,-0.88299118,1.176022381
23.45,4.57796959,-0.999569924,-0.576459204,0.349535894,-0.353499002,-0.057191816,0.136383937,0.090025977,-0.107962823,-0.878094439,1.155255921
23.46,4.581611151,-1.002899978,-0.576366117,0.350979769,-0.351446928,-0.050541993,0.136460161,0.091122943,-0.100601441,-0.873197698,1.134489461
23.47,4.585252712,-1.006230032,-0.576273031,0.352423644,-0.349394854,-0.043892171,0.136536385,0.092219909,-0.093240059,-0.868300958,1.113723001
23.48,4.588894273,-1.009560086,-0.576179944,0.353867518,-0.347342779,-0.037242348,0.136612609,0.093316875,-0.085878678,-0.863404217,1.092956541
23.49,4.592535834,-1.01289014,-0.576086857,0.355311393,-0.345290705,-0.030592526,0.136688833,0.094413841,-0.078517296,-0.858507476,1.072190081
23.5,4.594694066,-1.018544383,-0.571648703,0.356012128,-0.348788388,0.195952355,0.136098142,0.091058016,0.156100526,-0.855670552,0.360792425
23.51,4.59848396,-1.021642018,-0.571990123,0.357530316,-0.346181339,0.180612672,0.136241057,0.092600261,0.140736264,-0.850567829,0.409089085
23.52,4.602273854,-1.024739653,-0.572331543,0.359048505,-0.343574289,0.165272989,0.136383973,0.094142506,0.125372001,-0.845465107,0.457385745
23.53,4.606063748,-1.027837288,-0.572672964,0.360566693,-0.340967239,0.149933305,0.136526888,0.095684752,0.110007739,-0.840362384,0.505682404
23.54,4.609853642,-1.030934924,-0.573014384,0.362084882,-0.338360189,0.134593622,0.136669804,0.097226997,0.094643476,-0.835259662,0.553979064
23.55,4.613643536,-1.034032559,-0.573355804,0.36360307,-0.335753139,0.119253939,0.136812719,0.098769242,0.079279214,-0.830156939,0.602275724
23.56,4.61743343,-1.037130194,-0.573697224,0.365121259,-0.33314609,0.103914255,0.136955635,0.100311487,0.063914952,-0.825054217,0.650572384
23.57,4.621223324,-1.04022783,-0.574038644,0.366639447,-0.33053904,0.088574572,0.13709855,0.101853732,0.048550689,-0.819951494,0.698869043
23.58,4.625013218,-1.043325465,-0.574380064,0.368157636,-0.32793199,0.073234889,0.137241466,0.103395977,0.033186427,-0.814848772,0.747165703
23.59,4.628803112,-1.0464231,-0.574721484,0.369675824,-0.32532494,0.057895205,0.137384381,0.104938222,0.017822165,-0.80974605,0.795462363
23.6,4.632593006,-1.049520735,-0.575062905,0.371194013,-0.322717891,0.042555522,0.137527297,0.106480467,0.002457902,-0.804643327,0.843759023
23.61,4.635254105,-1.05473175,-0.573417009,0.377311023,-0.315365215,-0.209152655,0.142397658,0.114156359,-0.26310269,-0.798637369,1.779672763
23.62,4.639169421,-1.057594566,-0.573979242,0.378318231,-0.313285457,-0.198229172,0.142015302,0.115017088,-0.25066736,-0.793635006,1.729345303
23.63,4.643084736,-1.060457381,-0.574541475,0.37932544,-0.311205699,-0.18730569,0.141632946,0.115877816,-0.23823203,-0.788632643,1.679017843
23.64,4.647000052,-1.063320196,-0.575103708,0.380332648,-0.309125941,-0.176382207,0.141250589,0.116738545,-0.2257967,-0.78363028,1.628690382
23.65,4.650915368,-1.066183011,-0.575665941,0.381339856,-0.307046183,-0.165458724,0.140868233,0.117599274,-0.21336137,-0.778627917,1.578362922
23.66,4.654830683,-1.069045827,-0.576228174,0.382347064,-0.304966425,-0.154535242,0.140485877,0.118460003,-0.200926041,-0.773625554,1.528035462
23.67,4.658745999,-1.071908642,-0.576790407,0.383354273,-0.302886667,-0.143611759,0.140103521,0.119320732,-0.188490711,-0.768623191,1.477708002
23.68,4.662661314,-1.074771457,-0.57735264,0.384361481,-0.300806909,-0.132688277,0.139721164,0.120181461,-0.176055381,-0.763620829,1.427380541
23.69,4.66657663,-1.077634273,-0.577914873,0.385368689,-0.298727151,-0.121764794,0.139338808,0.12104219,-0.163620051,-0.758618466,1.377053081
23.7,4.669451498,-1.082830715,-0.578879066,0.385835407,-0.301635605,0.099592042,0.138033605,0.117775435,0.071683962,-0.751865849,0.868407773
23.71,4.673470859,-1.085460167,-0.579401103,0.386896664,-0.299057026,0.08947219,0.137743533,0.119048912,0.061832424,-0.747038512,0.863912098
23.72,4.677490219,-1.08808962,-0.57992314,0.387957921,-0.296478447,0.079352337,0.137453462,0.120322389,0.051980885,-0.742211174,0.859416422
23.73,4.681509579,-1.090719073,-0.580445177,0.389019179,-0.293899867,0.069232484,0.13716339,0.121595867,0.042129347,-0.737383836,0.854920747
23.74,4.68552894,-1.093348525,-0.580967214,0.390080436,-0.291321288,0.059112631,0.136873319,0.122869344,0.032277808,-0.732556499,0.850425071
23.75,4.6895483,-1.095977978,-0.581489251,0.391141693,-0.288742709,0.048992778,0.136583247,0.124142821,0.022426269,-0.727729161,0.845929396
23.76,4.693567661,-1.09860743,-0.582011288,0.392202951,-0.286164129,0.038872925,0.136293175,0.125416298,0.012574731,-0.722901824,0.84143372
23.77,4.697587021,-1.101236883,-0.582533325,0.393264208,-0.28358555,0.028753073,0.136003104,0.126689776,0.002723192,-0.718074486,0.836938045
23.78,4.701606381,-1.103866336,-0.583055362,0.394325465,-0.281006971,0.01863322,0.135713032,0.127963253,-0.007128346,-0.713247148,0.832442369
23.79,4.705625742,-1.106495788,-0.583577399,0.395386723,-0.278428391,0.008513367,0.135422961,0.12923673,-0.016979885,-0.708419811,0.827946694
23.8,4.70875376,-1.111537798,-0.580835873,0.39976021,-0.272521702,-0.138733508,0.138155048,0.135111795,-0.173809984,-0.702069837,1.069643064
23.81,4.712862255,-1.113925995,-0.581684266,0.400490245,-0.270275934,-0.135140658,0.13756276,0.135925113,-0.168963667,-0.697394763,1.040528184
23.82,4.716970749,-1.116314192,-0.58253266,0.401220279,-0.268030165,-0.131547809,0.136970473,0.136738432,-0.164117349,-0.692719689,1.011413304
23.83,4.721079244,-1.118702389,-0.583381053,0.401950313,-0.265784397,-0.12795496,0.136378185,0.13755175,-0.159271032,-0.688044615,0.982298424
23.84,4.725187739,-1.121090586,-0.584229446,0.402680347,-0.263538629,-0.12436211,0.135785898,0.138365069,-0.154424714,-0.683369541,0.953183544
23.85,4.729296233,-1.123478783,-0.585077839,0.403410382,-0.26129286,-0.120769261,0.135193611,0.139178387,-0.149578397,-0.678694467,0.924068664
23.86,4.733404728,-1.12586698,-0.585926232,0.404140416,-0.259047092,-0.117176412,0.134601323,0.139991706,-0.144732079,-0.674019393,0.894953784
23.87,4.737513222,-1.128255177,-0.586774626,0.40487045,-0.256801324,-0.113583562,0.134009036,0.140805024,-0.139885762,-0.669344319,0.865838904
23.88,4.741621717,-1.130643374,-0.587623019,0.405600485,-0.254555556,-0.109990713,0.133416748,0.141618343,-0.135039444,-0.664669245,0.836724023
23.89,4.745730212,-1.13303157,-0.588471412,0.406330519,-0.252309787,-0.106397864,0.132824461,0.142431661,-0.130193127,-0.659994171,0.807609143
23.9,4.74914113,-1.137767819,-0.587859323,0.407605705,-0.252058907,-0.001738242,0.132185038,0.14206341,-0.01943372,-0.652625684,0.49485711
23.91,4.753319383,-1.139921211,-0.588853765,0.408281224,-0.24961365,-0.00825207,0.131597464,0.142994885,-0.025178711,-0.648219952,0.494105945
23.92,4.757497635,-1.142074603,-0.589848206,0.408956743,-0.247168393,-0.014765897,0.13100989,0.143926361,-0.030923703,-0.643814219,0.493354781
23.93,4.761675887,-1.144227994,-0.590842647,0.409632262,-0.244723136,-0.021279725,0.130422316,0.144857836,-0.036668694,-0.639408486,0.492603616
23.94,4.765854139,-1.146381386,-0.591837089,0.410307782,-0.242277879,-0.027793553,0.129834742,0.145789312,-0.042413686,-0.635002754,0.491852451
23.95,4.770032391,-1.148534778,-0.59283153,0.410983301,-0.239832622,-0.034307381,0.129247168,0.146720787,-0.048158677,-0.630597021,0.491101286
23.96,4.774210644,-1.15068817,-0.593825972,0.41165882,-0.237387365,-0.040821209,0.128659595,0.147652263,-0.053903669,-0.626191288,0.490350121
23.97,4.778388896,-1.152841561,-0.594820413,0.412334339,-0.234942108,-0.047335037,0.128072021,0.148583738,-0.05964866,-0.621785556,0.489598957
23.98,4.782567148,-1.154994953,-0.595814855,0.413009858,-0.23249685,-0.053848865,0.127484447,0.149515214,-0.065393652,-0.617379823,0.488847792
23.99,4.7867454,-1.157148345,-0.596809296,0.413685377,-0.230051593,-0.060362693,0.126896873,0.150446689,-0.071138643,-0.61297409,0.488096627
24,4.790315324,-1.161654459,-0.594290682,0.415675667,-0.225770698,-0.12689267,0.127036496,0.154145278,-0.142644776,-0.607512838,0.526696914
24.01,4.794554409,-1.163572578,-0.595636429,0.416219709,-0.223509005,-0.127404883,0.126376202,0.154800042,-0.141813653,-0.603212657,0.522010604
24.02,4.798793494,-1.165490698,-0.596982176,0.416763751,-0.221247312,-0.127917096,0.125715909,0.155454806,-0.14098253,-0.598912476,0.517324294
24.03,4.803032579,-1.167408817,-0.598327923,0.417307793,-0.218985618,-0.128429308,0.125055615,0.15610957,-0.140151408,-0.594612296,0.512637984
24.04,4.807271664,-1.169326937,-0.59967367,0.417851835,-0.216723925,-0.128941521,0.124395322,0.156764334,-0.139320285,-0.590312115,0.507951674
24.05,4.811510749,-1.171245056,-0.601019417,0.418395877,-0.214462232,-0.129453734,0.123735028,0.157419099,-0.138489163,-0.586011934,0.503265364
24.06,4.815749834,-1.173163176,-0.602365164,0.41893992,-0.212200538,-0.129965947,0.123074735,0.158073863,-0.13765804,-0.581711754,0.498579054
24.07,4.819988919,-1.175081296,-0.603710911,0.419483962,-0.209938845,-0.13047816,0.122414441,0.158728627,-0.136826918,-0.577411573,0.493892745
24.08,4.824228005,-1.176999415,-0.605056658,0.420028004,-0.207677152,-0.130990373,0.121754148,0.159383391,-0.135995795,-0.573111392,0.489206435
24.09,4.82846709,-1.178917535,-0.606402405,0.420572046,-0.205415458,-0.131502586,0.121093855,0.160038155,-0.135164673,-0.568811212,0.484520125
24.1,4.832706175,-1.180835654,-0.607748152,0.421116088,-0.203153765,-0.132014799,0.120433561,0.160692919,-0.13433355,-0.564511031,0.479833815
24.11,4.836491109,-1.184780019,-0.608292366,0.422353212,-0.20071585,-0.12571661,0.119872085,0.162113193,-0.125944015,-0.560543313,0.532933983
24.12,4.840780656,-1.186473001,-0.609727172,0.422820245,-0.198473736,-0.126985534,0.119200812,0.162682901,-0.125952716,-0.556206192,0.521826953
24.13,4.845070202,-1.188165982,-0.611161979,0.423287278,-0.196231623,-0.128254459,0.118529539,0.163252608,-0.125961417,-0.551869071,0.510719923
24.14,4.849359748,-1.189858963,-0.612596785,0.423754311,-0.19398951,-0.129523383,0.117858266,0.163822315,-0.125970118,-0.54753195,0.499612894
24.15,4.853649294,-1.191551944,-0.614031591,0.424221344,-0.191747397,-0.130792307,0.117186992,0.164392023,-0.125978819,-0.543194829,0.488505864
24.16,4.857938841,-1.193244925,-0.615466397,0.424688377,-0.189505284,-0.132061232,0.116515719,0.16496173,-0.125987521,-0.538857708,0.477398834
24.17,4.862228387,-1.194937906,-0.616901203,0.425155411,-0.187263171,-0.133330156,0.115844446,0.165531438,-0.125996222,-0.534520587,0.466291804
24.18,4.866517933,-1.196630888,-0.61833601,0.425622444,-0.185021058,-0.13459908,0.115173173,0.166101145,-0.126004923,-0.530183466,0.455184775
24.19,4.870807479,-1.198323869,-0.619770816,0.426089477,-0.182778945,-0.135868005,0.1145019,0.166670853,-0.126013624,-0.525846345,0.444077745
24.2,4.874666695,-1.202240778,-0.620030952,0.427278064,-0.180179843,-0.139022334,0.113880907,0.168167256,-0.127916431,-0.523298265,-0.017183146
24.21,4.878999275,-1.203711366,-0.621583226,0.427672941,-0.177973429,-0.140102718,0.113204606,0.168644294,-0.127735721,-0.51878224,0.01672521
24.22,4.883331854,-1.205181955,-0.623135499,0.428067819,-0.175767015,-0.141183102,0.112528305,0.169121332,-0.127555012,-0.514266215,0.050633566
24.23,4.887664433,-1.206652543,-0.624687772,0.428462697,-0.173560601,-0.142263485,0.111852003,0.16959837,-0.127374302,-0.50975019,0.084541923
24.24,4.891997013,-1.208123131,-0.626240045,0.428857574,-0.171354187,-0.143343869,0.111175702,0.170075408,-0.127193593,-0.505234165,0.118450279
24.25,4.896329592,-1.20959372,-0.627792318,0.429252452,-0.169147773,-0.144424253,0.110499401,0.170552445,-0.127012883,-0.50071814,0.152358636
24.26,4.900662171,-1.211064308,-0.629344591,0.42964733,-0.166941358,-0.145504637,0.1098231,0.171029483,-0.126832174,-0.496202115,0.186266992
24.27,4.90499475,-1.212534897,-0.630896864,0.430042207,-0.164734944,-0.146585021,0.109146798,0.171506521,-0.126651464,-0.49168609,0.220175348
24.28,4.90932733,-1.214005485,-0.632449138,0.430437085,-0.16252853,-0.147665405,0.108470497,0.171983559,-0.126470755,-0.487170065,0.254083705
24.29,4.913659909,-1.215476073,-0.634001411,0.430831963,-0.160322116,-0.148745788,0.107794196,0.172460597,-0.126290045,-0.48265404,0.287992061
24.3,4.917630852,-1.21913837,-0.634473831,0.431883575,-0.157821843,-0.149836914,0.107098328,0.173708531,-0.125939368,-0.479582532,0.685050513
24.31,4.921999595,-1.220389787,-0.636134089,0.432212779,-0.155644814,-0.150916224,0.106423984,0.17410848,-0.125775655,-0.474922055,0.68264386
24.32,4.926368338,-1.221641205,-0.637794348,0.432541984,-0.153467786,-0.151995534,0.105749639,0.174508428,-0.125611943,-0.470261579,0.680237207
24.33,4.930737081,-1.222892622,-0.639454606,0.432871188,-0.151290758,-0.153074843,0.105075294,0.174908376,-0.12544823,-0.465601102,0.677830554
24.34,4.935105824,-1.22414404,-0.641114865,0.433200392,-0.14911373,-0.154154153,0.104400949,0.175308324,-0.125284517,-0.460940625,0.6754239
24.35,4.939474567,-1.225395458,-0.642775123,0.433529596,-0.146936701,-0.155233462,0.103726605,0.175708272,-0.125120804,-0.456280149,0.673017247
24.36,4.94384331,-1.226646875,-0.644435382,0.4338588,-0.144759673,-0.156312772,0.10305226,0.17610822,-0.124957091,-0.451619672,0.670610594
24.37,4.948212052,-1.227898293,-0.64609564,0.434188004,-0.142582645,-0.157392082,0.102377915,0.176508168,-0.124793379,-0.446959195,0.668203941
24.38,4.952580795,-1.22914971,-0.647755898,0.434517208,-0.140405617,-0.158471391,0.101703571,0.176908117,-0.124629666,-0.442298718,0.665797288
24.39,4.956949538,-1.230401128,-0.649416157,0.434846413,-0.138228588,-0.159550701,0.101029226,0.177308065,-0.124465953,-0.437638242,0.663390634
24.4,4.961019912,-1.233813545,-0.650050026,0.435782739,-0.135732398,-0.161688545,0.100287659,0.178427123,-0.125197062,-0.434295265,0.704809943
24.41,4.965418492,-1.234848862,-0.651812923,0.436051231,-0.133587286,-0.162662001,0.099620036,0.17875516,-0.124943867,-0.429503038,0.698020694
24.42,4.969817072,-1.23588418,-0.65357582,0.436319723,-0.131442174,-0.163635457,0.098952414,0.179083197,-0.124690672,-0.424710812,0.691231444
24.43,4.974215652,-1.236919498,-0.655338718,0.436588215,-0.129297062,-0.164608913,0.098284792,0.179411234,-0.124437477,-0.419918585,0.684442195
24.44,4.978614231,-1.237954815,-0.657101615,0.436856707,-0.12715195,-0.165582369,0.097617169,0.179739271,-0.124184282,-0.415126358,0.677652946
24.45,4.983012811,-1.238990133,-0.658864513,0.437125198,-0.125006838,-0.166555826,0.096949547,0.180067308,-0.123931087,-0.410334132,0.670863696
24.46,4.987411391,-1.240025451,-0.66062741,0.43739369,-0.122861726,-0.167529282,0.096281924,0.180395346,-0.123677892,-0.405541905,0.664074447
24.47,4.991809971,-1.241060769,-0.662390307,0.437662182,-0.120716614,-0.168502738,0.095614302,0.180723383,-0.123424697,-0.400749678,0.657285198
24.48,4.996208551,-1.242096086,-0.664153205,0.437930674,-0.118571502,-0.169476194,0.094946679,0.18105142,-0.123171502,-0.395957451,0.650495948
24.49,5.000607131,-1.243131404,-0.665916102,0.438199166,-0.11642639,-0.17044965,0.094279057,0.181379457,-0.122918307,-0.391165225,0.643706699
24.5,5.004765925,-1.246289388,-0.667121992,0.439032057,-0.113843937,-0.179752417,0.093508211,0.182472872,-0.130741228,-0.387361274,0.399774679
24.51,5.009188484,-1.247112439,-0.66894059,0.439244109,-0.111742559,-0.179892942,0.092850911,0.182724371,-0.129680422,-0.38247022,0.416699706
24.52,5.013611042,-1.24793549,-0.670759188,0.439456161,-0.109641181,-0.180033468,0.092193611,0.182975871,-0.128619615,-0.377579165,0.433624734
24.53,5.018033601,-1.248758541,-0.672577787,0.439668213,-0.107539803,-0.180173993,0.091536311,0.18322737,-0.127558809,-0.372688111,0.450549762
24.54,5.022456159,-1.249581592,-0.674396385,0.439880265,-0.105438425,-0.180314518,0.090879011,0.183478869,-0.126498002,-0.367797057,0.46747479
24.55,5.026878717,-1.250404643,-0.676214983,0.440092317,-0.103337047,-0.180455043,0.090221711,0.183730369,-0.125437196,-0.362906002,0.484399817
24.56,5.031301276,-1.251227694,-0.678033581,0.440304369,-0.101235669,-0.180595568,0.089564411,0.183981868,-0.124376389,-0.358014948,0.501324845
24.57,5.035723834,-1.252050745,-0.679852179,0.440516421,-0.099134291,-0.180736093,0.088907111,0.184233367,-0.123315583,-0.353123894,0.518249873
24.58,5.040146393,-1.252873796,-0.681670777,0.440728473,-0.097032913,-0.180876618,0.088249811,0.184484867,-0.122254776,-0.348232839,0.535174901
24.59,5.044568951,-1.253696847,-0.683489375,0.440940525,-0.094931535,-0.181017143,0.087592511,0.184736366,-0.121193969,-0.343341785,0.552099928
24.6,5.04899151,-1.254519899,-0.685307973,0.441152577,-0.092830157,-0.181157668,0.08693521,0.184987865,-0.120133163,-0.338450731,0.569024956
24.61,5.053245103,-1.257235555,-0.686540649,0.441798712,-0.090769224,-0.172109529,0.086120423,0.185425269,-0.108928966,-0.334296725,0.749302865
24.62,5.057686435,-1.257848316,-0.68842435,0.441962533,-0.088663352,-0.173271017,0.085480622,0.185656112,-0.108995203,-0.329323776,0.748077573
24.63,5.062127767,-1.258461078,-0.69030805,0.442126354,-0.08655748,-0.174432504,0.08484082,0.185886956,-0.10906144,-0.324350828,0.74685228
24.64,5.0665691,-1.259073839,-0.692191751,0.442290174,-0.084451608,-0.175593992,0.084201019,0.186117799,-0.109127676,-0.319377879,0.745626988
24.65,5.071010432,-1.259686601,-0.694075452,0.442453995,-0.082345736,-0.17675548,0.083561217,0.186348642,-0.109193913,-0.31440493,0.744401696
24.66,5.075451764,-1.260299362,-0.695959152,0.442617815,-0.080239864,-0.177916968,0.082921416,0.187,-0.10926015,-0.309431982,0.743176403
24.67,5.079893097,-1.260912124,-0.697842853,0.442781636,-0.078133992,-0.179078456,0.082281614,0.187,-0.109326387,-0.304459033,0.741951111
24.68,5.084334429,-1.261524886,-0.699726553,0.442945457,-0.076028121,-0.180239944,0.081641813,0.187,-0.109392624,-0.299486085,0.740725819
24.69,5.088775761,-1.262137647,-0.701610254,0.443109277,-0.073922249,-0.181401431,0.081002011,0.187,-0.109458861,-0.294513136,0.739500526
24.7,5.093078305,-1.264842458,-0.702746089,0.443773023,-0.071555658,-0.190835736,0.080222333,0.188,-0.117864151,-0.290441679,0.610393068
24.71,5.097533516,-1.265246015,-0.704704576,0.443886851,-0.069475858,-0.191169942,0.079596519,0.188,-0.117096482,-0.285378581,0.621955992
24.72,5.101988727,-1.265649572,-0.706663063,0.444000679,-0.067396058,-0.191504148,0.078970705,0.188357795,-0.116328814,-0.280315483,0.633518917
24.73,5.106443939,-1.266053128,-0.70862155,0.444114507,-0.065316258,-0.191838354,0.078344892,0.188539482,-0.115561145,-0.275252385,0.645081841
24.74,5.11089915,-1.266456685,-0.710580038,0.444228335,-0.063236458,-0.19217256,0.077719078,0.188721169,-0.114793477,-0.270189288,0.656644765
24.75,5.115354361,-1.266860241,-0.712538525,0.444342163,-0.061156658,-0.192506767,0.077093264,0.188902856,-0.114025809,-0.26512619,0.668207689
24.76,5.119809572,-1.267263798,-0.714497012,0.444455991,-0.059076858,-0.192840973,0.07646745,0.189084543,-0.11325814,-0.260063092,0.679770613
24.77,5.124264783,-1.267667355,-0.716455499,0.444569819,-0.056997058,-0.193175179,0.075841636,0.18926623,-0.112490472,-0.254999995,0.691333538
24.78,5.128719994,-1.268070911,-0.718413986,0.444683648,-0.054917258,-0.193509385,0.075215823,0.189447918,-0.111722803,-0.249936897,0.702896462
24.79,5.133175206,-1.268474468,-0.720372473,0.444797476,-0.052837458,-0.193843591,0.074590009,0.189629605,-0.110955135,-0.244873799,0.714459386
24.8,5.137541745,-1.270944833,-0.722600993,0.445416982,-0.050511138,-0.206262889,0.073844059,0.190239499,-0.12150489,-0.240606727,0.713830324
24.81,5.142005823,-1.271141709,-0.724532477,0.445480242,-0.04845599,-0.205388586,0.073230259,0.190378365,-0.119605479,-0.235464026,0.726612447
24.82,5.146469901,-1.271338585,-0.726463961,0.445543502,-0.046400842,-0.204514283,0.072616458,0.190517232,-0.117706068,-0.230321326,0.73939457
24.83,5.15093398,-1.27153546,-0.728395445,0.445606763,-0.044345694,-0.20363998,0.072002658,0.190656098,-0.115806657,-0.225178626,0.752176692
24.84,5.155398058,-1.271732336,-0.730326929,0.445670023,-0.042290546,-0.202765678,0.071388858,0.190794964,-0.113907246,-0.220035926,0.764958815
24.85,5.159862137,-1.271929212,-0.732258413,0.445733283,-0.040235398,-0.201891375,0.070775058,0.190933831,-0.112007836,-0.214893225,0.777740938
24.86,5.164326215,-1.272126088,-0.734189897,0.445796544,-0.03818025,-0.201017072,0.070161258,0.191072697,-0.110108425,-0.209750525,0.790523061
24.87,5.168790293,-1.272322964,-0.736121381,0.445859804,-0.036125102,-0.200142769,0.069547457,0.191211563,-0.108209014,-0.204607825,0.803305184
24.88,5.173254372,-1.272519839,-0.738052865,0.445923064,-0.034069954,-0.199268466,0.068933657,0.19135043,-0.106309603,-0.199465125,0.816087306
24.89,5.17771845,-1.272716715,-0.739984349,0.445986325,-0.032014806,-0.198394163,0.068319857,0.191489296,-0.104410192,-0.194322425,0.828869429
24.9,5.182146208,-1.275056002,-0.73923244,0.446642803,-0.03189062,-0.126370013,0.067685475,0.189836067,-0.029461525,-0.19127598,0.70487022
24.91,5.186613918,-1.275038637,-0.741432263,0.446646742,-0.029642375,-0.132610695,0.067073733,0.190154143,-0.034867039,-0.185923654,0.731330476
24.92,5.191081629,-1.275021272,-0.743632086,0.44665068,-0.027394131,-0.138851377,0.066461991,0.190472219,-0.040272554,-0.180571328,0.757790732
24.93,5.195549339,-1.275003906,-0.745831909,0.446654619,-0.025145887,-0.145092058,0.065850249,0.190790295,-0.045678069,-0.175219003,0.784250988
24.94,5.20001705,-1.274986541,-0.748031733,0.446658557,-0.022897643,-0.15133274,0.065238506,0.191108371,-0.051083584,-0.169866677,0.810711244
24.95,5.20448476,-1.274969175,-0.750231556,0.446662496,-0.020649399,-0.157573422,0.064626764,0.191426447,-0.056489099,-0.164514351,0.8371715
24.96,5.208952471,-1.27495181,-0.752431379,0.446666434,-0.018401155,-0.163814103,0.064015022,0.191744523,-0.061894614,-0.159162025,0.863631756
24.97,5.213420181,-1.274934445,-0.754631202,0.446670373,-0.01615291,-0.170054785,0.06340328,0.192062599,-0.067300129,-0.153809699,0.890092012
24.98,5.217887892,-1.274917079,-0.756831026,0.446674311,-0.013904666,-0.176295466,0.062791538,0.192380675,-0.072705644,-0.148457374,0.916552268
24.99,5.222355602,-1.274899714,-0.759030849,0.44667825,-0.011656422,-0.182536148,0.062179796,0.192698751,-0.078111159,-0.143105048,0.943012524
25,5.22686746,-1.277137373,-0.758289091,0.447704437,-0.00965431,-0.254761925,0.061978561,0.19308877,-0.154907284,-0.141154401,1.188936953
25.01,5.231330755,-1.276894505,-0.760783072,0.447606151,-0.007381452,-0.254404097,0.061325768,0.193399652,-0.153173738,-0.135461908,1.193450792
25.02,5.235794051,-1.276651637,-0.763277054,0.447507864,-0.005108595,-0.254046269,0.060672976,0.193710533,-0.151440192,-0.129769414,1.19796463
25.03,5.240257347,-1.27640877,-0.765771035,0.447409578,-0.002835738,-0.253688441,0.060020183,0.194021415,-0.149706645,-0.12407692,1.202478469
25.04,5.244720643,-1.276165902,-0.768265016,0.447311292,-0.00056288,-0.253330613,0.05936739,0.194332296,-0.147973099,-0.118384427,1.206992308
25.05,5.249183939,-1.275923034,-0.770758998,0.447213005,0.001709977,-0.252972786,0.058714598,0.194643178,-0.146239553,-0.112691933,1.211506146
25.06,5.253647234,-1.275680166,-0.773252979,0.447114719,0.003982834,-0.252614958,0.058061805,0.194954059,-0.144506007,-0.106999439,1.216019985
25.07,5.25811053,-1.275437298,-0.77574696,0.447016433,0.006255692,-0.25225713,0.057409012,0.195264941,-0.142772461,-0.101306945,1.220533824
25.08,5.262573826,-1.275194431,-0.778240942,0.446918146,0.008528549,-0.251899302,0.05675622,0.195575823,-0.141038915,-0.095614452,1.225047662
25.09,5.267037122,-1.274951563,-0.780734923,0.44681986,0.010801407,-0.251541474,0.056103427,0.195886704,-0.139305369,-0.089921958,1.229561501
25.1,5.271500417,-1.274708695,-0.783228904,0.446721574,0.013074264,-0.251183646,0.055450634,0.196197586,-0.137571823,-0.084229464,1.23407534
25.11,5.276107684,-1.276580128,-0.786256879,0.447751184,0.014051977,-0.25506351,0.055338224,0.195493117,-0.138515777,-0.080927507,1.306583917
25.12,5.280554983,-1.276102338,-0.788691527,0.447527575,0.01646874,-0.254234827,0.054625389,0.195916815,-0.13648473,-0.074969398,1.303542784
25.13,5.285002282,-1.275624548,-0.791126176,0.447303967,0.018885502,-0.253406145,0.053912554,0.196340513,-0.134453684,-0.069011289,1.300501652
25.14,5.289449581,-1.275146758,-0.793560825,0.447080359,0.021302264,-0.252577462,0.053199719,0.196764211,-0.132422638,-0.06305318,1.29746052
25.15,5.29389688,-1.274668968,-0.795995474,0.446856751,0.023719027,-0.25174878,0.052486883,0.19718791,-0.130391592,-0.057095071,1.294419387
25.16,5.298344179,-1.274191177,-0.798430122,0.446633143,0.026135789,-0.250920097,0.051774048,0.197611608,-0.128360546,-0.051136962,1.291378255
25.17,5.302791478,-1.273713387,-0.800864771,0.446409535,0.028552551,-0.250091415,0.051061213,0.198035306,-0.1263295,-0.045178853,1.288337123
25.18,5.307238777,-1.273235597,-0.80329942,0.446185927,0.030969313,-0.249262732,0.050348378,0.198459004,-0.124298454,-0.039220744,1.285295991
25.19,5.311686076,-1.272757807,-0.805734069,0.445962318,0.033386076,-0.24843405,0.049635543,0.198882703,-0.122267408,-0.033262636,1.282254858
25.2,5.316422019,-1.274742808,-0.809405165,0.447045964,0.034962659,-0.255759136,0.049517126,0.198889921,-0.126359084,-0.028742121,1.305751268
25.21,5.320840454,-1.274018738,-0.811716169,0.446691631,0.03746344,-0.254115077,0.048744849,0.199355267,-0.123715766,-0.022640253,1.300056381
25.22,5.325258888,-1.273294669,-0.814027173,0.446337297,0.03996422,-0.252471017,0.047972572,0.199820613,-0.121072447,-0.016538384,1.294361495
25.23,5.329677323,-1.2725706,-0.816338177,0.445982964,0.042465,-0.250826958,0.047200295,0.20028596,-0.118429129,-0.010436516,1.288666608
25.24,5.334095758,-1.271846531,-0.818649181,0.44562863,0.04496578,-0.249182899,0.046428018,0.200751306,-0.115785811,-0.004334648,1.282971722
25.25,5.338514192,-1.271122462,-0.820960185,0.445274297,0.04746656,-0.247538839,0.045655741,0.201216652,-0.113142492,0.001767221,1.277276836
25.26,5.342932627,-1.270398393,-0.823271189,0.444919963,0.04996734,-0.24589478,0.044883464,0.201681998,-0.110499174,0.007869089,1.271581949
25.27,5.347351061,-1.269674324,-0.825582193,0.44456563,0.05246812,-0.24425072,0.044111186,0.202147345,-0.107855855,0.013970957,1.265887063
25.28,5.351769496,-1.268950255,-0.827893197,0.444211296,0.0549689,-0.242606661,0.043338909,0.202612691,-0.105212537,0.020072826,1.260192176
25.29,5.356187931,-1.268226185,-0.830204201,0.443856962,0.05746968,-0.240962602,0.042566632,0.203078037,-0.102569219,0.026174694,1.25449729
25.3,5.361030394,-1.270045476,-0.833801901,0.444902317,0.059190524,-0.232169785,0.042421766,0.203228793,-0.090133825,0.031794787,1.250680043
25.31,5.365406426,-1.269067071,-0.835984235,0.444408015,0.061769298,-0.231240601,0.041586748,0.203725598,-0.088469714,0.037944833,1.244797393
25.32,5.369782458,-1.268088666,-0.83816657,0.443913712,0.064348071,-0.230311418,0.04075173,0.204222404,-0.086805603,0.044094879,1.238914743
25.33,5.374158489,-1.26711026,-0.840348904,0.44341941,0.0669,-0.229382234,0.039916712,0.204719209,-0.085141492,0.050244924,1.233032092
25.34,5.378534521,-1.266131855,-0.842531239,0.442925108,0.0695,-0.22845305,0.039081694,0.205216014,-0.083477381,0.05639497,1.227149442
25.35,5.382910553,-1.26515345,-0.844713573,0.442430805,0.0721,-0.227523867,0.038246675,0.20571282,-0.081813271,0.062545016,1.221266791
25.36,5.387286584,-1.264175045,-0.846895908,0.441936503,0.0747,-0.226594683,0.037411657,0.206209625,-0.08014916,0.068695062,1.215384141
25.37,5.391662616,-1.26319664,-0.849078242,0.441442201,0.0772,-0.225665499,0.036576639,0.20670643,-0.078485049,0.074845108,1.20950149
25.38,5.396038648,-1.262218235,-0.851260577,0.440947899,0.079820714,-0.224736316,0.035741621,0.207203236,-0.076820938,0.080995154,1.20361884
25.39,5.400414679,-1.26123983,-0.853442912,0.440453596,0.082399488,-0.223807132,0.034906603,0.207700041,-0.075156827,0.0871452,1.197736189
25.4,5.405363301,-1.262889575,-0.855167963,0.441537629,0.084055076,-0.195147312,0.034814902,0.207770466,-0.04409797,0.093395128,1.194560386
25.41,5.409682073,-1.261648355,-0.857396026,0.440885493,0.086726168,-0.196991192,0.033905552,0.208309909,-0.045373334,0.099535186,1.18840705
25.42,5.414000846,-1.260407135,-0.859624088,0.440233358,0.08939726,-0.198835072,0.032996202,0.208849352,-0.046648697,0.105675244,1.182253715
25.43,5.418319619,-1.259165915,-0.861852151,0.439581222,0.092068353,-0.200678952,0.032086852,0.209388796,-0.047924061,0.111815301,1.17610038
25.44,5.422638392,-1.257924695,-0.864080214,0.438929086,0.094739445,-0.202522832,0.031177502,0.209928239,-0.049199425,0.117955359,1.169947045
25.45,5.426957164,-1.256683475,-0.866308277,0.43827695,0.097410538,-0.204366712,0.030268152,0.210467682,-0.050474789,0.124095416,1.16379371
25.46,5.431275937,-1.255442255,-0.86853634,0.437624814,0.10008163,-0.206210592,0.029358803,0.211007126,-0.051750153,0.130235474,1.157640375
25.47,5.43559471,-1.254201034,-0.870764403,0.436972678,0.102752722,-0.208054472,0.028449453,0.211546569,-0.053025517,0.136375531,1.15148704
25.48,5.439913482,-1.252959814,-0.872992466,0.436320542,0.105423815,-0.209898352,0.027540103,0.212086013,-0.054300881,0.142515589,1.145333705
25.49,5.444232255,-1.251718594,-0.875220529,0.435668407,0.108094907,-0.211742232,0.026630753,0.212625456,-0.055576245,0.148655647,1.139180369
25.5,5.449265174,-1.253103811,-0.877037944,0.43624233,0.11171999,-0.242249374,0.026038112,0.214658333,-0.086790234,0.155369151,1.085198869
25.51,5.453512532,-1.251599947,-0.879307071,0.435467588,0.114295683,-0.241226928,0.025097091,0.215048433,-0.085071736,0.161451864,1.08382835
25.52,5.45775989,-1.250096084,-0.881576199,0.434692846,0.116871377,-0.240204482,0.024156071,0.215438533,-0.083353237,0.167534577,1.082457832
25.53,5.462007248,-1.24859222,-0.883845327,0.433918104,0.11944707,-0.239182035,0.02321505,0.215828633,-0.081634738,0.17361729,1.081087313
25.54,5.466254607,-1.247088356,-0.886114455,0.433143363,0.122022763,-0.238159589,0.022274029,0.216218733,-0.07991624,0.179700003,1.079716795
25.55,5.470501965,-1.245584492,-0.888383582,0.432368621,0.124598457,-0.237137143,0.021333008,0.216608833,-0.078197741,0.185782716,1.078346276
25.56,5.474749323,-1.244080628,-0.89065271,0.431593879,0.12717415,-0.236114697,0.020391987,0.216998933,-0.076479242,0.191865429,1.076975757
25.57,5.478996681,-1.242576764,-0.892921838,0.430819137,0.129749843,-0.23509225,0.019450967,0.217389033,-0.074760743,0.197948141,1.075605239
25.58,5.483244039,-1.2410729,-0.895190965,0.430044396,0.132325537,-0.234069804,0.018509946,0.217779133,-0.073042245,0.204030854,1.07423472
25.59,5.487491397,-1.239569037,-0.897460093,0.429269654,0.13490123,-0.233047358,0.017568925,0.218169233,-0.071323746,0.210113567,1.072864202
25.6,5.492581655,-1.240622229,-0.900526663,0.42983127,0.137907169,-0.227523431,0.017023242,0.219379679,-0.063385268,0.217287202,1.062353032
25.61,5.496744723,-1.23886266,-0.902716047,0.428922893,0.140439838,-0.226951133,0.016042687,0.219687745,-0.062288767,0.223260823,1.061896579
25.62,5.500907791,-1.23710309,-0.90490543,0.428014515,0.142972507,-0.226378835,0.015062132,0.21999581,-0.061192266,0.229234444,1.061440125
25.63,5.505070859,-1.235343521,-0.907094814,0.427106138,0.145505176,-0.225806536,0.014081578,0.220303876,-0.060095765,0.235208064,1.060983672
25.64,5.509233927,-1.233583951,-0.909284197,0.42619776,0.148037844,-0.225234238,0.013101023,0.220611941,-0.058999265,0.241181685,1.060527218
25.65,5.513396995,-1.231824382,-0.911473581,0.425289382,0.150570513,-0.22466194,0.012120469,0.220920006,-0.057902764,0.247155305,1.060070765
25.66,5.517560063,-1.230064812,-0.913662964,0.424381005,0.153103182,-0.224089642,0.011139914,0.221228072,-0.056806263,0.253128926,1.059614311
25.67,5.521723131,-1.228305243,-0.915852348,0.423472627,0.155635851,-0.223517344,0.01015936,0.221536137,-0.055709762,0.259102547,1.059157858
25.68,5.5258862,-1.226545673,-0.918041731,0.42256425,0.158168519,-0.222945046,0.009178805,0.221844203,-0.054613262,0.265076167,1.058701404
25.69,5.530049268,-1.224786104,-0.920231115,0.421655872,0.160701188,-0.222372748,0.008198251,0.222152268,-0.053516761,0.271049788,1.05824495
25.7,5.535177149,-1.225515819,-0.923092038,0.421842361,0.164149349,-0.223784067,0.007332009,0.223683891,-0.0533,0.278567289,1.054724809
25.71,5.539243736,-1.223507321,-0.925214267,0.420824497,0.166590469,-0.223013407,0.006340023,0.223869601,-0.052122165,0.284386522,1.054574724
25.72,5.543310323,-1.221498823,-0.927336497,0.419806633,0.169031588,-0.222242747,0.005348037,0.224055311,-0.050936952,0.290205754,1.05442464
25.73,5.54737691,-1.219490325,-0.929458726,0.418788769,0.171472708,-0.221472087,0.004356051,0.22424102,-0.04975174,0.296024987,1.054274555
25.74,5.551443496,-1.217481827,-0.931580956,0.417770904,0.173913827,-0.220701427,0.003364065,0.22442673,-0.048566527,0.301844219,1.05412447
25.75,5.555510083,-1.215473329,-0.933703186,0.41675304,0.176354947,-0.219930767,0.002372079,0.22461244,-0.047381315,0.307663452,1.053974385
25.76,5.55957667,-1.213464831,-0.935825415,0.415735176,0.178796066,-0.219160107,0.001380094,0.224798149,-0.046196102,0.313482684,1.053824301
25.77,5.563643257,-1.211456333,-0.937947645,0.414717311,0.181237186,-0.218389448,0.000388108,0.224983859,-0.04501089,0.319301917,1.053674216
25.78,5.567709843,-1.209447835,-0.940069874,0.413699447,0.183678305,-0.217618788,-0.000603878,0.225169568,-0.043825677,0.32512115,1.053524131
25.79,5.57177643,-1.207439337,-0.942192104,0.412681583,0.186119425,-0.216848128,-0.001595864,0.225355278,-0.042640465,0.330940382,1.053374046
25.8,5.576906935,-1.207816104,-0.944833172,0.412472875,0.189868623,-0.211035676,-0.002770679,0.227034776,-0.035228248,0.339952197,1.046654368
25.81,5.58086713,-1.20556908,-0.946903518,0.411374095,0.192178935,-0.210769195,-0.003744382,0.227071107,-0.034665736,0.345452171,1.047161243
25.82,5.584827325,-1.203322055,-0.948973863,0.410275315,0.194489246,-0.210502714,-0.004718085,0.227107437,-0.034103224,0.350952145,1.047668118
25.83,5.58878752,-1.201075031,-0.951044209,0.409176535,0.196799558,-0.210236234,-0.005691788,0.227143768,-0.033540712,0.35645212,1.048174992
25.84,5.592747715,-1.198828006,-0.953114554,0.408077755,0.199109869,-0.209969753,-0.006665491,0.227180099,-0.0329782,0.361952094,1.048681867
25.85,5.59670791,-1.196580982,-0.9551849,0.406978975,0.201420181,-0.209703272,-0.007639193,0.22721643,-0.032415688,0.367452068,1.049188741
25.86,5.600668105,-1.194333957,-0.957255246,0.405880195,0.203730493,-0.209436791,-0.008612896,0.227252761,-0.031853176,0.372952043,1.049695616
25.87,5.6046283,-1.192086933,-0.959325591,0.404781415,0.206040804,-0.209170311,-0.009586599,0.227289091,-0.031290664,0.378452017,1.05020249
25.88,5.608588495,-1.189839908,-0.961395937,0.403682635,0.208351116,-0.20890383,-0.010560302,0.227325422,-0.030728152,0.383951992,1.050709365
25.89,5.61254869,-1.187592884,-0.963466283,0.402583855,0.210661428,-0.208637349,-0.011534005,0.227361753,-0.03016564,0.389451966,1.051216239
25.9,5.617605042,-1.187519485,-0.966088712,0.401311184,0.215835392,-0.214079851,-0.013655302,0.230298068,-0.034749598,0.399800639,1.06002901
25.91,5.621455621,-1.185055098,-0.968103849,0.400229793,0.217859339,-0.213242472,-0.014514246,0.2300444,-0.033672439,0.404815743,1.059705295
25.92,5.6253062,-1.182590711,-0.970118987,0.399148402,0.219883285,-0.212405093,-0.015373189,0.229790733,-0.03259528,0.409830848,1.05938158
25.93,5.629156779,-1.180126324,-0.972134124,0.398067011,0.221907231,-0.211567714,-0.016232132,0.229537065,-0.031518121,0.414845952,1.059057865
25.94,5.633007359,-1.177661937,-0.974149261,0.396985621,0.223931178,-0.210730335,-0.017091076,0.229283397,-0.030440962,0.419861057,1.05873415
25.95,5.636857938,-1.17519755,-0.976164398,0.39590423,0.225955124,-0.209892956,-0.017950019,0.22902973,-0.029363803,0.424876161,1.058410435
25.96,5.640708517,-1.172733163,-0.978179536,0.394822839,0.22797907,-0.209055577,-0.018808963,0.228776062,-0.028286644,0.429891266,1.05808672
25.97,5.644559097,-1.170268776,-0.980194673,0.393741448,0.230003017,-0.208218198,-0.019667906,0.228522395,-0.027209485,0.43490637,1.057763005
25.98,5.648409676,-1.167804388,-0.98220981,0.392660057,0.232026963,-0.207380819,-0.02052685,0.228268727,-0.026132326,0.439921475,1.05743929
25.99,5.652260255,-1.165340001,-0.984224947,0.391578666,0.234050909,-0.20654344,-0.021385793,0.228015059,-0.025055167,0.444936579,1.057115575
26,5.657169985,-1.164759435,-0.987054395,0.390024267,0.238818548,-0.205246857,-0.023576688,0.230251416,-0.022441645,0.454832406,1.054998954
26.01,5.66091465,-1.162106666,-0.988988101,0.388990177,0.240568125,-0.204455399,-0.024302437,0.229748746,-0.021518122,0.459359438,1.054854529
26.02,5.664659314,-1.159453896,-0.990921807,0.387956087,0.242317702,-0.20366394,-0.025028185,0.229246076,-0.0205946,0.463886471,1.054710105
26.03,5.668403978,-1.156801127,-0.992855513,0.386921997,0.244067279,-0.202872482,-0.025753933,0.228743406,-0.019671077,0.468413503,1.054565681
26.04,5.672148642,-1.154148358,-0.99478922,0.385887907,0.245816856,-0.202081023,-0.026479681,0.228240736,-0.018747554,0.472940535,1.054421256
26.05,5.675893306,-1.151495589,-0.996722926,0.384853817,0.247566433,-0.201289565,-0.02720543,0.227738066,-0.017824032,0.477467567,1.054276832
26.06,5.679637971,-1.14884282,-0.998656632,0.383819727,0.24931601,-0.200498106,-0.027931178,0.227235396,-0.016900509,0.481994599,1.054132407
26.07,5.683382635,-1.14619005,-1.000590338,0.382785637,0.251065587,-0.199706648,-0.028656926,0.226732726,-0.015976986,0.486521632,1.053987983
26.08,5.687127299,-1.143537281,-1.002524045,0.381751547,0.252815164,-0.198915189,-0.029382675,0.226230056,-0.015053463,0.491048664,1.053843559
26.09,5.690871963,-1.140884512,-1.004457751,0.380717458,0.254564741,-0.198123731,-0.030108423,0.225727386,-0.014129941,0.495575696,1.053699134
26.1,5.694616628,-1.138231743,-1.006391457,0.379683368,0.256314318,-0.197332272,-0.030834171,0.225224715,-0.013206418,0.500102728,1.05355471
26.11,5.699265605,-1.137043704,-1.008971731,0.378103743,0.260212648,-0.195227498,-0.032758627,0.226418394,-0.010138409,0.508628766,1.052587733
26.12,5.70290979,-1.134228187,-1.010833596,0.377130268,0.261723474,-0.194581963,-0.033351185,0.225727241,-0.009453163,0.512711465,1.052534703
26.13,5.706553975,-1.13141267,-1.012695461,0.376156793,0.263234301,-0.193936429,-0.033943744,0.225036088,-0.008767916,0.516794163,1.052481673
26.14,5.71019816,-1.128597153,-1.014557327,0.375183318,0.264745128,-0.193290894,-0.034536302,0.224344934,-0.00808267,0.520876861,1.052428644
26.15,5.713842345,-1.125781636,-1.016419192,0.374209843,0.266255955,-0.19264536,-0.035128861,0.223653781,-0.007397423,0.524959559,1.052375614
26.16,5.71748653,-1.122966119,-1.018281058,0.373236368,0.267766782,-0.191999825,-0.03572142,0.222962628,-0.006712177,0.529042258,1.052322585
26.17,5.721130715,-1.120150602,-1.020142923,0.372262893,0.269277609,-0.191354291,-0.036313978,0.222271474,-0.00602693,0.533124956,1.052269555
26.18,5.7247749,-1.117335085,-1.022004788,0.371289418,0.270788435,-0.190708756,-0.036906537,0.221580321,-0.005341684,0.537207654,1.052216525
26.19,5.728419085,-1.114519568,-1.023866654,0.370315943,0.272299262,-0.190063221,-0.037499095,0.220889168,-0.004656437,0.541290352,1.052163496
26.2,5.733001543,-1.113107862,-1.026345917,0.368624898,0.275900996,-0.188856381,-0.039401782,0.221597768,-0.002724638,0.549305982,1.051775473
26.21,5.736551901,-1.110151964,-1.028146043,0.36772318,0.277202732,-0.188266977,-0.039863328,0.22076664,-0.002164047,0.552995387,1.051755943
26.22,5.740102258,-1.107196066,-1.029946168,0.366821462,0.278504468,-0.187677573,-0.040324873,0.219935511,-0.001603456,0.556684792,1.051736413
26.23,5.743652616,-1.104240168,-1.031746294,0.365919744,0.279806204,-0.187088169,-0.040786419,0.219104382,-0.001042865,0.560374197,1.051716882
26.24,5.747202974,-1.10128427,-1.03354642,0.365018026,0.28110794,-0.186498765,-0.041247965,0.218273253,-0.000482274,0.564063602,1.051697352
26.25,5.750753331,-1.098328371,-1.035346545,0.364116308,0.282409677,-0.185909361,-0.041709511,0.217442125,0.0000783,0.567753007,1.051677822
26.26,5.754303689,-1.095372473,-1.037146671,0.363214589,0.283711413,-0.185319957,-0.042171056,0.216610996,0.000638909,0.571442412,1.051658291
26.27,5.757854047,-1.092416575,-1.038946796,0.362312871,0.285013149,-0.184730553,-0.042632602,0.215779867,0.0011995,0.575131817,1.051638761
26.28,5.761404404,-1.089460677,-1.040746922,0.361411153,0.286314885,-0.184141149,-0.043094148,0.214948739,0.001760091,0.578821222,1.051619231
26.29,5.764954762,-1.086504779,-1.042547048,0.360509435,0.287616621,-0.183551745,-0.043555693,0.21411761,0.002320683,0.582510627,1.0515997
26.3,5.769398715,-1.084796078,-1.041250308,0.359409356,0.29008133,-0.109236625,-0.044677146,0.213618325,0.077167581,0.589773204,1.051787949
26.31,5.772859713,-1.08171546,-1.04336012,0.358527474,0.291266769,-0.116019793,-0.045072701,0.212754012,0.070299542,0.593105292,1.051747641
26.32,5.776320711,-1.078634843,-1.045469932,0.357645592,0.292452208,-0.12280296,-0.045468256,0.211889699,0.063431502,0.59643738,1.051707333
26.33,5.779781709,-1.075554225,-1.047579744,0.35676371,0.293637646,-0.129586128,-0.045863811,0.211025386,0.056563463,0.599769468,1.051667024
26.34,5.783242707,-1.072473607,-1.049689557,0.355881828,0.294823085,-0.136369296,-0.046259366,0.210161073,0.049695423,0.603101556,1.051626716
26.35,5.786703705,-1.069392989,-1.051799369,0.354999946,0.296008524,-0.143152463,-0.046654921,0.20929676,0.042827384,0.606433644,1.051586408
26.36,5.790164703,-1.066312371,-1.053909181,0.354118064,0.297193963,-0.149935631,-0.047050476,0.208432446,0.035959344,0.609765732,1.0515461
26.37,5.793625702,-1.063231753,-1.056018993,0.353236182,0.298379402,-0.156718799,-0.047446031,0.207568133,0.029091305,0.61309782,1.051505791
26.38,5.7970867,-1.060151135,-1.058128805,0.3523543,0.29956484,-0.163501966,-0.047841586,0.20670382,0.022223265,0.616429908,1.051465483
26.39,5.800547698,-1.057070517,-1.060238617,0.351472418,0.300750279,-0.170285134,-0.048237141,0.205839507,0.015355226,0.619761996,1.051425175
26.4,5.804008696,-1.053989899,-1.062348429,0.350590536,0.301935718,-0.177068301,-0.048632696,0.204975194,0.008487186,0.623094083,1.051384867
26.41,5.808194946,-1.051835118,-1.061142519,0.348323569,0.305948062,-0.239634892,-0.050769335,0.206159904,-0.060345511,0.629275467,1.050941915
26.42,5.81157536,-1.04865163,-1.063620745,0.347595586,0.3068194,-0.240219901,-0.050971437,0.205067922,-0.060328589,0.632290967,1.050946345
26.43,5.814955775,-1.045468141,-1.066098971,0.346867602,0.307690738,-0.240804911,-0.051173538,0.203975939,-0.060311666,0.635306466,1.050950774
26.44,5.81833619,-1.042284652,-1.068577196,0.346139618,0.308562077,-0.24138992,-0.051375639,0.202883957,-0.060294744,0.638321966,1.050955204
26.45,5.821716604,-1.039101164,-1.071055422,0.345411635,0.309433415,-0.24197493,-0.05157774,0.201791974,-0.060277821,0.641337465,1.050959634
26.46,5.825097019,-1.035917675,-1.073533648,0.344683651,0.310304753,-0.242559939,-0.051779841,0.200699992,-0.060260899,0.644352965,1.050964064
26.47,5.828477434,-1.032734186,-1.076011874,0.343955667,0.311176091,-0.243144949,-0.051981943,0.19960801,-0.060243976,0.647368464,1.050968494
26.48,5.831857848,-1.029550698,-1.078490099,0.343227684,0.312047429,-0.243729958,-0.052184044,0.198516027,-0.060227054,0.650383964,1.050972924
26.49,5.835238263,-1.026367209,-1.080968325,0.3424997,0.312918767,-0.244314968,-0.052386145,0.197424045,-0.060210131,0.653399463,1.050977354
26.5,5.839286165,-1.023935546,-1.083528896,0.340533326,0.316122745,-0.258248407,-0.054028737,0.197572719,-0.073524716,0.659800538,1.051152202
26.51,5.842599831,-1.020676875,-1.085998887,0.339929182,0.316760819,-0.257498574,-0.054086789,0.196356671,-0.072174642,0.66247748,1.051139591
26.52,5.845913497,-1.017418204,-1.088468878,0.339325037,0.317398893,-0.25674874,-0.054144841,0.195140623,-0.070824569,0.665154422,1.051126979
26.53,5.849227163,-1.014159532,-1.090938869,0.338720893,0.318036968,-0.255998907,-0.054202894,0.193924575,-0.069474496,0.667831364,1.051114367
26.54,5.852540828,-1.010900861,-1.093408861,0.338116748,0.318675042,-0.255249073,-0.054260946,0.192708527,-0.068124423,0.670508306,1.051101755
26.55,5.855854494,-1.00764219,-1.095878852,0.337512603,0.319313116,-0.25449924,-0.054318998,0.191492478,-0.066774349,0.673185248,1.051089143
26.56,5.85916816,-1.004383518,-1.098348843,0.336908459,0.31995119,-0.253749407,-0.05437705,0.19027643,-0.065424276,0.67586219,1.051076531
26.57,5.862481826,-1.001124847,-1.100818834,0.336304314,0.320589265,-0.252999573,-0.054435102,0.189060382,-0.064074203,0.678539132,1.051063919
26.58,5.865795492,-0.997866176,-1.103288826,0.335700169,0.321227339,-0.25224974,-0.054493154,0.187844334,-0.06272413,0.681216074,1.051051307
26.59,5.869109158,-0.994607504,-1.105758817,0.335096025,0.321865413,-0.251499906,-0.054551206,0.186628286,-0.061374056,0.683893015,1.051038695
26.6,5.872422824,-0.991348833,-1.108228808,0.33449188,0.322503487,-0.250750073,-0.054609258,0.185412238,-0.060023983,0.686569957,1.051026083
26.61,5.876214724,-0.98856885,-1.112541805,0.332568421,0.325001067,-0.27336442,-0.056038871,0.184961252,-0.080823025,0.693110341,1.063901974
26.62,5.879475253,-0.985256991,-1.114807018,0.332110867,0.32543253,-0.270018567,-0.055944528,0.183660197,-0.077011939,0.695358012,1.062457306
26.63,5.882735782,-0.981945132,-1.11707223,0.331653313,0.325863992,-0.266672713,-0.055850184,0.182359142,-0.073200853,0.697605683,1.061012638
26.64,5.885996311,-0.978633273,-1.119337443,0.331195759,0.326295455,-0.26332686,-0.05575584,0.181058087,-0.069389767,0.699853353,1.059567971
26.65,5.88925684,-0.975321414,-1.121602656,0.330738204,0.326726917,-0.259981006,-0.055661497,0.179757032,-0.065578681,0.702101024,1.058123303
26.66,5.892517369,-0.972009556,-1.123867869,0.33028065,0.32715838,-0.256635153,-0.055567153,0.178455977,-0.061767595,0.704348694,1.056678635
26.67,5.895777897,-0.968697697,-1.126133082,0.329823096,0.327589842,-0.253289299,-0.055472809,0.177154922,-0.057956509,0.706596365,1.055233967
26.68,5.899038426,-0.965385838,-1.128398294,0.329365542,0.328021305,-0.249943446,-0.055378466,0.175853867,-0.054145423,0.708844035,1.0537893
26.69,5.902298955,-0.962073979,-1.130663507,0.328907988,0.328452767,-0.246597592,-0.055284122,0.174552812,-0.050334337,0.711091706,1.052344632
26.7,5.905956238,-0.959115903,-1.135465872,0.327251672,0.330379719,-0.227078694,-0.056294197,0.17344619,-0.02653912,0.718006002,1.72316067
26.71,5.909177092,-0.955768666,-1.137477369,0.326913994,0.330661632,-0.225350145,-0.056089411,0.172125692,-0.024726447,0.71978701,1.654489932
26.72,5.912397945,-0.952421429,-1.139488867,0.326576316,0.330943546,-0.223621596,-0.055884626,0.170805193,-0.022913774,0.721568018,1.585819193
26.73,5.915618799,-0.949074191,-1.141500365,0.326238638,0.33122546,-0.221893047,-0.05567984,0.169484695,-0.021101101,0.723349026,1.517148455
26.74,5.918839652,-0.945726954,-1.143511862,0.32590096,0.331507373,-0.220164498,-0.055475055,0.168164197,-0.019288428,0.725130034,1.448477717
26.75,5.922060505,-0.942379717,-1.14552336,0.325563282,0.331789287,-0.218435949,-0.055270269,0.166843698,-0.017475756,0.726911042,1.379806978
26.76,5.925281359,-0.93903248,-1.147534858,0.325225604,0.332071201,-0.2167074,-0.055065484,0.1655232,-0.015663083,0.72869205,1.31113624
26.77,5.928502212,-0.935685243,-1.149546355,0.324887926,0.332353114,-0.214978851,-0.054860698,0.164202701,-0.01385041,0.730473058,1.242465502
26.78,5.931723065,-0.932338005,-1.151557853,0.324550249,0.332635028,-0.213250302,-0.054655913,0.162882203,-0.012037737,0.732254066,1.173794763
26.79,5.934943919,-0.928990768,-1.153569351,0.324212571,0.332916942,-0.211521753,-0.054451127,0.161561705,-0.010225064,0.734035074,1.105124025
26.8,5.938444339,-0.925862074,-1.157231976,0.32273853,0.334412214,-0.208245469,-0.055177919,0.160134066,-0.005051983,0.740219027,0.581144115
26.81,5.941637236,-0.922492982,-1.159078361,0.322514488,0.334572792,-0.206671693,-0.054879976,0.158824282,-0.003575351,0.741559741,0.558004294
26.82,5.944830132,-0.919123891,-1.160924746,0.322290447,0.334733369,-0.205097918,-0.054582032,0.157514498,-0.002098719,0.742900454,0.534864473
26.83,5.948023029,-0.915754799,-1.162771131,0.322066405,0.334893947,-0.203524143,-0.054284089,0.156204713,-0.000622087,0.744241168,0.511724652
26.84,5.951215926,-0.912385708,-1.164617516,0.321842363,0.335054525,-0.201950367,-0.053986146,0.154894929,0.000854545,0.745581881,0.488584831
26.85,5.954408822,-0.909016616,-1.166463901,0.321618322,0.335215103,-0.200376592,-0.053688203,0.153585144,0.002331177,0.746922595,0.465445009
26.86,5.957601719,-0.905647525,-1.168310285,0.32139428,0.335375681,-0.198802816,-0.05339026,0.15227536,0.00380781,0.748263308,0.442305188
26.87,5.960794616,-0.902278433,-1.17015667,0.321170238,0.335536258,-0.197229041,-0.053092316,0.150965575,0.005284442,0.749604022,0.419165367
26.88,5.963987512,-0.898909342,-1.172003055,0.320946197,0.335696836,-0.195655265,-0.052794373,0.149655791,0.006761074,0.750944735,0.396025546
26.89,5.967180409,-0.89554025,-1.17384944,0.320722155,0.335857414,-0.19408149,-0.05249643,0.148346007,0.008237706,0.752285449,0.372885725
26.9,5.970373306,-0.892171159,-1.175695825,0.320498113,0.336017992,-0.192507715,-0.052198487,0.147036222,0.009714338,0.753626162,0.349745903
26.91,5.973723047,-0.888903114,-1.178928863,0.319406283,0.33700923,-0.19033942,-0.052500183,0.145378292,0.013114458,0.758427747,0.188686111
26.92,5.976898516,-0.885522795,-1.180621175,0.319278663,0.337077512,-0.188831702,-0.052135613,0.14410719,0.014377369,0.759383919,0.180870731
26.93,5.980073986,-0.882142476,-1.182313487,0.319151042,0.337145794,-0.187323984,-0.051771044,0.142836089,0.01564028,0.760340092,0.173055351
26.94,5.983249455,-0.878762157,-1.1840058,0.319023421,0.337214077,-0.185816266,-0.051406474,0.141564987,0.016903192,0.761296264,0.165239971
26.95,5.986424925,-0.875381838,-1.185698112,0.3188958,0.337282359,-0.184308549,-0.051041904,0.140293886,0.018166103,0.762252436,0.157424591
26.96,5.989600395,-0.872001519,-1.187390424,0.31876818,0.337350641,-0.182800831,-0.050677334,0.139022784,0.019429014,0.763208608,0.149609211
26.97,5.992775864,-0.868621201,-1.189082736,0.318640559,0.337418923,-0.181293113,-0.050312764,0.137751683,0.020691925,0.76416478,0.141793831
26.98,5.995951334,-0.865240882,-1.190775049,0.318512938,0.337487205,-0.179785396,-0.049948194,0.136480581,0.021954836,0.765120952,0.133978451
26.99,5.999126803,-0.861860563,-1.192467361,0.318385317,0.337555488,-0.178277678,-0.049583625,0.135209479,0.023217747,0.766077125,0.126163071
27,6.002389545,-0.858511953,-1.195626089,0.317482945,0.338323252,-0.17594416,-0.049629236,0.133366758,0.02656937,0.77024038,0.066617121
27.01,6.005556287,-0.855128464,-1.19717176,0.3174328,0.338321586,-0.174519022,-0.049223649,0.132152819,0.02762341,0.770875844,0.063974799
27.02,6.00872303,-0.851744974,-1.198717431,0.317382654,0.33831992,-0.173093885,-0.048818061,0.130938879,0.02867745,0.771511308,0.061332476
27.03,6.011889772,-0.848361484,-1.200263101,0.317332508,0.338318254,-0.171668747,-0.048412473,0.12972494,0.02973149,0.772146772,0.058690153
27.04,6.015056515,-0.844977994,-1.201808772,0.317282363,0.338316588,-0.170243609,-0.048006885,0.128511,0.03078553,0.772782236,0.05604783
27.05,6.018223257,-0.841594505,-1.203354443,0.317232217,0.338314922,-0.168818472,-0.047601297,0.12729706,0.03183957,0.773417699,0.053405507
27.06,6.021389999,-0.838211015,-1.204900113,0.317182072,0.338313256,-0.167393334,-0.047195709,0.126083121,0.032893609,0.774053163,0.050763184
27.07,6.024556742,-0.834827525,-1.206445784,0.317131926,0.33831159,-0.165968196,-0.046790121,0.124869181,0.033947649,0.774688627,0.048120861
27.08,6.027723484,-0.831444036,-1.207991455,0.317081781,0.338309924,-0.164543059,-0.046384533,0.123655241,0.035001689,0.775324091,0.045478538
27.09,6.030890226,-0.828060546,-1.209537125,0.317031635,0.338308258,-0.163117921,-0.045978945,0.122441302,0.036055729,0.775959555,0.042836215
27.1,6.034056969,-0.824677056,-1.211082796,0.316981489,0.338306592,-0.161692784,-0.045573357,0.121227362,0.037109769,0.776595018,0.040193892
27.11,6.037241337,-0.821266951,-1.213879529,0.316411815,0.338786017,-0.159636507,-0.045322268,0.119401968,0.039743584,0.779505524,0.021833949
27.12,6.040406121,-0.817886419,-1.215286193,0.316419395,0.338730896,-0.158281496,-0.044899513,0.118255968,0.040622093,0.779888206,0.020938028
27.13,6.043570905,-0.814505886,-1.216692856,0.316426975,0.338675776,-0.156926485,-0.044476759,0.117109967,0.041500603,0.780270887,0.020042108
27.14,6.046735689,-0.811125354,-1.21809952,0.316434555,0.338620655,-0.155571474,-0.044054004,0.115963967,0.042379112,0.780653568,0.019146187
27.15,6.049900473,-0.807744821,-1.219506184,0.316442134,0.338565535,-0.154216463,-0.04363125,0.114817967,0.043257622,0.78103625,0.018250266
27.16,6.053065257,-0.804364289,-1.220912848,0.316449714,0.338510414,-0.152861452,-0.043208495,0.113671967,0.044136131,0.781418931,0.017354346
27.17,6.056230041,-0.800983756,-1.222319511,0.316457294,0.338455293,-0.151506441,-0.042785741,0.112525967,0.04501464,0.781801612,0.016458425
27.18,6.059394825,-0.797603224,-1.223726175,0.316464874,0.338400173,-0.150151429,-0.042362986,0.111379966,0.04589315,0.782184294,0.015562505
27.19,6.062559609,-0.794222691,-1.225132839,0.316472454,0.338345052,-0.148796418,-0.041940231,0.110233966,0.046771659,0.782566975,0.014666584
27.2,6.06569658,-0.790765551,-1.227960931,0.31610959,0.338703549,-0.14876979,-0.041465166,0.108355583,0.047200295,0.784821631,0.007929338
27.21,6.068864145,-0.787392679,-1.229225452,0.316154214,0.338607067,-0.14728194,-0.041047643,0.107282821,0.048123792,0.785017115,0.00761755
27.22,6.07203171,-0.784019807,-1.230489973,0.316198838,0.338510585,-0.145794091,-0.040630119,0.106210059,0.049047289,0.785212598,0.007305762
27.23,6.075199275,-0.780646936,-1.231754494,0.316243462,0.338414103,-0.144306242,-0.040212596,0.105137297,0.049970786,0.785408082,0.006993974
27.24,6.078366841,-0.777274064,-1.233019015,0.316288086,0.33831762,-0.142818392,-0.039795072,0.104064536,0.050894282,0.785603566,0.006682186
27.25,6.081534406,-0.773901192,-1.234283536,0.316332711,0.338221138,-0.141330543,-0.039377549,0.102991774,0.051817779,0.78579905,0.006370398
27.26,6.084701971,-0.77052832,-1.235548057,0.316377335,0.338124656,-0.139842694,-0.038960025,0.101919012,0.052741276,0.785994534,0.00605861
27.27,6.087869536,-0.767155449,-1.236812578,0.316421959,0.338028173,-0.138354845,-0.038542502,0.10084625,0.053664772,0.786190018,0.005746821
27.28,6.091037101,-0.763782577,-1.238077099,0.316466583,0.337931691,-0.136866995,-0.038124978,0.099773488,0.054588269,0.786385502,0.005435033
27.29,6.094204667,-0.760409705,-1.23934162,0.316511207,0.337835209,-0.135379146,-0.037707455,0.098700726,0.055511766,0.786580986,0.005123245
27.3,6.0973174,-0.756922727,-1.241919449,0.316385665,0.338081043,-0.130400484,-0.037042575,0.096897518,0.060849571,0.788049188,0.002753434
27.31,6.100490448,-0.753561266,-1.243052639,0.316447305,0.337950329,-0.129261716,-0.036649787,0.095897801,0.061331637,0.7881174,0.002647448
27.32,6.103663497,-0.750199805,-1.244185829,0.316508946,0.337819615,-0.128122948,-0.036256999,0.094898083,0.061813703,0.788185612,0.002541463
27.33,6.106836545,-0.746838344,-1.245319019,0.316570587,0.337688901,-0.12698418,-0.035864211,0.093898366,0.062295769,0.788253825,0.002435477
27.34,6.110009593,-0.743476882,-1.246452209,0.316632228,0.337558187,-0.125845412,-0.035471423,0.092898649,0.062777835,0.788322037,0.002329491
27.35,6.113182642,-0.740115421,-1.247585399,0.316693869,0.337427473,-0.124706644,-0.035078636,0.091898931,0.0632599,0.788390249,0.002223506
27.36,6.11635569,-0.73675396,-1.248718589,0.31675551,0.337296759,-0.123567876,-0.034685848,0.090899214,0.063741966,0.788458461,0.00211752
27.37,6.119528739,-0.733392499,-1.249851779,0.316817151,0.337166045,-0.122429108,-0.03429306,0.089899497,0.064224032,0.788526673,0.002011534
27.38,6.122701787,-0.730031038,-1.250984969,0.316878791,0.337035331,-0.12129034,-0.033900272,0.088899779,0.064706098,0.788594885,0.001905548
27.39,6.125874835,-0.726669577,-1.252118159,0.316940432,0.336904617,-0.120151571,-0.033507484,0.087900062,0.065188164,0.788663098,0.001799563
27.4,6.129047884,-0.723308116,-1.25325135,0.317002073,0.336773903,-0.119012803,-0.033114696,0.086900345,0.065670229,0.78873131,0.001693577
27.41,6.132165618,-0.719815672,-1.25532877,0.317098475,0.336903838,-0.116260811,-0.032333639,0.08526153,0.068199379,0.78942476,-0.610159119
27.42,6.135344813,-0.716468765,-1.256357046,0.317156253,0.336744163,-0.11530129,-0.031983992,0.084332823,0.068453991,0.789423501,-0.542293248
27.43,6.138524007,-0.713121858,-1.257385321,0.317214032,0.336584488,-0.114341769,-0.031634345,0.083404117,0.068708603,0.789422242,-0.474427377
27.44,6.141703202,-0.70977495,-1.258413597,0.31727181,0.336424813,-0.113382248,-0.031284699,0.08247541,0.068963215,0.789420984,-0.406561506
27.45,6.144882396,-0.706428043,-1.259441872,0.317329589,0.336265138,-0.112422727,-0.030935052,0.081546704,0.069217827,0.789419725,-0.338695635
27.46,6.14806159,-0.703081135,-1.260470148,0.317387367,0.336105464,-0.111463206,-0.030585405,0.080617997,0.069472439,0.789418466,-0.270829764
27.47,6.151240785,-0.699734228,-1.261498423,0.317445146,0.335945789,-0.110503685,-0.030235758,0.079689291,0.069727051,0.789417208,-0.202963893
27.48,6.154419979,-0.69638732,-1.262526699,0.317502925,0.335786114,-0.109544164,-0.029886112,0.078760584,0.069981663,0.789415949,-0.135098022
27.49,6.157599173,-0.693040413,-1.263554974,0.317560703,0.335626439,-0.108584643,-0.029536465,0.077831878,0.070236275,0.78941469,-0.067232151
27.5,6.1607312,-0.689520912,-1.265611855,0.31786256,0.335722876,-0.109006817,-0.028593093,0.076230576,0.069363804,0.789592221,0.471193248
27.51,6.163915111,-0.686191264,-1.26653727,0.317895931,0.33553759,-0.107909127,-0.028302819,0.075369129,0.069731125,0.789573083,0.492003167
27.52,6.167099022,-0.682861616,-1.267462685,0.317929301,0.335352304,-0.106811437,-0.028012545,0.074507682,0.070098445,0.789553945,0.512813085
27.53,6.170282933,-0.679531968,-1.2683881,0.317962672,0.335167018,-0.105713746,-0.027722271,0.073646235,0.070465765,0.789534808,0.533623003
27.54,6.173466844,-0.67620232,-1.269313515,0.317996043,0.334981732,-0.104616056,-0.027431996,0.072784788,0.070833086,0.78951567,0.554432921
27.55,6.176650756,-0.672872672,-1.27023893,0.318029414,0.334796446,-0.103518365,-0.027141722,0.071923341,0.071200406,0.789496533,0.575242839
27.56,6.179834667,-0.669543024,-1.271164345,0.318062784,0.33461116,-0.102420675,-0.026851448,0.071061894,0.071567727,0.789477395,0.596052757
27.57,6.183018578,-0.666213375,-1.27208976,0.318096155,0.334425874,-0.101322984,-0.026561173,0.070200447,0.071935047,0.789458257,0.616862675
27.58,6.186202489,-0.662883727,-1.273015174,0.318129526,0.334240588,-0.100225294,-0.026270899,0.069339,0.072302367,0.78943912,0.637672593
27.59,6.1893864,-0.659554079,-1.273940589,0.318162897,0.334055302,-0.099127604,-0.025980625,0.068477553,0.072669688,0.789419982,0.658482511
27.6,6.192570312,-0.656224431,-1.274866004,0.318196267,0.333870016,-0.098029913,-0.025690351,0.067616106,0.073037008,0.789400845,0.679292429
27.61,6.195741801,-0.652716883,-1.277009234,0.318605335,0.333910158,-0.101530125,-0.024763133,0.066204784,0.069137014,0.789194082,0.75724518
27.62,6.198927092,-0.649407002,-1.277799336,0.318596961,0.333699824,-0.099921557,-0.02454363,0.065404434,0.06997848,0.789195791,0.771705894
27.63,6.202112383,-0.64609712,-1.278589438,0.318588588,0.333489491,-0.098312988,-0.024324128,0.064604084,0.070819947,0.789197501,0.786166609
27.64,6.205297675,-0.642787239,-1.27937954,0.318580215,0.333279157,-0.09670442,-0.024104625,0.063803734,0.071661413,0.789199211,0.800627323
27.65,6.208482966,-0.639477357,-1.280169643,0.318571841,0.333068824,-0.095095851,-0.023885122,0.063003385,0.07250288,0.78920092,0.815088038
27.66,6.211668258,-0.636167476,-1.280959745,0.318563468,0.33285849,-0.093487283,-0.023665619,0.062203035,0.073344346,0.78920263,0.829548752
27.67,6.214853549,-0.632857595,-1.281749847,0.318555095,0.332648157,-0.091878714,-0.023446116,0.061402685,0.074185812,0.78920434,0.844009467
27.68,6.218038841,-0.629547713,-1.282539949,0.318546722,0.332437824,-0.090270146,-0.023226614,0.060602335,0.075027279,0.789206049,0.858470181
27.69,6.221224132,-0.626237832,-1.283330051,0.318538348,0.33222749,-0.088661577,-0.023007111,0.059801985,0.075868745,0.789207759,0.872930896
27.7,6.224444982,-0.622702789,-1.285431359,0.319098329,0.332318738,-0.081105848,-0.021999751,0.058502868,0.083498839,0.788689088,1.191841311
27.71,6.227626718,-0.619415423,-1.286090341,0.31903312,0.332078247,-0.080091995,-0.021859034,0.057752395,0.083661442,0.788742836,1.175857055
27.72,6.230808453,-0.616128058,-1.286749323,0.318967912,0.331837755,-0.079078143,-0.021718317,0.057001922,0.083824046,0.788796583,1.1598728
27.73,6.233990189,-0.612840693,-1.287408304,0.318902703,0.331597264,-0.078064291,-0.0215776,0.056251448,0.08398665,0.788850331,1.143888544
27.74,6.237171924,-0.609553327,-1.288067286,0.318837494,0.331356772,-0.077050438,-0.021436883,0.055500975,0.084149253,0.788904079,1.127904289
27.75,6.24035366,-0.606265962,-1.288726267,0.318772286,0.33111628,-0.076036586,-0.021296165,0.054750502,0.084311857,0.788957826,1.111920033
27.76,6.243535396,-0.602978597,-1.289385249,0.318707077,0.330875789,-0.075022733,-0.021155448,0.054000029,0.084474461,0.789011574,1.095935778
27.77,6.246717131,-0.599691231,-1.290044231,0.318641868,0.330635297,-0.074008881,-0.021014731,0.053249556,0.084637064,0.789065322,1.079951522
27.78,6.249898867,-0.596403866,-1.290703212,0.31857666,0.330394805,-0.072995028,-0.020874014,0.052499083,0.084799668,0.789119069,1.063967266
27.79,6.253080602,-0.593116501,-1.291362194,0.318511451,0.330154314,-0.071981176,-0.020733297,0.05174861,0.084962272,0.789172817,1.047983011
27.8,6.256361969,-0.58957286,-1.292951491,0.319156877,0.330234627,-0.069296727,-0.019741228,0.05056847,0.086958076,0.788434131,0.830487732
27.81,6.259533741,-0.586311122,-1.293517441,0.319020605,0.329962055,-0.068449934,-0.019685646,0.049860963,0.08693736,0.788567122,0.834654579
27.82,6.262705514,-0.583049384,-1.294083391,0.318884333,0.329689483,-0.067603141,-0.019630064,0.049153457,0.086916643,0.788700113,0.838821425
27.83,6.265877286,-0.579787646,-1.294649341,0.318748061,0.329416911,-0.066756349,-0.019574482,0.048445951,0.086895927,0.788833104,0.842988272
27.84,6.269049058,-0.576525908,-1.295215291,0.318611789,0.329144339,-0.065909556,-0.0195189,0.047738445,0.086875211,0.788966095,0.847155119
27.85,6.272220831,-0.573264171,-1.295781241,0.318475516,0.328871766,-0.065062763,-0.019463318,0.047030938,0.086854494,0.789099086,0.851321966
27.86,6.275392603,-0.570002433,-1.296347191,0.318339244,0.328599194,-0.06421597,-0.019407736,0.046323432,0.086833778,0.789232077,0.855488813
27.87,6.278564376,-0.566740695,-1.296913141,0.318202972,0.328326622,-0.063369178,-0.019352154,0.045615926,0.086813061,0.789365069,0.85965566
27.88,6.281736148,-0.563478957,-1.297479091,0.3180667,0.32805405,-0.062522385,-0.019296572,0.04490842,0.086792345,0.78949806,0.863822506
27.89,6.28490792,-0.560217219,-1.298045041,0.317930428,0.327781478,-0.061675592,-0.01924099,0.044200913,0.086771629,0.789631051,0.867989353
27.9,6.288079693,-0.556955482,-1.298610991,0.317794156,0.327508906,-0.060828799,-0.019185408,0.043493407,0.086750912,0.789764042,0.8721562
27.91,6.291409895,-0.553432175,-1.299907934,0.318374198,0.327579494,-0.059359764,-0.018363488,0.042492306,0.087333794,0.791131765,0.521830937
27.92,6.294564064,-0.5501995,-1.300392663,0.318158336,0.327268793,-0.058582109,-0.018393055,0.041817422,0.087246011,0.791127564,0.565385796
27.93,6.297718233,-0.546966826,-1.300877391,0.317942473,0.326958092,-0.057804455,-0.018422622,0.041142537,0.087158228,0.791123363,0.608940655
27.94,6.300872402,-0.543734151,-1.30136212,0.31772661,0.326647391,-0.0570268,-0.018452188,0.040467652,0.087070445,0.791119161,0.652495514
27.95,6.304026571,-0.540501477,-1.301846849,0.317510748,0.32633669,-0.056249145,-0.018481755,0.039792768,0.086982662,0.79111496,0.696050373
27.96,6.30718074,-0.537268802,-1.302331577,0.317294885,0.326025989,-0.055471491,-0.018511322,0.039117883,0.08689488,0.791110758,0.739605232
27.97,6.310334909,-0.534036127,-1.302816306,0.317079023,0.325715287,-0.054693836,-0.018540889,0.038442999,0.086807097,0.791106557,0.783160091
27.98,6.313489079,-0.530803453,-1.303301035,0.31686316,0.325404586,-0.053916181,-0.018570455,0.037768114,0.086719314,0.791102356,0.82671495
27.99,6.316643248,-0.527570778,-1.303785763,0.316647297,0.325093885,-0.053138527,-0.018600022,0.037093229,0.086631531,0.791098154,0.870269809
28,6.320051996,-0.524002177,-1.304999841,0.317218585,0.325301461,-0.051394992,-0.017872005,0.036261737,0.087421846,0.795109226,1.531118832
28.01,6.323180707,-0.520803095,-1.305411634,0.316924008,0.324938932,-0.050713925,-0.01797733,0.035602514,0.087246253,0.794703497,1.512944274
28.02,6.326309419,-0.517604013,-1.305823428,0.31662943,0.324576403,-0.050032859,-0.018082655,0.03494329,0.08707066,0.794297768,1.494769717
28.03,6.32943813,-0.514404931,-1.306235222,0.316334852,0.324213874,-0.049351792,-0.01818798,0.034284066,0.086895068,0.793892039,1.476595159
28.04,6.332566841,-0.511205849,-1.306647016,0.316040275,0.323851346,-0.048670725,-0.018293305,0.033624842,0.086719475,0.793486311,1.458420602
28.05,6.335695552,-0.508006767,-1.307058809,0.315745697,0.323488817,-0.047989659,-0.01839863,0.032965618,0.086543883,0.793080582,1.440246045
28.06,6.338824263,-0.504807685,-1.307470603,0.315451119,0.323126288,-0.047308592,-0.018503956,0.032306394,0.08636829,0.792674853,1.422071487
28.07,6.341952975,-0.501608603,-1.307882397,0.315156542,0.322763759,-0.046627526,-0.018609281,0.03164717,0.086192698,0.792269125,1.40389693
28.08,6.345081686,-0.498409521,-1.308294191,0.314861964,0.32240123,-0.045946459,-0.018714606,0.030987946,0.086017105,0.791863396,1.385722373
28.09,6.348210397,-0.495210439,-1.308705984,0.314567386,0.322038701,-0.045265392,-0.018819931,0.030328722,0.085841512,0.791457667,1.367547815
28.1,6.351339108,-0.492011357,-1.309117778,0.314272809,0.321676172,-0.044584326,-0.018925256,0.029669499,0.08566592,0.791051939,1.349373258
28.11,6.354773813,-0.488463098,-1.310342665,0.3148192,0.321769679,-0.047906171,-0.018284405,0.028873009,0.081329382,0.794613339,0.927076741
28.12,6.357868525,-0.485302813,-1.310664115,0.314431181,0.32135648,-0.046780336,-0.018472638,0.028229037,0.081616117,0.793766818,0.953804624
28.13,6.360963237,-0.482142529,-1.310985565,0.314043163,0.32094328,-0.045654501,-0.018660872,0.027585065,0.081902852,0.792920297,0.980532506
28.14,6.364057949,-0.478982244,-1.311307015,0.313655144,0.320530081,-0.044528667,-0.018849105,0.026941093,0.082189586,0.792073776,1.007260389
28.15,6.367152661,-0.47582196,-1.311628465,0.313267125,0.320116881,-0.043402832,-0.019037339,0.026297121,0.082476321,0.791227256,1.033988272
28.16,6.370247372,-0.472661675,-1.311949915,0.312879107,0.319703681,-0.042276998,-0.019225573,0.025653148,0.082763056,0.790380735,1.060716154
28.17,6.373342084,-0.469501391,-1.312271365,0.312491088,0.319290482,-0.041151163,-0.019413806,0.025009176,0.08304979,0.789534214,1.087444037
28.18,6.376436796,-0.466341107,-1.312592815,0.312103069,0.318877282,-0.040025329,-0.01960204,0.024365204,0.083336525,0.788687693,1.114171919
28.19,6.379531508,-0.463180822,-1.312914266,0.311715051,0.318464083,-0.038899494,-0.019790273,0.023721232,0.08362326,0.787841173,1.140899802
28.2,6.383065655,-0.459580612,-1.314322004,0.312359156,0.318590468,-0.036983006,-0.019134617,0.022972872,0.084987382,0.791245632,1.344817701
28.21,6.386116423,-0.45646432,-1.314534825,0.311867925,0.31812331,-0.035936237,-0.01940724,0.022339339,0.085166378,0.789974013,1.353826582
28.22,6.389167192,-0.453348028,-1.314747647,0.311376693,0.317656152,-0.034889468,-0.019679862,0.021705806,0.085345374,0.788702394,1.362835463
28.23,6.39221796,-0.450231736,-1.314960468,0.310885462,0.317188994,-0.033842698,-0.019952485,0.021072272,0.08552437,0.787430776,1.371844344
28.24,6.395268729,-0.447115444,-1.315173289,0.310394231,0.316721836,-0.032795929,-0.020225107,0.020438739,0.085703366,0.786159157,1.380853225
28.25,6.398319497,-0.443999152,-1.31538611,0.309903,0.316254678,-0.03174916,-0.02049773,0.019805205,0.085882361,0.784887538,1.389862106
28.26,6.401370266,-0.44088286,-1.315598932,0.309411769,0.31578752,-0.030702391,-0.020770353,0.019171672,0.086061357,0.783615919,1.398870987
28.27,6.404421034,-0.437766568,-1.315811753,0.308920538,0.315320362,-0.029655621,-0.021042975,0.018538138,0.086240353,0.782344301,1.407879868
28.28,6.407471803,-0.434650276,-1.316024574,0.308429307,0.314853203,-0.028608852,-0.021315598,0.017904605,0.086419349,0.781072682,1.416888749
28.29,6.410522571,-0.431533985,-1.316237395,0.307938076,0.314386045,-0.027562083,-0.02158822,0.017271071,0.086598345,0.779801063,1.42589763
28.3,6.414116638,-0.427921678,-1.317387783,0.308485305,0.31450168,-0.024331498,-0.021095006,0.016586797,0.089140152,0.782327418,1.494631223
28.31,6.417113077,-0.424854988,-1.317506847,0.307890228,0.313976242,-0.023503111,-0.021444212,0.015958338,0.089082866,0.780676002,1.497667632
28.32,6.420109516,-0.421788298,-1.317625912,0.307295151,0.313450805,-0.022674723,-0.021793418,0.015329878,0.089025581,0.779024586,1.500704042
28.33,6.423105954,-0.418721607,-1.317744977,0.306700074,0.312925368,-0.021846335,-0.022142625,0.014701419,0.088968296,0.77737317,1.503740452
28.34,6.426102393,-0.415654917,-1.317864041,0.306104997,0.31239993,-0.021017947,-0.022491831,0.01407296,0.088911011,0.775721754,1.506776862
28.35,6.429098832,-0.412588226,-1.317983106,0.30550992,0.311874493,-0.02018956,-0.022841037,0.0134445,0.088853725,0.774070338,1.509813272
28.36,6.43209527,-0.409521536,-1.318102171,0.304914843,0.311349056,-0.019361172,-0.023190244,0.012816041,0.08879644,0.772418922,1.512849682
28.37,6.435091709,-0.406454845,-1.318221235,0.304319766,0.310823618,-0.018532784,-0.02353945,0.012187581,0.088739155,0.770767506,1.515886091
28.38,6.438088148,-0.403388155,-1.3183403,0.303724689,0.310298181,-0.017704397,-0.023888656,0.011559122,0.08868187,0.76911609,1.518922501
28.39,6.441084586,-0.400321464,-1.318459364,0.303129612,0.309772744,-0.016876009,-0.024237863,0.010930663,0.088624584,0.767464674,1.521958911
28.4,6.444081025,-0.397254774,-1.318578429,0.302534535,0.309247306,-0.016047621,-0.024587069,0.010302203,0.088567299,0.765813258,1.524995321
28.41,6.447658059,-0.393690821,-1.319607153,0.30285155,0.309183594,-0.018501576,-0.024338469,0.009569856,0.085176115,0.762377053,1.753077069
28.42,6.450589987,-0.390679382,-1.319625144,0.302155129,0.308606854,-0.017308483,-0.024754099,0.008952939,0.085489263,0.760923947,1.731108441
28.43,6.453521915,-0.387667942,-1.319643136,0.301458708,0.308030114,-0.016115391,-0.025169728,0.008336023,0.085802411,0.759470841,1.709139813
28.44,6.456453843,-0.384656503,-1.319661127,0.300762288,0.307453374,-0.014922298,-0.025585357,0.007719107,0.086115559,0.758017735,1.687171186
28.45,6.459385771,-0.381645064,-1.319679118,0.300065867,0.306876634,-0.013729206,-0.026000986,0.007102191,0.086428707,0.756564628,1.665202558
28.46,6.462317699,-0.378633625,-1.31969711,0.299369447,0.306299894,-0.012536113,-0.026416616,0.006485275,0.086741855,0.755111522,1.64323393
28.47,6.465249627,-0.375622186,-1.319715101,0.298673026,0.305723154,-0.011343021,-0.026832245,0.005868358,0.087055003,0.753658416,1.621265302
28.48,6.468181555,-0.372610747,-1.319733093,0.297976606,0.305146413,-0.010149929,-0.027247874,0.005251442,0.087368151,0.75220531,1.599296675
28.49,6.471113483,-0.369599308,-1.319751084,0.297280185,0.304569673,-0.008956836,-0.027663503,0.004634526,0.087681299,0.750752204,1.577328047
28.5,6.474802545,-0.365992445,-1.320503816,0.297815019,0.304327951,0.001403155,-0.027263508,0.003735711,0.097474494,0.740290375,1.200705406
28.51,6.47765876,-0.363040548,-1.320448334,0.296995473,0.303717709,0.001679558,-0.027760699,0.003146985,0.096839637,0.739738141,1.21420218
28.52,6.480514975,-0.360088651,-1.320392851,0.296175927,0.303107467,0.001955961,-0.028257891,0.002558258,0.09620478,0.739185907,1.227698953
28.53,6.483371189,-0.357136755,-1.320337368,0.295356381,0.302497225,0.002232363,-0.028755083,0.001969532,0.095569923,0.738633673,1.241195727
28.54,6.486227404,-0.354184858,-1.320281886,0.294536835,0.301886983,0.002508766,-0.029252275,0.001380806,0.094935067,0.738081439,1.254692501
28.55,6.489083618,-0.351232961,-1.320226403,0.293717289,0.301276741,0.002785168,-0.029749466,0.000792079,0.09430021,0.737529205,1.268189274
28.56,6.491939833,-0.348281065,-1.32017092,0.292897743,0.3006665,0.003061571,-0.030246658,0.000203353,0.093665353,0.736976971,1.281686048
28.57,6.494796048,-0.345329168,-1.320115438,0.292078197,0.300056258,0.003337973,-0.03074385,-0.000385373,0.093030497,0.736424737,1.295182821
28.58,6.497652262,-0.342377271,-1.320059955,0.291258651,0.299446016,0.003614376,-0.031241042,-0.0009741,0.09239564,0.735872503,1.308679595
28.59,6.500508477,-0.339425374,-1.320004473,0.290439105,0.298835774,0.003890778,-0.031738233,-0.001562826,0.091760783,0.735320269,1.322176369
28.6,6.503364692,-0.336473478,-1.31994899,0.289619559,0.298225532,0.004167181,-0.032235425,-0.002151552,0.091125926,0.734768036,1.335673142
28.61,6.507009338,-0.332966939,-1.320413222,0.289807251,0.297716265,-0.000975538,-0.032172851,-0.003169157,0.084500577,0.724342127,1.553287416
28.62,6.509777949,-0.330076669,-1.320299993,0.288875789,0.297094804,-0.000097,-0.032732239,-0.00371023,0.084531331,0.724886968,1.544104468
28.63,6.51254656,-0.327186399,-1.320186764,0.287944328,0.296473343,0.000781516,-0.033291627,-0.004251304,0.084562084,0.725431809,1.534921519
28.64,6.515315171,-0.324296129,-1.320073536,0.287012867,0.295851881,0.001660043,-0.033851015,-0.004792377,0.084592838,0.72597665,1.52573857
28.65,6.518083782,-0.32140586,-1.319960307,0.286081405,0.29523042,0.00253857,-0.034410403,-0.00533345,0.084623591,0.726521491,1.516555622
28.66,6.520852393,-0.31851559,-1.319847078,0.285149944,0.294608959,0.003417098,-0.034969791,-0.005874523,0.084654345,0.727066332,1.507372673
28.67,6.523621005,-0.31562532,-1.31973385,0.284218483,0.293987497,0.004295625,-0.035529179,-0.006415596,0.084685098,0.727611173,1.498189724
28.68,6.526389616,-0.31273505,-1.319620621,0.283287021,0.293366036,0.005174152,-0.036088567,-0.00695667,0.084715852,0.728156014,1.489006776
28.69,6.529158227,-0.30984478,-1.319507392,0.28235556,0.292744575,0.006052679,-0.036647955,-0.007497743,0.084746605,0.728700855,1.479823827
28.7,6.532848266,-0.306372108,-1.326669567,0.281232623,0.291255518,-0.121006106,-0.037958206,-0.009447485,-0.043129199,0.71568102,1.354299627
28.71,6.535524734,-0.303540078,-1.325828798,0.280320309,0.290720816,-0.107333847,-0.038442508,-0.009847691,-0.03030779,0.717582329,1.356750804
28.72,6.538201202,-0.300708049,-1.324988029,0.279407995,0.290186114,-0.093661589,-0.038926809,-0.010247897,-0.01748638,0.719483638,1.35920198
28.73,6.540877671,-0.297876019,-1.32414726,0.278495682,0.289651412,-0.079989331,-0.039411111,-0.010648104,-0.004664971,0.721384946,1.361653157
28.74,6.543554139,-0.29504399,-1.323306491,0.277583368,0.28911671,-0.066317072,-0.039895413,-0.01104831,0.008156438,0.723286255,1.364104333
28.75,6.546230607,-0.29221196,-1.322465722,0.276671054,0.288582009,-0.052644814,-0.040379714,-0.011448516,0.020977848,0.725187564,1.36655551
28.76,6.548907075,-0.289379931,-1.321624953,0.27575874,0.288047307,-0.038972556,-0.040864016,-0.011848723,0.033799257,0.727088872,1.369006686
28.77,6.551583543,-0.286547901,-1.320784184,0.274846426,0.287512605,-0.025300297,-0.041348317,-0.012248929,0.046620666,0.728990181,1.371457863
28.78,6.554260012,-0.283715871,-1.319943415,0.273934113,0.286977903,-0.011628039,-0.041832619,-0.012649135,0.059442076,0.730891489,1.373909039
28.79,6.55693648,-0.280883842,-1.319102646,0.273021799,0.286443201,0.002044219,-0.04231692,-0.013049342,0.072263485,0.732792798,1.376360216
28.8,6.560680069,-0.27750446,-1.324513858,0.275268552,0.286097858,0.164121245,-0.040126457,-0.013660396,0.246311072,0.718985115,1.360687627
28.81,6.563249825,-0.274727166,-1.323047891,0.274040331,0.28554422,0.162953027,-0.040878235,-0.014039518,0.243009863,0.722457323,1.36495118
28.82,6.565819581,-0.271949871,-1.321581924,0.272812111,0.284990582,0.161784808,-0.041630013,-0.014418639,0.239708655,0.72592953,1.369214733
28.83,6.568389337,-0.269172577,-1.320115957,0.27158389,0.284436945,0.16061659,-0.042381791,-0.014797761,0.236407447,0.729401738,1.373478286
28.84,6.570959094,-0.266395282,-1.31864999,0.27035567,0.283883307,0.159448371,-0.043133569,-0.015176882,0.233106238,0.732873946,1.377741839
28.85,6.57352885,-0.263617988,-1.317184023,0.269127449,0.28332967,0.158280153,-0.043885347,-0.015556004,0.22980503,0.736346154,1.382005392
28.86,6.576098606,-0.260840694,-1.315718055,0.267899229,0.282776032,0.157111935,-0.044637125,-0.015935125,0.226503822,0.739818362,1.386268945
28.87,6.578668362,-0.258063399,-1.314252088,0.266671008,0.282222394,0.155943716,-0.045388903,-0.016314247,0.223202613,0.743290569,1.390532498
28.88,6.581238118,-0.255286105,-1.312786121,0.265442788,0.281668757,0.154775498,-0.046140682,-0.016693368,0.219901405,0.746762777,1.394796051
28.89,6.583807874,-0.252508811,-1.311320154,0.264214567,0.281115119,0.153607279,-0.04689246,-0.01707249,0.216600197,0.750234985,1.399059604
28.9,6.58637763,-0.249731516,-1.309854187,0.262986347,0.280561482,0.152439061,-0.047644238,-0.017451611,0.213298988,0.753707193,1.403323157
28.91,6.590122182,-0.246481537,-1.307113361,0.263109717,0.279571156,0.155739798,-0.047721025,-0.01860863,0.211495648,0.743471731,1.371487128
28.92,6.592561405,-0.243756763,-1.305789045,0.26173132,0.279066039,0.154075029,-0.048547802,-0.018901319,0.20802801,0.748467013,1.379761746
28.93,6.595000628,-0.241031989,-1.304464729,0.260352923,0.278560922,0.15241026,-0.049374579,-0.019194007,0.204560372,0.753462295,1.388036363
28.94,6.597439852,-0.238307216,-1.303140413,0.258974526,0.278055806,0.15074549,-0.050201357,-0.019486696,0.201092733,0.758457577,1.396310981
28.95,6.599879075,-0.235582442,-1.301816097,0.257596128,0.277550689,0.149080721,-0.051028134,-0.019779384,0.197625095,0.76345286,1.404585598
28.96,6.602318298,-0.232857668,-1.30049178,0.256217731,0.277045572,0.147415952,-0.051854911,-0.020072072,0.194157457,0.768448142,1.412860216
28.97,6.604757521,-0.230132894,-1.299167464,0.254839334,0.276540456,0.145751183,-0.052681688,-0.020364761,0.190689819,0.773443424,1.421134834
28.98,6.607196744,-0.22740812,-1.297843148,0.253460937,0.276035339,0.144086414,-0.053508465,-0.020657449,0.187222181,0.778438706,1.429409451
28.99,6.609635967,-0.224683347,-1.296518832,0.252082539,0.275530222,0.142421645,-0.054335242,-0.020950138,0.183754543,0.783433988,1.437684069
29,6.613516178,-0.221457522,-1.293501687,0.251912894,0.275046376,0.141317925,-0.054780044,-0.021514244,0.177380316,0.77678792,1.500811867
29.01,6.615811303,-0.218782853,-1.292346654,0.250413622,0.274539132,0.139597051,-0.055645019,-0.021779791,0.174203336,0.782947337,1.503601167
29.02,6.618106427,-0.216108184,-1.29119162,0.248914349,0.274031888,0.137876177,-0.056509993,-0.022045338,0.171026357,0.789106754,1.506390466
29.03,6.620401551,-0.213433516,-1.290036587,0.247415077,0.273524645,0.136155303,-0.057374968,-0.022310884,0.167849378,0.795266172,1.509179766
29.04,6.622696676,-0.210758847,-1.288881553,0.245915804,0.273017401,0.134434429,-0.058239942,-0.022576431,0.164672399,0.801425589,1.511969065
29.05,6.6249918,-0.208084178,-1.28772652,0.244416532,0.272510157,0.132713555,-0.059104917,-0.022841977,0.16149542,0.807585006,1.514758365
29.06,6.627286925,-0.20540951,-1.286571487,0.242917259,0.272002913,0.130992681,-0.059969892,-0.023107524,0.15831844,0.813744424,1.517547665
29.07,6.629582049,-0.202734841,-1.285416453,0.241417987,0.27149567,0.129271807,-0.060834866,-0.023373071,0.155141461,0.819903841,1.520336964
29.08,6.631877173,-0.200060172,-1.28426142,0.239918714,0.270988426,0.127550933,-0.061699841,-0.023638617,0.151964482,0.826063258,1.523126264
29.09,6.634172298,-0.197385504,-1.283106387,0.238419442,0.270481182,0.125830059,-0.062564815,-0.023904164,0.148787503,0.832222676,1.525915564
29.1,6.636467422,-0.194710835,-1.281951353,0.236920169,0.269973938,0.124109185,-0.06342979,-0.024169711,0.145610524,0.838382093,1.528704863
29.11,6.640151386,-0.191555638,-1.279469507,0.236162073,0.27002504,0.117948979,-0.064332066,-0.024115904,0.13513493,0.839027047,1.548126967
29.12,6.642292195,-0.188934361,-1.278461898,0.234580447,0.269455758,0.116721364,-0.065192896,-0.024416934,0.132768908,0.845799182,1.549068177
29.13,6.644433004,-0.186313084,-1.277454288,0.232998822,0.268886476,0.115493749,-0.066053726,-0.024717965,0.130402886,0.852571318,1.550009387
29.14,6.646573813,-0.183691808,-1.276446678,0.231417197,0.268317194,0.114266134,-0.066914556,-0.025018995,0.128036864,0.859343453,1.550950598
29.15,6.648714622,-0.181070531,-1.275439068,0.229835571,0.267747912,0.11303852,-0.067775386,-0.025320025,0.125670842,0.866115589,1.551891808
29.16,6.650855431,-0.178449255,-1.274431459,0.228253946,0.26717863,0.111810905,-0.068636216,-0.025621056,0.12330482,0.872887724,1.552833018
29.17,6.652996239,-0.175827978,-1.273423849,0.226672321,0.266609347,0.11058329,-0.069497046,-0.025922086,0.120938798,0.879659859,1.553774228
29.18,6.655137048,-0.173206701,-1.272416239,0.225090695,0.266040065,0.109355675,-0.070357876,-0.026223116,0.118572776,0.886431995,1.554715439
29.19,6.657277857,-0.170585425,-1.271408629,0.22350907,0.265470783,0.108128061,-0.071218706,-0.026524147,0.116206754,0.89320413,1.555656649
29.2,6.659418666,-0.167964148,-1.27040102,0.221927444,0.264901501,0.106900446,-0.072079536,-0.026825177,0.113840732,0.899976266,1.556597859
29.21,6.663011272,-0.164787412,-1.268295438,0.22086438,0.265228837,0.105535571,-0.073196551,-0.026500516,0.109208029,0.90510029,1.563154319
29.22,6.66499077,-0.162227854,-1.267409825,0.219225137,0.264559931,0.104323207,-0.074028916,-0.026871068,0.107093861,0.912055549,1.563471613
29.23,6.666970268,-0.159668295,-1.266524212,0.217585894,0.263891024,0.103110843,-0.074861281,-0.02724162,0.104979692,0.919010808,1.563788907
29.24,6.668949766,-0.157108736,-1.265638599,0.215946651,0.263222118,0.10189848,-0.075693646,-0.027612171,0.102865523,0.925966067,1.5641062
29.25,6.670929264,-0.154549177,-1.264752986,0.214307407,0.262553212,0.100686116,-0.076526011,-0.027982723,0.100751354,0.932921326,1.564423494
29.26,6.672908762,-0.151989618,-1.263867374,0.212668164,0.261884305,0.099473753,-0.077358376,-0.028353274,0.098637186,0.939876585,1.564740788
29.27,6.67488826,-0.149430059,-1.262981761,0.211028921,0.261215399,0.098261389,-0.078190741,-0.028723826,0.096523017,0.946831843,1.565058081
29.28,6.676867758,-0.1468705,-1.262096148,0.209389677,0.260546493,0.097049025,-0.079023106,-0.029094377,0.094408848,0.953787102,1.565375375
29.29,6.678847256,-0.144310941,-1.261210535,0.207750434,0.259877586,0.095836662,-0.079855471,-0.029464929,0.09229468,0.960742361,1.565692669
29.3,6.682481365,-0.141025376,-1.259122307,0.206365566,0.260367541,0.094429858,-0.081265825,-0.029047171,0.087871902,0.969251701,1.568113215
29.31,6.684295402,-0.138538418,-1.258356955,0.204700886,0.259582748,0.093236939,-0.082040391,-0.029496554,0.085988594,0.976051552,1.568220183
29.32,6.686109439,-0.136051459,-1.257591604,0.203036205,0.258797956,0.092044019,-0.082814957,-0.029945936,0.084105287,0.982851403,1.568327152
29.33,6.687923475,-0.133564501,-1.256826253,0.201371524,0.258013163,0.090851099,-0.083589523,-0.030395319,0.082221979,0.989651254,1.56843412
29.34,6.689737512,-0.131077542,-1.256060901,0.199706843,0.257228371,0.08965818,-0.084364089,-0.030844701,0.080338671,0.996451104,1.568541089
29.35,6.691551549,-0.128590584,-1.25529555,0.198042162,0.256443579,0.08846526,-0.085138655,-0.031294083,0.078455363,1.003250955,1.568648057
29.36,6.693365586,-0.126103625,-1.254530199,0.196377481,0.255658786,0.087272341,-0.085913221,-0.031743466,0.076572055,1.010050806,1.568755025
29.37,6.695179623,-0.123616667,-1.253764847,0.1947128,0.254873994,0.086079421,-0.086687787,-0.032192848,0.074688747,1.016850657,1.568861994
29.38,6.69699366,-0.121129709,-1.252999496,0.19304812,0.254089201,0.084886501,-0.087462353,-0.032642231,0.072805439,1.023650508,1.568968962
29.39,6.698807697,-0.11864275,-1.252234145,0.191383439,0.253304409,0.083693582,-0.088236919,-0.033091613,0.070922131,1.030450358,1.569075931
29.4,6.700621734,-0.116155792,-1.251468793,0.189718758,0.252519617,0.082500662,-0.089011485,-0.033540996,0.069038824,1.037250209,1.569182899
29.41,6.703933509,-0.112908359,-1.249655383,0.188000182,0.252817439,0.080796904,-0.090537055,-0.033312208,0.064949701,1.047884446,1.569928139
29.42,6.705581131,-0.110505897,-1.249006482,0.18634149,0.251912356,0.079660745,-0.091228176,-0.033836943,0.063311483,1.054258254,1.569964188
29.43,6.707228752,-0.108103436,-1.248357582,0.184682797,0.251007273,0.078524585,-0.091919297,-0.034361677,0.061673266,1.060632062,1.570000237
29.44,6.708876374,-0.105700975,-1.247708682,0.183024105,0.25010219,0.077388425,-0.092610418,-0.034886412,0.060035049,1.06700587,1.570036287
29.45,6.710523995,-0.103298514,-1.247059782,0.181365412,0.249197107,0.076252265,-0.09330154,-0.035411147,0.058396831,1.073379678,1.570072336
29.46,6.712171617,-0.100896052,-1.246410881,0.17970672,0.248292024,0.075116105,-0.093992661,-0.035935881,0.056758614,1.079753486,1.570108385
29.47,6.713819238,-0.098493591,-1.245761981,0.178048027,0.247386941,0.073979945,-0.094683782,-0.036460616,0.055120397,1.086127293,1.570144435
29.48,6.71546686,-0.09609113,-1.245113081,0.176389335,0.246481859,0.072843785,-0.095374903,-0.036985351,0.05348218,1.092501101,1.570180484
29.49,6.717114481,-0.093688669,-1.24446418,0.174730642,0.245576776,0.071707626,-0.096066024,-0.037510085,0.051843962,1.098874909,1.570216534
29.5,6.72040571,-0.090322399,-1.242710373,0.172721775,0.245837705,0.069947051,-0.09779844,-0.037393543,0.047943113,1.113352886,2.611798481
29.51,6.721888971,-0.088016319,-1.242171963,0.1710981,0.244816021,0.068873333,-0.098385432,-0.037982405,0.046531159,1.118916277,2.507679941
29.52,6.723372231,-0.085710238,-1.241633554,0.169474425,0.243794337,0.067799615,-0.098972424,-0.038571267,0.045119205,1.124479668,2.4035614
29.53,6.724855492,-0.083404158,-1.241095144,0.16785075,0.242772653,0.066725896,-0.099559415,-0.03916013,0.043707251,1.130043059,2.29944286
29.54,6.726338753,-0.081098078,-1.240556735,0.166227075,0.241750968,0.065652178,-0.100146407,-0.039748992,0.042295297,1.13560645,2.195324319
29.55,6.727822013,-0.078791997,-1.240018325,0.1646034,0.240729284,0.064578459,-0.100733398,-0.040337855,0.040883343,1.141169841,2.091205779
29.56,6.729305274,-0.076485917,-1.239479915,0.162979724,0.2397076,0.063504741,-0.10132039,-0.040926717,0.039471388,1.146733232,1.987087238
29.57,6.730788535,-0.074179837,-1.238941506,0.161356049,0.238685916,0.062431022,-0.101907381,-0.041515579,0.038059434,1.152296623,1.882968698
29.58,6.732271796,-0.071873756,-1.238403096,0.159732374,0.237664232,0.061357304,-0.102494373,-0.042104442,0.03664748,1.157860014,1.778850158
29.59,6.733755056,-0.069567676,-1.237864687,0.158108699,0.236642548,0.060283586,-0.103081364,-0.042693304,0.035235526,1.163423405,1.674731617
29.6,6.735238317,-0.067261596,-1.237326277,0.156485024,0.235620864,0.059209867,-0.103668356,-0.043282167,0.033823572,1.168986796,1.570613077
