0.00181925263570238,0,0.0046572867473981,1.57000005245209
0.00363850527140476,0,0.00931457349479619,1.57000005245209
0.00545775790710715,0,0.0139718602421943,1.57000005245209
0.00727701054280953,0,0.0186291469895924,1.57000005245209
0.00909626317851191,0,0.0232864337369905,1.57000005245209
0.0109155158142143,0,0.0279437204843886,1.57000005245209
0.0127347684499167,0,0.0326010072317867,1.57000005245209
0.0145540210856191,0,0.0372582939791848,1.57000005245209
0.0163732737213214,0,0.0419155807265829,1.57000005245209
0.0181925263570238,0,0.046572867473981,1.57000005245209
0.0200117789927262,0,0.0512301542213791,1.57000005245209
0.0218310316284286,0,0.0558874409687772,1.57000005245209
0.023650284264131,0,0.0605447277161753,1.57000005245209
0.0254695368998333,0,0.0652020144635734,1.57000005245209
0.0272887895355357,0,0.0698593012109715,1.57000005245209
0.0291080421712381,0,0.0745165879583696,1.57000005245209
0.0309272948069405,0,0.0791738747057676,1.57000005245209
0.0327465474426429,0,0.0838311614531657,1.57000005245209
0.0345658000783453,0,0.0884884482005638,1.57000005245209
0.0363850527140476,0,0.0931457349479619,1.57000005245209
0.03820430534975,0,0.09780302169536,1.57000005245209
0.0400235579854524,0,0.102460308442758,1.57000005245209
0.0418428106211548,0,0.107117595190156,1.57000005245209
0.0436620632568572,0,0.111774881937554,1.57000005245209
0.0454813158925595,0,0.116432168684952,1.57000005245209
0.0473005685282619,0,0.121089455432351,1.57000005245209
0.0491198211639643,0,0.125746742179749,1.57000005245209
0.0519230769230769,0,0.132615384615385,1.57000005245209
0.0538461538461539,0,0.137230769230769,1.57000005245209
0.0557692307692308,0,0.141846153846154,1.57000005245209
0.0576923076923077,0,0.146461538461538,1.57000005245209
0.0596153846153846,0,0.151076923076923,1.57000005245209
0.0615384615384615,0,0.155692307692308,1.57000005245209
0.0634615384615385,0,0.160307692307692,1.57000005245209
0.0653846153846154,0,0.164923076923077,1.57000005245209
0.0673076923076923,0,0.169538461538462,1.57000005245209
0.0692307692307692,0,0.174153846153846,1.57000005245209
0.0711538461538462,0,0.178769230769231,1.57000005245209
0.0730769230769231,0,0.183384615384615,1.57000005245209
0.075,0,0.188,1.57000005245209
0.0769230769230769,0,0.192615384615385,1.57000005245209
0.0788461538461538,0,0.197230769230769,1.57000005245209
0.0807692307692308,0,0.201846153846154,1.57000005245209
0.0826923076923077,0,0.206461538461538,1.57000005245209
0.0846153846153846,0,0.211076923076923,1.57000005245209
0.0865384615384615,0,0.215692307692308,1.57000005245209
0.0884615384615385,0,0.220307692307692,1.57000005245209
0.0903846153846154,0,0.224923076923077,1.57000005245209
0.0923076923076923,0,0.229538461538462,1.57000005245209
0.0942307692307692,0,0.234153846153846,1.57000005245209
0.0961538461538462,0,0.238769230769231,1.57000005245209
0.0980769230769231,0,0.243384615384615,1.57000005245209
0.1,0,0.248,1.57000005245209
0.102038254201869,0,0.252565689412188,1.57000005245209
0.104076508403739,0,0.257131378824375,1.57000005245209
0.106114762605608,0,0.261697068236563,1.57000005245209
0.108153016807478,0,0.26626275764875,1.57000005245209
0.110191271009347,0,0.270828447060938,1.57000005245209
0.112229525211217,0,0.275394136473125,1.57000005245209
0.114267779413086,0,0.279959825885313,1.57000005245209
0.116306033614956,0,0.284525515297501,1.57000005245209
0.118344287816825,0,0.289091204709688,1.57000005245209
0.120382542018694,0,0.293656894121876,1.57000005245209
0.122420796220564,0,0.298222583534063,1.57000005245209
0.124459050422433,0,0.302788272946251,1.57000005245209
0.126497304624303,0,0.307353962358438,1.57000005245209
0.128535558826172,0,0.311919651770626,1.57000005245209
0.130573813028042,0,0.316485341182813,1.57000005245209
0.132612067229911,0,0.321051030595001,1.57000005245209
0.134650321431781,0,0.325616720007188,1.57000005245209
0.13668857563365,0,0.330182409419376,1.57000005245209
0.138726829835519,0,0.334748098831564,1.57000005245209
0.140765084037389,0,0.339313788243751,1.57000005245209
0.142803338239258,0,0.343879477655939,1.57000005245209
0.144841592441128,0,0.348445167068126,1.57000005245209
0.146879846642997,0,0.353010856480314,1.57000005245209
0.148918100844867,0,0.357576545892501,1.57000005245209
0.152166472174339,0,0.364506262122626,1.57000005245209
0.154332944348679,0,0.369012524245252,1.57000005245209
0.156499416523018,0,0.373518786367878,1.57000005245209
0.158665888697358,0,0.378025048490504,1.57000005245209
0.160832360871697,0,0.38253131061313,1.57000005245209
0.162998833046036,0,0.387037572735756,1.57000005245209
0.165165305220376,0,0.391543834858382,1.57000005245209
0.167331777394715,0,0.396050096981007,1.57000005245209
0.169498249569055,0,0.400556359103633,1.57000005245209
0.171664721743394,0,0.405062621226259,1.57000005245209
0.173831193917733,0,0.409568883348885,1.57000005245209
0.175997666092073,0,0.414075145471511,1.57000005245209
0.178164138266412,0,0.418581407594137,1.57000005245209
0.180330610440751,0,0.423087669716763,1.57000005245209
0.182497082615091,0,0.427593931839389,1.57000005245209
0.18466355478943,0,0.432100193962015,1.57000005245209
0.18683002696377,0,0.436606456084641,1.57000005245209
0.188996499138109,0,0.441112718207267,1.57000005245209
0.191162971312448,0,0.445618980329893,1.57000005245209
0.193329443486788,0,0.450125242452519,1.57000005245209
0.195495915661127,0,0.454631504575145,1.57000005245209
0.197662387835467,0,0.45913776669777,1.57000005245209
0.199828860009806,0,0.463644028820396,1.57000005245209
0.202309672094185,0,0.468434570420835,1.57000005245209
0.20461934418837,0,0.47286914084167,1.57000005245209
0.206929016282555,0,0.477303711262505,1.57000005245209
0.209238688376739,0,0.48173828168334,1.57000005245209
0.211548360470924,0,0.486172852104175,1.57000005245209
0.213858032565109,0,0.490607422525009,1.57000005245209
0.216167704659294,0,0.495041992945844,1.57000005245209
0.218477376753479,0,0.499476563366679,1.57000005245209
0.220787048847664,0,0.503911133787514,1.57000005245209
0.223096720941848,0,0.508345704208349,1.57000005245209
0.225406393036033,0,0.512780274629184,1.57000005245209
0.227716065130218,0,0.517214845050019,1.57000005245209
0.230025737224403,0,0.521649415470854,1.57000005245209
0.232335409318588,0,0.526083985891689,1.57000005245209
0.234645081412773,0,0.530518556312524,1.57000005245209
0.236954753506958,0,0.534953126733358,1.57000005245209
0.239264425601142,0,0.539387697154193,1.57000005245209
0.241574097695327,0,0.543822267575028,1.57000005245209
0.243883769789512,0,0.548256837995863,1.57000005245209
0.246193441883697,0,0.552691408416698,1.57000005245209
0.248503113977882,0,0.557125978837533,1.57000005245209
0.252470047038048,0,0.564347282786964,1.57000005245209
0.254940094076095,0,0.568694565573928,1.57000005245209
0.257410141114143,0,0.573041848360892,1.57000005245209
0.259880188152191,0,0.577389131147855,1.57000005245209
0.262350235190238,0,0.581736413934819,1.57000005245209
0.264820282228286,0,0.586083696721783,1.57000005245209
0.267290329266333,0,0.590430979508747,1.57000005245209
0.269760376304381,0,0.594778262295711,1.57000005245209
0.272230423342429,0,0.599125545082675,1.57000005245209
0.274700470380476,0,0.603472827869638,1.57000005245209
0.277170517418524,0,0.607820110656602,1.57000005245209
0.279640564456572,0,0.612167393443566,1.57000005245209
0.282110611494619,0,0.61651467623053,1.57000005245209
0.284580658532667,0,0.620861959017494,1.57000005245209
0.287050705570715,0,0.625209241804458,1.57000005245209
0.289520752608762,0,0.629556524591422,1.57000005245209
0.29199079964681,0,0.633903807378385,1.57000005245209
0.294460846684857,0,0.638251090165349,1.57000005245209
0.296930893722905,0,0.642598372952313,1.57000005245209
0.299400940760953,0,0.646945655739277,1.57000005245209
0.302649994700016,0,0.652239991520025,1.57000005245209
0.305299989400032,0,0.656479983040051,1.57000005245209
0.307949984100048,0,0.660719974560076,1.57000005245209
0.310599978800064,0,0.664959966080102,1.57000005245209
0.31324997350008,0,0.669199957600127,1.57000005245209
0.315899968200095,0,0.673439949120153,1.57000005245209
0.318549962900111,0,0.677679940640178,1.57000005245209
0.321199957600127,0,0.681919932160204,1.57000005245209
0.323849952300143,0,0.686159923680229,1.57000005245209
0.326499947000159,0,0.690399915200255,1.57000005245209
0.329149941700175,0,0.69463990672028,1.57000005245209
0.331799936400191,0,0.698879898240305,1.57000005245209
0.334449931100207,0,0.703119889760331,1.57000005245209
0.337099925800223,0,0.707359881280356,1.57000005245209
0.339749920500239,0,0.711599872800382,1.57000005245209
0.342399915200254,0,0.715839864320407,1.57000005245209
0.34504990990027,0,0.720079855840432,1.57000005245209
0.347699904600286,0,0.724319847360458,1.57000005245209
0.352851979047477,0,0.732106849828367,1.57000005245209
0.355703958094953,0,0.736213699656733,1.57000005245209
0.35855593714243,0,0.740320549485099,1.57000005245209
0.361407916189907,0,0.744427399313466,1.57000005245209
0.364259895237384,0,0.748534249141832,1.57000005245209
0.36711187428486,0,0.752641098970199,1.57000005245209
0.369963853332337,0,0.756747948798565,1.57000005245209
0.372815832379814,0,0.760854798626932,1.57000005245209
0.37566781142729,0,0.764961648455298,1.57000005245209
0.378519790474767,0,0.769068498283665,1.57000005245209
0.381371769522244,0,0.773175348112031,1.57000005245209
0.384223748569721,0,0.777282197940398,1.57000005245209
0.387075727617197,0,0.781389047768764,1.57000005245209
0.389927706664674,0,0.785495897597131,1.57000005245209
0.392779685712151,0,0.789602747425497,1.57000005245209
0.395631664759628,0,0.793709597253864,1.57000005245209
0.398483643807104,0,0.79781644708223,1.57000005245209
0.403078220209862,0,0.803940121868623,1.57000005245209
0.406156440419723,0,0.807880243737246,1.57000005245209
0.409234660629585,0,0.811820365605869,1.57000005245209
0.412312880839446,0,0.815760487474491,1.57000005245209
0.415391101049308,0,0.819700609343114,1.57000005245209
0.418469321259169,0,0.823640731211737,1.57000005245209
0.421547541469031,0,0.82758085308036,1.57000005245209
0.424625761678893,0,0.831520974948983,1.57000005245209
0.427703981888754,0,0.835461096817605,1.57000005245209
0.430782202098616,0,0.839401218686228,1.57000005245209
0.433860422308477,0,0.843341340554851,1.57000005245209
0.436938642518339,0,0.847281462423474,1.57000005245209
0.440016862728201,0,0.851221584292097,1.57000005245209
0.443095082938062,0,0.85516170616072,1.57000005245209
0.446173303147924,0,0.859101828029342,1.57000005245209
0.449251523357785,0,0.863041949897965,1.57000005245209
0.453330078846544,0,0.86772968830813,1.57000005245209
0.456660157693089,0,0.871459376616259,1.57000005245209
0.459990236539633,0,0.875189064924389,1.57000005245209
0.463320315386177,0,0.878918753232518,1.57000005245209
0.466650394232721,0,0.882648441540648,1.57000005245209
0.469980473079266,0,0.886378129848777,1.57000005245209
0.47331055192581,0,0.890107818156907,1.57000005245209
0.476640630772354,0,0.893837506465037,1.57000005245209
0.479970709618898,0,0.897567194773166,1.57000005245209
0.483300788465443,0,0.901296883081296,1.57000005245209
0.486630867311987,0,0.905026571389425,1.57000005245209
0.489960946158531,0,0.908756259697555,1.57000005245209
0.493291025005075,0,0.912485948005685,1.57000005245209
0.49662110385162,0,0.916215636313814,1.57000005245209
0.499951182698164,0,0.919945324621944,1.57000005245209
0.503606936605155,0,0.923462659140949,1.57000005245209
0.50721387321031,0,0.926925318281897,1.57000005245209
0.510820809815464,0,0.930387977422846,1.57000005245209
0.514427746420619,0,0.933850636563794,1.57000005245209
0.518034683025774,0,0.937313295704743,1.57000005245209
0.521641619630929,0,0.940775954845691,1.57000005245209
0.525248556236083,0,0.94423861398664,1.57000005245209
0.528855492841238,0,0.947701273127589,1.57000005245209
0.532462429446393,0,0.951163932268537,1.57000005245209
0.536069366051548,0,0.954626591409486,1.57000005245209
0.539676302656702,0,0.958089250550434,1.57000005245209
0.543283239261857,0,0.961551909691383,1.57000005245209
0.546890175867012,0,0.965014568832331,1.57000005245209
0.553904344047215,0,0.971123475237772,1.57000005245209
0.55780868809443,0,0.974246950475544,1.57000005245209
0.561713032141646,0,0.977370425713316,1.57000005245209
0.565617376188861,0,0.980493900951089,1.57000005245209
0.569521720236076,0,0.983617376188861,1.57000005245209
0.573426064283291,0,0.986740851426633,1.57000005245209
0.577330408330506,0,0.989864326664405,1.57000005245209
0.581234752377721,0,0.992987801902177,1.57000005245209
0.585139096424936,0,0.996111277139949,1.57000005245209
0.589043440472152,0,0.999234752377721,1.57000005245209
0.592947784519367,0,1.00235822761549,1.57000005245209
0.596852128566582,0,1.00548170285327,1.57000005245209
0.604211357003308,0,1.01069526848212,1.57000005245209
0.608422714006615,0,1.01339053696423,1.57000005245209
0.612634071009923,0,1.01608580544635,1.57000005245209
0.61684542801323,0,1.01878107392847,1.57000005245209
0.621056785016538,0,1.02147634241058,1.57000005245209
0.625268142019845,0,1.0241716108927,1.57000005245209
0.629479499023153,0,1.02686687937482,1.57000005245209
0.633690856026461,0,1.02956214785693,1.57000005245209
0.637902213029768,0,1.03225741633905,1.57000005245209
0.642113570033076,0,1.03495268482117,1.57000005245209
0.646324927036383,0,1.03764795330329,1.57000005245209
0.654507615287341,0,1.04216365533792,1.57000005245209
0.659015230574683,0,1.04432731067585,1.57000005245209
0.663522845862024,0,1.04649096601377,1.57000005245209
0.668030461149366,0,1.0486546213517,1.57000005245209
0.672538076436707,0,1.05081827668962,1.57000005245209
0.677045691724048,0,1.05298193202754,1.57000005245209
0.68155330701139,0,1.05514558736547,1.57000005245209
0.686060922298731,0,1.05730924270339,1.57000005245209
0.690568537586072,0,1.05947289804131,1.57000005245209
0.695076152873414,0,1.06163655337924,1.57000005245209
0.699583768160755,0,1.06380020871716,1.57000005245209
0.704762120735997,0,1.06552387863552,1.57000005245209
0.709524241471993,0,1.06704775727104,1.57000005245209
0.71428636220799,0,1.06857163590656,1.57000005245209
0.719048482943987,0,1.07009551454208,1.57000005245209
0.723810603679983,0,1.07161939317759,1.57000005245209
0.72857272441598,0,1.07314327181311,1.57000005245209
0.733334845151976,0,1.07466715044863,1.57000005245209
0.738096965887973,0,1.07619102908415,1.57000005245209
0.74285908662397,0,1.07771490771967,1.57000005245209
0.747621207359966,0,1.07923878635519,1.57000005245209
0.754937203159584,0,1.08078995250553,1.57000005245209
0.759874406319167,0,1.08157990501107,1.57000005245209
0.764811609478751,0,1.0823698575166,1.57000005245209
0.769748812638334,0,1.08315981002213,1.57000005245209
0.774686015797918,0,1.08394976252767,1.57000005245209
0.779623218957501,0,1.0847397150332,1.57000005245209
0.784560422117085,0,1.08552966753873,1.57000005245209
0.789497625276668,0,1.08631962004427,1.57000005245209
0.794434828436252,0,1.0871095725498,1.57000005245209
0.799372031595835,0,1.08789952505533,1.57000005245209
0.805,0,1.088,1.57000005245209
0.81,0,1.088,1.57000005245209
0.815,0,1.088,1.57000005245209
0.82,0,1.088,1.57000005245209
0.825,0,1.088,1.57000005245209
0.83,0,1.088,1.57000005245209
0.835,0,1.088,1.57000005245209
0.84,0,1.088,1.57000005245209
0.845,0,1.088,1.57000005245209
0.85,0,1.088,1.57000005245209
0.855,0,1.088,1.57000005245209
0.86,0,1.088,1.57000005245209
0.865,0,1.088,1.57000005245209
0.87,0,1.088,1.57000005245209
0.875,0,1.088,1.57000005245209
0.88,0,1.088,1.57000005245209
0.885,0,1.088,1.57000005245209
0.89,0,1.088,1.57000005245209
0.895,0,1.088,1.57000005245209
0.9,0,1.088,1.57000005245209
0.905,0,1.088,1.57000005245209
0.91,0,1.088,1.57000005245209
0.915,0,1.088,1.57000005245209
0.92,0,1.088,1.57000005245209
0.925,0,1.088,1.57000005245209
0.93,0,1.088,1.57000005245209
0.935,0,1.088,1.57000005245209
0.94,0,1.088,1.57000005245209
0.945,0,1.088,1.57000005245209
0.95,0,1.088,1.57000005245209
0.955,0,1.088,1.57000005245209
0.96,0,1.088,1.57000005245209
0.965,0,1.088,1.57000005245209
0.97,0,1.088,1.57000005245209
0.975,0,1.088,1.57000005245209
0.98,0,1.088,1.57000005245209
0.985,0,1.088,1.57000005245209
0.99,0,1.088,1.57000005245209
0.995,0,1.088,1.57000005245209
1,0,1.088,1.57000005245209
1.005,0,1.088,1.57000005245209
1.01,0,1.088,1.57000005245209
1.015,0,1.088,1.57000005245209
1.02,0,1.088,1.57000005245209
1.025,0,1.088,1.57000005245209
1.03,0,1.088,1.57000005245209
1.035,0,1.088,1.57000005245209
1.04,0,1.088,1.57000005245209
1.045,0,1.088,1.57000005245209
1.05,0,1.088,1.57000005245209
1.055,0,1.088,1.57000005245209
1.06,0,1.088,1.57000005245209
1.065,0,1.088,1.57000005245209
1.07,0,1.088,1.57000005245209
1.075,0,1.088,1.57000005245209
1.08,0,1.088,1.57000005245209
1.085,0,1.088,1.57000005245209
1.09,0,1.088,1.57000005245209
1.095,0,1.088,1.57000005245209
1.1,0,1.088,1.57000005245209
1.105,0,1.088,1.57000005245209
1.11,0,1.088,1.57000005245209
1.115,0,1.088,1.57000005245209
1.12,0,1.088,1.57000005245209
1.125,0,1.088,1.57000005245209
1.13,0,1.088,1.57000005245209
1.135,0,1.088,1.57000005245209
1.14,0,1.088,1.57000005245209
1.145,0,1.088,1.57000005245209
1.15,0,1.088,1.57000005245209
1.155,0,1.088,1.57000005245209
1.16,0,1.088,1.57000005245209
1.165,0,1.088,1.57000005245209
1.17,0,1.088,1.57000005245209
1.175,0,1.088,1.57000005245209
1.18,0,1.088,1.57000005245209
1.185,0,1.088,1.57000005245209
1.19,0,1.088,1.57000005245209
1.195,0,1.088,1.57000005245209
1.2,0,1.088,1.57000005245209
1.205,0,1.088,1.57000005245209
1.21,0,1.088,1.57000005245209
1.215,0,1.088,1.57000005245209
1.22,0,1.088,1.57000005245209
1.225,0,1.088,1.57000005245209
1.23,0,1.088,1.57000005245209
1.235,0,1.088,1.57000005245209
1.24,0,1.088,1.57000005245209
1.245,0,1.088,1.57000005245209
1.25,0,1.088,1.57000005245209
1.255,0,1.088,1.57000005245209
1.26,0,1.088,1.57000005245209
1.265,0,1.088,1.57000005245209
1.27,0,1.088,1.57000005245209
1.275,0,1.088,1.57000005245209
1.28,0,1.088,1.57000005245209
1.285,0,1.088,1.57000005245209
1.29,0,1.088,1.57000005245209
1.295,0,1.088,1.57000005245209
1.3,0,1.088,1.57000005245209
1.305,0,1.088,1.57000005245209
1.31,0,1.088,1.57000005245209
1.315,0,1.088,1.57000005245209
1.32,0,1.088,1.57000005245209
1.325,0,1.088,1.57000005245209
1.33,0,1.088,1.57000005245209
1.335,0,1.088,1.57000005245209
1.34,0,1.088,1.57000005245209
1.345,0,1.088,1.57000005245209
1.35,0,1.088,1.57000005245209
1.355,0,1.088,1.57000005245209
1.36,0,1.088,1.57000005245209
1.365,0,1.088,1.57000005245209
1.37,0,1.088,1.57000005245209
1.375,0,1.088,1.57000005245209
1.38,0,1.088,1.57000005245209
1.385,0,1.088,1.57000005245209
1.39,0,1.088,1.57000005245209
1.395,0,1.088,1.57000005245209
1.4,0,1.088,1.57000005245209
1.405,0,1.088,1.57000005245209
1.41,0,1.088,1.57000005245209
1.415,0,1.088,1.57000005245209
1.42,0,1.088,1.57000005245209
1.425,0,1.088,1.57000005245209
1.43,0,1.088,1.57000005245209
1.435,0,1.088,1.57000005245209
1.44,0,1.088,1.57000005245209
1.445,0,1.088,1.57000005245209
1.45,0,1.088,1.57000005245209
1.455,0,1.088,1.57000005245209
1.46,0,1.088,1.57000005245209
1.465,0,1.088,1.57000005245209
1.47,0,1.088,1.57000005245209
1.475,0,1.088,1.57000005245209
1.48,0,1.088,1.57000005245209
1.485,0,1.088,1.57000005245209
1.49,0,1.088,1.57000005245209
1.495,0,1.088,1.57000005245209
1.5,0,1.088,1.57000005245209
1.50498337116942,0,1.088,1.57000005245209
1.50996674233883,0,1.088,1.57000005245209
1.51495011350825,0,1.088,1.57000005245209
1.51993348467767,0,1.088,1.57000005245209
1.52491685584709,0,1.088,1.57000005245209
1.5299002270165,0,1.088,1.57000005245209
1.53488359818592,0,1.088,1.57000005245209
1.53986696935534,0,1.088,1.57000005245209
1.54485034052476,0,1.088,1.57000005245209
1.54983371169417,0,1.088,1.57000005245209
1.55481708286359,0,1.088,1.57000005245209
1.55980045403301,0,1.088,1.57000005245209
1.56478382520243,0,1.088,1.57000005245209
1.56976719637184,0,1.088,1.57000005245209
1.57475056754126,0,1.088,1.57000005245209
1.57973393871068,0,1.088,1.57000005245209
1.5847173098801,0,1.088,1.57000005245209
1.58970068104951,0,1.088,1.57000005245209
1.59468405221893,0,1.088,1.57000005245209
1.59966742338835,0,1.088,1.57000005245209
1.60465079455777,0,1.088,1.57000005245209
1.60963416572718,0,1.088,1.57000005245209
1.6146175368966,0,1.088,1.57000005245209
1.61960090806602,0,1.088,1.57000005245209
1.62458427923544,0,1.088,1.57000005245209
1.62956765040485,0,1.088,1.57000005245209
1.63455102157427,0,1.088,1.57000005245209
1.63953439274369,0,1.088,1.57000005245209
1.64451776391311,0,1.088,1.57000005245209
1.64950113508252,0,1.088,1.57000005245209
1.65448450625194,0,1.088,1.57000005245209
1.65946787742136,0,1.088,1.57000005245209
1.66445124859078,0,1.088,1.57000005245209
1.66943461976019,0,1.088,1.57000005245209
1.67441799092961,0,1.088,1.57000005245209
1.67940136209903,0,1.088,1.57000005245209
1.68438473326844,0,1.088,1.57000005245209
1.68936810443786,0,1.088,1.57000005245209
1.69435147560728,0,1.088,1.57000005245209
1.6993348467767,0,1.088,1.57000005245209
1.70431821794611,0,1.088,1.57000005245209
1.70930158911553,0,1.088,1.57000005245209
1.71428496028495,0,1.088,1.57000005245209
1.71926833145437,0,1.088,1.57000005245209
1.72425170262378,0,1.088,1.57000005245209
1.7292350737932,0,1.088,1.57000005245209
1.73421844496262,0,1.088,1.57000005245209
1.73920181613204,0,1.088,1.57000005245209
1.74418518730145,0,1.088,1.57000005245209
1.74916855847087,0,1.088,1.57000005245209
1.75415192964029,0,1.088,1.57000005245209
1.75913530080971,0,1.088,1.57000005245209
1.76411867197912,0,1.088,1.57000005245209
1.76910204314854,0,1.088,1.57000005245209
1.77408541431796,0,1.088,1.57000005245209
1.77906878548738,0,1.088,1.57000005245209
1.78405215665679,0,1.088,1.57000005245209
1.78903552782621,0,1.088,1.57000005245209
1.79401889899563,0,1.088,1.57000005245209
1.79900227016505,0,1.088,1.57000005245209
1.80398564133446,0,1.088,1.57000005245209
1.80896901250388,0,1.088,1.57000005245209
1.8139523836733,0,1.088,1.57000005245209
1.81893575484272,0,1.088,1.57000005245209
1.82391912601213,0,1.088,1.57000005245209
1.82890249718155,0,1.088,1.57000005245209
1.83388586835097,0,1.088,1.57000005245209
1.83886923952038,0,1.088,1.57000005245209
1.8438526106898,0,1.088,1.57000005245209
1.84883598185922,0,1.088,1.57000005245209
1.85381935302864,0,1.088,1.57000005245209
1.85880272419805,0,1.088,1.57000005245209
1.86378609536747,0,1.088,1.57000005245209
1.86876946653689,0,1.088,1.57000005245209
1.87375283770631,0,1.088,1.57000005245209
1.87873620887572,0,1.088,1.57000005245209
1.88371958004514,0,1.088,1.57000005245209
1.88870295121456,0,1.088,1.57000005245209
1.89368632238398,0,1.088,1.57000005245209
1.89866969355339,0,1.088,1.57000005245209
1.90365306472281,0,1.088,1.57000005245209
1.90863643589223,0,1.088,1.57000005245209
1.91361980706165,0,1.088,1.57000005245209
1.91860317823106,0,1.088,1.57000005245209
1.92358654940048,0,1.088,1.57000005245209
1.9285699205699,0,1.088,1.57000005245209
1.93355329173932,0,1.088,1.57000005245209
1.93853666290873,0,1.088,1.57000005245209
1.94352003407815,0,1.088,1.57000005245209
1.94850340524757,0,1.088,1.57000005245209
1.95348677641699,0,1.088,1.57000005245209
1.9584701475864,0,1.088,1.57000005245209
1.96345351875582,0,1.088,1.57000005245209
1.96843688992524,0,1.088,1.57000005245209
1.97342026109466,0,1.088,1.57000005245209
1.97840363226407,0,1.088,1.57000005245209
1.98338700343349,0,1.088,1.57000005245209
1.98837037460291,0,1.088,1.57000005245209
1.99335374577232,0,1.088,1.57000005245209
1.99833711694174,0,1.088,1.57000005245209
2.00332048811116,0,1.088,1.57000005245209
2.00830385928058,0,1.088,1.57000005245209
2.01328723044999,0,1.088,1.57000005245209
2.01827060161941,0,1.088,1.57000005245209
2.02325397278883,0,1.088,1.57000005245209
2.02823734395825,0,1.088,1.57000005245209
2.03322071512766,0,1.088,1.57000005245209
2.03820408629708,0,1.088,1.57000005245209
2.0431874574665,0,1.088,1.57000005245209
2.04817082863592,0,1.088,1.57000005245209
2.05315419980533,0,1.088,1.57000005245209
2.05813757097475,0,1.088,1.57000005245209
2.06312094214417,0,1.088,1.57000005245209
2.06810431331359,0,1.088,1.57000005245209
2.073087684483,0,1.088,1.57000005245209
2.07807105565242,0,1.088,1.57000005245209
2.08305442682184,0,1.088,1.57000005245209
2.08803779799126,0,1.088,1.57000005245209
2.09302116916067,0,1.088,1.57000005245209
2.09800454033009,0,1.088,1.57000005245209
2.10298791149951,0,1.088,1.57000005245209
2.10797128266893,0,1.088,1.57000005245209
2.11295465383834,0,1.088,1.57000005245209
2.11793802500776,0,1.088,1.57000005245209
2.12292139617718,0,1.088,1.57000005245209
2.1279047673466,0,1.088,1.57000005245209
2.13288813851601,0,1.088,1.57000005245209
2.13787150968543,0,1.088,1.57000005245209
2.14285488085485,0,1.088,1.57000005245209
2.14783825202426,0,1.088,1.57000005245209
2.15282162319368,0,1.088,1.57000005245209
2.1578049943631,0,1.088,1.57000005245209
2.16278836553252,0,1.088,1.57000005245209
2.16777173670193,0,1.088,1.57000005245209
2.17275510787135,0,1.088,1.57000005245209
2.17773847904077,0,1.088,1.57000005245209
2.18272185021019,-0.0558200254888832,1.088,1.57000005245209
2.1877052213796,-0.0562274709304079,1.088,1.57000005245209
2.19268859254902,-0.0566349163719326,1.088,1.57000005245209
2.19767196371844,-0.0570423618134573,1.088,1.57000005245209
2.20265533488786,-0.057449807254982,1.088,1.57000005245209
2.20763870605727,-0.0578572526965067,1.088,1.57000005245209
2.21262207722669,-0.0582646981380314,1.088,1.57000005245209
2.21760544839611,-0.0586721435795561,1.088,1.57000005245209
2.22258881956553,-0.0590795890210808,1.088,1.57000005245209
2.22757219073494,-0.0594870344626054,1.088,1.57000005245209
2.23255556190436,-0.0598944799041301,1.088,1.57000005245209
2.23753893307378,-0.0603019253456548,1.088,1.57000005245209
2.2425223042432,-0.0607093707871795,1.088,1.57000005245209
2.24750567541261,-0.0611168162287042,1.088,1.57000005245209
2.25248904658203,-0.0615242616702289,1.088,1.57000005245209
2.25747241775145,-0.0619317071117536,1.088,1.57000005245209
2.26245578892087,-0.0623391525532783,1.088,1.57000005245209
2.26743916009028,-0.062746597994803,1.088,1.57000005245209
2.2724225312597,-0.0631540434363277,1.088,1.57000005245209
2.27740590242912,-0.0635614888778524,1.088,1.57000005245209
2.28238927359854,-0.0639689343193771,1.088,1.57000005245209
2.28737264476795,-0.0643763797609018,1.088,1.57000005245209
2.29235601593737,-0.0647838252024265,1.088,1.57000005245209
2.29733938710679,-0.0651912706439512,1.088,1.57000005245209
2.3023227582762,-0.0655987160854759,1.088,1.57000005245209
2.30730612944562,-0.0660061615270006,1.088,1.57000005245209
2.31228950061504,-0.0664136069685253,1.088,1.57000005245209
2.31727287178446,-0.06682105241005,1.088,1.57000005245209
2.32225624295387,-0.0672284978515746,1.088,1.57000005245209
2.32723961412329,-0.0676359432930993,1.088,1.57000005245209
2.33222298529271,-0.068043388734624,1.088,1.57000005245209
2.33720635646213,-0.0684508341761487,1.088,1.57000005245209
2.34218972763154,-0.0688582796176734,1.088,1.57000005245209
2.34717309880096,-0.0692657250591981,1.088,1.57000005245209
2.35215646997038,-0.0696731705007228,1.088,1.57000005245209
2.3571398411398,-0.0700806159422475,1.088,1.57000005245209
2.36212321230921,-0.0704880613837722,1.088,1.57000005245209
2.36710658347863,-0.0708955068252969,1.088,1.57000005245209
2.37208995464805,-0.0713029522668216,1.088,1.57000005245209
2.37707332581747,-0.0717103977083463,1.088,1.57000005245209
2.38205669698688,-0.072117843149871,1.088,1.57000005245209
2.3870400681563,-0.0725252885913957,1.088,1.57000005245209
2.39202343932572,-0.0729327340329204,1.088,1.57000005245209
2.39700681049514,-0.0733401794744451,1.088,1.57000005245209
2.40199018166455,-0.0737476249159698,1.088,1.57000005245209
2.40697355283397,-0.0741550703574945,1.088,1.57000005245209
2.41195692400339,-0.0745625157990192,1.088,1.57000005245209
2.41694029517281,-0.0749699612405439,1.088,1.57000005245209
2.42192366634222,-0.0753774066820686,1.088,1.57000005245209
2.42690703751164,-0.0757848521235932,1.088,1.57000005245209
2.43189040868106,-0.0761922975651179,1.088,1.57000005245209
2.43687377985048,-0.0765997430066426,1.088,1.57000005245209
2.44185715101989,-0.0770071884481673,1.088,1.57000005245209
2.44684052218931,-0.077414633889692,1.088,1.57000005245209
2.45182389335873,-0.0778220793312167,1.088,1.57000005245209
2.45680726452814,-0.0782295247727414,1.088,1.57000005245209
2.46179063569756,-0.0786369702142661,1.088,1.57000005245209
2.46677400686698,-0.0790444156557908,1.088,1.57000005245209
2.4717573780364,-0.0794518610973155,1.088,1.57000005245209
2.47674074920581,-0.0798593065388402,1.088,1.57000005245209
2.48172412037523,-0.0802667519803649,1.088,1.57000005245209
2.48670749154465,-0.0806741974218896,1.088,1.57000005245209
2.49169086271407,-0.0810816428634143,1.088,1.57000005245209
2.49667423388348,-0.081489088304939,1.088,1.57000005245209
2.5016576050529,-0.0818965337464637,1.088,1.57000005245209
2.50664097622232,-0.0823039791879884,1.088,1.57000005245209
2.51162434739174,-0.0827114246295131,1.088,1.57000005245209
2.51660771856115,-0.0831188700710377,1.088,1.57000005245209
2.52159108973057,-0.0835263155125624,1.088,1.57000005245209
2.52657446089999,-0.0839337609540871,1.088,1.57000005245209
2.53155783206941,-0.0843412063956118,1.088,1.57000005245209
2.53654120323882,-0.0847486518371365,1.088,1.57000005245209
2.54152457440824,-0.0851560972786612,1.088,1.57000005245209
2.54650794557766,-0.0855635427201859,1.088,1.57000005245209
2.55149131674708,-0.0859709881617106,1.088,1.57000005245209
2.55647468791649,-0.0863784336032353,1.088,1.57000005245209
2.56145805908591,-0.08678587904476,1.088,1.57000005245209
2.56644143025533,-0.0871933244862847,1.088,1.57000005245209
2.57142480142475,-0.0876007699278094,1.088,1.57000005245209
2.57640817259416,-0.0880082153693341,1.088,1.57000005245209
2.58139154376358,-0.0884156608108588,1.088,1.57000005245209
2.586374914933,-0.0888231062523835,1.088,1.57000005245209
2.59135828610242,-0.0892305516939082,1.088,1.57000005245209
2.59634165727183,-0.0896379971354329,1.088,1.57000005245209
2.60132502844125,-0.0900454425769576,1.088,1.57000005245209
2.60630839961067,-0.0904528880184823,1.088,1.57000005245209
2.61129177078008,-0.090860333460007,1.088,1.57000005245209
2.6162751419495,-0.0912677789015317,1.088,1.57000005245209
2.62125851311892,-0.0916752243430563,1.088,1.57000005245209
2.62624188428834,-0.092082669784581,1.088,1.57000005245209
2.63122525545775,-0.0924901152261057,1.088,1.57000005245209
2.63620862662717,-0.0928975606676304,1.088,1.57000005245209
2.64119199779659,-0.0933050061091551,1.088,1.57000005245209
2.64617536896601,-0.0937124515506798,1.088,1.57000005245209
2.65115874013542,-0.0941198969922045,1.088,1.57000005245209
2.65614211130484,-0.0945273424337292,1.088,1.57000005245209
2.66112548247426,-0.0949347878752539,1.088,1.57000005245209
2.66610885364368,-0.0953422333167786,1.088,1.57000005245209
2.67109222481309,-0.0957496787583033,1.088,1.57000005245209
2.67607559598251,-0.096157124199828,1.088,1.57000005245209
2.68105896715193,-0.0965645696413527,1.088,1.57000005245209
2.68604233832135,-0.0969720150828774,1.088,1.57000005245209
2.69102570949076,-0.0973794605244021,1.088,1.57000005245209
2.69600908066018,-0.0977869059659268,1.088,1.57000005245209
2.7009924518296,-0.0981943514074515,1.088,1.57000005245209
2.70597582299902,-0.0986017968489761,1.088,1.57000005245209
2.71095919416843,-0.0990092422905008,1.088,1.57000005245209
2.71594256533785,-0.0994166877320255,1.088,1.57000005245209
2.72092593650727,-0.0998241331735502,1.088,1.57000005245209
2.72590930767669,-0.100231578615075,1.088,1.57000005245209
2.7308926788461,-0.1006390240566,1.088,1.57000005245209
2.73587605001552,-0.101046469498124,1.088,1.57000005245209
2.74085942118494,-0.101453914939649,1.088,1.57000005245209
2.74584279235436,-0.101861360381174,1.088,1.57000005245209
2.75082616352377,-0.102268805822698,1.088,1.57000005245209
2.75580953469319,-0.102676251264223,1.088,1.57000005245209
2.76079290586261,-0.103083696705748,1.088,1.57000005245209
2.76577627703202,-0.103491142147272,1.088,1.57000005245209
2.77075964820144,-0.103898587588797,1.088,1.57000005245209
2.77574301937086,-0.104306033030322,1.088,1.57000005245209
2.78072639054028,-0.104713478471847,1.088,1.57000005245209
2.78570976170969,-0.105120923913371,1.088,1.57000005245209
2.79069313287911,-0.105528369354896,1.088,1.57000005245209
2.79567650404853,-0.105935814796421,1.088,1.57000005245209
2.80065987521795,-0.106343260237945,1.088,1.57000005245209
2.80564324638736,-0.10675070567947,1.088,1.57000005245209
2.81062661755678,-0.107158151120995,1.088,1.57000005245209
2.8156099887262,-0.107565596562519,1.088,1.57000005245209
2.82059335989562,-0.107973042004044,1.088,1.57000005245209
2.82557673106503,-0.108380487445569,1.088,1.57000005245209
2.83056010223445,-0.108787932887094,1.088,1.57000005245209
2.83554347340387,-0.109195378328618,1.088,1.57000005245209
2.84052684457329,-0.109602823770143,1.088,1.57000005245209
2.8455102157427,-0.110010269211668,1.088,1.57000005245209
2.85049358691212,-0.110417714653192,1.088,1.57000005245209
2.85547695808154,-0.110825160094717,1.088,1.57000005245209
2.86046032925096,-0.111232605536242,1.088,1.57000005245209
2.86544370042037,-0.111640050977766,1.088,1.57000005245209
2.87042707158979,-0.112047496419291,1.088,1.57000005245209
2.87541044275921,-0.112454941860816,1.088,1.57000005245209
2.88039381392863,-0.11286238730234,1.088,1.57000005245209
2.88537718509804,-0.113269832743865,1.088,1.57000005245209
2.89036055626746,-0.11367727818539,1.088,1.57000005245209
2.89534392743688,-0.114084723626915,1.088,1.57000005245209
2.9003272986063,-0.114492169068439,1.088,1.57000005245209
2.90531066977571,-0.114899614509964,1.088,1.57000005245209
2.91029404094513,-0.115307059951489,1.088,1.57000005245209
2.91527741211455,-0.115714505393013,1.088,1.57000005245209
2.92026078328396,-0.116121950834538,1.088,1.57000005245209
2.92524415445338,-0.116529396276063,1.088,1.57000005245209
2.9302275256228,-0.116936841717587,1.088,1.57000005245209
2.93521089679222,-0.117344287159112,1.088,1.57000005245209
2.94019426796163,-0.117751732600637,1.088,1.57000005245209
2.94517763913105,-0.118159178042162,1.088,1.57000005245209
2.95016101030047,-0.118566623483686,1.088,1.57000005245209
2.95514438146989,-0.118974068925211,1.088,1.57000005245209
2.9601277526393,-0.119381514366736,1.088,1.57000005245209
2.96511112380872,-0.11978895980826,1.088,1.57000005245209
2.97009449497814,-0.120196405249785,1.088,1.57000005245209
2.97507786614756,-0.12060385069131,1.088,1.57000005245209
2.98006123731697,-0.121011296132834,1.088,1.57000005245209
2.98504460848639,-0.121418741574359,1.088,1.57000005245209
2.99002797965581,-0.121826187015884,1.088,1.57000005245209
2.99501135082523,-0.122233632457408,1.088,1.57000005245209
2.99999472199464,-0.122641077898933,1.088,1.57000005245209
3.00497809316406,-0.123048523340458,1.088,1.57000005245209
3.00996146433348,-0.123455968781983,1.088,1.57000005245209
3.0149448355029,-0.123863414223507,1.088,1.57000005245209
3.01992820667231,-0.124270859665032,1.088,1.57000005245209
3.02491157784173,-0.124678305106557,1.088,1.57000005245209
3.02989494901115,-0.125085750548081,1.088,1.57000005245209
3.03487832018057,-0.125493195989606,1.088,1.57000005245209
3.03986169134998,-0.125900641431131,1.088,1.57000005245209
3.0448450625194,-0.126308086872655,1.088,1.57000005245209
3.04982843368882,-0.12671553231418,1.088,1.57000005245209
3.05481180485824,-0.127122977755705,1.088,1.57000005245209
3.05979517602765,-0.12753042319723,1.088,1.57000005245209
3.06477854719707,-0.127937868638754,1.088,1.57000005245209
3.06976191836649,-0.128345314080279,1.088,1.57000005245209
3.0747452895359,-0.128752759521804,1.088,1.57000005245209
3.07972866070532,-0.129160204963328,1.088,1.57000005245209
3.08471203187474,-0.129567650404853,1.088,1.57000005245209
3.08969540304416,-0.129975095846378,1.088,1.57000005245209
3.09467877421357,-0.130382541287902,1.088,1.57000005245209
3.09966214538299,-0.130789986729427,1.088,1.57000005245209
3.10464551655241,-0.131197432170952,1.088,1.57000005245209
3.10962888772183,-0.131604877612476,1.088,1.57000005245209
3.11461225889124,-0.132012323054001,1.088,1.57000005245209
3.11959563006066,-0.132419768495526,1.088,1.57000005245209
3.12457900123008,-0.132827213937051,1.088,1.57000005245209
3.1295623723995,-0.133234659378575,1.088,1.57000005245209
3.13454574356891,-0.1336421048201,1.088,1.57000005245209
3.13952911473833,-0.134049550261625,1.088,1.57000005245209
3.14451248590775,-0.134456995703149,1.088,1.57000005245209
3.14949585707717,-0.134864441144674,1.088,1.57000005245209
3.15447922824658,-0.135271886586199,1.088,1.57000005245209
3.159462599416,-0.135679332027723,1.088,1.57000005245209
3.16444597058542,-0.136086777469248,1.088,1.57000005245209
3.16942934175484,-0.136494222910773,1.088,1.57000005245209
3.17441271292425,-0.136901668352297,1.088,1.57000005245209
3.17939608409367,-0.137309113793822,1.088,1.57000005245209
3.18437945526309,-0.137716559235347,1.088,1.57000005245209
3.18936282643251,-0.138124004676872,1.088,1.57000005245209
3.19434619760192,-0.138531450118396,1.088,1.57000005245209
3.19932956877134,-0.138938895559921,1.088,1.57000005245209
3.20431293994076,-0.139346341001446,1.088,1.57000005245209
3.20929631111018,-0.13975378644297,1.088,1.57000005245209
3.21427968227959,-0.140161231884495,1.088,1.57000005245209
3.21926305344901,-0.14056867732602,1.088,1.57000005245209
3.22424642461843,-0.140976122767544,1.088,1.57000005245209
3.22922979578784,-0.141383568209069,1.088,1.57000005245209
3.23421316695726,-0.141791013650594,1.088,1.57000005245209
3.23919653812668,-0.142198459092119,1.088,1.57000005245209
3.2441799092961,-0.142605904533643,1.088,1.57000005245209
3.24916328046551,-0.143013349975168,1.088,1.57000005245209
3.25414665163493,-0.143420795416693,1.088,1.57000005245209
3.25913002280435,-0.143828240858217,1.088,1.57000005245209
3.26411339397377,-0.144235686299742,1.088,1.57000005245209
3.26909676514318,-0.144643131741267,1.088,1.57000005245209
3.2740801363126,-0.145050577182791,1.088,1.57000005245209
3.27906350748202,-0.145458022624316,1.088,1.57000005245209
3.28404687865144,-0.145865468065841,1.088,1.57000005245209
3.28903024982085,-0.146272913507365,1.088,1.57000005245209
3.29401362099027,-0.14668035894889,1.088,1.57000005245209
3.29899699215969,-0.147087804390415,1.088,1.57000005245209
3.30398036332911,-0.14749524983194,1.088,1.57000005245209
3.30896373449852,-0.147902695273464,1.088,1.57000005245209
3.31394710566794,-0.148310140714989,1.088,1.57000005245209
3.31893047683736,-0.148717586156514,1.088,1.57000005245209
3.32391384800678,-0.149125031598038,1.088,1.57000005245209
3.32889721917619,-0.149532477039563,1.088,1.57000005245209
3.33388059034561,-0.149939922481088,1.088,1.57000005245209
3.33886396151503,-0.150347367922612,1.088,1.57000005245209
3.34384733268445,-0.150754813364137,1.088,1.57000005245209
3.34883070385386,-0.151162258805662,1.088,1.57000005245209
3.35381407502328,-0.151569704247186,1.088,1.57000005245209
3.3587974461927,-0.151977149688711,1.088,1.57000005245209
3.36378081736212,-0.152384595130236,1.088,1.57000005245209
3.36876418853153,-0.152792040571761,1.088,1.57000005245209
3.37374755970095,-0.153199486013285,1.088,1.57000005245209
3.37873093087037,-0.15360693145481,1.088,1.57000005245209
3.38371430203978,-0.154014376896335,1.088,1.57000005245209
3.3886976732092,-0.154421822337859,1.088,1.57000005245209
3.39368104437862,-0.154829267779384,1.088,1.57000005245209
3.39866441554804,-0.155236713220909,1.088,1.57000005245209
3.40364778671745,-0.155644158662433,1.088,1.57000005245209
3.40863115788687,-0.156051604103958,1.088,1.57000005245209
3.41361452905629,-0.156459049545483,1.088,1.57000005245209
3.41859790022571,-0.156866494987008,1.088,1.57000005245209
3.42358127139512,-0.157273940428532,1.088,1.57000005245209
3.42856464256454,-0.157681385870057,1.088,1.57000005245209
3.43354801373396,-0.158088831311582,1.088,1.57000005245209
3.43853138490338,-0.158496276753106,1.088,1.57000005245209
3.44351475607279,-0.158903722194631,1.088,1.57000005245209
3.44849812724221,-0.159311167636156,1.088,1.57000005245209
3.45348149841163,-0.15971861307768,1.088,1.57000005245209
3.45846486958105,-0.160126058519205,1.088,1.57000005245209
3.46344824075046,-0.16053350396073,1.088,1.57000005245209
3.46843161191988,-0.160940949402254,1.088,1.57000005245209
3.4734149830893,-0.161348394843779,1.088,1.57000005245209
3.47839835425872,-0.161755840285304,1.088,1.57000005245209
3.48338172542813,-0.162163285726829,1.088,1.57000005245209
3.48836509659755,-0.162570731168353,1.088,1.57000005245209
3.49334846776697,-0.162978176609878,1.088,1.57000005245209
3.49833183893639,-0.163385622051403,1.088,1.57000005245209
3.5033152101058,-0.163793067492927,1.088,1.57000005245209
3.50829858127522,-0.164200512934452,1.088,1.57000005245209
3.51328195244464,-0.164607958375977,1.088,1.57000005245209
3.51826532361406,-0.165015403817501,1.088,1.57000005245209
3.52324869478347,-0.165422849259026,1.088,1.57000005245209
3.52823206595289,-0.165830294700551,1.088,1.57000005245209
3.53321543712231,-0.166237740142075,1.088,1.57000005245209
3.53819880829173,-0.1666451855836,1.088,1.57000005245209
3.54318217946114,-0.167052631025125,1.088,1.57000005245209
3.54816555063056,-0.16746007646665,1.088,1.57000005245209
3.55314892179998,-0.167867521908174,1.088,1.57000005245209
3.55813229296939,-0.168274967349699,1.088,1.57000005245209
3.56311566413881,-0.168682412791224,1.088,1.57000005245209
3.56809903530823,-0.169089858232748,1.088,1.57000005245209
3.57308240647765,-0.169497303674273,1.088,1.57000005245209
3.57806577764706,-0.169904749115798,1.088,1.57000005245209
3.58304914881648,-0.170312194557322,1.088,1.57000005245209
3.5880325199859,-0.170719639998847,1.088,1.57000005245209
3.59301589115532,-0.171127085440372,1.088,1.57000005245209
3.59799926232473,-0.171534530881897,1.088,1.57000005245209
3.60298263349415,-0.171941976323421,1.088,1.57000005245209
3.60796600466357,-0.172349421764946,1.088,1.57000005245209
3.61294937583299,-0.172756867206471,1.088,1.57000005245209
3.6179327470024,-0.173164312647995,1.088,1.57000005245209
3.62291611817182,-0.17357175808952,1.088,1.57000005245209
3.62789948934124,-0.173979203531045,1.088,1.57000005245209
3.63288286051066,-0.174386648972569,1.088,1.57000005245209
3.63786623168007,-0.174794094414094,1.088,1.57000005245209
3.64284960284949,-0.175201539855619,1.088,1.57000005245209
3.64783297401891,-0.175608985297143,1.088,1.57000005245209
3.65281634518833,-0.176016430738668,1.088,1.57000005245209
3.65779971635774,-0.176423876180193,1.088,1.57000005245209
3.66278308752716,-0.176831321621718,1.088,1.57000005245209
3.66776645869658,-0.177238767063242,1.088,1.57000005245209
3.672749829866,-0.177646212504767,1.088,1.57000005245209
3.67773320103541,-0.178053657946292,1.088,1.57000005245209
3.68271657220483,-0.178461103387816,1.088,1.57000005245209
3.68769994337425,-0.178868548829341,1.088,1.57000005245209
3.69268331454367,-0.179275994270866,1.088,1.57000005245209
3.69766668571308,-0.17968343971239,1.088,1.57000005245209
3.7026500568825,-0.180090885153915,1.088,1.57000005245209
3.70763342805192,-0.18049833059544,1.088,1.57000005245209
3.71261679922133,-0.180905776036965,1.088,1.57000005245209
3.71760017039075,-0.181313221478489,1.088,1.57000005245209
3.72258354156017,-0.181720666920014,1.088,1.57000005245209
3.72756691272959,-0.182128112361539,1.088,1.57000005245209
3.732550283899,-0.182535557803063,1.088,1.57000005245209
3.73753365506842,-0.182943003244588,1.088,1.57000005245209
3.74251702623784,-0.183350448686113,1.088,1.57000005245209
3.74750039740726,-0.183757894127637,1.088,1.57000005245209
3.75248376857667,-0.184165339569162,1.088,1.57000005245209
3.75746713974609,-0.184572785010687,1.088,1.57000005245209
3.76245051091551,-0.184980230452211,1.088,1.57000005245209
3.76743388208493,-0.185387675893736,1.088,1.57000005245209
3.77241725325434,-0.185795121335261,1.088,1.57000005245209
3.77740062442376,-0.186202566776786,1.088,1.57000005245209
3.78238399559318,-0.18661001221831,1.088,1.57000005245209
3.7873673667626,-0.187017457659835,1.088,1.57000005245209
3.79235073793201,-0.18742490310136,1.088,1.57000005245209
3.79733410910143,-0.187832348542884,1.088,1.57000005245209
3.80231748027085,-0.188239793984409,1.088,1.57000005245209
3.80730085144027,-0.188647239425934,1.088,1.57000005245209
3.81228422260968,-0.189054684867458,1.088,1.57000005245209
3.8172675937791,-0.189462130308983,1.088,1.57000005245209
3.82225096494852,-0.189869575750508,1.088,1.57000005245209
3.82723433611794,-0.190277021192033,1.088,1.57000005245209
3.83221770728735,-0.190684466633557,1.088,1.57000005245209
3.83720107845677,-0.191091912075082,1.088,1.57000005245209
3.84218444962619,-0.191499357516607,1.088,1.57000005245209
3.84716782079561,-0.191906802958131,1.088,1.57000005245209
3.85215119196502,-0.192314248399656,1.088,1.57000005245209
3.85713456313444,-0.192721693841181,1.088,1.57000005245209
3.86211793430386,-0.193129139282705,1.088,1.57000005245209
3.86710130547328,-0.19353658472423,1.088,1.57000005245209
3.87208467664269,-0.193944030165755,1.088,1.57000005245209
3.87706804781211,-0.194351475607279,1.088,1.57000005245209
3.88205141898153,-0.194758921048804,1.088,1.57000005245209
3.88703479015094,-0.195166366490329,1.088,1.57000005245209
3.89201816132036,-0.195573811931854,1.088,1.57000005245209
3.89700153248978,-0.195981257373378,1.088,1.57000005245209
3.9019849036592,-0.196388702814903,1.088,1.57000005245209
3.90696827482861,-0.196796148256428,1.088,1.57000005245209
3.91195164599803,-0.197203593697952,1.088,1.57000005245209
3.91693501716745,-0.197611039139477,1.088,1.57000005245209
3.92191838833687,-0.198018484581002,1.088,1.57000005245209
3.92690175950628,-0.198425930022526,1.088,1.57000005245209
3.9318851306757,-0.198833375464051,1.088,1.57000005245209
3.93686850184512,-0.199240820905576,1.088,1.57000005245209
3.94185187301454,-0.1996482663471,1.088,1.57000005245209
3.94683524418395,-0.200055711788625,1.088,1.57000005245209
3.95181861535337,-0.20046315723015,1.088,1.57000005245209
3.95680198652279,-0.200870602671675,1.088,1.57000005245209
3.96178535769221,-0.201278048113199,1.088,1.57000005245209
3.96676872886162,-0.201685493554724,1.088,1.57000005245209
3.97175210003104,-0.202092938996249,1.088,1.57000005245209
3.97673547120046,-0.202500384437773,1.088,1.57000005245209
3.98171884236988,-0.202907829879298,1.088,1.57000005245209
3.98670221353929,-0.203315275320823,1.088,1.57000005245209
3.99168558470871,-0.203722720762347,1.088,1.57000005245209
3.99666895587813,-0.204130166203872,1.088,1.57000005245209
4.00165232704755,-0.204537611645397,1.088,1.57000005245209
4.00663569821696,-0.204945057086921,1.088,1.57000005245209
4.01161906938638,-0.205352502528446,1.088,1.57000005245209
4.0166024405558,-0.205759947969971,1.088,1.57000005245209
4.02158581172522,-0.206167393411496,1.088,1.57000005245209
4.02656918289463,-0.20657483885302,1.088,1.57000005245209
4.03155255406405,-0.206982284294545,1.088,1.57000005245209
4.03653592523347,-0.20738972973607,1.088,1.57000005245209
4.04151929640288,-0.207797175177594,1.088,1.57000005245209
4.0465026675723,-0.208204620619119,1.088,1.57000005245209
4.05148603874172,-0.208612066060644,1.088,1.57000005245209
4.05646940991114,-0.209019511502168,1.088,1.57000005245209
4.06145278108055,-0.209426956943693,1.088,1.57000005245209
4.06643615224997,-0.209834402385218,1.088,1.57000005245209
4.07141952341939,-0.210241847826743,1.088,1.57000005245209
4.07640289458881,-0.210649293268267,1.088,1.57000005245209
4.08138626575822,-0.211056738709792,1.088,1.57000005245209
4.08636963692764,-0.211464184151317,1.088,1.57000005245209
4.09135300809706,-0.211871629592841,1.088,1.57000005245209
4.09633637926648,-0.212279075034366,1.088,1.57000005245209
4.10131975043589,-0.212686520475891,1.088,1.57000005245209
4.10630312160531,-0.213093965917415,1.088,1.57000005245209
4.11128649277473,-0.21350141135894,1.088,1.57000005245209
4.11626986394415,-0.213908856800465,1.088,1.57000005245209
4.12125323511356,-0.214316302241989,1.088,1.57000005245209
4.12623660628298,-0.214723747683514,1.088,1.57000005245209
4.1312199774524,-0.215131193125039,1.088,1.57000005245209
4.13620334862182,-0.215538638566564,1.088,1.57000005245209
4.14118671979123,-0.215946084008088,1.088,1.57000005245209
4.14617009096065,-0.216353529449613,1.088,1.57000005245209
4.15115346213007,-0.216760974891138,1.088,1.57000005245209
4.15613683329949,-0.217168420332662,1.088,1.57000005245209
4.1611202044689,-0.217575865774187,1.088,1.57000005245209
4.16610357563832,-0.217983311215712,1.088,1.57000005245209
4.17108694680774,-0.218390756657236,1.088,1.57000005245209
4.17607031797716,-0.218798202098761,1.088,1.57000005245209
4.18105368914657,-0.219205647540286,1.088,1.57000005245209
4.18603706031599,-0.219613092981811,1.088,1.57000005245209
4.19102043148541,-0.220020538423335,1.088,1.57000005245209
4.19600380265482,-0.22042798386486,1.088,1.57000005245209
4.20098717382424,-0.220835429306385,1.088,1.57000005245209
4.20597054499366,-0.221242874747909,1.088,1.57000005245209
4.21095391616308,-0.221650320189434,1.088,1.57000005245209
4.21593728733249,-0.222057765630959,1.088,1.57000005245209
4.22092065850191,-0.222465211072483,1.088,1.57000005245209
4.22590402967133,-0.222872656514008,1.088,1.57000005245209
4.23088740084075,-0.223280101955533,1.088,1.57000005245209
4.23587077201016,-0.223687547397057,1.088,1.57000005245209
4.24085414317958,-0.224094992838582,1.088,1.57000005245209
4.245837514349,-0.224502438280107,1.088,1.57000005245209
4.25082088551842,-0.224909883721632,1.088,1.57000005245209
4.25580425668783,-0.225317329163156,1.088,1.57000005245209
4.26078762785725,-0.225724774604681,1.088,1.57000005245209
4.26577099902667,-0.226132220046206,1.088,1.57000005245209
4.27075437019609,-0.22653966548773,1.088,1.57000005245209
4.2757377413655,-0.226947110929255,1.088,1.57000005245209
4.28072111253492,-0.22735455637078,1.088,1.57000005245209
4.28570448370434,-0.227762001812304,1.088,1.57000005245209
4.29068785487376,-0.228169447253829,1.088,1.57000005245209
4.29567122604317,-0.228576892695354,1.088,1.57000005245209
4.30065459721259,-0.228984338136879,1.088,1.57000005245209
4.30563796838201,-0.229391783578403,1.088,1.57000005245209
4.31062133955143,-0.229799229019928,1.088,1.57000005245209
4.31560471072084,-0.230206674461453,1.088,1.57000005245209
4.32058808189026,-0.230614119902977,1.088,1.57000005245209
4.32557145305968,-0.231021565344502,1.088,1.57000005245209
4.3305548242291,-0.231429010786027,1.088,1.57000005245209
4.33553819539851,-0.231836456227551,1.088,1.57000005245209
4.34052156656793,-0.232243901669076,1.088,1.57000005245209
4.34550493773735,-0.232651347110601,1.088,1.57000005245209
4.35048830890677,-0.233058792552125,1.088,1.57000005245209
4.35547168007618,-0.23346623799365,1.088,1.57000005245209
4.3604550512456,-0.233873683435175,1.088,1.57000005245209
4.36543842241502,-0.2342811288767,1.088,1.57000005245209
4.37042179358443,-0.234688574318224,1.088,1.57000005245209
4.37540516475385,-0.235096019759749,1.088,1.57000005245209
4.38038853592327,-0.235503465201274,1.088,1.57000005245209
4.38537190709269,-0.235910910642798,1.088,1.57000005245209
4.3903552782621,-0.236318356084323,1.088,1.57000005245209
4.39533864943152,-0.236725801525848,1.088,1.57000005245209
4.40032202060094,-0.237133246967372,1.088,1.57000005245209
4.40530539177036,-0.237540692408897,1.088,1.57000005245209
4.41028876293977,-0.237948137850422,1.088,1.57000005245209
4.41527213410919,-0.238355583291946,1.088,1.57000005245209
4.42025550527861,-0.238763028733471,1.088,1.57000005245209
4.42523887644803,-0.239170474174996,1.088,1.57000005245209
4.43022224761744,-0.239577919616521,1.088,1.57000005245209
4.43520561878686,-0.239985365058045,1.088,1.57000005245209
4.44018898995628,-0.24039281049957,1.088,1.57000005245209
4.4451723611257,-0.240800255941095,1.088,1.57000005245209
4.45015573229511,-0.241207701382619,1.088,1.57000005245209
4.45513910346453,-0.241615146824144,1.088,1.57000005245209
4.46012247463395,-0.242022592265669,1.088,1.57000005245209
4.46510584580337,-0.242430037707193,1.088,1.57000005245209
4.47008921697278,-0.242837483148718,1.088,1.57000005245209
4.4750725881422,-0.243244928590243,1.088,1.57000005245209
4.48005595931162,-0.243652374031768,1.088,1.57000005245209
4.48503933048104,-0.244059819473292,1.088,1.57000005245209
4.49002270165045,-0.244467264914817,1.088,1.57000005245209
4.49500607281987,-0.244874710356342,1.088,1.57000005245209
4.49998944398929,-0.245282155797866,1.088,1.57000005245209
4.5049728151587,-0.245689601239391,1.088,1.57000005245209
4.50995618632812,-0.246097046680916,1.088,1.57000005245209
4.51493955749754,-0.24650449212244,1.088,1.57000005245209
4.51992292866696,-0.246911937563965,1.088,1.57000005245209
4.52490629983637,-0.24731938300549,1.088,1.57000005245209
4.52988967100579,-0.247726828447014,1.088,1.57000005245209
4.53487304217521,-0.248134273888539,1.088,1.57000005245209
4.53985641334463,-0.248541719330064,1.088,1.57000005245209
4.54483978451404,-0.248949164771589,1.088,1.57000005245209
4.54982315568346,-0.249356610213113,1.088,1.57000005245209
4.55480652685288,-0.249764055654638,1.088,1.57000005245209
4.5597898980223,-0.250171501096163,1.088,1.57000005245209
4.56477326919171,-0.250578946537687,1.088,1.57000005245209
4.56975664036113,-0.250986391979212,1.088,1.57000005245209
4.57474001153055,-0.251393837420737,1.088,1.57000005245209
4.57972338269997,-0.251801282862261,1.088,1.57000005245209
4.58470675386938,-0.252208728303786,1.088,1.57000005245209
4.5896901250388,-0.252616173745311,1.088,1.57000005245209
4.59467349620822,-0.253023619186835,1.088,1.57000005245209
4.59965686737764,-0.25343106462836,1.088,1.57000005245209
4.60464023854705,-0.253838510069885,1.088,1.57000005245209
4.60962360971647,-0.25424595551141,1.088,1.57000005245209
4.61460698088589,-0.254653400952934,1.088,1.57000005245209
4.61959035205531,-0.255060846394459,1.088,1.57000005245209
4.62457372322472,-0.255468291835984,1.088,1.57000005245209
4.62955709439414,-0.255875737277508,1.088,1.57000005245209
4.63454046556356,-0.256283182719033,1.088,1.57000005245209
4.63952383673298,-0.256690628160558,1.088,1.57000005245209
4.64450720790239,-0.257098073602082,1.088,1.57000005245209
4.64949057907181,-0.257505519043607,1.088,1.57000005245209
4.65447395024123,-0.257912964485132,1.088,1.57000005245209
4.65945732141065,-0.258320409926657,1.088,1.57000005245209
4.66444069258006,-0.258727855368181,1.088,1.57000005245209
4.66942406374948,-0.259135300809706,1.088,1.57000005245209
4.6744074349189,-0.259542746251231,1.088,1.57000005245209
4.67939080608831,-0.259950191692755,1.088,1.57000005245209
4.68437417725773,-0.26035763713428,1.088,1.57000005245209
4.68935754842715,-0.260765082575805,1.088,1.57000005245209
4.69434091959657,-0.261172528017329,1.088,1.57000005245209
4.69932429076598,-0.261579973458854,1.088,1.57000005245209
4.7043076619354,-0.261987418900379,1.088,1.57000005245209
4.70929103310482,-0.262394864341903,1.088,1.57000005245209
4.71427440427424,-0.262802309783428,1.088,1.57000005245209
4.71925777544365,-0.263209755224953,1.088,1.57000005245209
4.72424114661307,-0.263617200666478,1.088,1.57000005245209
4.72922451778249,-0.264024646108002,1.088,1.57000005245209
4.73420788895191,-0.264432091549527,1.088,1.57000005245209
4.73919126012132,-0.264839536991052,1.088,1.57000005245209
4.74417463129074,-0.265246982432576,1.088,1.57000005245209
4.74915800246016,-0.265654427874101,1.088,1.57000005245209
4.75414137362958,-0.266061873315626,1.088,1.57000005245209
4.75912474479899,-0.26646931875715,1.088,1.57000005245209
4.76410811596841,-0.266876764198675,1.088,1.57000005245209
4.76909148713783,-0.2672842096402,1.088,1.57000005245209
4.77407485830724,-0.267691655081725,1.088,1.57000005245209
4.77905822947666,-0.268099100523249,1.088,1.57000005245209
4.78404160064608,-0.268506545964774,1.088,1.57000005245209
4.7890249718155,-0.268913991406299,1.088,1.57000005245209
4.79400834298492,-0.269321436847823,1.088,1.57000005245209
4.79899171415433,-0.269728882289348,1.088,1.57000005245209
4.80397508532375,-0.270136327730873,1.088,1.57000005245209
4.80895845649317,-0.270543773172397,1.088,1.57000005245209
4.81394182766258,-0.270951218613922,1.088,1.57000005245209
4.818925198832,-0.271358664055447,1.088,1.57000005245209
4.82390857000142,-0.271766109496971,1.088,1.57000005245209
4.82889194117084,-0.272173554938496,1.088,1.57000005245209
4.83387531234025,-0.272581000380021,1.088,1.57000005245209
4.83885868350967,-0.272988445821546,1.088,1.57000005245209
4.84384205467909,-0.27339589126307,1.088,1.57000005245209
4.84882542584851,-0.273803336704595,1.088,1.57000005245209
4.85380879701792,-0.27421078214612,1.088,1.57000005245209
4.85879216818734,-0.274618227587644,1.088,1.57000005245209
4.86377553935676,-0.275025673029169,1.088,1.57000005245209
4.86875891052618,-0.275433118470694,1.088,1.57000005245209
4.87374228169559,-0.275840563912218,1.088,1.57000005245209
4.87872565286501,-0.276248009353743,1.088,1.57000005245209
4.88370902403443,-0.276655454795268,1.088,1.57000005245209
4.88869239520385,-0.277062900236793,1.088,1.57000005245209
4.89367576637326,-0.277470345678317,1.088,1.57000005245209
4.89865913754268,-0.277877791119842,1.088,1.57000005245209
4.9036425087121,-0.278285236561367,1.088,1.57000005245209
4.90862587988152,-0.278692682002891,1.088,1.57000005245209
4.91360925105093,-0.279100127444416,1.088,1.57000005245209
4.91859262222035,-0.279507572885941,1.088,1.57000005245209
4.92357599338977,-0.279915018327465,1.088,1.57000005245209
4.92855936455919,-0.28032246376899,1.088,1.57000005245209
4.9335427357286,-0.280729909210515,1.088,1.57000005245209
4.93852610689802,-0.281137354652039,1.088,1.57000005245209
4.94350947806744,-0.281544800093564,1.088,1.57000005245209
4.94849284923686,-0.281952245535089,1.088,1.57000005245209
4.95347622040627,-0.282359690976614,1.088,1.57000005245209
4.95845959157569,-0.282767136418138,1.088,1.57000005245209
4.96344296274511,-0.283174581859663,1.088,1.57000005245209
4.96842633391453,-0.283582027301188,1.088,1.57000005245209
4.97340970508394,-0.283989472742712,1.088,1.57000005245209
4.97839307625336,-0.284396918184237,1.088,1.57000005245209
4.98337644742278,-0.284804363625762,1.088,1.57000005245209
4.98835981859219,-0.285211809067286,1.088,1.57000005245209
4.99334318976161,-0.285619254508811,1.088,1.57000005245209
4.99832656093103,-0.286026699950336,1.088,1.57000005245209
5.00330993210045,-0.28643414539186,1.088,1.57000005245209
5.00829330326986,-0.286841590833385,1.088,1.57000005245209
5.01327667443928,-0.28724903627491,1.088,1.57000005245209
5.0182600456087,-0.287656481716435,1.088,1.57000005245209
5.02324341677812,-0.288063927157959,1.088,1.57000005245209
5.02822678794753,-0.288471372599484,1.088,1.57000005245209
5.03321015911695,-0.288878818041009,1.088,1.57000005245209
5.03819353028637,-0.289286263482533,1.088,1.57000005245209
5.04317690145579,-0.289693708924058,1.088,1.57000005245209
5.0481602726252,-0.290101154365583,1.088,1.57000005245209
5.05314364379462,-0.290508599807107,1.088,1.57000005245209
5.05812701496404,-0.290916045248632,1.088,1.57000005245209
5.06311038613346,-0.291323490690157,1.088,1.57000005245209
5.06809375730287,-0.291730936131682,1.088,1.57000005245209
5.07307712847229,-0.292138381573206,1.088,1.57000005245209
5.07806049964171,-0.292545827014731,1.088,1.57000005245209
5.08304387081112,-0.292953272456256,1.088,1.57000005245209
5.08802724198054,-0.29336071789778,1.088,1.57000005245209
5.09301061314996,-0.293768163339305,1.088,1.57000005245209
5.09799398431938,-0.29417560878083,1.088,1.57000005245209
5.1029773554888,-0.294583054222354,1.088,1.57000005245209
5.10796072665821,-0.294990499663879,1.088,1.57000005245209
5.11294409782763,-0.295397945105404,1.088,1.57000005245209
5.11792746899705,-0.295805390546928,1.088,1.57000005245209
5.12291084016646,-0.296212835988453,1.088,1.57000005245209
5.12789421133588,-0.296620281429978,1.088,1.57000005245209
5.1328775825053,-0.297027726871503,1.088,1.57000005245209
5.13786095367472,-0.297435172313027,1.088,1.57000005245209
5.14284432484413,-0.297842617754552,1.088,1.57000005245209
5.14782769601355,-0.298250063196077,1.088,1.57000005245209
5.15281106718297,-0.298657508637601,1.088,1.57000005245209
5.15779443835239,-0.299064954079126,1.088,1.57000005245209
5.1627778095218,-0.299472399520651,1.088,1.57000005245209
5.16776118069122,-0.299879844962175,1.088,1.57000005245209
5.17274455186064,-0.3002872904037,1.088,1.57000005245209
5.17772792303006,-0.300694735845225,1.088,1.57000005245209
5.18271129419947,-0.30110218128675,1.088,1.57000005245209
5.18769466536889,-0.301509626728274,1.088,1.57000005245209
5.19267803653831,-0.301917072169799,1.088,1.57000005245209
5.19766140770773,-0.302324517611324,1.088,1.57000005245209
5.20264477887714,-0.302731963052848,1.088,1.57000005245209
5.20762815004656,-0.303139408494373,1.088,1.57000005245209
5.21261152121598,-0.303546853935898,1.088,1.57000005245209
5.2175948923854,-0.303954299377422,1.088,1.57000005245209
5.22257826355481,-0.304361744818947,1.088,1.57000005245209
5.22756163472423,-0.304769190260472,1.088,1.57000005245209
5.23254500589365,-0.305176635701996,1.088,1.57000005245209
5.23752837706307,-0.305584081143521,1.088,1.57000005245209
5.24251174823248,-0.305991526585046,1.088,1.57000005245209
5.2474951194019,-0.306398972026571,1.088,1.57000005245209
5.25247849057132,-0.306806417468095,1.088,1.57000005245209
5.25746186174074,-0.30721386290962,1.088,1.57000005245209
5.26244523291015,-0.307621308351145,1.088,1.57000005245209
5.26742860407957,-0.308028753792669,1.088,1.57000005245209
5.27241197524899,-0.308436199234194,1.088,1.57000005245209
5.27739534641841,-0.308843644675719,1.088,1.57000005245209
5.28237871758782,-0.309251090117243,1.088,1.57000005245209
5.28736208875724,-0.309658535558768,1.088,1.57000005245209
5.29234545992666,-0.310065981000293,1.088,1.57000005245209
5.29732883109607,-0.310473426441817,1.088,1.57000005245209
5.30231220226549,-0.310880871883342,1.088,1.57000005245209
5.30729557343491,-0.311288317324867,1.088,1.57000005245209
5.31227894460433,-0.311695762766392,1.088,1.57000005245209
5.31726231577374,-0.312103208207916,1.088,1.57000005245209
5.32224568694316,-0.312510653649441,1.088,1.57000005245209
5.32722905811258,-0.312918099090966,1.088,1.57000005245209
5.332212429282,-0.31332554453249,1.088,1.57000005245209
5.33719580045141,-0.313732989974015,1.088,1.57000005245209
5.34217917162083,-0.31414043541554,1.088,1.57000005245209
5.34716254279025,-0.314547880857064,1.088,1.57000005245209
5.35214591395967,-0.314955326298589,1.088,1.57000005245209
5.35712928512908,-0.315362771740114,1.088,1.57000005245209
5.3621126562985,-0.315770217181639,1.088,1.57000005245209
5.36709602746792,-0.316177662623163,1.088,1.57000005245209
5.37207939863734,-0.316585108064688,1.088,1.57000005245209
5.37706276980675,-0.316992553506213,1.088,1.57000005245209
5.38204614097617,-0.317399998947737,1.088,1.57000005245209
5.38702951214559,-0.317807444389262,1.088,1.57000005245209
5.392012883315,-0.318214889830787,1.088,1.57000005245209
5.39699625448442,-0.318622335272311,1.088,1.57000005245209
5.40197962565384,-0.319029780713836,1.088,1.57000005245209
5.40696299682326,-0.319437226155361,1.088,1.57000005245209
5.41194636799268,-0.319844671596885,1.088,1.57000005245209
5.41692973916209,-0.32025211703841,1.088,1.57000005245209
5.42191311033151,-0.320659562479935,1.088,1.57000005245209
5.42689648150093,-0.32106700792146,1.088,1.57000005245209
5.43187985267035,-0.321474453362984,1.088,1.57000005245209
5.43686322383976,-0.321881898804509,1.088,1.57000005245209
5.44184659500918,-0.322289344246034,1.088,1.57000005245209
5.4468299661786,-0.322696789687558,1.088,1.57000005245209
5.45181333734801,-0.323104235129083,1.088,1.57000005245209
5.45679670851743,-0.323511680570608,1.088,1.57000005245209
5.46178007968685,-0.323919126012132,1.088,1.57000005245209
5.46676345085627,-0.324326571453657,1.088,1.57000005245209
5.47174682202568,-0.324734016895182,1.088,1.57000005245209
5.47970739327787,-0.323314636974588,1.088,1.57000005245209
5.48441478655575,-0.321629273949177,1.088,1.57000005245209
5.48912217983362,-0.319943910923765,1.088,1.57000005245209
5.4938295731115,-0.318258547898353,1.088,1.57000005245209
5.49853696638937,-0.316573184872941,1.088,1.57000005245209
5.50324435966725,-0.31488782184753,1.088,1.57000005245209
5.50795175294512,-0.313202458822118,1.088,1.57000005245209
5.51265914622299,-0.311517095796706,1.088,1.57000005245209
5.51736653950087,-0.309831732771294,1.088,1.57000005245209
5.52207393277874,-0.308146369745883,1.088,1.57000005245209
5.52678132605662,-0.306461006720471,1.088,1.57000005245209
5.53148871933449,-0.304775643695059,1.088,1.57000005245209
5.53619611261236,-0.303090280669647,1.088,1.57000005245209
5.54090350589024,-0.301404917644236,1.088,1.57000005245209
5.54561089916811,-0.299719554618824,1.088,1.57000005245209
5.55031829244599,-0.298034191593412,1.088,1.57000005245209
5.55502568572386,-0.296348828568,1.088,1.57000005245209
5.55973307900173,-0.294663465542589,1.088,1.57000005245209
5.56444047227961,-0.292978102517177,1.088,1.57000005245209
5.56914786555748,-0.291292739491765,1.088,1.57000005245209
5.57385525883536,-0.289607376466353,1.088,1.57000005245209
5.57856265211323,-0.287922013440942,1.088,1.57000005245209
5.58327004539111,-0.28623665041553,1.088,1.57000005245209
5.58797743866898,-0.284551287390118,1.088,1.57000005245209
5.59268483194685,-0.282865924364707,1.088,1.57000005245209
5.59739222522473,-0.281180561339295,1.088,1.57000005245209
5.6020996185026,-0.279495198313883,1.088,1.57000005245209
5.60680701178048,-0.277809835288471,1.088,1.57000005245209
5.61151440505835,-0.27612447226306,1.088,1.57000005245209
5.61622179833623,-0.274439109237648,1.088,1.57000005245209
5.6209291916141,-0.272753746212236,1.088,1.57000005245209
5.62563658489197,-0.271068383186824,1.088,1.57000005245209
5.63034397816985,-0.269383020161413,1.088,1.57000005245209
5.63505137144772,-0.267697657136001,1.088,1.57000005245209
5.6397587647256,-0.266012294110589,1.088,1.57000005245209
5.64446615800347,-0.264326931085177,1.088,1.57000005245209
5.64917355128134,-0.262641568059766,1.088,1.57000005245209
5.65388094455922,-0.260956205034354,1.088,1.57000005245209
5.65858833783709,-0.259270842008942,1.088,1.57000005245209
5.66329573111497,-0.25758547898353,1.088,1.57000005245209
5.66800312439284,-0.255900115958119,1.088,1.57000005245209
5.67271051767072,-0.254214752932707,1.088,1.57000005245209
5.67741791094859,-0.252529389907295,1.088,1.57000005245209
5.68212530422646,-0.250844026881883,1.088,1.57000005245209
5.68683269750434,-0.249158663856472,1.088,1.57000005245209
5.69154009078221,-0.24747330083106,1.088,1.57000005245209
5.69624748406009,-0.245787937805648,1.088,1.57000005245209
5.70095487733796,-0.244102574780236,1.088,1.57000005245209
5.70566227061583,-0.242417211754825,1.088,1.57000005245209
5.71036966389371,-0.240731848729413,1.088,1.57000005245209
5.71507705717158,-0.239046485704001,1.088,1.57000005245209
5.71978445044946,-0.237361122678589,1.088,1.57000005245209
5.72449184372733,-0.235675759653178,1.088,1.57000005245209
5.72919923700521,-0.233990396627766,1.088,1.57000005245209
5.73390663028308,-0.232305033602354,1.088,1.57000005245209
5.73861402356095,-0.230619670576942,1.088,1.57000005245209
5.74332141683883,-0.228934307551531,1.088,1.57000005245209
5.7480288101167,-0.227248944526119,1.088,1.57000005245209
5.75273620339458,-0.225563581500707,1.088,1.57000005245209
5.75744359667245,-0.223878218475296,1.088,1.57000005245209
5.76215098995032,-0.222192855449884,1.088,1.57000005245209
5.7668583832282,-0.220507492424472,1.088,1.57000005245209
5.77156577650607,-0.21882212939906,1.088,1.57000005245209
5.77627316978395,-0.217136766373649,1.088,1.57000005245209
5.78098056306182,-0.215451403348237,1.088,1.57000005245209
5.7856879563397,-0.213766040322825,1.088,1.57000005245209
5.79039534961757,-0.212080677297413,1.088,1.57000005245209
5.79510274289544,-0.210395314272002,1.088,1.57000005245209
5.79981013617332,-0.20870995124659,1.088,1.57000005245209
5.80451752945119,-0.207024588221178,1.088,1.57000005245209
5.80922492272907,-0.205339225195766,1.088,1.57000005245209
5.81393231600694,-0.203653862170355,1.088,1.57000005245209
5.81863970928481,-0.201968499144943,1.088,1.57000005245209
5.82334710256269,-0.200283136119531,1.088,1.57000005245209
5.82805449584056,-0.198597773094119,1.088,1.57000005245209
5.83276188911844,-0.196912410068708,1.088,1.57000005245209
5.83746928239631,-0.195227047043296,1.088,1.57000005245209
5.84217667567419,-0.193541684017884,1.088,1.57000005245209
5.84688406895206,-0.191856320992472,1.088,1.57000005245209
5.85159146222993,-0.190170957967061,1.088,1.57000005245209
5.85629885550781,-0.188485594941649,1.088,1.57000005245209
5.86100624878568,-0.186800231916237,1.088,1.57000005245209
5.86571364206356,-0.185114868890825,1.088,1.57000005245209
5.87042103534143,-0.183429505865414,1.088,1.57000005245209
5.87512842861931,-0.181744142840002,1.088,1.57000005245209
5.87983582189718,-0.18005877981459,1.088,1.57000005245209
5.88454321517505,-0.178373416789178,1.088,1.57000005245209
5.88925060845293,-0.176688053763767,1.088,1.57000005245209
5.8939580017308,-0.175002690738355,1.088,1.57000005245209
5.89866539500868,-0.173317327712943,1.088,1.57000005245209
5.90337278828655,-0.171631964687532,1.088,1.57000005245209
5.90808018156442,-0.16994660166212,1.088,1.57000005245209
5.9127875748423,-0.168261238636708,1.088,1.57000005245209
5.91749496812017,-0.166575875611296,1.088,1.57000005245209
5.92220236139805,-0.164890512585885,1.088,1.57000005245209
5.92690975467592,-0.163205149560473,1.088,1.57000005245209
5.93161714795379,-0.161519786535061,1.088,1.57000005245209
5.93632454123167,-0.159834423509649,1.088,1.57000005245209
5.94103193450954,-0.158149060484238,1.088,1.57000005245209
5.94573932778742,-0.156463697458826,1.088,1.57000005245209
5.95044672106529,-0.154778334433414,1.088,1.57000005245209
5.95515411434317,-0.153092971408002,1.088,1.57000005245209
5.95986150762104,-0.151407608382591,1.088,1.57000005245209
5.96456890089891,-0.149722245357179,1.088,1.57000005245209
5.96927629417679,-0.148036882331767,1.088,1.57000005245209
5.97398368745466,-0.146351519306355,1.088,1.57000005245209
5.97869108073254,-0.144666156280944,1.088,1.57000005245209
5.98339847401041,-0.142980793255532,1.088,1.57000005245209
5.98810586728829,-0.14129543023012,1.088,1.57000005245209
5.99281326056616,-0.139610067204708,1.088,1.57000005245209
5.99752065384403,-0.137924704179297,1.088,1.57000005245209
6.00222804712191,-0.136239341153885,1.088,1.57000005245209
6.00693544039978,-0.134553978128473,1.088,1.57000005245209
6.01164283367766,-0.132868615103061,1.088,1.57000005245209
6.01635022695553,-0.13118325207765,1.088,1.57000005245209
6.0210576202334,-0.129497889052238,1.088,1.57000005245209
6.02576501351128,-0.127812526026826,1.088,1.57000005245209
6.03047240678915,-0.126127163001414,1.088,1.57000005245209
6.03517980006703,-0.124441799976003,1.088,1.57000005245209
6.0398871933449,-0.122756436950591,1.088,1.57000005245209
6.04459458662278,-0.121071073925179,1.088,1.57000005245209
6.04930197990065,-0.119385710899767,1.088,1.57000005245209
6.05400937317852,-0.117700347874356,1.088,1.57000005245209
6.0587167664564,-0.116014984848944,1.088,1.57000005245209
6.06342415973427,-0.114329621823532,1.088,1.57000005245209
6.06813155301215,-0.112644258798121,1.088,1.57000005245209
6.07283894629002,-0.110958895772709,1.088,1.57000005245209
6.07754633956789,-0.109273532747297,1.088,1.57000005245209
6.08225373284577,-0.107588169721885,1.088,1.57000005245209
6.08696112612364,-0.105902806696474,1.088,1.57000005245209
6.09166851940152,-0.104217443671062,1.088,1.57000005245209
6.09637591267939,-0.10253208064565,1.088,1.57000005245209
6.10108330595727,-0.100846717620238,1.088,1.57000005245209
6.10579069923514,-0.0991613545948266,1.088,1.57000005245209
6.11049809251301,-0.0974759915694148,1.088,1.57000005245209
6.11520548579089,-0.0957906285440031,1.088,1.57000005245209
6.11991287906876,-0.0941052655185914,1.088,1.57000005245209
6.12462027234664,-0.0924199024931796,1.088,1.57000005245209
6.12932766562451,-0.0907345394677679,1.088,1.57000005245209
6.13403505890238,-0.0890491764423561,1.088,1.57000005245209
6.13874245218026,-0.0873638134169444,1.088,1.57000005245209
6.14344984545813,-0.0856784503915327,1.088,1.57000005245209
6.14815723873601,-0.0839930873661209,1.088,1.57000005245209
6.15286463201388,-0.0823077243407092,1.088,1.57000005245209
6.15757202529176,-0.0806223613152975,1.088,1.57000005245209
6.16227941856963,-0.0789369982898857,1.088,1.57000005245209
6.1669868118475,-0.077251635264474,1.088,1.57000005245209
6.17169420512538,-0.0755662722390622,1.088,1.57000005245209
6.17640159840325,-0.0738809092136505,1.088,1.57000005245209
6.18110899168113,-0.0721955461882387,1.088,1.57000005245209
6.185816384959,-0.070510183162827,1.088,1.57000005245209
6.19052377823688,-0.0688248201374153,1.088,1.57000005245209
6.19523117151475,-0.0671394571120035,1.088,1.57000005245209
6.19993856479262,-0.0654540940865918,1.088,1.57000005245209
6.2046459580705,-0.06376873106118,1.088,1.57000005245209
6.20935335134837,-0.0620833680357683,1.088,1.57000005245209
6.21406074462625,-0.0603980050103565,1.088,1.57000005245209
6.21876813790412,-0.0587126419849448,1.088,1.57000005245209
6.22347553118199,-0.0570272789595331,1.088,1.57000005245209
6.22818292445987,-0.0553419159341213,1.088,1.57000005245209
6.23289031773774,-0.0536565529087095,1.088,1.57000005245209
6.23759771101562,-0.0519711898832978,1.088,1.57000005245209
6.24230510429349,-0.0502858268578861,1.088,1.57000005245209
6.24701249757136,-0.0486004638324744,1.088,1.57000005245209
6.25171989084924,-0.0469151008070626,1.088,1.57000005245209
6.25642728412711,-0.0452297377816509,1.088,1.57000005245209
6.26113467740499,-0.0435443747562391,1.088,1.57000005245209
6.26584207068286,-0.0418590117308274,1.088,1.57000005245209
6.27054946396074,-0.0401736487054156,1.088,1.57000005245209
6.27525685723861,-0.0384882856800039,1.088,1.57000005245209
6.27996425051648,-0.0368029226545922,1.088,1.57000005245209
6.28467164379436,-0.0351175596291804,1.088,1.57000005245209
6.28937903707223,-0.0334321966037686,1.088,1.57000005245209
6.29408643035011,-0.0317468335783569,1.088,1.57000005245209
6.29879382362798,-0.0300614705529452,1.088,1.57000005245209
6.30350121690586,-0.0283761075275334,1.088,1.57000005245209
6.30820861018373,-0.0266907445021217,1.088,1.57000005245209
6.3129160034616,-0.0250053814767099,1.088,1.57000005245209
6.31762339673948,-0.0233200184512982,1.088,1.57000005245209
6.32233079001735,-0.0216346554258865,1.088,1.57000005245209
6.32703818329523,-0.0199492924004747,1.088,1.57000005245209
6.3317455765731,-0.018263929375063,1.088,1.57000005245209
6.33645296985097,-0.0165785663496513,1.088,1.57000005245209
6.34116036312885,-0.0148932033242395,1.088,1.57000005245209
6.34586775640672,-0.0132078402988278,1.088,1.57000005245209
6.3505751496846,-0.011522477273416,1.088,1.57000005245209
6.35528254296247,-0.00983711424800426,1.088,1.57000005245209
6.35998993624034,-0.00815175122259254,1.088,1.57000005245209
6.36469732951822,-0.00646638819718076,1.088,1.57000005245209
6.36940472279609,-0.00478102517176909,1.088,1.57000005245209
6.37411211607397,-0.00309566214635731,1.088,1.57000005245209
6.37881950935184,-0.00141029912094554,1.088,1.57000005245209
6.38352690262972,0.000275063904466188,1.088,1.57000005245209
6.38823429590759,0.00196042692987797,1.088,1.57000005245209
6.39294168918546,0.00364578995528964,1.088,1.57000005245209
6.39764908246334,0.00533115298070142,1.088,1.57000005245209
6.40235647574121,0.00701651600611314,1.088,1.57000005245209
6.40706386901909,0.00870187903152492,1.088,1.57000005245209
6.41177126229696,0.0103872420569366,1.088,1.57000005245209
6.41647865557484,0.0120726050823484,1.088,1.57000005245209
6.42118604885271,0.0137579681077601,1.088,1.57000005245209
6.42589344213058,0.0154433311331719,1.088,1.57000005245209
6.43060083540846,0.0171286941585836,1.088,1.57000005245209
6.43530822868633,0.0188140571839953,1.088,1.57000005245209
6.44001562196421,0.0204994202094071,1.088,1.57000005245209
6.44472301524208,0.0221847832348188,1.088,1.57000005245209
6.44943040851995,0.0238701462602306,1.088,1.57000005245209
6.45413780179783,0.0255555092856423,1.088,1.57000005245209
6.4588451950757,0.0272408723110541,1.088,1.57000005245209
6.46355258835358,0.0289262353364658,1.088,1.57000005245209
6.46825998163145,0.0306115983618775,1.088,1.57000005245209
6.47296737490933,0.0322969613872893,1.088,1.57000005245209
6.4776747681872,0.0339823244127011,1.088,1.57000005245209
6.48238216146507,0.0356676874381127,1.088,1.57000005245209
6.48708955474295,0.0373530504635245,1.088,1.57000005245209
6.49179694802082,0.0390384134889362,1.088,1.57000005245209
6.4965043412987,0.040723776514348,1.088,1.57000005245209
6.50121173457657,0.0424091395397598,1.088,1.57000005245209
6.50591912785444,0.0440945025651714,1.088,1.57000005245209
6.51062652113232,0.0457798655905832,1.088,1.57000005245209
6.51533391441019,0.047465228615995,1.088,1.57000005245209
6.52004130768807,0.0491505916414067,1.088,1.57000005245209
6.52474870096594,0.0508359546668184,1.088,1.57000005245209
6.52945609424382,0.0525213176922302,1.088,1.57000005245209
6.53416348752169,0.0542066807176419,1.088,1.57000005245209
6.53887088079956,0.0558920437430537,1.088,1.57000005245209
6.54357827407744,0.0575774067684654,1.088,1.57000005245209
6.54828566735531,0.0592627697938772,1.088,1.57000005245209
6.55299306063319,0.0609481328192889,1.088,1.57000005245209
6.55770045391106,0.0626334958447006,1.088,1.57000005245209
6.56240784718893,0.0643188588701124,1.088,1.57000005245209
6.56711524046681,0.0660042218955241,1.088,1.57000005245209
6.57182263374468,0.0676895849209359,1.088,1.57000005245209
6.57653002702256,0.0693749479463476,1.088,1.57000005245209
6.58123742030043,0.0710603109717594,1.088,1.57000005245209
6.58594481357831,0.0727456739971711,1.088,1.57000005245209
6.59065220685618,0.0744310370225829,1.088,1.57000005245209
6.59535960013405,0.0761164000479945,1.088,1.57000005245209
6.60006699341193,0.0778017630734063,1.088,1.57000005245209
6.6047743866898,0.079487126098818,1.088,1.57000005245209
6.60948177996768,0.0811724891242298,1.088,1.57000005245209
6.61418917324555,0.0828578521496415,1.088,1.57000005245209
6.61889656652342,0.0845432151750533,1.088,1.57000005245209
6.6236039598013,0.086228578200465,1.088,1.57000005245209
6.62831135307917,0.0879139412258768,1.088,1.57000005245209
6.63301874635705,0.0895993042512885,1.088,1.57000005245209
6.63772613963492,0.0912846672767002,1.088,1.57000005245209
6.6424335329128,0.092970030302112,1.088,1.57000005245209
6.64714092619067,0.0946553933275237,1.088,1.57000005245209
6.65184831946854,0.0963407563529355,1.088,1.57000005245209
6.65655571274642,0.0980261193783472,1.088,1.57000005245209
6.66126310602429,0.099711482403759,1.088,1.57000005245209
6.66597049930217,0.101396845429171,1.088,1.57000005245209
6.67067789258004,0.103082208454582,1.088,1.57000005245209
6.67538528585792,0.104767571479994,1.088,1.57000005245209
6.68009267913579,0.106452934505406,1.088,1.57000005245209
6.68480007241366,0.108138297530818,1.088,1.57000005245209
6.68950746569154,0.109823660556229,1.088,1.57000005245209
6.69421485896941,0.111509023581641,1.088,1.57000005245209
6.69892225224729,0.113194386607053,1.088,1.57000005245209
6.70362964552516,0.114879749632465,1.088,1.57000005245209
6.70833703880303,0.116565112657876,1.088,1.57000005245209
6.71304443208091,0.118250475683288,1.088,1.57000005245209
6.71775182535878,0.1199358387087,1.088,1.57000005245209
6.72245921863666,0.121621201734112,1.088,1.57000005245209
6.72716661191453,0.123306564759523,1.088,1.57000005245209
6.7318740051924,0.124991927784935,1.088,1.57000005245209
6.73658139847028,0.126677290810347,1.088,1.57000005245209
6.74128879174815,0.128362653835759,1.088,1.57000005245209
6.74599618502603,0.13004801686117,1.088,1.57000005245209
6.7507035783039,0.131733379886582,1.088,1.57000005245209
6.75541097158178,0.133418742911994,1.088,1.57000005245209
6.76011836485965,0.135104105937406,1.088,1.57000005245209
6.76482575813752,0.136789468962817,1.088,1.57000005245209
6.7695331514154,0.138474831988229,1.088,1.57000005245209
6.77424054469327,0.140160195013641,1.088,1.57000005245209
6.77894793797115,0.141845558039052,1.088,1.57000005245209
6.78365533124902,0.143530921064464,1.088,1.57000005245209
6.7883627245269,0.145216284089876,1.088,1.57000005245209
6.79307011780477,0.146901647115288,1.088,1.57000005245209
6.79777751108264,0.148587010140699,1.088,1.57000005245209
6.80248490436052,0.150272373166111,1.088,1.57000005245209
6.80719229763839,0.151957736191523,1.088,1.57000005245209
6.81189969091627,0.153643099216935,1.088,1.57000005245209
6.81660708419414,0.155328462242346,1.088,1.57000005245209
6.82131447747201,0.157013825267758,1.088,1.57000005245209
6.82602187074989,0.15869918829317,1.088,1.57000005245209
6.83072926402776,0.160384551318582,1.088,1.57000005245209
6.83543665730564,0.162069914343993,1.088,1.57000005245209
6.84014405058351,0.163755277369405,1.088,1.57000005245209
6.84485144386139,0.165440640394817,1.088,1.57000005245209
6.84955883713926,0.167126003420229,1.088,1.57000005245209
6.85426623041713,0.16881136644564,1.088,1.57000005245209
6.85897362369501,0.170496729471052,1.088,1.57000005245209
6.86368101697288,0.172182092496464,1.088,1.57000005245209
6.86838841025076,0.173867455521876,1.088,1.57000005245209
6.87309580352863,0.175552818547287,1.088,1.57000005245209
6.8778031968065,0.177238181572699,1.088,1.57000005245209
6.88251059008438,0.178923544598111,1.088,1.57000005245209
6.88721798336225,0.180608907623523,1.088,1.57000005245209
6.89192537664013,0.182294270648934,1.088,1.57000005245209
6.896632769918,0.183979633674346,1.088,1.57000005245209
6.90134016319588,0.185664996699758,1.088,1.57000005245209
6.90604755647375,0.18735035972517,1.088,1.57000005245209
6.91075494975162,0.189035722750581,1.088,1.57000005245209
6.9154623430295,0.190721085775993,1.088,1.57000005245209
6.92016973630737,0.192406448801405,1.088,1.57000005245209
6.92487712958525,0.194091811826817,1.088,1.57000005245209
6.92958452286312,0.195777174852228,1.088,1.57000005245209
6.93429191614099,0.19746253787764,1.088,1.57000005245209
6.93899930941887,0.199147900903052,1.088,1.57000005245209
6.94370670269674,0.200833263928463,1.088,1.57000005245209
6.94841409597462,0.202518626953875,1.088,1.57000005245209
6.95312148925249,0.204203989979287,1.088,1.57000005245209
6.95782888253036,0.205889353004699,1.088,1.57000005245209
6.96253627580824,0.20757471603011,1.088,1.57000005245209
6.96724366908611,0.209260079055522,1.088,1.57000005245209
6.97195106236399,0.210945442080934,1.088,1.57000005245209
6.97665845564186,0.212630805106346,1.088,1.57000005245209
6.98136584891974,0.214316168131757,1.088,1.57000005245209
6.98607324219761,0.216001531157169,1.088,1.57000005245209
6.99078063547549,0.217686894182581,1.088,1.57000005245209
6.99548802875336,0.219372257207993,1.088,1.57000005245209
7.00019542203123,0.221057620233404,1.088,1.57000005245209
7.00490281530911,0.222742983258816,1.088,1.57000005245209
7.00961020858698,0.224428346284228,1.088,1.57000005245209
7.01431760186486,0.22611370930964,1.088,1.57000005245209
7.01902499514273,0.227799072335051,1.088,1.57000005245209
7.0237323884206,0.229484435360463,1.088,1.57000005245209
7.02843978169848,0.231169798385875,1.088,1.57000005245209
7.03314717497635,0.232855161411287,1.088,1.57000005245209
7.03785456825423,0.234540524436698,1.088,1.57000005245209
7.0425619615321,0.23622588746211,1.088,1.57000005245209
7.04726935480997,0.237911250487522,1.088,1.57000005245209
7.05197674808785,0.239596613512934,1.088,1.57000005245209
7.05668414136572,0.241281976538345,1.088,1.57000005245209
7.0613915346436,0.242967339563757,1.088,1.57000005245209
7.06609892792147,0.244652702589169,1.088,1.57000005245209
7.07080632119935,0.246338065614581,1.088,1.57000005245209
7.07551371447722,0.248023428639992,1.088,1.57000005245209
7.08022110775509,0.249708791665404,1.088,1.57000005245209
7.08492850103297,0.251394154690816,1.088,1.57000005245209
7.08963589431084,0.253079517716227,1.088,1.57000005245209
7.09434328758872,0.254764880741639,1.088,1.57000005245209
7.09905068086659,0.256450243767051,1.088,1.57000005245209
7.10375807414447,0.258135606792463,1.088,1.57000005245209
7.10846546742234,0.259820969817874,1.088,1.57000005245209
7.11317286070021,0.261506332843286,1.088,1.57000005245209
7.11788025397809,0.263191695868698,1.088,1.57000005245209
7.12258764725596,0.26487705889411,1.088,1.57000005245209
7.12729504053384,0.266562421919521,1.088,1.57000005245209
7.13200243381171,0.268247784944933,1.088,1.57000005245209
7.13670982708958,0.269933147970345,1.088,1.57000005245209
7.14141722036746,0.271618510995757,1.088,1.57000005245209
7.14612461364533,0.273303874021168,1.088,1.57000005245209
7.15083200692321,0.27498923704658,1.088,1.57000005245209
7.15553940020108,0.276674600071992,1.088,1.57000005245209
7.16024679347895,0.278359963097404,1.088,1.57000005245209
7.16495418675683,0.280045326122815,1.088,1.57000005245209
7.1696615800347,0.281730689148227,1.088,1.57000005245209
7.17436897331258,0.283416052173639,1.088,1.57000005245209
7.17907636659045,0.285101415199051,1.088,1.57000005245209
7.18378375986833,0.286786778224462,1.088,1.57000005245209
7.1884911531462,0.288472141249874,1.088,1.57000005245209
7.19319854642407,0.290157504275286,1.088,1.57000005245209
7.19790593970195,0.291842867300698,1.088,1.57000005245209
7.20261333297982,0.293528230326109,1.088,1.57000005245209
7.2073207262577,0.295213593351521,1.088,1.57000005245209
7.21202811953557,0.296898956376933,1.088,1.57000005245209
7.21673551281345,0.298584319402345,1.088,1.57000005245209
7.22144290609132,0.300269682427756,1.088,1.57000005245209
7.22615029936919,0.301955045453168,1.088,1.57000005245209
7.23085769264707,0.30364040847858,1.088,1.57000005245209
7.23556508592494,0.305325771503992,1.088,1.57000005245209
7.24027247920282,0.307011134529403,1.088,1.57000005245209
7.24497987248069,0.308696497554815,1.088,1.57000005245209
7.24968726575856,0.310381860580227,1.088,1.57000005245209
7.25439465903644,0.312067223605639,1.088,1.57000005245209
7.25910205231431,0.31375258663105,1.088,1.57000005245209
7.26380944559219,0.315437949656462,1.088,1.57000005245209
7.26851683887006,0.317123312681874,1.088,1.57000005245209
7.27322423214794,0.318808675707285,1.088,1.57000005245209
7.27793162542581,0.320494038732697,1.088,1.57000005245209
7.28263901870368,0.322179401758109,1.088,1.57000005245209
7.28734641198156,0.323864764783521,1.088,1.57000005245209
7.29205380525943,0.325550127808932,1.088,1.57000005245209
7.29676119853731,0.327235490834344,1.088,1.57000005245209
7.30146859181518,0.328920853859756,1.088,1.57000005245209
7.30617598509305,0.330606216885168,1.088,1.57000005245209
7.31088337837093,0.332291579910579,1.088,1.57000005245209
7.3155907716488,0.333976942935991,1.088,1.57000005245209
7.32029816492668,0.335662305961403,1.088,1.57000005245209
7.32500555820455,0.337347668986815,1.088,1.57000005245209
7.32971295148243,0.339033032012226,1.088,1.57000005245209
7.3344203447603,0.340718395037638,1.088,1.57000005245209
7.33912773803817,0.34240375806305,1.088,1.57000005245209
7.34383513131605,0.344089121088462,1.088,1.57000005245209
7.34854252459392,0.345774484113873,1.088,1.57000005245209
7.3532499178718,0.347459847139285,1.088,1.57000005245209
7.35795731114967,0.349145210164697,1.088,1.57000005245209
7.36266470442754,0.350830573190109,1.088,1.57000005245209
7.36737209770542,0.35251593621552,1.088,1.57000005245209
7.37207949098329,0.354201299240932,1.088,1.57000005245209
7.37678688426117,0.355886662266344,1.088,1.57000005245209
7.38149427753904,0.357572025291755,1.088,1.57000005245209
7.38620167081692,0.359257388317167,1.088,1.57000005245209
7.39090906409479,0.360942751342579,1.088,1.57000005245209
7.39561645737266,0.362628114367991,1.088,1.57000005245209
7.40032385065054,0.364313477393402,1.088,1.57000005245209
7.40503124392841,0.365998840418814,1.088,1.57000005245209
7.40973863720629,0.367684203444226,1.088,1.57000005245209
7.41444603048416,0.369369566469638,1.088,1.57000005245209
7.41915342376203,0.371054929495049,1.088,1.57000005245209
7.42386081703991,0.372740292520461,1.088,1.57000005245209
7.42856821031778,0.374425655545873,1.088,1.57000005245209
7.43327560359566,0.376111018571285,1.088,1.57000005245209
7.43798299687353,0.377796381596696,1.088,1.57000005245209
7.44269039015141,0.379481744622108,1.088,1.57000005245209
7.44739778342928,0.38116710764752,1.088,1.57000005245209
7.45210517670715,0.382852470672932,1.088,1.57000005245209
7.45681256998503,0.384537833698343,1.088,1.57000005245209
7.4615199632629,0.386223196723755,1.088,1.57000005245209
7.46622735654078,0.387908559749167,1.088,1.57000005245209
7.47093474981865,0.389593922774579,1.088,1.57000005245209
7.47564214309652,0.39127928579999,1.088,1.57000005245209
7.4803495363744,0.392964648825402,1.088,1.57000005245209
7.48505692965227,0.394650011850814,1.088,1.57000005245209
7.48976432293015,0.396335374876225,1.088,1.57000005245209
7.49447171620802,0.398020737901637,1.088,1.57000005245209
7.4991791094859,0.399706100927049,1.088,1.57000005245209
7.50340382187643,0.4,1.08433748766097,1.57000005245209
7.50680764375285,0.4,1.08067497532193,1.57000005245209
7.51021146562928,0.4,1.0770124629829,1.57000005245209
7.5136152875057,0.4,1.07334995064387,1.57000005245209
7.51701910938213,0.4,1.06968743830483,1.57000005245209
7.52042293125855,0.4,1.0660249259658,1.57000005245209
7.52382675313497,0.4,1.06236241362677,1.57000005245209
7.5272305750114,0.4,1.05869990128773,1.57000005245209
7.53063439688783,0.4,1.0550373889487,1.57000005245209
7.53403821876425,0.4,1.05137487660967,1.57000005245209
7.53744204064067,0.4,1.04771236427063,1.57000005245209
7.5408458625171,0.4,1.0440498519316,1.57000005245209
7.54424968439353,0.4,1.04038733959257,1.57000005245209
7.54765350626995,0.4,1.03672482725353,1.57000005245209
7.55105732814637,0.4,1.0330623149145,1.57000005245209
7.5544611500228,0.4,1.02939980257547,1.57000005245209
7.55786497189923,0.4,1.02573729023643,1.57000005245209
7.56126879377565,0.4,1.0220747778974,1.57000005245209
7.56467261565207,0.4,1.01841226555837,1.57000005245209
7.5680764375285,0.4,1.01474975321934,1.57000005245209
7.57148025940492,0.4,1.0110872408803,1.57000005245209
7.57488408128135,0.4,1.00742472854127,1.57000005245209
7.57828790315777,0.4,1.00376221620224,1.57000005245209
7.5816917250342,0.4,1.0000997038632,1.57000005245209
7.58509554691062,0.4,0.996437191524169,1.57000005245209
7.58849936878705,0.4,0.992774679185135,1.57000005245209
7.59190319066347,0.4,0.989112166846102,1.57000005245209
7.5953070125399,0.4,0.985449654507069,1.57000005245209
7.59871083441632,0.4,0.981787142168036,1.57000005245209
7.60211465629275,0.4,0.978124629829002,1.57000005245209
7.60551847816917,0.4,0.974462117489969,1.57000005245209
7.6089223000456,0.4,0.970799605150936,1.57000005245209
7.61232612192202,0.4,0.967137092811903,1.57000005245209
7.61572994379845,0.4,0.963474580472869,1.57000005245209
7.61913376567487,0.4,0.959812068133836,1.57000005245209
7.6225375875513,0.4,0.956149555794803,1.57000005245209
7.62594140942772,0.4,0.95248704345577,1.57000005245209
7.62934523130415,0.4,0.948824531116736,1.57000005245209
7.63274905318057,0.4,0.945162018777703,1.57000005245209
7.636152875057,0.4,0.94149950643867,1.57000005245209
7.63955669693342,0.4,0.937836994099637,1.57000005245209
7.64296051880985,0.4,0.934174481760603,1.57000005245209
7.64636434068627,0.4,0.93051196942157,1.57000005245209
7.6497681625627,0.4,0.926849457082537,1.57000005245209
7.65317198443912,0.4,0.923186944743504,1.57000005245209
7.65657580631555,0.4,0.91952443240447,1.57000005245209
7.65997962819197,0.4,0.915861920065437,1.57000005245209
7.6633834500684,0.4,0.912199407726404,1.57000005245209
7.66678727194482,0.4,0.908536895387371,1.57000005245209
7.67019109382125,0.4,0.904874383048337,1.57000005245209
7.67359491569767,0.4,0.901211870709304,1.57000005245209
7.6769987375741,0.4,0.897549358370271,1.57000005245209
7.68040255945052,0.4,0.893886846031238,1.57000005245209
7.68380638132695,0.4,0.890224333692204,1.57000005245209
7.68721020320337,0.4,0.886561821353171,1.57000005245209
7.6906140250798,0.4,0.882899309014138,1.57000005245209
7.69401784695622,0.4,0.879236796675105,1.57000005245209
7.69742166883265,0.4,0.875574284336071,1.57000005245209
7.70082549070907,0.4,0.871911771997038,1.57000005245209
7.7042293125855,0.4,0.868249259658005,1.57000005245209
7.70763313446192,0.4,0.864586747318971,1.57000005245209
7.71103695633835,0.4,0.860924234979938,1.57000005245209
7.71444077821477,0.4,0.857261722640905,1.57000005245209
7.7178446000912,0.4,0.853599210301872,1.57000005245209
7.72124842196762,0.4,0.849936697962838,1.57000005245209
7.72465224384405,0.4,0.846274185623805,1.57000005245209
7.72805606572047,0.4,0.842611673284772,1.57000005245209
7.7314598875969,0.4,0.838949160945739,1.57000005245209
7.73486370947332,0.4,0.835286648606705,1.57000005245209
7.73826753134975,0.4,0.831624136267672,1.57000005245209
7.74167135322617,0.4,0.827961623928639,1.57000005245209
7.7450751751026,0.4,0.824299111589606,1.57000005245209
7.74847899697902,0.4,0.820636599250572,1.57000005245209
7.75188281885545,0.4,0.816974086911539,1.57000005245209
7.75528664073187,0.4,0.813311574572506,1.57000005245209
7.7586904626083,0.4,0.809649062233472,1.57000005245209
7.76209428448472,0.4,0.805986549894439,1.57000005245209
7.76549810636115,0.4,0.802324037555406,1.57000005245209
7.76890192823757,0.4,0.798661525216373,1.57000005245209
7.772305750114,0.4,0.794999012877339,1.57000005245209
7.77570957199042,0.4,0.791336500538306,1.57000005245209
7.77911339386685,0.4,0.787673988199273,1.57000005245209
7.78251721574327,0.4,0.78401147586024,1.57000005245209
7.7859210376197,0.4,0.780348963521206,1.57000005245209
7.78932485949612,0.4,0.776686451182173,1.57000005245209
7.79272868137255,0.4,0.77302393884314,1.57000005245209
7.79613250324897,0.4,0.769361426504107,1.57000005245209
7.7995363251254,0.4,0.765698914165073,1.57000005245209
7.80294014700182,0.4,0.76203640182604,1.57000005245209
7.80634396887825,0.4,0.758373889487007,1.57000005245209
7.80974779075467,0.4,0.754711377147974,1.57000005245209
7.8131516126311,0.4,0.75104886480894,1.57000005245209
7.81655543450752,0.4,0.747386352469907,1.57000005245209
7.81995925638395,0.4,0.743723840130874,1.57000005245209
7.82336307826037,0.4,0.740061327791841,1.57000005245209
7.8267669001368,0.4,0.736398815452807,1.57000005245209
7.83017072201322,0.4,0.732736303113774,1.57000005245209
7.83357454388965,0.4,0.729073790774741,1.57000005245209
7.83697836576607,0.4,0.725411278435708,1.57000005245209
7.8403821876425,0.4,0.721748766096674,1.57000005245209
7.84378600951892,0.4,0.718086253757641,1.57000005245209
7.84718983139535,0.4,0.714423741418608,1.57000005245209
7.85059365327177,0.4,0.710761229079575,1.57000005245209
7.8539974751482,0.4,0.707098716740541,1.57000005245209
7.85740129702462,0.4,0.703436204401508,1.57000005245209
7.86080511890105,0.4,0.699773692062475,1.57000005245209
7.86420894077747,0.4,0.696111179723442,1.57000005245209
7.8676127626539,0.4,0.692448667384408,1.57000005245209
7.87101658453032,0.4,0.688786155045375,1.57000005245209
7.87442040640675,0.4,0.685123642706342,1.57000005245209
7.87782422828317,0.4,0.681461130367309,1.57000005245209
7.8812280501596,0.4,0.677798618028275,1.57000005245209
7.88463187203602,0.4,0.674136105689242,1.57000005245209
7.88803569391245,0.4,0.670473593350209,1.57000005245209
7.89143951578887,0.4,0.666811081011176,1.57000005245209
7.8948433376653,0.4,0.663148568672142,1.57000005245209
7.89824715954172,0.4,0.659486056333109,1.57000005245209
7.90165098141815,0.4,0.655823543994076,1.57000005245209
7.90505480329457,0.4,0.652161031655043,1.57000005245209
7.908458625171,0.4,0.648498519316009,1.57000005245209
7.91186244704742,0.4,0.644836006976976,1.57000005245209
7.91526626892385,0.4,0.641173494637943,1.57000005245209
7.91867009080027,0.4,0.63751098229891,1.57000005245209
7.9220739126767,0.4,0.633848469959876,1.57000005245209
7.92547773455312,0.4,0.630185957620843,1.57000005245209
7.92888155642955,0.4,0.62652344528181,1.57000005245209
7.93228537830597,0.4,0.622860932942776,1.57000005245209
7.9356892001824,0.4,0.619198420603743,1.57000005245209
7.93909302205882,0.4,0.61553590826471,1.57000005245209
7.94249684393525,0.4,0.611873395925677,1.57000005245209
7.94590066581167,0.4,0.608210883586643,1.57000005245209
7.9493044876881,0.4,0.60454837124761,1.57000005245209
7.95270830956452,0.4,0.600885858908577,1.57000005245209
7.95611213144094,0.4,0.597223346569544,1.57000005245209
7.95951595331737,0.4,0.59356083423051,1.57000005245209
7.9629197751938,0.4,0.589898321891477,1.57000005245209
7.96632359707022,0.4,0.586235809552444,1.57000005245209
7.96972741894664,0.4,0.582573297213411,1.57000005245209
7.97313124082307,0.4,0.578910784874377,1.57000005245209
7.9765350626995,0.4,0.575248272535344,1.57000005245209
7.97993888457592,0.4,0.571585760196311,1.57000005245209
7.98334270645234,0.4,0.567923247857278,1.57000005245209
7.98674652832877,0.4,0.564260735518244,1.57000005245209
7.99015035020519,0.4,0.560598223179211,1.57000005245209
7.99355417208162,0.4,0.556935710840178,1.57000005245209
7.99695799395804,0.4,0.553273198501145,1.57000005245209
8,0.4,0.545,1.57000005245209
8,0.4,0.54,1.57000005245209
8,0.4,0.535,1.57000005245209
8,0.4,0.53,1.57000005245209
8,0.4,0.525,1.57000005245209
8,0.4,0.52,1.57000005245209
8,0.4,0.515,1.57000005245209
8,0.4,0.51,1.57000005245209
8,0.4,0.505,1.57000005245209
8,0.4,0.5,1.57000005245209
8,0.4,0.495,1.57000005245209
8,0.4,0.49,1.57000005245209
8,0.4,0.485,1.57000005245209
8,0.4,0.48,1.57000005245209
8,0.4,0.475,1.57000005245209
8,0.4,0.47,1.57000005245209
8,0.4,0.465,1.57000005245209
8,0.4,0.46,1.57000005245209
8,0.4,0.455,1.57000005245209
8,0.4,0.45,1.57000005245209
8,0.4,0.445,1.57000005245209
8,0.4,0.44,1.57000005245209
8,0.4,0.435,1.57000005245209
8,0.4,0.43,1.57000005245209
8,0.4,0.425,1.57000005245209
8,0.4,0.42,1.57000005245209
8,0.4,0.415,1.57000005245209
8,0.4,0.41,1.57000005245209
8,0.4,0.405,1.57000005245209
8,0.4,0.4,1.57000005245209
8,0.4,0.395,1.57000005245209
8,0.4,0.39,1.57000005245209
8,0.4,0.385,1.57000005245209
8,0.4,0.38,1.57000005245209
8,0.4,0.375,1.57000005245209
8,0.4,0.37,1.57000005245209
8,0.4,0.365,1.57000005245209
8,0.4,0.36,1.57000005245209
8,0.4,0.355,1.57000005245209
8,0.4,0.35,1.57000005245209
8,0.4,0.345,1.57000005245209
8,0.4,0.34,1.57000005245209
8,0.4,0.335,1.57000005245209
8,0.4,0.33,1.57000005245209
8,0.4,0.325,1.57000005245209
8,0.4,0.32,1.57000005245209
8,0.4,0.315,1.57000005245209
8,0.4,0.31,1.57000005245209
8,0.4,0.305,1.57000005245209
8,0.4,0.3,1.57000005245209
8,0.4,0.295,1.57000005245209
8,0.4,0.29,1.57000005245209
8,0.4,0.285,1.57000005245209
8,0.4,0.28,1.57000005245209
8,0.4,0.275,1.57000005245209
8,0.4,0.27,1.57000005245209
8,0.4,0.265,1.57000005245209
8,0.4,0.26,1.57000005245209
8,0.4,0.255,1.57000005245209
8,0.4,0.25,1.57000005245209
8,0.4,0.245,1.57000005245209
8,0.4,0.24,1.57000005245209
8,0.4,0.235,1.57000005245209
8,0.4,0.23,1.57000005245209
8,0.4,0.225,1.57000005245209
8,0.4,0.22,1.57000005245209
8,0.4,0.215,1.57000005245209
8,0.4,0.21,1.57000005245209
8,0.4,0.205,1.57000005245209
8,0.4,0.2,1.57000005245209
8,0.4,0.195,1.57000005245209
8,0.4,0.19,1.57000005245209
8,0.4,0.185,1.57000005245209
8,0.4,0.18,1.57000005245209
8,0.4,0.175,1.57000005245209
8,0.4,0.17,1.57000005245209
8,0.4,0.165,1.57000005245209
8,0.4,0.16,1.57000005245209
8,0.4,0.155,1.57000005245209
8,0.4,0.15,1.57000005245209
8,0.4,0.145,1.57000005245209
8,0.4,0.14,1.57000005245209
8,0.4,0.135,1.57000005245209
8,0.4,0.13,1.57000005245209
8,0.4,0.125,1.57000005245209
8,0.4,0.12,1.57000005245209
8,0.4,0.115,1.57000005245209
8,0.4,0.11,1.57000005245209
8,0.4,0.105,1.57000005245209
8,0.4,0.1,1.57000005245209
8,0.4,0.095,1.57000005245209
8,0.4,0.09,1.57000005245209
8,0.4,0.085,1.57000005245209
8,0.4,0.08,1.57000005245209
8,0.4,0.075,1.57000005245209
8,0.4,0.0700000000000001,1.57000005245209
8,0.4,0.0650000000000001,1.57000005245209
8,0.4,0.0600000000000001,1.57000005245209
8,0.4,0.0550000000000001,1.57000005245209
8,0.4,0.05,1.57000005245209
8,0.4,0.045,1.57000005245209
8,0.4,0.04,1.57000005245209
8,0.4,0.035,1.57000005245209
8,0.4,0.03,1.57000005245209
8,0.4,0.025,1.57000005245209
8,0.4,0.02,1.57000005245209
8,0.4,0.015,1.57000005245209
8,0.4,0.01,1.57000005245209
8,0.4,0.005,1.57000005245209
8,0.4,0,1.57000005245209
