index,x,y,z,ray_x,ray_y,ray_z,min_distance
1,-0.002554911,0.036123236,0.03447585,0,0.690418949,-0.723409756,inf
1,-0.002554911,0.036123236,0.03447585,-0.258480932,0.657326261,-0.707891089,inf
1,-0.002554911,0.036123236,0.03447585,-0.499346817,0.579437876,-0.644130814,inf
1,-0.002554911,0.036123236,0.03447585,-0.70618304,0.462061756,-0.536474088,inf
1,-0.002554911,0.036123236,0.03447585,-0.864894057,0.313196892,-0.39225754,inf
1,-0.002554911,0.036123236,0.03447585,-0.964663973,0.142988177,-0.221309288,inf
1,-0.002554911,0.036123236,0.03447585,-0.998693633,-0.036964946,-0.035279175,inf
1,-0.002554911,0.036123236,0.03447585,-0.964663973,-0.214398969,0.153155156,inf
1,-0.002554911,0.036123236,0.03447585,-0.864894057,-0.377222057,0.331152217,inf
1,-0.002554911,0.036123236,0.03447585,-0.70618304,-0.514338084,0.4865818,inf
1,-0.002554911,0.036123236,0.03447585,-0.499346817,-0.616402822,0.608851639,inf
1,-0.002554911,0.036123236,0.03447585,-0.258480932,-0.676460726,0.689629244,inf
1,-0.002554911,0.036123236,0.03447585,-1.22E-16,-0.690418949,0.723409756,inf
1,-0.002554911,0.036123236,0.03447585,0.258480932,-0.657326261,0.707891089,inf
1,-0.002554911,0.036123236,0.03447585,0.499346817,-0.579437876,0.644130814,inf
1,-0.002554911,0.036123236,0.03447585,0.70618304,-0.462061756,0.536474088,inf
1,-0.002554911,0.036123236,0.03447585,0.864894057,-0.313196892,0.39225754,inf
1,-0.002554911,0.036123236,0.03447585,0.964663973,-0.142988177,0.221309288,inf
1,-0.002554911,0.036123236,0.03447585,0.998693633,0.036964946,0.035279175,inf
1,-0.002554911,0.036123236,0.03447585,0.964663973,0.214398969,-0.153155156,inf
1,-0.002554911,0.036123236,0.03447585,0.864894057,0.377222057,-0.331152217,inf
1,-0.002554911,0.036123236,0.03447585,0.70618304,0.514338084,-0.4865818,inf
1,-0.002554911,0.036123236,0.03447585,0.499346817,0.616402822,-0.608851639,inf
1,-0.002554911,0.036123236,0.03447585,0.258480932,0.676460726,-0.689629244,inf
2,-0.005109821,0.072246472,0.068951701,0,0.690418949,-0.723409756,inf
2,-0.005109821,0.072246472,0.068951701,-0.258480932,0.657326261,-0.707891089,inf
2,-0.005109821,0.072246472,0.068951701,-0.499346817,0.579437876,-0.644130814,inf
2,-0.005109821,0.072246472,0.068951701,-0.70618304,0.462061756,-0.536474088,inf
2,-0.005109821,0.072246472,0.068951701,-0.864894057,0.313196892,-0.39225754,inf
2,-0.005109821,0.072246472,0.068951701,-0.964663973,0.142988177,-0.221309288,inf
2,-0.005109821,0.072246472,0.068951701,-0.998693633,-0.036964946,-0.035279175,inf
2,-0.005109821,0.072246472,0.068951701,-0.964663973,-0.214398969,0.153155156,inf
2,-0.005109821,0.072246472,0.068951701,-0.864894057,-0.377222057,0.331152217,inf
2,-0.005109821,0.072246472,0.068951701,-0.70618304,-0.514338084,0.4865818,inf
2,-0.005109821,0.072246472,0.068951701,-0.499346817,-0.616402822,0.608851639,inf
2,-0.005109821,0.072246472,0.068951701,-0.258480932,-0.676460726,0.689629244,inf
2,-0.005109821,0.072246472,0.068951701,-1.22E-16,-0.690418949,0.723409756,inf
2,-0.005109821,0.072246472,0.068951701,0.258480932,-0.657326261,0.707891089,inf
2,-0.005109821,0.072246472,0.068951701,0.499346817,-0.579437876,0.644130814,inf
2,-0.005109821,0.072246472,0.068951701,0.70618304,-0.462061756,0.536474088,inf
2,-0.005109821,0.072246472,0.068951701,0.864894057,-0.313196892,0.39225754,inf
2,-0.005109821,0.072246472,0.068951701,0.964663973,-0.142988177,0.221309288,inf
2,-0.005109821,0.072246472,0.068951701,0.998693633,0.036964946,0.035279175,inf
2,-0.005109821,0.072246472,0.068951701,0.964663973,0.214398969,-0.153155156,inf
2,-0.005109821,0.072246472,0.068951701,0.864894057,0.377222057,-0.331152217,inf
2,-0.005109821,0.072246472,0.068951701,0.70618304,0.514338084,-0.4865818,inf
2,-0.005109821,0.072246472,0.068951701,0.499346817,0.616402822,-0.608851639,inf
2,-0.005109821,0.072246472,0.068951701,0.258480932,0.676460726,-0.689629244,inf
3,-0.007664732,0.108369708,0.103427551,0,0.690418949,-0.723409756,inf
3,-0.007664732,0.108369708,0.103427551,-0.258480932,0.657326261,-0.707891089,inf
3,-0.007664732,0.108369708,0.103427551,-0.499346817,0.579437876,-0.644130814,inf
3,-0.007664732,0.108369708,0.103427551,-0.70618304,0.462061756,-0.536474088,inf
3,-0.007664732,0.108369708,0.103427551,-0.864894057,0.313196892,-0.39225754,inf
3,-0.007664732,0.108369708,0.103427551,-0.964663973,0.142988177,-0.221309288,inf
3,-0.007664732,0.108369708,0.103427551,-0.998693633,-0.036964946,-0.035279175,inf
3,-0.007664732,0.108369708,0.103427551,-0.964663973,-0.214398969,0.153155156,inf
3,-0.007664732,0.108369708,0.103427551,-0.864894057,-0.377222057,0.331152217,inf
3,-0.007664732,0.108369708,0.103427551,-0.70618304,-0.514338084,0.4865818,inf
3,-0.007664732,0.108369708,0.103427551,-0.499346817,-0.616402822,0.608851639,inf
3,-0.007664732,0.108369708,0.103427551,-0.258480932,-0.676460726,0.689629244,inf
3,-0.007664732,0.108369708,0.103427551,-1.22E-16,-0.690418949,0.723409756,inf
3,-0.007664732,0.108369708,0.103427551,0.258480932,-0.657326261,0.707891089,inf
3,-0.007664732,0.108369708,0.103427551,0.499346817,-0.579437876,0.644130814,inf
3,-0.007664732,0.108369708,0.103427551,0.70618304,-0.462061756,0.536474088,inf
3,-0.007664732,0.108369708,0.103427551,0.864894057,-0.313196892,0.39225754,inf
3,-0.007664732,0.108369708,0.103427551,0.964663973,-0.142988177,0.221309288,inf
3,-0.007664732,0.108369708,0.103427551,0.998693633,0.036964946,0.035279175,inf
3,-0.007664732,0.108369708,0.103427551,0.964663973,0.214398969,-0.153155156,inf
3,-0.007664732,0.108369708,0.103427551,0.864894057,0.377222057,-0.331152217,inf
3,-0.007664732,0.108369708,0.103427551,0.70618304,0.514338084,-0.4865818,inf
3,-0.007664732,0.108369708,0.103427551,0.499346817,0.616402822,-0.608851639,inf
3,-0.007664732,0.108369708,0.103427551,0.258480932,0.676460726,-0.689629244,inf
4,-0.010219643,0.144492944,0.137903402,0,0.690418949,-0.723409756,inf
4,-0.010219643,0.144492944,0.137903402,-0.258480932,0.657326261,-0.707891089,inf
4,-0.010219643,0.144492944,0.137903402,-0.499346817,0.579437876,-0.644130814,inf
4,-0.010219643,0.144492944,0.137903402,-0.70618304,0.462061756,-0.536474088,inf
4,-0.010219643,0.144492944,0.137903402,-0.864894057,0.313196892,-0.39225754,inf
4,-0.010219643,0.144492944,0.137903402,-0.964663973,0.142988177,-0.221309288,inf
4,-0.010219643,0.144492944,0.137903402,-0.998693633,-0.036964946,-0.035279175,inf
4,-0.010219643,0.144492944,0.137903402,-0.964663973,-0.214398969,0.153155156,inf
4,-0.010219643,0.144492944,0.137903402,-0.864894057,-0.377222057,0.331152217,inf
4,-0.010219643,0.144492944,0.137903402,-0.70618304,-0.514338084,0.4865818,inf
4,-0.010219643,0.144492944,0.137903402,-0.499346817,-0.616402822,0.608851639,inf
4,-0.010219643,0.144492944,0.137903402,-0.258480932,-0.676460726,0.689629244,inf
4,-0.010219643,0.144492944,0.137903402,-1.22E-16,-0.690418949,0.723409756,inf
4,-0.010219643,0.144492944,0.137903402,0.258480932,-0.657326261,0.707891089,inf
4,-0.010219643,0.144492944,0.137903402,0.499346817,-0.579437876,0.644130814,inf
4,-0.010219643,0.144492944,0.137903402,0.70618304,-0.462061756,0.536474088,inf
4,-0.010219643,0.144492944,0.137903402,0.864894057,-0.313196892,0.39225754,inf
4,-0.010219643,0.144492944,0.137903402,0.964663973,-0.142988177,0.221309288,inf
4,-0.010219643,0.144492944,0.137903402,0.998693633,0.036964946,0.035279175,inf
4,-0.010219643,0.144492944,0.137903402,0.964663973,0.214398969,-0.153155156,inf
4,-0.010219643,0.144492944,0.137903402,0.864894057,0.377222057,-0.331152217,inf
4,-0.010219643,0.144492944,0.137903402,0.70618304,0.514338084,-0.4865818,inf
4,-0.010219643,0.144492944,0.137903402,0.499346817,0.616402822,-0.608851639,inf
4,-0.010219643,0.144492944,0.137903402,0.258480932,0.676460726,-0.689629244,inf
5,-0.012774553,0.180616179,0.172379252,0,0.690418949,-0.723409756,inf
5,-0.012774553,0.180616179,0.172379252,-0.258480932,0.657326261,-0.707891089,inf
5,-0.012774553,0.180616179,0.172379252,-0.499346817,0.579437876,-0.644130814,inf
5,-0.012774553,0.180616179,0.172379252,-0.70618304,0.462061756,-0.536474088,inf
5,-0.012774553,0.180616179,0.172379252,-0.864894057,0.313196892,-0.39225754,inf
5,-0.012774553,0.180616179,0.172379252,-0.964663973,0.142988177,-0.221309288,inf
5,-0.012774553,0.180616179,0.172379252,-0.998693633,-0.036964946,-0.035279175,inf
5,-0.012774553,0.180616179,0.172379252,-0.964663973,-0.214398969,0.153155156,inf
5,-0.012774553,0.180616179,0.172379252,-0.864894057,-0.377222057,0.331152217,inf
5,-0.012774553,0.180616179,0.172379252,-0.70618304,-0.514338084,0.4865818,inf
5,-0.012774553,0.180616179,0.172379252,-0.499346817,-0.616402822,0.608851639,inf
5,-0.012774553,0.180616179,0.172379252,-0.258480932,-0.676460726,0.689629244,inf
5,-0.012774553,0.180616179,0.172379252,-1.22E-16,-0.690418949,0.723409756,inf
5,-0.012774553,0.180616179,0.172379252,0.258480932,-0.657326261,0.707891089,inf
5,-0.012774553,0.180616179,0.172379252,0.499346817,-0.579437876,0.644130814,inf
5,-0.012774553,0.180616179,0.172379252,0.70618304,-0.462061756,0.536474088,inf
5,-0.012774553,0.180616179,0.172379252,0.864894057,-0.313196892,0.39225754,inf
5,-0.012774553,0.180616179,0.172379252,0.964663973,-0.142988177,0.221309288,inf
5,-0.012774553,0.180616179,0.172379252,0.998693633,0.036964946,0.035279175,inf
5,-0.012774553,0.180616179,0.172379252,0.964663973,0.214398969,-0.153155156,inf
5,-0.012774553,0.180616179,0.172379252,0.864894057,0.377222057,-0.331152217,inf
5,-0.012774553,0.180616179,0.172379252,0.70618304,0.514338084,-0.4865818,inf
5,-0.012774553,0.180616179,0.172379252,0.499346817,0.616402822,-0.608851639,inf
5,-0.012774553,0.180616179,0.172379252,0.258480932,0.676460726,-0.689629244,inf
6,-0.015329464,0.216739415,0.206855102,0,0.690418949,-0.723409756,inf
6,-0.015329464,0.216739415,0.206855102,-0.258480932,0.657326261,-0.707891089,inf
6,-0.015329464,0.216739415,0.206855102,-0.499346817,0.579437876,-0.644130814,inf
6,-0.015329464,0.216739415,0.206855102,-0.70618304,0.462061756,-0.536474088,inf
6,-0.015329464,0.216739415,0.206855102,-0.864894057,0.313196892,-0.39225754,inf
6,-0.015329464,0.216739415,0.206855102,-0.964663973,0.142988177,-0.221309288,inf
6,-0.015329464,0.216739415,0.206855102,-0.998693633,-0.036964946,-0.035279175,inf
6,-0.015329464,0.216739415,0.206855102,-0.964663973,-0.214398969,0.153155156,inf
6,-0.015329464,0.216739415,0.206855102,-0.864894057,-0.377222057,0.331152217,inf
6,-0.015329464,0.216739415,0.206855102,-0.70618304,-0.514338084,0.4865818,inf
6,-0.015329464,0.216739415,0.206855102,-0.499346817,-0.616402822,0.608851639,inf
6,-0.015329464,0.216739415,0.206855102,-0.258480932,-0.676460726,0.689629244,inf
6,-0.015329464,0.216739415,0.206855102,-1.22E-16,-0.690418949,0.723409756,inf
6,-0.015329464,0.216739415,0.206855102,0.258480932,-0.657326261,0.707891089,inf
6,-0.015329464,0.216739415,0.206855102,0.499346817,-0.579437876,0.644130814,inf
6,-0.015329464,0.216739415,0.206855102,0.70618304,-0.462061756,0.536474088,inf
6,-0.015329464,0.216739415,0.206855102,0.864894057,-0.313196892,0.39225754,inf
6,-0.015329464,0.216739415,0.206855102,0.964663973,-0.142988177,0.221309288,inf
6,-0.015329464,0.216739415,0.206855102,0.998693633,0.036964946,0.035279175,inf
6,-0.015329464,0.216739415,0.206855102,0.964663973,0.214398969,-0.153155156,inf
6,-0.015329464,0.216739415,0.206855102,0.864894057,0.377222057,-0.331152217,inf
6,-0.015329464,0.216739415,0.206855102,0.70618304,0.514338084,-0.4865818,inf
6,-0.015329464,0.216739415,0.206855102,0.499346817,0.616402822,-0.608851639,inf
6,-0.015329464,0.216739415,0.206855102,0.258480932,0.676460726,-0.689629244,inf
7,-0.017884375,0.252862651,0.241330953,0,0.690418949,-0.723409756,inf
7,-0.017884375,0.252862651,0.241330953,-0.258480932,0.657326261,-0.707891089,inf
7,-0.017884375,0.252862651,0.241330953,-0.499346817,0.579437876,-0.644130814,inf
7,-0.017884375,0.252862651,0.241330953,-0.70618304,0.462061756,-0.536474088,inf
7,-0.017884375,0.252862651,0.241330953,-0.864894057,0.313196892,-0.39225754,inf
7,-0.017884375,0.252862651,0.241330953,-0.964663973,0.142988177,-0.221309288,inf
7,-0.017884375,0.252862651,0.241330953,-0.998693633,-0.036964946,-0.035279175,inf
7,-0.017884375,0.252862651,0.241330953,-0.964663973,-0.214398969,0.153155156,inf
7,-0.017884375,0.252862651,0.241330953,-0.864894057,-0.377222057,0.331152217,inf
7,-0.017884375,0.252862651,0.241330953,-0.70618304,-0.514338084,0.4865818,inf
7,-0.017884375,0.252862651,0.241330953,-0.499346817,-0.616402822,0.608851639,inf
7,-0.017884375,0.252862651,0.241330953,-0.258480932,-0.676460726,0.689629244,inf
7,-0.017884375,0.252862651,0.241330953,-1.22E-16,-0.690418949,0.723409756,inf
7,-0.017884375,0.252862651,0.241330953,0.258480932,-0.657326261,0.707891089,inf
7,-0.017884375,0.252862651,0.241330953,0.499346817,-0.579437876,0.644130814,inf
7,-0.017884375,0.252862651,0.241330953,0.70618304,-0.462061756,0.536474088,inf
7,-0.017884375,0.252862651,0.241330953,0.864894057,-0.313196892,0.39225754,inf
7,-0.017884375,0.252862651,0.241330953,0.964663973,-0.142988177,0.221309288,inf
7,-0.017884375,0.252862651,0.241330953,0.998693633,0.036964946,0.035279175,inf
7,-0.017884375,0.252862651,0.241330953,0.964663973,0.214398969,-0.153155156,inf
7,-0.017884375,0.252862651,0.241330953,0.864894057,0.377222057,-0.331152217,inf
7,-0.017884375,0.252862651,0.241330953,0.70618304,0.514338084,-0.4865818,inf
7,-0.017884375,0.252862651,0.241330953,0.499346817,0.616402822,-0.608851639,inf
7,-0.017884375,0.252862651,0.241330953,0.258480932,0.676460726,-0.689629244,inf
8,-0.020439285,0.288985887,0.275806803,0,0.690418949,-0.723409756,inf
8,-0.020439285,0.288985887,0.275806803,-0.258480932,0.657326261,-0.707891089,inf
8,-0.020439285,0.288985887,0.275806803,-0.499346817,0.579437876,-0.644130814,inf
8,-0.020439285,0.288985887,0.275806803,-0.70618304,0.462061756,-0.536474088,inf
8,-0.020439285,0.288985887,0.275806803,-0.864894057,0.313196892,-0.39225754,inf
8,-0.020439285,0.288985887,0.275806803,-0.964663973,0.142988177,-0.221309288,inf
8,-0.020439285,0.288985887,0.275806803,-0.998693633,-0.036964946,-0.035279175,inf
8,-0.020439285,0.288985887,0.275806803,-0.964663973,-0.214398969,0.153155156,inf
8,-0.020439285,0.288985887,0.275806803,-0.864894057,-0.377222057,0.331152217,inf
8,-0.020439285,0.288985887,0.275806803,-0.70618304,-0.514338084,0.4865818,inf
8,-0.020439285,0.288985887,0.275806803,-0.499346817,-0.616402822,0.608851639,inf
8,-0.020439285,0.288985887,0.275806803,-0.258480932,-0.676460726,0.689629244,inf
8,-0.020439285,0.288985887,0.275806803,-1.22E-16,-0.690418949,0.723409756,inf
8,-0.020439285,0.288985887,0.275806803,0.258480932,-0.657326261,0.707891089,inf
8,-0.020439285,0.288985887,0.275806803,0.499346817,-0.579437876,0.644130814,inf
8,-0.020439285,0.288985887,0.275806803,0.70618304,-0.462061756,0.536474088,inf
8,-0.020439285,0.288985887,0.275806803,0.864894057,-0.313196892,0.39225754,inf
8,-0.020439285,0.288985887,0.275806803,0.964663973,-0.142988177,0.221309288,inf
8,-0.020439285,0.288985887,0.275806803,0.998693633,0.036964946,0.035279175,inf
8,-0.020439285,0.288985887,0.275806803,0.964663973,0.214398969,-0.153155156,inf
8,-0.020439285,0.288985887,0.275806803,0.864894057,0.377222057,-0.331152217,inf
8,-0.020439285,0.288985887,0.275806803,0.70618304,0.514338084,-0.4865818,inf
8,-0.020439285,0.288985887,0.275806803,0.499346817,0.616402822,-0.608851639,inf
8,-0.020439285,0.288985887,0.275806803,0.258480932,0.676460726,-0.689629244,inf
9,-0.022994196,0.325109123,0.310282654,0,0.690418949,-0.723409756,inf
9,-0.022994196,0.325109123,0.310282654,-0.258480932,0.657326261,-0.707891089,inf
9,-0.022994196,0.325109123,0.310282654,-0.499346817,0.579437876,-0.644130814,inf
9,-0.022994196,0.325109123,0.310282654,-0.70618304,0.462061756,-0.536474088,inf
9,-0.022994196,0.325109123,0.310282654,-0.864894057,0.313196892,-0.39225754,inf
9,-0.022994196,0.325109123,0.310282654,-0.964663973,0.142988177,-0.221309288,inf
9,-0.022994196,0.325109123,0.310282654,-0.998693633,-0.036964946,-0.035279175,inf
9,-0.022994196,0.325109123,0.310282654,-0.964663973,-0.214398969,0.153155156,inf
9,-0.022994196,0.325109123,0.310282654,-0.864894057,-0.377222057,0.331152217,inf
9,-0.022994196,0.325109123,0.310282654,-0.70618304,-0.514338084,0.4865818,inf
9,-0.022994196,0.325109123,0.310282654,-0.499346817,-0.616402822,0.608851639,inf
9,-0.022994196,0.325109123,0.310282654,-0.258480932,-0.676460726,0.689629244,inf
9,-0.022994196,0.325109123,0.310282654,-1.22E-16,-0.690418949,0.723409756,inf
9,-0.022994196,0.325109123,0.310282654,0.258480932,-0.657326261,0.707891089,inf
9,-0.022994196,0.325109123,0.310282654,0.499346817,-0.579437876,0.644130814,inf
9,-0.022994196,0.325109123,0.310282654,0.70618304,-0.462061756,0.536474088,inf
9,-0.022994196,0.325109123,0.310282654,0.864894057,-0.313196892,0.39225754,inf
9,-0.022994196,0.325109123,0.310282654,0.964663973,-0.142988177,0.221309288,inf
9,-0.022994196,0.325109123,0.310282654,0.998693633,0.036964946,0.035279175,inf
9,-0.022994196,0.325109123,0.310282654,0.964663973,0.214398969,-0.153155156,inf
9,-0.022994196,0.325109123,0.310282654,0.864894057,0.377222057,-0.331152217,inf
9,-0.022994196,0.325109123,0.310282654,0.70618304,0.514338084,-0.4865818,inf
9,-0.022994196,0.325109123,0.310282654,0.499346817,0.616402822,-0.608851639,inf
9,-0.022994196,0.325109123,0.310282654,0.258480932,0.676460726,-0.689629244,inf
10,-0.025549107,0.361232359,0.344758504,0,0.690418949,-0.723409756,inf
10,-0.025549107,0.361232359,0.344758504,-0.258480932,0.657326261,-0.707891089,inf
10,-0.025549107,0.361232359,0.344758504,-0.499346817,0.579437876,-0.644130814,inf
10,-0.025549107,0.361232359,0.344758504,-0.70618304,0.462061756,-0.536474088,inf
10,-0.025549107,0.361232359,0.344758504,-0.864894057,0.313196892,-0.39225754,inf
10,-0.025549107,0.361232359,0.344758504,-0.964663973,0.142988177,-0.221309288,inf
10,-0.025549107,0.361232359,0.344758504,-0.998693633,-0.036964946,-0.035279175,inf
10,-0.025549107,0.361232359,0.344758504,-0.964663973,-0.214398969,0.153155156,inf
10,-0.025549107,0.361232359,0.344758504,-0.864894057,-0.377222057,0.331152217,inf
10,-0.025549107,0.361232359,0.344758504,-0.70618304,-0.514338084,0.4865818,inf
10,-0.025549107,0.361232359,0.344758504,-0.499346817,-0.616402822,0.608851639,inf
10,-0.025549107,0.361232359,0.344758504,-0.258480932,-0.676460726,0.689629244,inf
10,-0.025549107,0.361232359,0.344758504,-1.22E-16,-0.690418949,0.723409756,inf
10,-0.025549107,0.361232359,0.344758504,0.258480932,-0.657326261,0.707891089,inf
10,-0.025549107,0.361232359,0.344758504,0.499346817,-0.579437876,0.644130814,inf
10,-0.025549107,0.361232359,0.344758504,0.70618304,-0.462061756,0.536474088,inf
10,-0.025549107,0.361232359,0.344758504,0.864894057,-0.313196892,0.39225754,inf
10,-0.025549107,0.361232359,0.344758504,0.964663973,-0.142988177,0.221309288,inf
10,-0.025549107,0.361232359,0.344758504,0.998693633,0.036964946,0.035279175,inf
10,-0.025549107,0.361232359,0.344758504,0.964663973,0.214398969,-0.153155156,inf
10,-0.025549107,0.361232359,0.344758504,0.864894057,0.377222057,-0.331152217,2.417058229
10,-0.025549107,0.361232359,0.344758504,0.70618304,0.514338084,-0.4865818,inf
10,-0.025549107,0.361232359,0.344758504,0.499346817,0.616402822,-0.608851639,inf
10,-0.025549107,0.361232359,0.344758504,0.258480932,0.676460726,-0.689629244,inf
11,-0.028104017,0.397355595,0.379234354,0,0.690418949,-0.723409756,inf
11,-0.028104017,0.397355595,0.379234354,-0.258480932,0.657326261,-0.707891089,inf
11,-0.028104017,0.397355595,0.379234354,-0.499346817,0.579437876,-0.644130814,inf
11,-0.028104017,0.397355595,0.379234354,-0.70618304,0.462061756,-0.536474088,inf
11,-0.028104017,0.397355595,0.379234354,-0.864894057,0.313196892,-0.39225754,inf
11,-0.028104017,0.397355595,0.379234354,-0.964663973,0.142988177,-0.221309288,inf
11,-0.028104017,0.397355595,0.379234354,-0.998693633,-0.036964946,-0.035279175,inf
11,-0.028104017,0.397355595,0.379234354,-0.964663973,-0.214398969,0.153155156,inf
11,-0.028104017,0.397355595,0.379234354,-0.864894057,-0.377222057,0.331152217,inf
11,-0.028104017,0.397355595,0.379234354,-0.70618304,-0.514338084,0.4865818,inf
11,-0.028104017,0.397355595,0.379234354,-0.499346817,-0.616402822,0.608851639,inf
11,-0.028104017,0.397355595,0.379234354,-0.258480932,-0.676460726,0.689629244,inf
11,-0.028104017,0.397355595,0.379234354,-1.22E-16,-0.690418949,0.723409756,inf
11,-0.028104017,0.397355595,0.379234354,0.258480932,-0.657326261,0.707891089,inf
11,-0.028104017,0.397355595,0.379234354,0.499346817,-0.579437876,0.644130814,inf
11,-0.028104017,0.397355595,0.379234354,0.70618304,-0.462061756,0.536474088,inf
11,-0.028104017,0.397355595,0.379234354,0.864894057,-0.313196892,0.39225754,inf
11,-0.028104017,0.397355595,0.379234354,0.964663973,-0.142988177,0.221309288,inf
11,-0.028104017,0.397355595,0.379234354,0.998693633,0.036964946,0.035279175,inf
11,-0.028104017,0.397355595,0.379234354,0.964663973,0.214398969,-0.153155156,inf
11,-0.028104017,0.397355595,0.379234354,0.864894057,0.377222057,-0.331152217,2.321297169
11,-0.028104017,0.397355595,0.379234354,0.70618304,0.514338084,-0.4865818,1.702468634
11,-0.028104017,0.397355595,0.379234354,0.499346817,0.616402822,-0.608851639,1.420571804
11,-0.028104017,0.397355595,0.379234354,0.258480932,0.676460726,-0.689629244,inf
12,-0.030658928,0.433478831,0.413710205,0,0.690418949,-0.723409756,1.215959072
12,-0.030658928,0.433478831,0.413710205,-0.258480932,0.657326261,-0.707891089,1.277175784
12,-0.030658928,0.433478831,0.413710205,-0.499346817,0.579437876,-0.644130814,inf
12,-0.030658928,0.433478831,0.413710205,-0.70618304,0.462061756,-0.536474088,inf
12,-0.030658928,0.433478831,0.413710205,-0.864894057,0.313196892,-0.39225754,inf
12,-0.030658928,0.433478831,0.413710205,-0.964663973,0.142988177,-0.221309288,inf
12,-0.030658928,0.433478831,0.413710205,-0.998693633,-0.036964946,-0.035279175,inf
12,-0.030658928,0.433478831,0.413710205,-0.964663973,-0.214398969,0.153155156,inf
12,-0.030658928,0.433478831,0.413710205,-0.864894057,-0.377222057,0.331152217,inf
12,-0.030658928,0.433478831,0.413710205,-0.70618304,-0.514338084,0.4865818,inf
12,-0.030658928,0.433478831,0.413710205,-0.499346817,-0.616402822,0.608851639,inf
12,-0.030658928,0.433478831,0.413710205,-0.258480932,-0.676460726,0.689629244,inf
12,-0.030658928,0.433478831,0.413710205,-1.22E-16,-0.690418949,0.723409756,inf
12,-0.030658928,0.433478831,0.413710205,0.258480932,-0.657326261,0.707891089,inf
12,-0.030658928,0.433478831,0.413710205,0.499346817,-0.579437876,0.644130814,inf
12,-0.030658928,0.433478831,0.413710205,0.70618304,-0.462061756,0.536474088,inf
12,-0.030658928,0.433478831,0.413710205,0.864894057,-0.313196892,0.39225754,inf
12,-0.030658928,0.433478831,0.413710205,0.964663973,-0.142988177,0.221309288,inf
12,-0.030658928,0.433478831,0.413710205,0.998693633,0.036964946,0.035279175,inf
12,-0.030658928,0.433478831,0.413710205,0.964663973,0.214398969,-0.153155156,inf
12,-0.030658928,0.433478831,0.413710205,0.864894057,0.377222057,-0.331152217,2.22553587
12,-0.030658928,0.433478831,0.413710205,0.70618304,0.514338084,-0.4865818,1.632236242
12,-0.030658928,0.433478831,0.413710205,0.499346817,0.616402822,-0.608851639,1.361968517
12,-0.030658928,0.433478831,0.413710205,0.258480932,0.676460726,-0.689629244,1.241049528
13,-0.033213839,0.469602066,0.448186055,0,0.690418949,-0.723409756,1.163638353
13,-0.033213839,0.469602066,0.448186055,-0.258480932,0.657326261,-0.707891089,1.222221017
13,-0.033213839,0.469602066,0.448186055,-0.499346817,0.579437876,-0.644130814,inf
13,-0.033213839,0.469602066,0.448186055,-0.70618304,0.462061756,-0.536474088,inf
13,-0.033213839,0.469602066,0.448186055,-0.864894057,0.313196892,-0.39225754,inf
13,-0.033213839,0.469602066,0.448186055,-0.964663973,0.142988177,-0.221309288,inf
13,-0.033213839,0.469602066,0.448186055,-0.998693633,-0.036964946,-0.035279175,inf
13,-0.033213839,0.469602066,0.448186055,-0.964663973,-0.214398969,0.153155156,inf
13,-0.033213839,0.469602066,0.448186055,-0.864894057,-0.377222057,0.331152217,inf
13,-0.033213839,0.469602066,0.448186055,-0.70618304,-0.514338084,0.4865818,inf
13,-0.033213839,0.469602066,0.448186055,-0.499346817,-0.616402822,0.608851639,inf
13,-0.033213839,0.469602066,0.448186055,-0.258480932,-0.676460726,0.689629244,inf
13,-0.033213839,0.469602066,0.448186055,-1.22E-16,-0.690418949,0.723409756,inf
13,-0.033213839,0.469602066,0.448186055,0.258480932,-0.657326261,0.707891089,inf
13,-0.033213839,0.469602066,0.448186055,0.499346817,-0.579437876,0.644130814,inf
13,-0.033213839,0.469602066,0.448186055,0.70618304,-0.462061756,0.536474088,inf
13,-0.033213839,0.469602066,0.448186055,0.864894057,-0.313196892,0.39225754,inf
13,-0.033213839,0.469602066,0.448186055,0.964663973,-0.142988177,0.221309288,inf
13,-0.033213839,0.469602066,0.448186055,0.998693633,0.036964946,0.035279175,inf
13,-0.033213839,0.469602066,0.448186055,0.964663973,0.214398969,-0.153155156,inf
13,-0.033213839,0.469602066,0.448186055,0.864894057,0.377222057,-0.331152217,2.129774809
13,-0.033213839,0.469602066,0.448186055,0.70618304,0.514338084,-0.4865818,1.562003732
13,-0.033213839,0.469602066,0.448186055,0.499346817,0.616402822,-0.608851639,1.303365231
13,-0.033213839,0.469602066,0.448186055,0.258480932,0.676460726,-0.689629244,1.187649131
14,-0.035768749,0.505725302,0.482661906,0,0.690418949,-0.723409756,1.111317635
14,-0.035768749,0.505725302,0.482661906,-0.258480932,0.657326261,-0.707891089,1.16726625
14,-0.035768749,0.505725302,0.482661906,-0.499346817,0.579437876,-0.644130814,inf
14,-0.035768749,0.505725302,0.482661906,-0.70618304,0.462061756,-0.536474088,inf
14,-0.035768749,0.505725302,0.482661906,-0.864894057,0.313196892,-0.39225754,inf
14,-0.035768749,0.505725302,0.482661906,-0.964663973,0.142988177,-0.221309288,inf
14,-0.035768749,0.505725302,0.482661906,-0.998693633,-0.036964946,-0.035279175,inf
14,-0.035768749,0.505725302,0.482661906,-0.964663973,-0.214398969,0.153155156,inf
14,-0.035768749,0.505725302,0.482661906,-0.864894057,-0.377222057,0.331152217,inf
14,-0.035768749,0.505725302,0.482661906,-0.70618304,-0.514338084,0.4865818,inf
14,-0.035768749,0.505725302,0.482661906,-0.499346817,-0.616402822,0.608851639,inf
14,-0.035768749,0.505725302,0.482661906,-0.258480932,-0.676460726,0.689629244,inf
14,-0.035768749,0.505725302,0.482661906,-1.22E-16,-0.690418949,0.723409756,inf
14,-0.035768749,0.505725302,0.482661906,0.258480932,-0.657326261,0.707891089,inf
14,-0.035768749,0.505725302,0.482661906,0.499346817,-0.579437876,0.644130814,inf
14,-0.035768749,0.505725302,0.482661906,0.70618304,-0.462061756,0.536474088,inf
14,-0.035768749,0.505725302,0.482661906,0.864894057,-0.313196892,0.39225754,inf
14,-0.035768749,0.505725302,0.482661906,0.964663973,-0.142988177,0.221309288,inf
14,-0.035768749,0.505725302,0.482661906,0.998693633,0.036964946,0.035279175,inf
14,-0.035768749,0.505725302,0.482661906,0.964663973,0.214398969,-0.153155156,inf
14,-0.035768749,0.505725302,0.482661906,0.864894057,0.377222057,-0.331152217,2.03401351
14,-0.035768749,0.505725302,0.482661906,0.70618304,0.514338084,-0.4865818,1.491771221
14,-0.035768749,0.505725302,0.482661906,0.499346817,0.616402822,-0.608851639,1.244761944
14,-0.035768749,0.505725302,0.482661906,0.258480932,0.676460726,-0.689629244,1.134248853
15,-0.03832366,0.541848538,0.517137756,0,0.690418949,-0.723409756,1.058996916
15,-0.03832366,0.541848538,0.517137756,-0.258480932,0.657326261,-0.707891089,1.112311482
15,-0.03832366,0.541848538,0.517137756,-0.499346817,0.579437876,-0.644130814,1.261829019
15,-0.03832366,0.541848538,0.517137756,-0.70618304,0.462061756,-0.536474088,inf
15,-0.03832366,0.541848538,0.517137756,-0.864894057,0.313196892,-0.39225754,inf
15,-0.03832366,0.541848538,0.517137756,-0.964663973,0.142988177,-0.221309288,inf
15,-0.03832366,0.541848538,0.517137756,-0.998693633,-0.036964946,-0.035279175,inf
15,-0.03832366,0.541848538,0.517137756,-0.964663973,-0.214398969,0.153155156,inf
15,-0.03832366,0.541848538,0.517137756,-0.864894057,-0.377222057,0.331152217,inf
15,-0.03832366,0.541848538,0.517137756,-0.70618304,-0.514338084,0.4865818,inf
15,-0.03832366,0.541848538,0.517137756,-0.499346817,-0.616402822,0.608851639,inf
15,-0.03832366,0.541848538,0.517137756,-0.258480932,-0.676460726,0.689629244,inf
15,-0.03832366,0.541848538,0.517137756,-1.22E-16,-0.690418949,0.723409756,inf
15,-0.03832366,0.541848538,0.517137756,0.258480932,-0.657326261,0.707891089,inf
15,-0.03832366,0.541848538,0.517137756,0.499346817,-0.579437876,0.644130814,inf
15,-0.03832366,0.541848538,0.517137756,0.70618304,-0.462061756,0.536474088,inf
15,-0.03832366,0.541848538,0.517137756,0.864894057,-0.313196892,0.39225754,inf
15,-0.03832366,0.541848538,0.517137756,0.964663973,-0.142988177,0.221309288,inf
15,-0.03832366,0.541848538,0.517137756,0.998693633,0.036964946,0.035279175,inf
15,-0.03832366,0.541848538,0.517137756,0.964663973,0.214398969,-0.153155156,inf
15,-0.03832366,0.541848538,0.517137756,0.864894057,0.377222057,-0.331152217,1.93825233
15,-0.03832366,0.541848538,0.517137756,0.70618304,0.514338084,-0.4865818,1.42153883
15,-0.03832366,0.541848538,0.517137756,0.499346817,0.616402822,-0.608851639,1.186158657
15,-0.03832366,0.541848538,0.517137756,0.258480932,0.676460726,-0.689629244,1.080848455
16,-0.040878571,0.577971774,0.551613607,0,0.690418949,-0.723409756,1.006676197
16,-0.040878571,0.577971774,0.551613607,-0.258480932,0.657326261,-0.707891089,1.057356596
16,-0.040878571,0.577971774,0.551613607,-0.499346817,0.579437876,-0.644130814,1.199487209
16,-0.040878571,0.577971774,0.551613607,-0.70618304,0.462061756,-0.536474088,inf
16,-0.040878571,0.577971774,0.551613607,-0.864894057,0.313196892,-0.39225754,inf
16,-0.040878571,0.577971774,0.551613607,-0.964663973,0.142988177,-0.221309288,inf
16,-0.040878571,0.577971774,0.551613607,-0.998693633,-0.036964946,-0.035279175,inf
16,-0.040878571,0.577971774,0.551613607,-0.964663973,-0.214398969,0.153155156,inf
16,-0.040878571,0.577971774,0.551613607,-0.864894057,-0.377222057,0.331152217,inf
16,-0.040878571,0.577971774,0.551613607,-0.70618304,-0.514338084,0.4865818,inf
16,-0.040878571,0.577971774,0.551613607,-0.499346817,-0.616402822,0.608851639,inf
16,-0.040878571,0.577971774,0.551613607,-0.258480932,-0.676460726,0.689629244,inf
16,-0.040878571,0.577971774,0.551613607,-1.22E-16,-0.690418949,0.723409756,inf
16,-0.040878571,0.577971774,0.551613607,0.258480932,-0.657326261,0.707891089,inf
16,-0.040878571,0.577971774,0.551613607,0.499346817,-0.579437876,0.644130814,inf
16,-0.040878571,0.577971774,0.551613607,0.70618304,-0.462061756,0.536474088,inf
16,-0.040878571,0.577971774,0.551613607,0.864894057,-0.313196892,0.39225754,inf
16,-0.040878571,0.577971774,0.551613607,0.964663973,-0.142988177,0.221309288,inf
16,-0.040878571,0.577971774,0.551613607,0.998693633,0.036964946,0.035279175,inf
16,-0.040878571,0.577971774,0.551613607,0.964663973,0.214398969,-0.153155156,inf
16,-0.040878571,0.577971774,0.551613607,0.864894057,0.377222057,-0.331152217,1.84249115
16,-0.040878571,0.577971774,0.551613607,0.70618304,0.514338084,-0.4865818,1.351306319
16,-0.040878571,0.577971774,0.551613607,0.499346817,0.616402822,-0.608851639,1.12755537
16,-0.040878571,0.577971774,0.551613607,0.258480932,0.676460726,-0.689629244,1.027448177
17,-0.043433481,0.61409501,0.586089457,0,0.690418949,-0.723409756,0.954355419
17,-0.043433481,0.61409501,0.586089457,-0.258480932,0.657326261,-0.707891089,1.002401829
17,-0.043433481,0.61409501,0.586089457,-0.499346817,0.579437876,-0.644130814,1.137145281
17,-0.043433481,0.61409501,0.586089457,-0.70618304,0.462061756,-0.536474088,inf
17,-0.043433481,0.61409501,0.586089457,-0.864894057,0.313196892,-0.39225754,inf
17,-0.043433481,0.61409501,0.586089457,-0.964663973,0.142988177,-0.221309288,inf
17,-0.043433481,0.61409501,0.586089457,-0.998693633,-0.036964946,-0.035279175,inf
17,-0.043433481,0.61409501,0.586089457,-0.964663973,-0.214398969,0.153155156,inf
17,-0.043433481,0.61409501,0.586089457,-0.864894057,-0.377222057,0.331152217,inf
17,-0.043433481,0.61409501,0.586089457,-0.70618304,-0.514338084,0.4865818,inf
17,-0.043433481,0.61409501,0.586089457,-0.499346817,-0.616402822,0.608851639,inf
17,-0.043433481,0.61409501,0.586089457,-0.258480932,-0.676460726,0.689629244,inf
17,-0.043433481,0.61409501,0.586089457,-1.22E-16,-0.690418949,0.723409756,inf
17,-0.043433481,0.61409501,0.586089457,0.258480932,-0.657326261,0.707891089,inf
17,-0.043433481,0.61409501,0.586089457,0.499346817,-0.579437876,0.644130814,inf
17,-0.043433481,0.61409501,0.586089457,0.70618304,-0.462061756,0.536474088,inf
17,-0.043433481,0.61409501,0.586089457,0.864894057,-0.313196892,0.39225754,inf
17,-0.043433481,0.61409501,0.586089457,0.964663973,-0.142988177,0.221309288,inf
17,-0.043433481,0.61409501,0.586089457,0.998693633,0.036964946,0.035279175,inf
17,-0.043433481,0.61409501,0.586089457,0.964663973,0.214398969,-0.153155156,inf
17,-0.043433481,0.61409501,0.586089457,0.864894057,0.377222057,-0.331152217,1.74672997
17,-0.043433481,0.61409501,0.586089457,0.70618304,0.514338084,-0.4865818,1.281073809
17,-0.043433481,0.61409501,0.586089457,0.499346817,0.616402822,-0.608851639,1.068952084
17,-0.043433481,0.61409501,0.586089457,0.258480932,0.676460726,-0.689629244,0.97404778
18,-0.045988392,0.650218246,0.620565307,0,0.690418949,-0.723409756,0.9020347
18,-0.045988392,0.650218246,0.620565307,-0.258480932,0.657326261,-0.707891089,0.947447062
18,-0.045988392,0.650218246,0.620565307,-0.499346817,0.579437876,-0.644130814,1.074803472
18,-0.045988392,0.650218246,0.620565307,-0.70618304,0.462061756,-0.536474088,inf
18,-0.045988392,0.650218246,0.620565307,-0.864894057,0.313196892,-0.39225754,inf
18,-0.045988392,0.650218246,0.620565307,-0.964663973,0.142988177,-0.221309288,inf
18,-0.045988392,0.650218246,0.620565307,-0.998693633,-0.036964946,-0.035279175,inf
18,-0.045988392,0.650218246,0.620565307,-0.964663973,-0.214398969,0.153155156,inf
18,-0.045988392,0.650218246,0.620565307,-0.864894057,-0.377222057,0.331152217,inf
18,-0.045988392,0.650218246,0.620565307,-0.70618304,-0.514338084,0.4865818,inf
18,-0.045988392,0.650218246,0.620565307,-0.499346817,-0.616402822,0.608851639,inf
18,-0.045988392,0.650218246,0.620565307,-0.258480932,-0.676460726,0.689629244,inf
18,-0.045988392,0.650218246,0.620565307,-1.22E-16,-0.690418949,0.723409756,inf
18,-0.045988392,0.650218246,0.620565307,0.258480932,-0.657326261,0.707891089,inf
18,-0.045988392,0.650218246,0.620565307,0.499346817,-0.579437876,0.644130814,inf
18,-0.045988392,0.650218246,0.620565307,0.70618304,-0.462061756,0.536474088,inf
18,-0.045988392,0.650218246,0.620565307,0.864894057,-0.313196892,0.39225754,inf
18,-0.045988392,0.650218246,0.620565307,0.964663973,-0.142988177,0.221309288,inf
18,-0.045988392,0.650218246,0.620565307,0.998693633,0.036964946,0.035279175,inf
18,-0.045988392,0.650218246,0.620565307,0.964663973,0.214398969,-0.153155156,inf
18,-0.045988392,0.650218246,0.620565307,0.864894057,0.377222057,-0.331152217,1.65096879
18,-0.045988392,0.650218246,0.620565307,0.70618304,0.514338084,-0.4865818,1.210841417
18,-0.045988392,0.650218246,0.620565307,0.499346817,0.616402822,-0.608851639,1.010348797
18,-0.045988392,0.650218246,0.620565307,0.258480932,0.676460726,-0.689629244,0.920647442
19,-0.048543303,0.686341482,0.655041158,0,0.690418949,-0.723409756,0.849713922
19,-0.048543303,0.686341482,0.655041158,-0.258480932,0.657326261,-0.707891089,0.892492235
19,-0.048543303,0.686341482,0.655041158,-0.499346817,0.579437876,-0.644130814,1.012461543
19,-0.048543303,0.686341482,0.655041158,-0.70618304,0.462061756,-0.536474088,inf
19,-0.048543303,0.686341482,0.655041158,-0.864894057,0.313196892,-0.39225754,inf
19,-0.048543303,0.686341482,0.655041158,-0.964663973,0.142988177,-0.221309288,inf
19,-0.048543303,0.686341482,0.655041158,-0.998693633,-0.036964946,-0.035279175,inf
19,-0.048543303,0.686341482,0.655041158,-0.964663973,-0.214398969,0.153155156,inf
19,-0.048543303,0.686341482,0.655041158,-0.864894057,-0.377222057,0.331152217,inf
19,-0.048543303,0.686341482,0.655041158,-0.70618304,-0.514338084,0.4865818,inf
19,-0.048543303,0.686341482,0.655041158,-0.499346817,-0.616402822,0.608851639,inf
19,-0.048543303,0.686341482,0.655041158,-0.258480932,-0.676460726,0.689629244,inf
19,-0.048543303,0.686341482,0.655041158,-1.22E-16,-0.690418949,0.723409756,inf
19,-0.048543303,0.686341482,0.655041158,0.258480932,-0.657326261,0.707891089,inf
19,-0.048543303,0.686341482,0.655041158,0.499346817,-0.579437876,0.644130814,inf
19,-0.048543303,0.686341482,0.655041158,0.70618304,-0.462061756,0.536474088,inf
19,-0.048543303,0.686341482,0.655041158,0.864894057,-0.313196892,0.39225754,inf
19,-0.048543303,0.686341482,0.655041158,0.964663973,-0.142988177,0.221309288,inf
19,-0.048543303,0.686341482,0.655041158,0.998693633,0.036964946,0.035279175,inf
19,-0.048543303,0.686341482,0.655041158,0.964663973,0.214398969,-0.153155156,inf
19,-0.048543303,0.686341482,0.655041158,0.864894057,0.377222057,-0.331152217,1.55520761
19,-0.048543303,0.686341482,0.655041158,0.70618304,0.514338084,-0.4865818,1.140608907
19,-0.048543303,0.686341482,0.655041158,0.499346817,0.616402822,-0.608851639,0.95174551
19,-0.048543303,0.686341482,0.655041158,0.258480932,0.676460726,-0.689629244,0.867247105
20,-0.051098213,0.722464718,0.689517008,0,0.690418949,-0.723409756,0.797393203
20,-0.051098213,0.722464718,0.689517008,-0.258480932,0.657326261,-0.707891089,0.837537467
20,-0.051098213,0.722464718,0.689517008,-0.499346817,0.579437876,-0.644130814,0.950119734
20,-0.051098213,0.722464718,0.689517008,-0.70618304,0.462061756,-0.536474088,inf
20,-0.051098213,0.722464718,0.689517008,-0.864894057,0.313196892,-0.39225754,inf
20,-0.051098213,0.722464718,0.689517008,-0.964663973,0.142988177,-0.221309288,inf
20,-0.051098213,0.722464718,0.689517008,-0.998693633,-0.036964946,-0.035279175,inf
20,-0.051098213,0.722464718,0.689517008,-0.964663973,-0.214398969,0.153155156,inf
20,-0.051098213,0.722464718,0.689517008,-0.864894057,-0.377222057,0.331152217,inf
20,-0.051098213,0.722464718,0.689517008,-0.70618304,-0.514338084,0.4865818,inf
20,-0.051098213,0.722464718,0.689517008,-0.499346817,-0.616402822,0.608851639,inf
20,-0.051098213,0.722464718,0.689517008,-0.258480932,-0.676460726,0.689629244,inf
20,-0.051098213,0.722464718,0.689517008,-1.22E-16,-0.690418949,0.723409756,inf
20,-0.051098213,0.722464718,0.689517008,0.258480932,-0.657326261,0.707891089,inf
20,-0.051098213,0.722464718,0.689517008,0.499346817,-0.579437876,0.644130814,inf
20,-0.051098213,0.722464718,0.689517008,0.70618304,-0.462061756,0.536474088,inf
20,-0.051098213,0.722464718,0.689517008,0.864894057,-0.313196892,0.39225754,inf
20,-0.051098213,0.722464718,0.689517008,0.964663973,-0.142988177,0.221309288,inf
20,-0.051098213,0.722464718,0.689517008,0.998693633,0.036964946,0.035279175,inf
20,-0.051098213,0.722464718,0.689517008,0.964663973,0.214398969,-0.153155156,inf
20,-0.051098213,0.722464718,0.689517008,0.864894057,0.377222057,-0.331152217,1.45944643
20,-0.051098213,0.722464718,0.689517008,0.70618304,0.514338084,-0.4865818,1.070376515
20,-0.051098213,0.722464718,0.689517008,0.499346817,0.616402822,-0.608851639,0.893142223
20,-0.051098213,0.722464718,0.689517008,0.258480932,0.676460726,-0.689629244,0.813846767
21,-0.052896609,0.800612369,0.734070888,0,0.307530286,-0.951538293,inf
21,-0.052896609,0.800612369,0.734070888,-0.258812191,0.298843792,-0.918536138,inf
21,-0.052896609,0.800612369,0.734070888,-0.499986758,0.269791588,-0.822937264,inf
21,-0.052896609,0.800612369,0.734070888,-0.707088055,0.222353532,-0.671256575,inf
21,-0.052896609,0.800612369,0.734070888,-0.866002468,0.159762451,-0.47383086,inf
21,-0.052896609,0.800612369,0.734070888,-0.965900245,0.086283823,-0.244114355,inf
21,-0.052896609,0.800612369,0.734070888,-0.999973517,0.006925095,0.00223814,inf
21,-0.052896609,0.800612369,0.734070888,-0.965900245,-0.072905567,0.24843811,inf
21,-0.052896609,0.800612369,0.734070888,-0.866002468,-0.147767835,0.477707433,inf
21,-0.052896609,0.800612369,0.734070888,-0.707088055,-0.21255997,0.674421784,inf
21,-0.052896609,0.800612369,0.734070888,-0.499986758,-0.262866493,0.825175405,inf
21,-0.052896609,0.800612369,0.734070888,-0.258812191,-0.2952591,0.919694685,inf
21,-0.052896609,0.800612369,0.734070888,-1.22E-16,-0.307530286,0.951538293,inf
21,-0.052896609,0.800612369,0.734070888,0.258812191,-0.298843792,0.918536138,inf
21,-0.052896609,0.800612369,0.734070888,0.499986758,-0.269791588,0.822937264,inf
21,-0.052896609,0.800612369,0.734070888,0.707088055,-0.222353532,0.671256575,inf
21,-0.052896609,0.800612369,0.734070888,0.866002468,-0.159762451,0.47383086,inf
21,-0.052896609,0.800612369,0.734070888,0.965900245,-0.086283823,0.244114355,inf
21,-0.052896609,0.800612369,0.734070888,0.999973517,-0.006925095,-0.00223814,inf
21,-0.052896609,0.800612369,0.734070888,0.965900245,0.072905567,-0.24843811,inf
21,-0.052896609,0.800612369,0.734070888,0.866002468,0.147767835,-0.477707433,inf
21,-0.052896609,0.800612369,0.734070888,0.707088055,0.21255997,-0.674421784,inf
21,-0.052896609,0.800612369,0.734070888,0.499986758,0.262866493,-0.825175405,inf
21,-0.052896609,0.800612369,0.734070888,0.258812191,0.2952591,-0.919694685,inf
22,-0.052532719,0.848188023,0.749446995,0,0.307530286,-0.951538293,inf
22,-0.052532719,0.848188023,0.749446995,-0.258812191,0.298843792,-0.918536138,inf
22,-0.052532719,0.848188023,0.749446995,-0.499986758,0.269791588,-0.822937264,inf
22,-0.052532719,0.848188023,0.749446995,-0.707088055,0.222353532,-0.671256575,inf
22,-0.052532719,0.848188023,0.749446995,-0.866002468,0.159762451,-0.47383086,inf
22,-0.052532719,0.848188023,0.749446995,-0.965900245,0.086283823,-0.244114355,inf
22,-0.052532719,0.848188023,0.749446995,-0.999973517,0.006925095,0.00223814,inf
22,-0.052532719,0.848188023,0.749446995,-0.965900245,-0.072905567,0.24843811,inf
22,-0.052532719,0.848188023,0.749446995,-0.866002468,-0.147767835,0.477707433,inf
22,-0.052532719,0.848188023,0.749446995,-0.707088055,-0.21255997,0.674421784,inf
22,-0.052532719,0.848188023,0.749446995,-0.499986758,-0.262866493,0.825175405,inf
22,-0.052532719,0.848188023,0.749446995,-0.258812191,-0.2952591,0.919694685,inf
22,-0.052532719,0.848188023,0.749446995,-1.22E-16,-0.307530286,0.951538293,inf
22,-0.052532719,0.848188023,0.749446995,0.258812191,-0.298843792,0.918536138,inf
22,-0.052532719,0.848188023,0.749446995,0.499986758,-0.269791588,0.822937264,inf
22,-0.052532719,0.848188023,0.749446995,0.707088055,-0.222353532,0.671256575,inf
22,-0.052532719,0.848188023,0.749446995,0.866002468,-0.159762451,0.47383086,inf
22,-0.052532719,0.848188023,0.749446995,0.965900245,-0.086283823,0.244114355,inf
22,-0.052532719,0.848188023,0.749446995,0.999973517,-0.006925095,-0.00223814,inf
22,-0.052532719,0.848188023,0.749446995,0.965900245,0.072905567,-0.24843811,inf
22,-0.052532719,0.848188023,0.749446995,0.866002468,0.147767835,-0.477707433,inf
22,-0.052532719,0.848188023,0.749446995,0.707088055,0.21255997,-0.674421784,inf
22,-0.052532719,0.848188023,0.749446995,0.499986758,0.262866493,-0.825175405,inf
22,-0.052532719,0.848188023,0.749446995,0.258812191,0.2952591,-0.919694685,inf
23,-0.05216883,0.895763678,0.764823103,0,0.307530286,-0.951538293,1.226664186
23,-0.05216883,0.895763678,0.764823103,-0.258812191,0.298843792,-0.918536138,1.262319565
23,-0.05216883,0.895763678,0.764823103,-0.499986758,0.269791588,-0.822937264,inf
23,-0.05216883,0.895763678,0.764823103,-0.707088055,0.222353532,-0.671256575,inf
23,-0.05216883,0.895763678,0.764823103,-0.866002468,0.159762451,-0.47383086,inf
23,-0.05216883,0.895763678,0.764823103,-0.965900245,0.086283823,-0.244114355,inf
23,-0.05216883,0.895763678,0.764823103,-0.999973517,0.006925095,0.00223814,inf
23,-0.05216883,0.895763678,0.764823103,-0.965900245,-0.072905567,0.24843811,inf
23,-0.05216883,0.895763678,0.764823103,-0.866002468,-0.147767835,0.477707433,inf
23,-0.05216883,0.895763678,0.764823103,-0.707088055,-0.21255997,0.674421784,inf
23,-0.05216883,0.895763678,0.764823103,-0.499986758,-0.262866493,0.825175405,inf
23,-0.05216883,0.895763678,0.764823103,-0.258812191,-0.2952591,0.919694685,inf
23,-0.05216883,0.895763678,0.764823103,-1.22E-16,-0.307530286,0.951538293,inf
23,-0.05216883,0.895763678,0.764823103,0.258812191,-0.298843792,0.918536138,inf
23,-0.05216883,0.895763678,0.764823103,0.499986758,-0.269791588,0.822937264,inf
23,-0.05216883,0.895763678,0.764823103,0.707088055,-0.222353532,0.671256575,inf
23,-0.05216883,0.895763678,0.764823103,0.866002468,-0.159762451,0.47383086,inf
23,-0.05216883,0.895763678,0.764823103,0.965900245,-0.086283823,0.244114355,inf
23,-0.05216883,0.895763678,0.764823103,0.999973517,-0.006925095,-0.00223814,inf
23,-0.05216883,0.895763678,0.764823103,0.965900245,0.072905567,-0.24843811,inf
23,-0.05216883,0.895763678,0.764823103,0.866002468,0.147767835,-0.477707433,2.552899122
23,-0.05216883,0.895763678,0.764823103,0.707088055,0.21255997,-0.674421784,1.774729252
23,-0.05216883,0.895763678,0.764823103,0.499986758,0.262866493,-0.825175405,1.435087323
23,-0.05216883,0.895763678,0.764823103,0.258812191,0.2952591,-0.919694685,1.27764523
24,-0.05180494,0.943339333,0.78019921,0,0.307530286,-0.951538293,1.07196188
24,-0.05180494,0.943339333,0.78019921,-0.258812191,0.298843792,-0.918536138,1.103120565
24,-0.05180494,0.943339333,0.78019921,-0.499986758,0.269791588,-0.822937264,1.221908808
24,-0.05180494,0.943339333,0.78019921,-0.707088055,0.222353532,-0.671256575,inf
24,-0.05180494,0.943339333,0.78019921,-0.866002468,0.159762451,-0.47383086,inf
24,-0.05180494,0.943339333,0.78019921,-0.965900245,0.086283823,-0.244114355,inf
24,-0.05180494,0.943339333,0.78019921,-0.999973517,0.006925095,0.00223814,inf
24,-0.05180494,0.943339333,0.78019921,-0.965900245,-0.072905567,0.24843811,inf
24,-0.05180494,0.943339333,0.78019921,-0.866002468,-0.147767835,0.477707433,inf
24,-0.05180494,0.943339333,0.78019921,-0.707088055,-0.21255997,0.674421784,inf
24,-0.05180494,0.943339333,0.78019921,-0.499986758,-0.262866493,0.825175405,inf
24,-0.05180494,0.943339333,0.78019921,-0.258812191,-0.2952591,0.919694685,inf
24,-0.05180494,0.943339333,0.78019921,-1.22E-16,-0.307530286,0.951538293,inf
24,-0.05180494,0.943339333,0.78019921,0.258812191,-0.298843792,0.918536138,inf
24,-0.05180494,0.943339333,0.78019921,0.499986758,-0.269791588,0.822937264,inf
24,-0.05180494,0.943339333,0.78019921,0.707088055,-0.222353532,0.671256575,inf
24,-0.05180494,0.943339333,0.78019921,0.866002468,-0.159762451,0.47383086,inf
24,-0.05180494,0.943339333,0.78019921,0.965900245,-0.086283823,0.244114355,inf
24,-0.05180494,0.943339333,0.78019921,0.999973517,-0.006925095,-0.00223814,inf
24,-0.05180494,0.943339333,0.78019921,0.965900245,0.072905567,-0.24843811,inf
24,-0.05180494,0.943339333,0.78019921,0.866002468,0.147767835,-0.477707433,2.230937004
24,-0.05180494,0.943339333,0.78019921,0.707088055,0.21255997,-0.674421784,1.550907016
24,-0.05180494,0.943339333,0.78019921,0.499986758,0.262866493,-0.825175405,1.254099488
24,-0.05180494,0.943339333,0.78019921,0.258812191,0.2952591,-0.919694685,1.116513371
25,-0.051441051,0.990914987,0.795575317,0,0.307530286,-0.951538293,0.917259514
25,-0.051441051,0.990914987,0.795575317,-0.258812191,0.298843792,-0.918536138,0.943921506
25,-0.051441051,0.990914987,0.795575317,-0.499986758,0.269791588,-0.822937264,1.045566678
25,-0.051441051,0.990914987,0.795575317,-0.707088055,0.222353532,-0.671256575,inf
25,-0.051441051,0.990914987,0.795575317,-0.866002468,0.159762451,-0.47383086,inf
25,-0.051441051,0.990914987,0.795575317,-0.965900245,0.086283823,-0.244114355,inf
25,-0.051441051,0.990914987,0.795575317,-0.999973517,0.006925095,0.00223814,inf
25,-0.051441051,0.990914987,0.795575317,-0.965900245,-0.072905567,0.24843811,inf
25,-0.051441051,0.990914987,0.795575317,-0.866002468,-0.147767835,0.477707433,inf
25,-0.051441051,0.990914987,0.795575317,-0.707088055,-0.21255997,0.674421784,inf
25,-0.051441051,0.990914987,0.795575317,-0.499986758,-0.262866493,0.825175405,inf
25,-0.051441051,0.990914987,0.795575317,-0.258812191,-0.2952591,0.919694685,inf
25,-0.051441051,0.990914987,0.795575317,-1.22E-16,-0.307530286,0.951538293,inf
25,-0.051441051,0.990914987,0.795575317,0.258812191,-0.298843792,0.918536138,inf
25,-0.051441051,0.990914987,0.795575317,0.499986758,-0.269791588,0.822937264,inf
25,-0.051441051,0.990914987,0.795575317,0.707088055,-0.222353532,0.671256575,inf
25,-0.051441051,0.990914987,0.795575317,0.866002468,-0.159762451,0.47383086,inf
25,-0.051441051,0.990914987,0.795575317,0.965900245,-0.086283823,0.244114355,inf
25,-0.051441051,0.990914987,0.795575317,0.999973517,-0.006925095,-0.00223814,inf
25,-0.051441051,0.990914987,0.795575317,0.965900245,0.072905567,-0.24843811,inf
25,-0.051441051,0.990914987,0.795575317,0.866002468,0.147767835,-0.477707433,1.908975005
25,-0.051441051,0.990914987,0.795575317,0.707088055,0.21255997,-0.674421784,1.32708478
25,-0.051441051,0.990914987,0.795575317,0.499986758,0.262866493,-0.825175405,1.073111653
25,-0.051441051,0.990914987,0.795575317,0.258812191,0.2952591,-0.919694685,0.955381513
26,-0.051077161,1.038490642,0.810951424,0,0.307530286,-0.951538293,0.762557209
26,-0.051077161,1.038490642,0.810951424,-0.258812191,0.298843792,-0.918536138,0.784722507
26,-0.051077161,1.038490642,0.810951424,-0.499986758,0.269791588,-0.822937264,0.869224429
26,-0.051077161,1.038490642,0.810951424,-0.707088055,0.222353532,-0.671256575,inf
26,-0.051077161,1.038490642,0.810951424,-0.866002468,0.159762451,-0.47383086,inf
26,-0.051077161,1.038490642,0.810951424,-0.965900245,0.086283823,-0.244114355,inf
26,-0.051077161,1.038490642,0.810951424,-0.999973517,0.006925095,0.00223814,inf
26,-0.051077161,1.038490642,0.810951424,-0.965900245,-0.072905567,0.24843811,inf
26,-0.051077161,1.038490642,0.810951424,-0.866002468,-0.147767835,0.477707433,inf
26,-0.051077161,1.038490642,0.810951424,-0.707088055,-0.21255997,0.674421784,inf
26,-0.051077161,1.038490642,0.810951424,-0.499986758,-0.262866493,0.825175405,inf
26,-0.051077161,1.038490642,0.810951424,-0.258812191,-0.2952591,0.919694685,inf
26,-0.051077161,1.038490642,0.810951424,-1.22E-16,-0.307530286,0.951538293,inf
26,-0.051077161,1.038490642,0.810951424,0.258812191,-0.298843792,0.918536138,inf
26,-0.051077161,1.038490642,0.810951424,0.499986758,-0.269791588,0.822937264,inf
26,-0.051077161,1.038490642,0.810951424,0.707088055,-0.222353532,0.671256575,inf
26,-0.051077161,1.038490642,0.810951424,0.866002468,-0.159762451,0.47383086,inf
26,-0.051077161,1.038490642,0.810951424,0.965900245,-0.086283823,0.244114355,inf
26,-0.051077161,1.038490642,0.810951424,0.999973517,-0.006925095,-0.00223814,inf
26,-0.051077161,1.038490642,0.810951424,0.965900245,0.072905567,-0.24843811,inf
26,-0.051077161,1.038490642,0.810951424,0.866002468,0.147767835,-0.477707433,1.587012887
26,-0.051077161,1.038490642,0.810951424,0.707088055,0.21255997,-0.674421784,1.103262544
26,-0.051077161,1.038490642,0.810951424,0.499986758,0.262866493,-0.825175405,0.892123759
26,-0.051077161,1.038490642,0.810951424,0.258812191,0.2952591,-0.919694685,0.794249654
27,-0.050713272,1.086066297,0.826327531,0,0.307530286,-0.951538293,0.607854903
27,-0.050713272,1.086066297,0.826327531,-0.258812191,0.298843792,-0.918536138,0.625523448
27,-0.050713272,1.086066297,0.826327531,-0.499986758,0.269791588,-0.822937264,0.69288224
27,-0.050713272,1.086066297,0.826327531,-0.707088055,0.222353532,-0.671256575,0.840705335
27,-0.050713272,1.086066297,0.826327531,-0.866002468,0.159762451,-0.47383086,inf
27,-0.050713272,1.086066297,0.826327531,-0.965900245,0.086283823,-0.244114355,inf
27,-0.050713272,1.086066297,0.826327531,-0.999973517,0.006925095,0.00223814,inf
27,-0.050713272,1.086066297,0.826327531,-0.965900245,-0.072905567,0.24843811,inf
27,-0.050713272,1.086066297,0.826327531,-0.866002468,-0.147767835,0.477707433,inf
27,-0.050713272,1.086066297,0.826327531,-0.707088055,-0.21255997,0.674421784,inf
27,-0.050713272,1.086066297,0.826327531,-0.499986758,-0.262866493,0.825175405,inf
27,-0.050713272,1.086066297,0.826327531,-0.258812191,-0.2952591,0.919694685,inf
27,-0.050713272,1.086066297,0.826327531,-1.22E-16,-0.307530286,0.951538293,inf
27,-0.050713272,1.086066297,0.826327531,0.258812191,-0.298843792,0.918536138,inf
27,-0.050713272,1.086066297,0.826327531,0.499986758,-0.269791588,0.822937264,inf
27,-0.050713272,1.086066297,0.826327531,0.707088055,-0.222353532,0.671256575,inf
27,-0.050713272,1.086066297,0.826327531,0.866002468,-0.159762451,0.47383086,inf
27,-0.050713272,1.086066297,0.826327531,0.965900245,-0.086283823,0.244114355,inf
27,-0.050713272,1.086066297,0.826327531,0.999973517,-0.006925095,-0.00223814,inf
27,-0.050713272,1.086066297,0.826327531,0.965900245,0.072905567,-0.24843811,inf
27,-0.050713272,1.086066297,0.826327531,0.866002468,0.147767835,-0.477707433,1.26505065
27,-0.050713272,1.086066297,0.826327531,0.707088055,0.21255997,-0.674421784,0.879440308
27,-0.050713272,1.086066297,0.826327531,0.499986758,0.262866493,-0.825175405,0.711135924
27,-0.050713272,1.086066297,0.826327531,0.258812191,0.2952591,-0.919694685,0.633117855
28,-0.050349383,1.133641951,0.841703638,0,0.307530286,-0.951538293,0.453152627
28,-0.050349383,1.133641951,0.841703638,-0.258812191,0.298843792,-0.918536138,0.466324419
28,-0.050349383,1.133641951,0.841703638,-0.499986758,0.269791588,-0.822937264,0.516540051
28,-0.050349383,1.133641951,0.841703638,-0.707088055,0.222353532,-0.671256575,0.62674135
28,-0.050349383,1.133641951,0.841703638,-0.866002468,0.159762451,-0.47383086,inf
28,-0.050349383,1.133641951,0.841703638,-0.965900245,0.086283823,-0.244114355,inf
28,-0.050349383,1.133641951,0.841703638,-0.999973517,0.006925095,0.00223814,inf
28,-0.050349383,1.133641951,0.841703638,-0.965900245,-0.072905567,0.24843811,inf
28,-0.050349383,1.133641951,0.841703638,-0.866002468,-0.147767835,0.477707433,inf
28,-0.050349383,1.133641951,0.841703638,-0.707088055,-0.21255997,0.674421784,inf
28,-0.050349383,1.133641951,0.841703638,-0.499986758,-0.262866493,0.825175405,inf
28,-0.050349383,1.133641951,0.841703638,-0.258812191,-0.2952591,0.919694685,inf
28,-0.050349383,1.133641951,0.841703638,-1.22E-16,-0.307530286,0.951538293,inf
28,-0.050349383,1.133641951,0.841703638,0.258812191,-0.298843792,0.918536138,inf
28,-0.050349383,1.133641951,0.841703638,0.499986758,-0.269791588,0.822937264,inf
28,-0.050349383,1.133641951,0.841703638,0.707088055,-0.222353532,0.671256575,inf
28,-0.050349383,1.133641951,0.841703638,0.866002468,-0.159762451,0.47383086,inf
28,-0.050349383,1.133641951,0.841703638,0.965900245,-0.086283823,0.244114355,inf
28,-0.050349383,1.133641951,0.841703638,0.999973517,-0.006925095,-0.00223814,inf
28,-0.050349383,1.133641951,0.841703638,0.965900245,0.072905567,-0.24843811,1.911488652
28,-0.050349383,1.133641951,0.841703638,0.866002468,0.147767835,-0.477707433,0.943088591
28,-0.050349383,1.133641951,0.841703638,0.707088055,0.21255997,-0.674421784,0.655618072
28,-0.050349383,1.133641951,0.841703638,0.499986758,0.262866493,-0.825175405,0.530148029
28,-0.050349383,1.133641951,0.841703638,0.258812191,0.2952591,-0.919694685,0.471985966
29,-0.049985493,1.181217606,0.857079745,0,0.307530286,-0.951538293,0.375266045
29,-0.049985493,1.181217606,0.857079745,-0.258812191,0.298843792,-0.918536138,0.388749003
29,-0.049985493,1.181217606,0.857079745,-0.499986758,0.269791588,-0.822937264,0.340197802
29,-0.049985493,1.181217606,0.857079745,-0.707088055,0.222353532,-0.671256575,0.412777364
29,-0.049985493,1.181217606,0.857079745,-0.866002468,0.159762451,-0.47383086,0.574493587
29,-0.049985493,1.181217606,0.857079745,-0.965900245,0.086283823,-0.244114355,inf
29,-0.049985493,1.181217606,0.857079745,-0.999973517,0.006925095,0.00223814,inf
29,-0.049985493,1.181217606,0.857079745,-0.965900245,-0.072905567,0.24843811,inf
29,-0.049985493,1.181217606,0.857079745,-0.866002468,-0.147767835,0.477707433,inf
29,-0.049985493,1.181217606,0.857079745,-0.707088055,-0.21255997,0.674421784,inf
29,-0.049985493,1.181217606,0.857079745,-0.499986758,-0.262866493,0.825175405,inf
29,-0.049985493,1.181217606,0.857079745,-0.258812191,-0.2952591,0.919694685,inf
29,-0.049985493,1.181217606,0.857079745,-1.22E-16,-0.307530286,0.951538293,inf
29,-0.049985493,1.181217606,0.857079745,0.258812191,-0.298843792,0.918536138,inf
29,-0.049985493,1.181217606,0.857079745,0.499986758,-0.269791588,0.822937264,inf
29,-0.049985493,1.181217606,0.857079745,0.707088055,-0.222353532,0.671256575,inf
29,-0.049985493,1.181217606,0.857079745,0.866002468,-0.159762451,0.47383086,inf
29,-0.049985493,1.181217606,0.857079745,0.965900245,-0.086283823,0.244114355,inf
29,-0.049985493,1.181217606,0.857079745,0.999973517,-0.006925095,-0.00223814,inf
29,-0.049985493,1.181217606,0.857079745,0.965900245,0.072905567,-0.24843811,1.258923292
29,-0.049985493,1.181217606,0.857079745,0.866002468,0.147767835,-0.477707433,0.621126473
29,-0.049985493,1.181217606,0.857079745,0.707088055,0.21255997,-0.674421784,0.431795835
29,-0.049985493,1.181217606,0.857079745,0.499986758,0.262866493,-0.825175405,0.42998293
29,-0.049985493,1.181217606,0.857079745,0.258812191,0.2952591,-0.919694685,0.388259321
30,-0.049621604,1.22879326,0.872455852,0,0.307530286,-0.951538293,0.391425282
30,-0.049621604,1.22879326,0.872455852,-0.258812191,0.298843792,-0.918536138,0.405488819
30,-0.049621604,1.22879326,0.872455852,-0.499986758,0.269791588,-0.822937264,0.230762318
30,-0.049621604,1.22879326,0.872455852,-0.707088055,0.222353532,-0.671256575,0.198813409
30,-0.049621604,1.22879326,0.872455852,-0.866002468,0.159762451,-0.47383086,0.276703715
30,-0.049621604,1.22879326,0.872455852,-0.965900245,0.086283823,-0.244114355,0.512342393
30,-0.049621604,1.22879326,0.872455852,-0.999973517,0.006925095,0.00223814,inf
30,-0.049621604,1.22879326,0.872455852,-0.965900245,-0.072905567,0.24843811,inf
30,-0.049621604,1.22879326,0.872455852,-0.866002468,-0.147767835,0.477707433,inf
30,-0.049621604,1.22879326,0.872455852,-0.707088055,-0.21255997,0.674421784,inf
30,-0.049621604,1.22879326,0.872455852,-0.499986758,-0.262866493,0.825175405,inf
30,-0.049621604,1.22879326,0.872455852,-0.258812191,-0.2952591,0.919694685,inf
30,-0.049621604,1.22879326,0.872455852,-1.22E-16,-0.307530286,0.951538293,inf
30,-0.049621604,1.22879326,0.872455852,0.258812191,-0.298843792,0.918536138,inf
30,-0.049621604,1.22879326,0.872455852,0.499986758,-0.269791588,0.822937264,inf
30,-0.049621604,1.22879326,0.872455852,0.707088055,-0.222353532,0.671256575,inf
30,-0.049621604,1.22879326,0.872455852,0.866002468,-0.159762451,0.47383086,inf
30,-0.049621604,1.22879326,0.872455852,0.965900245,-0.086283823,0.244114355,inf
30,-0.049621604,1.22879326,0.872455852,0.999973517,-0.006925095,-0.00223814,inf
30,-0.049621604,1.22879326,0.872455852,0.965900245,0.072905567,-0.24843811,0.606357872
30,-0.049621604,1.22879326,0.872455852,0.866002468,0.147767835,-0.477707433,0.299164325
30,-0.049621604,1.22879326,0.872455852,0.707088055,0.21255997,-0.674421784,0.303529233
30,-0.049621604,1.22879326,0.872455852,0.499986758,0.262866493,-0.825175405,0.429255128
30,-0.049621604,1.22879326,0.872455852,0.258812191,0.2952591,-0.919694685,0.404978037
31,-0.049257714,1.276368915,0.887831959,0,0.307530286,-0.951538293,0.407584488
31,-0.049257714,1.276368915,0.887831959,-0.258812191,0.298843792,-0.918536138,0.422228605
31,-0.049257714,1.276368915,0.887831959,-0.499986758,0.269791588,-0.822937264,0.231490105
31,-0.049257714,1.276368915,0.887831959,-0.707088055,0.222353532,-0.671256575,0.163688213
31,-0.049257714,1.276368915,0.887831959,-0.866002468,0.159762451,-0.47383086,0.133650854
31,-0.049257714,1.276368915,0.887831959,-0.965900245,0.086283823,-0.244114355,0.119828083
31,-0.049257714,1.276368915,0.887831959,-0.999973517,0.006925095,0.00223814,0.115745038
31,-0.049257714,1.276368915,0.887831959,-0.965900245,-0.072905567,0.24843811,inf
31,-0.049257714,1.276368915,0.887831959,-0.866002468,-0.147767835,0.477707433,inf
31,-0.049257714,1.276368915,0.887831959,-0.707088055,-0.21255997,0.674421784,inf
31,-0.049257714,1.276368915,0.887831959,-0.499986758,-0.262866493,0.825175405,inf
31,-0.049257714,1.276368915,0.887831959,-0.258812191,-0.2952591,0.919694685,inf
31,-0.049257714,1.276368915,0.887831959,-1.22E-16,-0.307530286,0.951538293,inf
31,-0.049257714,1.276368915,0.887831959,0.258812191,-0.298843792,0.918536138,inf
31,-0.049257714,1.276368915,0.887831959,0.499986758,-0.269791588,0.822937264,inf
31,-0.049257714,1.276368915,0.887831959,0.707088055,-0.222353532,0.671256575,inf
31,-0.049257714,1.276368915,0.887831959,0.866002468,-0.159762451,0.47383086,inf
31,-0.049257714,1.276368915,0.887831959,0.965900245,-0.086283823,0.244114355,inf
31,-0.049257714,1.276368915,0.887831959,0.999973517,-0.006925095,-0.00223814,0.214263707
31,-0.049257714,1.276368915,0.887831959,0.965900245,0.072905567,-0.24843811,0.221822098
31,-0.049257714,1.276368915,0.887831959,0.866002468,0.147767835,-0.477707433,0.247410402
31,-0.049257714,1.276368915,0.887831959,0.707088055,0.21255997,-0.674421784,0.303014606
31,-0.049257714,1.276368915,0.887831959,0.499986758,0.262866493,-0.825175405,0.428527355
31,-0.049257714,1.276368915,0.887831959,0.258812191,0.2952591,-0.919694685,0.421696752
32,-0.048893825,1.32394457,0.903208066,0,0.307530286,-0.951538293,0.423743695
32,-0.048893825,1.32394457,0.903208066,-0.258812191,0.298843792,-0.918536138,0.43896842
32,-0.048893825,1.32394457,0.903208066,-0.499986758,0.269791588,-0.822937264,0.232217908
32,-0.048893825,1.32394457,0.903208066,-0.707088055,0.222353532,-0.671256575,0.164202839
32,-0.048893825,1.32394457,0.903208066,-0.866002468,0.159762451,-0.47383086,0.134071052
32,-0.048893825,1.32394457,0.903208066,-0.965900245,0.086283823,-0.244114355,0.120204814
32,-0.048893825,1.32394457,0.903208066,-0.999973517,0.006925095,0.00223814,0.116108932
32,-0.048893825,1.32394457,0.903208066,-0.965900245,-0.072905567,0.24843811,0.120204814
32,-0.048893825,1.32394457,0.903208066,-0.866002468,-0.147767835,0.477707433,0.134071037
32,-0.048893825,1.32394457,0.903208066,-0.707088055,-0.21255997,0.674421784,0.164202809
32,-0.048893825,1.32394457,0.903208066,-0.499986758,-0.262866493,0.825175405,inf
32,-0.048893825,1.32394457,0.903208066,-0.258812191,-0.2952591,0.919694685,inf
32,-0.048893825,1.32394457,0.903208066,-1.22E-16,-0.307530286,0.951538293,inf
32,-0.048893825,1.32394457,0.903208066,0.258812191,-0.298843792,0.918536138,inf
32,-0.048893825,1.32394457,0.903208066,0.499986758,-0.269791588,0.822937264,inf
32,-0.048893825,1.32394457,0.903208066,0.707088055,-0.222353532,0.671256575,inf
32,-0.048893825,1.32394457,0.903208066,0.866002468,-0.159762451,0.47383086,0.246990234
32,-0.048893825,1.32394457,0.903208066,0.965900245,-0.086283823,0.244114355,0.221445382
32,-0.048893825,1.32394457,0.903208066,0.999973517,-0.006925095,-0.00223814,0.213899806
32,-0.048893825,1.32394457,0.903208066,0.965900245,0.072905567,-0.24843811,0.221445367
32,-0.048893825,1.32394457,0.903208066,0.866002468,0.147767835,-0.477707433,0.246990204
32,-0.048893825,1.32394457,0.903208066,0.707088055,0.21255997,-0.674421784,0.30249998
32,-0.048893825,1.32394457,0.903208066,0.499986758,0.262866493,-0.825175405,0.427799553
32,-0.048893825,1.32394457,0.903208066,0.258812191,0.2952591,-0.919694685,0.438415468
33,-0.048529935,1.371520224,0.918584173,0,0.307530286,-0.951538293,0.439902902
33,-0.048529935,1.371520224,0.918584173,-0.258812191,0.298843792,-0.918536138,0.450016618
33,-0.048529935,1.371520224,0.918584173,-0.499986758,0.269791588,-0.822937264,0.232945696
33,-0.048529935,1.371520224,0.918584173,-0.707088055,0.222353532,-0.671256575,0.164717466
33,-0.048529935,1.371520224,0.918584173,-0.866002468,0.159762451,-0.47383086,0.13449125
33,-0.048529935,1.371520224,0.918584173,-0.965900245,0.086283823,-0.244114355,0.120581552
33,-0.048529935,1.371520224,0.918584173,-0.999973517,0.006925095,0.00223814,0.116472833
33,-0.048529935,1.371520224,0.918584173,-0.965900245,-0.072905567,0.24843811,0.120581545
33,-0.048529935,1.371520224,0.918584173,-0.866002468,-0.147767835,0.477707433,0.134491235
33,-0.048529935,1.371520224,0.918584173,-0.707088055,-0.21255997,0.674421784,0.164717436
33,-0.048529935,1.371520224,0.918584173,-0.499986758,-0.262866493,0.825175405,0.232945621
33,-0.048529935,1.371520224,0.918584173,-0.258812191,-0.2952591,0.919694685,inf
33,-0.048529935,1.371520224,0.918584173,-1.22E-16,-0.307530286,0.951538293,inf
33,-0.048529935,1.371520224,0.918584173,0.258812191,-0.298843792,0.918536138,inf
33,-0.048529935,1.371520224,0.918584173,0.499986758,-0.269791588,0.822937264,inf
33,-0.048529935,1.371520224,0.918584173,0.707088055,-0.222353532,0.671256575,0.301985413
33,-0.048529935,1.371520224,0.918584173,0.866002468,-0.159762451,0.47383086,0.246570036
33,-0.048529935,1.371520224,0.918584173,0.965900245,-0.086283823,0.244114355,0.22106865
33,-0.048529935,1.371520224,0.918584173,0.999973517,-0.006925095,-0.00223814,0.213535905
33,-0.048529935,1.371520224,0.918584173,0.965900245,0.072905567,-0.24843811,0.221068636
33,-0.048529935,1.371520224,0.918584173,0.866002468,0.147767835,-0.477707433,0.246570021
33,-0.048529935,1.371520224,0.918584173,0.707088055,0.21255997,-0.674421784,0.301985353
33,-0.048529935,1.371520224,0.918584173,0.499986758,0.262866493,-0.825175405,0.42707175
33,-0.048529935,1.371520224,0.918584173,0.258812191,0.2952591,-0.919694685,0.455134183
34,-0.048166046,1.419095879,0.933960281,0,0.307530286,-0.951538293,inf
34,-0.048166046,1.419095879,0.933960281,-0.258812191,0.298843792,-0.918536138,1.409646749
34,-0.048166046,1.419095879,0.933960281,-0.499986758,0.269791588,-0.822937264,0.233673498
34,-0.048166046,1.419095879,0.933960281,-0.707088055,0.222353532,-0.671256575,0.165232107
34,-0.048166046,1.419095879,0.933960281,-0.866002468,0.159762451,-0.47383086,0.134911448
34,-0.048166046,1.419095879,0.933960281,-0.965900245,0.086283823,-0.244114355,0.120958284
34,-0.048166046,1.419095879,0.933960281,-0.999973517,0.006925095,0.00223814,0.116836727
34,-0.048166046,1.419095879,0.933960281,-0.965900245,-0.072905567,0.24843811,0.120958284
34,-0.048166046,1.419095879,0.933960281,-0.866002468,-0.147767835,0.477707433,0.134911433
34,-0.048166046,1.419095879,0.933960281,-0.707088055,-0.21255997,0.674421784,0.165232077
34,-0.048166046,1.419095879,0.933960281,-0.499986758,-0.262866493,0.825175405,0.233673424
34,-0.048166046,1.419095879,0.933960281,-0.258812191,-0.2952591,0.919694685,0.451422304
34,-0.048166046,1.419095879,0.933960281,-1.22E-16,-0.307530286,0.951538293,inf
34,-0.048166046,1.419095879,0.933960281,0.258812191,-0.298843792,0.918536138,inf
34,-0.048166046,1.419095879,0.933960281,0.499986758,-0.269791588,0.822937264,0.426344097
34,-0.048166046,1.419095879,0.933960281,0.707088055,-0.222353532,0.671256575,0.301470786
34,-0.048166046,1.419095879,0.933960281,0.866002468,-0.159762451,0.47383086,0.246149853
34,-0.048166046,1.419095879,0.933960281,0.965900245,-0.086283823,0.244114355,0.220691904
34,-0.048166046,1.419095879,0.933960281,0.999973517,-0.006925095,-0.00223814,0.213172004
34,-0.048166046,1.419095879,0.933960281,0.965900245,0.072905567,-0.24843811,0.220691904
34,-0.048166046,1.419095879,0.933960281,0.866002468,0.147767835,-0.477707433,0.246149823
34,-0.048166046,1.419095879,0.933960281,0.707088055,0.21255997,-0.674421784,0.301470727
34,-0.048166046,1.419095879,0.933960281,0.499986758,0.262866493,-0.825175405,inf
34,-0.048166046,1.419095879,0.933960281,0.258812191,0.2952591,-0.919694685,inf
35,-0.047802156,1.466671534,0.949336388,0,0.307530286,-0.951538293,inf
35,-0.047802156,1.466671534,0.949336388,-0.258812191,0.298843792,-0.918536138,1.411052704
35,-0.047802156,1.466671534,0.949336388,-0.499986758,0.269791588,-0.822937264,0.73041451
35,-0.047802156,1.466671534,0.949336388,-0.707088055,0.222353532,-0.671256575,0.165746734
35,-0.047802156,1.466671534,0.949336388,-0.866002468,0.159762451,-0.47383086,0.135331631
35,-0.047802156,1.466671534,0.949336388,-0.965900245,0.086283823,-0.244114355,0.121335022
35,-0.047802156,1.466671534,0.949336388,-0.999973517,0.006925095,0.00223814,0.117200628
35,-0.047802156,1.466671534,0.949336388,-0.965900245,-0.072905567,0.24843811,0.121335015
35,-0.047802156,1.466671534,0.949336388,-0.866002468,-0.147767835,0.477707433,0.135331616
35,-0.047802156,1.466671534,0.949336388,-0.707088055,-0.21255997,0.674421784,0.165746704
35,-0.047802156,1.466671534,0.949336388,-0.499986758,-0.262866493,0.825175405,0.234401211
35,-0.047802156,1.466671534,0.949336388,-0.258812191,-0.2952591,0.919694685,0.452828288
35,-0.047802156,1.466671534,0.949336388,-1.22E-16,-0.307530286,0.951538293,0.578708529
35,-0.047802156,1.466671534,0.949336388,0.258812191,-0.298843792,0.918536138,0.599501014
35,-0.047802156,1.466671534,0.949336388,0.499986758,-0.269791588,0.822937264,0.425616294
35,-0.047802156,1.466671534,0.949336388,0.707088055,-0.222353532,0.671256575,0.30095616
35,-0.047802156,1.466671534,0.949336388,0.866002468,-0.159762451,0.47383086,0.245729655
35,-0.047802156,1.466671534,0.949336388,0.965900245,-0.086283823,0.244114355,0.220315173
35,-0.047802156,1.466671534,0.949336388,0.999973517,-0.006925095,-0.00223814,0.212808117
35,-0.047802156,1.466671534,0.949336388,0.965900245,0.072905567,-0.24843811,0.220315158
35,-0.047802156,1.466671534,0.949336388,0.866002468,0.147767835,-0.477707433,0.245729625
35,-0.047802156,1.466671534,0.949336388,0.707088055,0.21255997,-0.674421784,inf
35,-0.047802156,1.466671534,0.949336388,0.499986758,0.262866493,-0.825175405,inf
35,-0.047802156,1.466671534,0.949336388,0.258812191,0.2952591,-0.919694685,inf
36,-0.047438267,1.514247188,0.964712495,0,0.307530286,-0.951538293,inf
36,-0.047438267,1.514247188,0.964712495,-0.258812191,0.298843792,-0.918536138,1.412458658
36,-0.047438267,1.514247188,0.964712495,-0.499986758,0.269791588,-0.822937264,0.731142282
36,-0.047438267,1.514247188,0.964712495,-0.707088055,0.222353532,-0.671256575,0.516995668
36,-0.047438267,1.514247188,0.964712495,-0.866002468,0.159762451,-0.47383086,0.422125161
36,-0.047438267,1.514247188,0.964712495,-0.965900245,0.086283823,-0.244114355,0.121711753
36,-0.047438267,1.514247188,0.964712495,-0.999973517,0.006925095,0.00223814,0.117564522
36,-0.047438267,1.514247188,0.964712495,-0.965900245,-0.072905567,0.24843811,0.121711746
36,-0.047438267,1.514247188,0.964712495,-0.866002468,-0.147767835,0.477707433,0.135751814
36,-0.047438267,1.514247188,0.964712495,-0.707088055,-0.21255997,0.674421784,0.16626133
36,-0.047438267,1.514247188,0.964712495,-0.499986758,-0.262866493,0.825175405,0.235129014
36,-0.047438267,1.514247188,0.964712495,-0.258812191,-0.2952591,0.919694685,0.454234302
36,-0.047438267,1.514247188,0.964712495,-1.22E-16,-0.307530286,0.951538293,0.562549353
36,-0.047438267,1.514247188,0.964712495,0.258812191,-0.298843792,0.918536138,0.582761168
36,-0.047438267,1.514247188,0.964712495,0.499986758,-0.269791588,0.822937264,0.424888492
36,-0.047438267,1.514247188,0.964712495,0.707088055,-0.222353532,0.671256575,0.300441504
36,-0.047438267,1.514247188,0.964712495,0.866002468,-0.159762451,0.47383086,0.245309457
36,-0.047438267,1.514247188,0.964712495,0.965900245,-0.086283823,0.244114355,0.219938442
36,-0.047438267,1.514247188,0.964712495,0.999973517,-0.006925095,-0.00223814,0.212444216
36,-0.047438267,1.514247188,0.964712495,0.965900245,0.072905567,-0.24843811,2.027578354
36,-0.047438267,1.514247188,0.964712495,0.866002468,0.147767835,-0.477707433,2.261469841
36,-0.047438267,1.514247188,0.964712495,0.707088055,0.21255997,-0.674421784,inf
36,-0.047438267,1.514247188,0.964712495,0.499986758,0.262866493,-0.825175405,inf
36,-0.047438267,1.514247188,0.964712495,0.258812191,0.2952591,-0.919694685,inf
37,-0.025243566,1.577558349,0.970120362,0,-0.012304113,-0.999924302,inf
37,-0.025243566,1.577558349,0.970120362,-0.232282641,0.102264602,-0.967257321,inf
37,-0.025243566,1.577558349,0.970120362,-0.448735604,0.209864153,-0.868673353,0.864108324
37,-0.025243566,1.577558349,0.970120362,-0.634607977,0.303161809,-0.710890732,0.61101681
37,-0.025243566,1.577558349,0.970120362,-0.777232866,0.375799489,-0.504662081,0.498893142
37,-0.025243566,1.577558349,0.970120362,-0.866890619,0.422827055,-0.264041544,0.447295338
37,-0.025243566,1.577558349,0.970120362,-0.897471209,0.441039655,-0.005427012,0.432054102
37,-0.025243566,1.577558349,0.970120362,-0.866890619,0.429196132,0.253557361,0.447295308
37,-0.025243566,1.577558349,0.970120362,-0.777232866,0.388103602,0.49526222,0.498893082
37,-0.025243566,1.577558349,0.970120362,-0.634607977,0.320562452,0.703215777,0.611016691
37,-0.025243566,1.577558349,0.970120362,-0.448735604,0.231175502,0.863246341,0.864108026
37,-0.025243566,1.577558349,0.970120362,-0.232282641,0.126034323,0.964448093,inf
37,-0.025243566,1.577558349,0.970120362,-1.10E-16,0.012304113,0.999924302,inf
37,-0.025243566,1.577558349,0.970120362,0.232282641,-0.102264602,0.967257321,0.547367811
37,-0.025243566,1.577558349,0.970120362,0.448735604,-0.209864153,0.868673353,0.4239555
37,-0.025243566,1.577558349,0.970120362,0.634607977,-0.303161809,0.710890732,0.29978177
37,-0.025243566,1.577558349,0.970120362,0.777232866,-0.375799489,0.504662081,0.24477078
37,-0.025243566,1.577558349,0.970120362,0.866890619,-0.422827055,0.264041544,0.219455481
37,-0.025243566,1.577558349,0.970120362,0.897471209,-0.441039655,0.005427012,0.211977705
37,-0.025243566,1.577558349,0.970120362,0.866890619,-0.429196132,-0.253557361,0.219455466
37,-0.025243566,1.577558349,0.970120362,0.777232866,-0.388103602,-0.49526222,0.24477075
37,-0.025243566,1.577558349,0.970120362,0.634607977,-0.320562452,-0.703215777,0.29978171
37,-0.025243566,1.577558349,0.970120362,0.448735604,-0.231175502,-0.863246341,0.423955351
37,-0.025243566,1.577558349,0.970120362,0.232282641,-0.126034323,-0.964448093,0.487450451
38,-0.003189914,1.622428512,0.969568233,0,-0.012304113,-0.999924302,inf
38,-0.003189914,1.622428512,0.969568233,-0.232282641,0.102264602,-0.967257321,inf
38,-0.003189914,1.622428512,0.969568233,-0.448735604,0.209864153,-0.868673353,0.913254559
38,-0.003189914,1.622428512,0.969568233,-0.634607977,0.303161809,-0.710890732,0.645768464
38,-0.003189914,1.622428512,0.969568233,-0.777232866,0.375799489,-0.504662081,0.527267694
38,-0.003189914,1.622428512,0.969568233,-0.866890619,0.422827055,-0.264041544,0.472735286
38,-0.003189914,1.622428512,0.969568233,-0.897471209,0.441039655,-0.005427012,0.45662719
38,-0.003189914,1.622428512,0.969568233,-0.866890619,0.429196132,0.253557361,0.472735256
38,-0.003189914,1.622428512,0.969568233,-0.777232866,0.388103602,0.49526222,0.527267635
38,-0.003189914,1.622428512,0.969568233,-0.634607977,0.320562452,0.703215777,0.645768344
38,-0.003189914,1.622428512,0.969568233,-0.448735604,0.231175502,0.863246341,0.913254261
38,-0.003189914,1.622428512,0.969568233,-0.232282641,0.126034323,0.964448093,inf
38,-0.003189914,1.622428512,0.969568233,-1.10E-16,0.012304113,0.999924302,inf
38,-0.003189914,1.622428512,0.969568233,0.232282641,-0.102264602,0.967257321,0.933151066
38,-0.003189914,1.622428512,0.969568233,0.448735604,-0.209864153,0.868673353,0.454714864
38,-0.003189914,1.622428512,0.969568233,0.634607977,-0.303161809,0.710890732,0.314776987
38,-0.003189914,1.622428512,0.969568233,0.777232866,-0.375799489,0.504662081,0.253934264
38,-0.003189914,1.622428512,0.969568233,0.866890619,-0.422827055,0.264041544,0.225691259
38,-0.003189914,1.622428512,0.969568233,0.897471209,-0.441039655,0.005427012,0.216371417
38,-0.003189914,1.622428512,0.969568233,0.866890619,-0.429196132,-0.253557361,0.222342119
38,-0.003189914,1.622428512,0.969568233,0.777232866,-0.388103602,-0.49526222,0.245883778
38,-0.003189914,1.622428512,0.969568233,0.634607977,-0.320562452,-0.703215777,0.297690451
38,-0.003189914,1.622428512,0.969568233,0.448735604,-0.231175502,-0.863246341,0.412796319
38,-0.003189914,1.622428512,0.969568233,0.232282641,-0.126034323,-0.964448093,0.757162154
39,0.018863738,1.667298676,0.969016103,0,-0.012304113,-0.999924302,inf
39,0.018863738,1.667298676,0.969016103,-0.232282641,0.102264602,-0.967257321,inf
39,0.018863738,1.667298676,0.969016103,-0.448735604,0.209864153,-0.868673353,0.962400794
39,0.018863738,1.667298676,0.969016103,-0.634607977,0.303161809,-0.710890732,0.680520058
39,0.018863738,1.667298676,0.969016103,-0.777232866,0.375799489,-0.504662081,0.555642307
39,0.018863738,1.667298676,0.969016103,-0.866890619,0.422827055,-0.264041544,0.498175234
39,0.018863738,1.667298676,0.969016103,-0.897471209,0.441039655,-0.005427012,0.481200308
39,0.018863738,1.667298676,0.969016103,-0.866890619,0.429196132,0.253557361,0.498175204
39,0.018863738,1.667298676,0.969016103,-0.777232866,0.388103602,0.49526222,0.555642247
39,0.018863738,1.667298676,0.969016103,-0.634607977,0.320562452,0.703215777,0.680519938
39,0.018863738,1.667298676,0.969016103,-0.448735604,0.231175502,0.863246341,0.962400436
39,0.018863738,1.667298676,0.969016103,-0.232282641,0.126034323,0.964448093,inf
39,0.018863738,1.667298676,0.969016103,-1.10E-16,0.012304113,0.999924302,inf
39,0.018863738,1.667298676,0.969016103,0.232282641,-0.102264602,0.967257321,1.371916175
39,0.018863738,1.667298676,0.969016103,0.448735604,-0.209864153,0.868673353,0.66852057
39,0.018863738,1.667298676,0.969016103,0.634607977,-0.303161809,0.710890732,0.462784261
39,0.018863738,1.667298676,0.969016103,0.777232866,-0.375799489,0.504662081,0.373333454
39,0.018863738,1.667298676,0.969016103,0.866890619,-0.422827055,0.264041544,0.331810683
39,0.018863738,1.667298676,0.969016103,0.897471209,-0.441039655,0.005427012,0.318108678
39,0.018863738,1.667298676,0.969016103,0.866890619,-0.429196132,-0.253557361,0.326886773
39,0.018863738,1.667298676,0.969016103,0.777232866,-0.388103602,-0.49526222,0.36149767
39,0.018863738,1.667298676,0.969016103,0.634607977,-0.320562452,-0.703215777,0.437663704
39,0.018863738,1.667298676,0.969016103,0.448735604,-0.231175502,-0.863246341,0.60689199
39,0.018863738,1.667298676,0.969016103,0.232282641,-0.126034323,-0.964448093,1.113177657
40,0.04091739,1.712168839,0.968463974,0,-0.012304113,-0.999924302,inf
40,0.04091739,1.712168839,0.968463974,-0.232282641,0.102264602,-0.967257321,inf
40,0.04091739,1.712168839,0.968463974,-0.448735604,0.209864153,-0.868673353,1.011546969
40,0.04091739,1.712168839,0.968463974,-0.634607977,0.303161809,-0.710890732,0.715271711
40,0.04091739,1.712168839,0.968463974,-0.777232866,0.375799489,-0.504662081,0.58401686
40,0.04091739,1.712168839,0.968463974,-0.866890619,0.422827055,-0.264041544,0.523615181
40,0.04091739,1.712168839,0.968463974,-0.897471209,0.441039655,-0.005427012,0.505773425
40,0.04091739,1.712168839,0.968463974,-0.866890619,0.429196132,0.253557361,0.523615122
40,0.04091739,1.712168839,0.968463974,-0.777232866,0.388103602,0.49526222,0.5840168
40,0.04091739,1.712168839,0.968463974,-0.634607977,0.320562452,0.703215777,0.715271533
40,0.04091739,1.712168839,0.968463974,-0.448735604,0.231175502,0.863246341,1.011546612
40,0.04091739,1.712168839,0.968463974,-0.232282641,0.126034323,0.964448093,inf
40,0.04091739,1.712168839,0.968463974,-1.10E-16,0.012304113,0.999924302,inf
40,0.04091739,1.712168839,0.968463974,0.232282641,-0.102264602,0.967257321,inf
40,0.04091739,1.712168839,0.968463974,0.448735604,-0.209864153,0.868673353,0.882326245
40,0.04091739,1.712168839,0.968463974,0.634607977,-0.303161809,0.710890732,0.610791564
40,0.04091739,1.712168839,0.968463974,0.777232866,-0.375799489,0.504662081,0.492732674
40,0.04091739,1.712168839,0.968463974,0.866890619,-0.422827055,0.264041544,0.437930107
40,0.04091739,1.712168839,0.968463974,0.897471209,-0.441039655,0.005427012,0.419845909
40,0.04091739,1.712168839,0.968463974,0.866890619,-0.429196132,-0.253557361,0.431431442
40,0.04091739,1.712168839,0.968463974,0.777232866,-0.388103602,-0.49526222,0.477111548
40,0.04091739,1.712168839,0.968463974,0.634607977,-0.320562452,-0.703215777,0.577636957
40,0.04091739,1.712168839,0.968463974,0.448735604,-0.231175502,-0.863246341,0.80098772
40,0.04091739,1.712168839,0.968463974,0.232282641,-0.126034323,-0.964448093,1.469193339
41,0.062971043,1.757039003,0.967911845,0,-0.012304113,-0.999924302,inf
41,0.062971043,1.757039003,0.967911845,-0.232282641,0.102264602,-0.967257321,inf
41,0.062971043,1.757039003,0.967911845,-0.448735604,0.209864153,-0.868673353,1.060693264
41,0.062971043,1.757039003,0.967911845,-0.634607977,0.303161809,-0.710890732,0.750023305
41,0.062971043,1.757039003,0.967911845,-0.777232866,0.375799489,-0.504662081,0.612391412
41,0.062971043,1.757039003,0.967911845,-0.866890619,0.422827055,-0.264041544,0.549055099
41,0.062971043,1.757039003,0.967911845,-0.897471209,0.441039655,-0.005427012,0.530346513
41,0.062971043,1.757039003,0.967911845,-0.866890619,0.429196132,0.253557361,0.549055099
41,0.062971043,1.757039003,0.967911845,-0.777232866,0.388103602,0.49526222,0.612391353
41,0.062971043,1.757039003,0.967911845,-0.634607977,0.320562452,0.703215777,0.750023127
41,0.062971043,1.757039003,0.967911845,-0.448735604,0.231175502,0.863246341,1.060692787
41,0.062971043,1.757039003,0.967911845,-0.232282641,0.126034323,0.964448093,inf
41,0.062971043,1.757039003,0.967911845,-1.10E-16,0.012304113,0.999924302,inf
41,0.062971043,1.757039003,0.967911845,0.232282641,-0.102264602,0.967257321,inf
41,0.062971043,1.757039003,0.967911845,0.448735604,-0.209864153,0.868673353,1.096131921
41,0.062971043,1.757039003,0.967911845,0.634607977,-0.303161809,0.710890732,0.758798838
41,0.062971043,1.757039003,0.967911845,0.777232866,-0.375799489,0.504662081,0.612131894
41,0.062971043,1.757039003,0.967911845,0.866890619,-0.422827055,0.264041544,0.544049501
41,0.062971043,1.757039003,0.967911845,0.897471209,-0.441039655,0.005427012,0.5215832
41,0.062971043,1.757039003,0.967911845,0.866890619,-0.429196132,-0.253557361,0.535976112
41,0.062971043,1.757039003,0.967911845,0.777232866,-0.388103602,-0.49526222,0.592725456
41,0.062971043,1.757039003,0.967911845,0.634607977,-0.320562452,-0.703215777,0.71761024
41,0.062971043,1.757039003,0.967911845,0.448735604,-0.231175502,-0.863246341,0.995083451
41,0.062971043,1.757039003,0.967911845,0.232282641,-0.126034323,-0.964448093,inf
42,0.085024695,1.801909166,0.967359715,0,-0.012304113,-0.999924302,inf
42,0.085024695,1.801909166,0.967359715,-0.232282641,0.102264602,-0.967257321,inf
42,0.085024695,1.801909166,0.967359715,-0.448735604,0.209864153,-0.868673353,1.109839439
42,0.085024695,1.801909166,0.967359715,-0.634607977,0.303161809,-0.710890732,0.784774899
42,0.085024695,1.801909166,0.967359715,-0.777232866,0.375799489,-0.504662081,0.640766025
42,0.085024695,1.801909166,0.967359715,-0.866890619,0.422827055,-0.264041544,0.574495077
42,0.085024695,1.801909166,0.967359715,-0.897471209,0.441039655,-0.005427012,0.5549196
42,0.085024695,1.801909166,0.967359715,-0.866890619,0.429196132,0.253557361,0.574495018
42,0.085024695,1.801909166,0.967359715,-0.777232866,0.388103602,0.49526222,0.640765965
42,0.085024695,1.801909166,0.967359715,-0.634607977,0.320562452,0.703215777,0.78477478
42,0.085024695,1.801909166,0.967359715,-0.448735604,0.231175502,0.863246341,1.109839082
42,0.085024695,1.801909166,0.967359715,-0.232282641,0.126034323,0.964448093,inf
42,0.085024695,1.801909166,0.967359715,-1.10E-16,0.012304113,0.999924302,inf
42,0.085024695,1.801909166,0.967359715,0.232282641,-0.102264602,0.967257321,inf
42,0.085024695,1.801909166,0.967359715,0.448735604,-0.209864153,0.868673353,1.309937716
42,0.085024695,1.801909166,0.967359715,0.634607977,-0.303161809,0.710890732,0.906806111
42,0.085024695,1.801909166,0.967359715,0.777232866,-0.375799489,0.504662081,0.731531084
42,0.085024695,1.801909166,0.967359715,0.866890619,-0.422827055,0.264041544,0.650168955
42,0.085024695,1.801909166,0.967359715,0.897471209,-0.441039655,0.005427012,0.623320401
42,0.085024695,1.801909166,0.967359715,0.866890619,-0.429196132,-0.253557361,0.640520751
42,0.085024695,1.801909166,0.967359715,0.777232866,-0.388103602,-0.49526222,0.708339334
42,0.085024695,1.801909166,0.967359715,0.634607977,-0.320562452,-0.703215777,0.857583463
42,0.085024695,1.801909166,0.967359715,0.448735604,-0.231175502,-0.863246341,1.189179182
42,0.085024695,1.801909166,0.967359715,0.232282641,-0.126034323,-0.964448093,inf
43,0.107078347,1.84677933,0.966807586,0,-0.012304113,-0.999924302,inf
43,0.107078347,1.84677933,0.966807586,-0.232282641,0.102264602,-0.967257321,inf
43,0.107078347,1.84677933,0.966807586,-0.448735604,0.209864153,-0.868673353,1.158985615
43,0.107078347,1.84677933,0.966807586,-0.634607977,0.303161809,-0.710890732,0.819526553
43,0.107078347,1.84677933,0.966807586,-0.777232866,0.375799489,-0.504662081,0.669140577
43,0.107078347,1.84677933,0.966807586,-0.866890619,0.422827055,-0.264041544,0.599934995
43,0.107078347,1.84677933,0.966807586,-0.897471209,0.441039655,-0.005427012,0.579492688
43,0.107078347,1.84677933,0.966807586,-0.866890619,0.429196132,0.253557361,0.599934995
43,0.107078347,1.84677933,0.966807586,-0.777232866,0.388103602,0.49526222,0.669140518
43,0.107078347,1.84677933,0.966807586,-0.634607977,0.320562452,0.703215777,0.819526374
43,0.107078347,1.84677933,0.966807586,-0.448735604,0.231175502,0.863246341,1.158985257
43,0.107078347,1.84677933,0.966807586,-0.232282641,0.126034323,0.964448093,inf
43,0.107078347,1.84677933,0.966807586,-1.10E-16,0.012304113,0.999924302,inf
43,0.107078347,1.84677933,0.966807586,0.232282641,-0.102264602,0.967257321,inf
43,0.107078347,1.84677933,0.966807586,0.448735604,-0.209864153,0.868673353,1.523743391
43,0.107078347,1.84677933,0.966807586,0.634607977,-0.303161809,0.710890732,1.054813385
43,0.107078347,1.84677933,0.966807586,0.777232866,-0.375799489,0.504662081,0.850930274
43,0.107078347,1.84677933,0.966807586,0.866890619,-0.422827055,0.264041544,0.75628835
43,0.107078347,1.84677933,0.966807586,0.897471209,-0.441039655,0.005427012,0.725057662
43,0.107078347,1.84677933,0.966807586,0.866890619,-0.429196132,-0.253557361,0.745065451
43,0.107078347,1.84677933,0.966807586,0.777232866,-0.388103602,-0.49526222,0.823953211
43,0.107078347,1.84677933,0.966807586,0.634607977,-0.320562452,-0.703215777,0.997556746
43,0.107078347,1.84677933,0.966807586,0.448735604,-0.231175502,-0.863246341,1.383274794
43,0.107078347,1.84677933,0.966807586,0.232282641,-0.126034323,-0.964448093,inf
44,0.129131999,1.891649494,0.966255457,0,-0.012304113,-0.999924302,inf
44,0.129131999,1.891649494,0.966255457,-0.232282641,0.102264602,-0.967257321,inf
44,0.129131999,1.891649494,0.966255457,-0.448735604,0.209864153,-0.868673353,1.208131909
44,0.129131999,1.891649494,0.966255457,-0.634607977,0.303161809,-0.710890732,0.854278147
44,0.129131999,1.891649494,0.966255457,-0.777232866,0.375799489,-0.504662081,0.69751519
44,0.129131999,1.891649494,0.966255457,-0.866890619,0.422827055,-0.264041544,0.625374973
44,0.129131999,1.891649494,0.966255457,-0.897471209,0.441039655,-0.005427012,0.604065835
44,0.129131999,1.891649494,0.966255457,-0.866890619,0.429196132,0.253557361,0.625374913
44,0.129131999,1.891649494,0.966255457,-0.777232866,0.388103602,0.49526222,0.69751507
44,0.129131999,1.891649494,0.966255457,-0.634607977,0.320562452,0.703215777,0.854277968
44,0.129131999,1.891649494,0.966255457,-0.448735604,0.231175502,0.863246341,1.208131433
44,0.129131999,1.891649494,0.966255457,-0.232282641,0.126034323,0.964448093,inf
44,0.129131999,1.891649494,0.966255457,-1.10E-16,0.012304113,0.999924302,inf
44,0.129131999,1.891649494,0.966255457,0.232282641,-0.102264602,0.967257321,inf
44,0.129131999,1.891649494,0.966255457,0.448735604,-0.209864153,0.868673353,1.737549067
44,0.129131999,1.891649494,0.966255457,0.634607977,-0.303161809,0.710890732,1.202820659
44,0.129131999,1.891649494,0.966255457,0.777232866,-0.375799489,0.504662081,0.970329463
44,0.129131999,1.891649494,0.966255457,0.866890619,-0.422827055,0.264041544,0.862407744
44,0.129131999,1.891649494,0.966255457,0.897471209,-0.441039655,0.005427012,0.826794922
44,0.129131999,1.891649494,0.966255457,0.866890619,-0.429196132,-0.253557361,0.84961009
44,0.129131999,1.891649494,0.966255457,0.777232866,-0.388103602,-0.49526222,0.939567089
44,0.129131999,1.891649494,0.966255457,0.634607977,-0.320562452,-0.703215777,1.137529969
44,0.129131999,1.891649494,0.966255457,0.448735604,-0.231175502,-0.863246341,1.577370524
44,0.129131999,1.891649494,0.966255457,0.232282641,-0.126034323,-0.964448093,inf
45,0.151185651,1.936519657,0.965703327,0,-0.012304113,-0.999924302,inf
45,0.151185651,1.936519657,0.965703327,-0.232282641,0.102264602,-0.967257321,inf
45,0.151185651,1.936519657,0.965703327,-0.448735604,0.209864153,-0.868673353,1.257278085
45,0.151185651,1.936519657,0.965703327,-0.634607977,0.303161809,-0.710890732,0.889029801
45,0.151185651,1.936519657,0.965703327,-0.777232866,0.375799489,-0.504662081,0.725889742
45,0.151185651,1.936519657,0.965703327,-0.866890619,0.422827055,-0.264041544,0.65081495
45,0.151185651,1.936519657,0.965703327,-0.897471209,0.441039655,-0.005427012,0.628638923
45,0.151185651,1.936519657,0.965703327,-0.866890619,0.429196132,0.253557361,0.650814891
45,0.151185651,1.936519657,0.965703327,-0.777232866,0.388103602,0.49526222,0.725889683
45,0.151185651,1.936519657,0.965703327,-0.634607977,0.320562452,0.703215777,0.889029622
45,0.151185651,1.936519657,0.965703327,-0.448735604,0.231175502,0.863246341,1.257277608
45,0.151185651,1.936519657,0.965703327,-0.232282641,0.126034323,0.964448093,inf
45,0.151185651,1.936519657,0.965703327,-1.10E-16,0.012304113,0.999924302,inf
45,0.151185651,1.936519657,0.965703327,0.232282641,-0.102264602,0.967257321,inf
45,0.151185651,1.936519657,0.965703327,0.448735604,-0.209864153,0.868673353,inf
45,0.151185651,1.936519657,0.965703327,0.634607977,-0.303161809,0.710890732,1.350827932
45,0.151185651,1.936519657,0.965703327,0.777232866,-0.375799489,0.504662081,1.089728713
45,0.151185651,1.936519657,0.965703327,0.866890619,-0.422827055,0.264041544,0.968527198
45,0.151185651,1.936519657,0.965703327,0.897471209,-0.441039655,0.005427012,0.928532183
45,0.151185651,1.936519657,0.965703327,0.866890619,-0.429196132,-0.253557361,0.95415473
45,0.151185651,1.936519657,0.965703327,0.777232866,-0.388103602,-0.49526222,1.055181026
45,0.151185651,1.936519657,0.965703327,0.634607977,-0.320562452,-0.703215777,1.277503252
45,0.151185651,1.936519657,0.965703327,0.448735604,-0.231175502,-0.863246341,inf
45,0.151185651,1.936519657,0.965703327,0.232282641,-0.126034323,-0.964448093,inf
46,0.173239303,1.981389821,0.965151198,0,-0.012304113,-0.999924302,inf
46,0.173239303,1.981389821,0.965151198,-0.232282641,0.102264602,-0.967257321,inf
46,0.173239303,1.981389821,0.965151198,-0.448735604,0.209864153,-0.868673353,1.30642426
46,0.173239303,1.981389821,0.965151198,-0.634607977,0.303161809,-0.710890732,0.923781395
46,0.173239303,1.981389821,0.965151198,-0.777232866,0.375799489,-0.504662081,0.754264295
46,0.173239303,1.981389821,0.965151198,-0.866890619,0.422827055,-0.264041544,0.676254869
46,0.173239303,1.981389821,0.965151198,-0.897471209,0.441039655,-0.005427012,0.653212011
46,0.173239303,1.981389821,0.965151198,-0.866890619,0.429196132,0.253557361,0.676254809
46,0.173239303,1.981389821,0.965151198,-0.777232866,0.388103602,0.49526222,0.754264235
46,0.173239303,1.981389821,0.965151198,-0.634607977,0.320562452,0.703215777,0.923781216
46,0.173239303,1.981389821,0.965151198,-0.448735604,0.231175502,0.863246341,1.306423783
46,0.173239303,1.981389821,0.965151198,-0.232282641,0.126034323,0.964448093,inf
46,0.173239303,1.981389821,0.965151198,-1.10E-16,0.012304113,0.999924302,inf
46,0.173239303,1.981389821,0.965151198,0.232282641,-0.102264602,0.967257321,inf
46,0.173239303,1.981389821,0.965151198,0.448735604,-0.209864153,0.868673353,inf
46,0.173239303,1.981389821,0.965151198,0.634607977,-0.303161809,0.710890732,1.498835325
46,0.173239303,1.981389821,0.965151198,0.777232866,-0.375799489,0.504662081,1.209127903
46,0.173239303,1.981389821,0.965151198,0.866890619,-0.422827055,0.264041544,1.074646592
46,0.173239303,1.981389821,0.965151198,0.897471209,-0.441039655,0.005427012,1.030269384
46,0.173239303,1.981389821,0.965151198,0.866890619,-0.429196132,-0.253557361,1.058699369
46,0.173239303,1.981389821,0.965151198,0.777232866,-0.388103602,-0.49526222,1.170794845
46,0.173239303,1.981389821,0.965151198,0.634607977,-0.320562452,-0.703215777,1.417476416
46,0.173239303,1.981389821,0.965151198,0.448735604,-0.231175502,-0.863246341,inf
46,0.173239303,1.981389821,0.965151198,0.232282641,-0.126034323,-0.964448093,inf
47,0.195292956,2.026259984,0.964599069,0,-0.012304113,-0.999924302,inf
47,0.195292956,2.026259984,0.964599069,-0.232282641,0.102264602,-0.967257321,inf
47,0.195292956,2.026259984,0.964599069,-0.448735604,0.209864153,-0.868673353,1.355570555
47,0.195292956,2.026259984,0.964599069,-0.634607977,0.303161809,-0.710890732,0.958533049
47,0.195292956,2.026259984,0.964599069,-0.777232866,0.375799489,-0.504662081,0.782638907
47,0.195292956,2.026259984,0.964599069,-0.866890619,0.422827055,-0.264041544,0.701694846
47,0.195292956,2.026259984,0.964599069,-0.897471209,0.441039655,-0.005427012,0.677785158
47,0.195292956,2.026259984,0.964599069,-0.866890619,0.429196132,0.253557361,0.701694787
47,0.195292956,2.026259984,0.964599069,-0.777232866,0.388103602,0.49526222,0.782638788
47,0.195292956,2.026259984,0.964599069,-0.634607977,0.320562452,0.703215777,0.95853281
47,0.195292956,2.026259984,0.964599069,-0.448735604,0.231175502,0.863246341,1.355569959
47,0.195292956,2.026259984,0.964599069,-0.232282641,0.126034323,0.964448093,inf
47,0.195292956,2.026259984,0.964599069,-1.10E-16,0.012304113,0.999924302,inf
47,0.195292956,2.026259984,0.964599069,0.232282641,-0.102264602,0.967257321,inf
47,0.195292956,2.026259984,0.964599069,0.448735604,-0.209864153,0.868673353,inf
47,0.195292956,2.026259984,0.964599069,0.634607977,-0.303161809,0.710890732,1.646842599
47,0.195292956,2.026259984,0.964599069,0.777232866,-0.375799489,0.504662081,1.328527093
47,0.195292956,2.026259984,0.964599069,0.866890619,-0.422827055,0.264041544,1.180765986
47,0.195292956,2.026259984,0.964599069,0.897471209,-0.441039655,0.005427012,1.132006645
47,0.195292956,2.026259984,0.964599069,0.866890619,-0.429196132,-0.253557361,1.163244128
47,0.195292956,2.026259984,0.964599069,0.777232866,-0.388103602,-0.49526222,1.286408782
47,0.195292956,2.026259984,0.964599069,0.634607977,-0.320562452,-0.703215777,1.557449698
47,0.195292956,2.026259984,0.964599069,0.448735604,-0.231175502,-0.863246341,inf
47,0.195292956,2.026259984,0.964599069,0.232282641,-0.126034323,-0.964448093,inf
48,0.217346608,2.071130148,0.964046939,0,-0.012304113,-0.999924302,inf
48,0.217346608,2.071130148,0.964046939,-0.232282641,0.102264602,-0.967257321,inf
48,0.217346608,2.071130148,0.964046939,-0.448735604,0.209864153,-0.868673353,1.40471673
48,0.217346608,2.071130148,0.964046939,-0.634607977,0.303161809,-0.710890732,0.993284643
48,0.217346608,2.071130148,0.964046939,-0.777232866,0.375799489,-0.504662081,0.81101346
48,0.217346608,2.071130148,0.964046939,-0.866890619,0.422827055,-0.264041544,0.727134764
48,0.217346608,2.071130148,0.964046939,-0.897471209,0.441039655,-0.005427012,0.702358246
48,0.217346608,2.071130148,0.964046939,-0.866890619,0.429196132,0.253557361,0.727134705
48,0.217346608,2.071130148,0.964046939,-0.777232866,0.388103602,0.49526222,0.811013401
48,0.217346608,2.071130148,0.964046939,-0.634607977,0.320562452,0.703215777,0.993284464
48,0.217346608,2.071130148,0.964046939,-0.448735604,0.231175502,0.863246341,1.404716253
48,0.217346608,2.071130148,0.964046939,-0.232282641,0.126034323,0.964448093,inf
48,0.217346608,2.071130148,0.964046939,-1.10E-16,0.012304113,0.999924302,inf
48,0.217346608,2.071130148,0.964046939,0.232282641,-0.102264602,0.967257321,inf
48,0.217346608,2.071130148,0.964046939,0.448735604,-0.209864153,0.868673353,inf
48,0.217346608,2.071130148,0.964046939,0.634607977,-0.303161809,0.710890732,1.794849873
48,0.217346608,2.071130148,0.964046939,0.777232866,-0.375799489,0.504662081,1.447926283
48,0.217346608,2.071130148,0.964046939,0.866890619,-0.422827055,0.264041544,1.2868855
48,0.217346608,2.071130148,0.964046939,0.897471209,-0.441039655,0.005427012,1.233743906
48,0.217346608,2.071130148,0.964046939,0.866890619,-0.429196132,-0.253557361,1.267788768
48,0.217346608,2.071130148,0.964046939,0.777232866,-0.388103602,-0.49526222,1.4020226
48,0.217346608,2.071130148,0.964046939,0.634607977,-0.320562452,-0.703215777,1.697422981
48,0.217346608,2.071130148,0.964046939,0.448735604,-0.231175502,-0.863246341,inf
48,0.217346608,2.071130148,0.964046939,0.232282641,-0.126034323,-0.964448093,inf
49,0.23940026,2.116000311,0.96349481,0,-0.012304113,-0.999924302,inf
49,0.23940026,2.116000311,0.96349481,-0.232282641,0.102264602,-0.967257321,inf
49,0.23940026,2.116000311,0.96349481,-0.448735604,0.209864153,-0.868673353,1.453862906
49,0.23940026,2.116000311,0.96349481,-0.634607977,0.303161809,-0.710890732,1.028036237
49,0.23940026,2.116000311,0.96349481,-0.777232866,0.375799489,-0.504662081,0.839388072
49,0.23940026,2.116000311,0.96349481,-0.866890619,0.422827055,-0.264041544,0.752574742
49,0.23940026,2.116000311,0.96349481,-0.897471209,0.441039655,-0.005427012,0.726931334
49,0.23940026,2.116000311,0.96349481,-0.866890619,0.429196132,0.253557361,0.752574682
49,0.23940026,2.116000311,0.96349481,-0.777232866,0.388103602,0.49526222,0.839387953
49,0.23940026,2.116000311,0.96349481,-0.634607977,0.320562452,0.703215777,1.028035998
49,0.23940026,2.116000311,0.96349481,-0.448735604,0.231175502,0.863246341,1.453862429
49,0.23940026,2.116000311,0.96349481,-0.232282641,0.126034323,0.964448093,inf
49,0.23940026,2.116000311,0.96349481,-1.10E-16,0.012304113,0.999924302,inf
49,0.23940026,2.116000311,0.96349481,0.232282641,-0.102264602,0.967257321,inf
49,0.23940026,2.116000311,0.96349481,0.448735604,-0.209864153,0.868673353,inf
49,0.23940026,2.116000311,0.96349481,0.634607977,-0.303161809,0.710890732,1.942857146
49,0.23940026,2.116000311,0.96349481,0.777232866,-0.375799489,0.504662081,1.567325473
49,0.23940026,2.116000311,0.96349481,0.866890619,-0.422827055,0.264041544,1.393004894
49,0.23940026,2.116000311,0.96349481,0.897471209,-0.441039655,0.005427012,1.335481167
49,0.23940026,2.116000311,0.96349481,0.866890619,-0.429196132,-0.253557361,1.372333407
49,0.23940026,2.116000311,0.96349481,0.777232866,-0.388103602,-0.49526222,1.517636538
49,0.23940026,2.116000311,0.96349481,0.634607977,-0.320562452,-0.703215777,1.837396264
49,0.23940026,2.116000311,0.96349481,0.448735604,-0.231175502,-0.863246341,inf
49,0.23940026,2.116000311,0.96349481,0.232282641,-0.126034323,-0.964448093,inf
50,0.261453912,2.160870475,0.962942681,0,-0.012304113,-0.999924302,inf
50,0.261453912,2.160870475,0.962942681,-0.232282641,0.102264602,-0.967257321,inf
50,0.261453912,2.160870475,0.962942681,-0.448735604,0.209864153,-0.868673353,1.5030092
50,0.261453912,2.160870475,0.962942681,-0.634607977,0.303161809,-0.710890732,1.06278789
50,0.261453912,2.160870475,0.962942681,-0.777232866,0.375799489,-0.504662081,0.867762625
50,0.261453912,2.160870475,0.962942681,-0.866890619,0.422827055,-0.264041544,0.77801466
50,0.261453912,2.160870475,0.962942681,-0.897471209,0.441039655,-0.005427012,0.751504421
50,0.261453912,2.160870475,0.962942681,-0.866890619,0.429196132,0.253557361,0.7780146
50,0.261453912,2.160870475,0.962942681,-0.777232866,0.388103602,0.49526222,0.867762506
50,0.261453912,2.160870475,0.962942681,-0.634607977,0.320562452,0.703215777,1.062787652
50,0.261453912,2.160870475,0.962942681,-0.448735604,0.231175502,0.863246341,1.503008604
50,0.261453912,2.160870475,0.962942681,-0.232282641,0.126034323,0.964448093,inf
50,0.261453912,2.160870475,0.962942681,-1.10E-16,0.012304113,0.999924302,inf
50,0.261453912,2.160870475,0.962942681,0.232282641,-0.102264602,0.967257321,inf
50,0.261453912,2.160870475,0.962942681,0.448735604,-0.209864153,0.868673353,inf
50,0.261453912,2.160870475,0.962942681,0.634607977,-0.303161809,0.710890732,2.09086442
50,0.261453912,2.160870475,0.962942681,0.777232866,-0.375799489,0.504662081,1.686724663
50,0.261453912,2.160870475,0.962942681,0.866890619,-0.422827055,0.264041544,1.499124289
50,0.261453912,2.160870475,0.962942681,0.897471209,-0.441039655,0.005427012,1.437218428
50,0.261453912,2.160870475,0.962942681,0.866890619,-0.429196132,-0.253557361,1.476878047
50,0.261453912,2.160870475,0.962942681,0.777232866,-0.388103602,-0.49526222,1.633250475
50,0.261453912,2.160870475,0.962942681,0.634607977,-0.320562452,-0.703215777,1.977369428
50,0.261453912,2.160870475,0.962942681,0.448735604,-0.231175502,-0.863246341,inf
50,0.261453912,2.160870475,0.962942681,0.232282641,-0.126034323,-0.964448093,inf
51,0.283507564,2.205740639,0.962390551,0,-0.012304113,-0.999924302,inf
51,0.283507564,2.205740639,0.962390551,-0.232282641,0.102264602,-0.967257321,inf
51,0.283507564,2.205740639,0.962390551,-0.448735604,0.209864153,-0.868673353,1.552155375
51,0.283507564,2.205740639,0.962390551,-0.634607977,0.303161809,-0.710890732,1.097539544
51,0.283507564,2.205740639,0.962390551,-0.777232866,0.375799489,-0.504662081,0.896137238
51,0.283507564,2.205740639,0.962390551,-0.866890619,0.422827055,-0.264041544,0.803454638
51,0.283507564,2.205740639,0.962390551,-0.897471209,0.441039655,-0.005427012,0.776077569
51,0.283507564,2.205740639,0.962390551,-0.866890619,0.429196132,0.253557361,0.803454578
51,0.283507564,2.205740639,0.962390551,-0.777232866,0.388103602,0.49526222,0.896137118
51,0.283507564,2.205740639,0.962390551,-0.634607977,0.320562452,0.703215777,1.097539306
51,0.283507564,2.205740639,0.962390551,-0.448735604,0.231175502,0.863246341,1.552154779
51,0.283507564,2.205740639,0.962390551,-0.232282641,0.126034323,0.964448093,inf
51,0.283507564,2.205740639,0.962390551,-1.10E-16,0.012304113,0.999924302,inf
51,0.283507564,2.205740639,0.962390551,0.232282641,-0.102264602,0.967257321,inf
51,0.283507564,2.205740639,0.962390551,0.448735604,-0.209864153,0.868673353,inf
51,0.283507564,2.205740639,0.962390551,0.634607977,-0.303161809,0.710890732,inf
51,0.283507564,2.205740639,0.962390551,0.777232866,-0.375799489,0.504662081,1.806123853
51,0.283507564,2.205740639,0.962390551,0.866890619,-0.422827055,0.264041544,1.605243683
51,0.283507564,2.205740639,0.962390551,0.897471209,-0.441039655,0.005427012,1.538955688
51,0.283507564,2.205740639,0.962390551,0.866890619,-0.429196132,-0.253557361,1.581422687
51,0.283507564,2.205740639,0.962390551,0.777232866,-0.388103602,-0.49526222,1.748864293
51,0.283507564,2.205740639,0.962390551,0.634607977,-0.320562452,-0.703215777,inf
51,0.283507564,2.205740639,0.962390551,0.448735604,-0.231175502,-0.863246341,inf
51,0.283507564,2.205740639,0.962390551,0.232282641,-0.126034323,-0.964448093,inf
52,0.32159278,2.261253698,0.968378848,0,0.15514189,-0.987892198,inf
52,0.32159278,2.261253698,0.968378848,-0.206419992,0.304099938,-0.930007535,inf
52,0.32159278,2.261253698,0.968378848,-0.398772802,0.432334078,-0.808744395,inf
52,0.32159278,2.261253698,0.968378848,-0.563949905,0.531105366,-0.632366662,1.302584767
52,0.32159278,2.261253698,0.968378848,-0.690694754,0.5936827,-0.412894185,1.063555956
52,0.32159278,2.261253698,0.968378848,-0.770369897,0.615801539,-0.165283652,0.953558147
52,0.32159278,2.261253698,0.968378848,-0.797545605,0.595954522,0.093590688,0.921066403
52,0.32159278,2.261253698,0.968378848,-0.770369897,0.535494188,0.346086978,0.953558087
52,0.32159278,2.261253698,0.968378848,-0.690694754,0.43854081,0.574998012,1.063555837
52,0.32159278,2.261253698,0.968378848,-0.563949905,0.311701601,0.764723882,1.30258441
52,0.32159278,2.261253698,0.968378848,-0.398772802,0.163620443,0.902335083,inf
52,0.32159278,2.261253698,0.968378848,-0.206419992,0.004388822,0.97845364,inf
52,0.32159278,2.261253698,0.968378848,-9.77E-17,-0.15514189,0.987892198,inf
52,0.32159278,2.261253698,0.968378848,0.206419992,-0.304099938,0.930007535,inf
52,0.32159278,2.261253698,0.968378848,0.398772802,-0.432334078,0.808744395,1.698347449
52,0.32159278,2.261253698,0.968378848,0.563949905,-0.531105366,0.632366662,1.382500648
52,0.32159278,2.261253698,0.968378848,0.690694754,-0.5936827,0.412894185,1.236777663
52,0.32159278,2.261253698,0.968378848,0.770369897,-0.615801539,0.165283652,1.192354202
52,0.32159278,2.261253698,0.968378848,0.797545605,-0.595954522,-0.093590688,1.232063055
52,0.32159278,2.261253698,0.968378848,0.770369897,-0.535494188,-0.346086978,1.371170044
52,0.32159278,2.261253698,0.968378848,0.690694754,-0.43854081,-0.574998012,1.674310803
52,0.32159278,2.261253698,0.968378848,0.563949905,-0.311701601,-0.764723882,inf
52,0.32159278,2.261253698,0.968378848,0.398772802,-0.163620443,-0.902335083,inf
52,0.32159278,2.261253698,0.968378848,0.206419992,-0.004388822,-0.97845364,inf
53,0.351755713,2.300648152,0.974565484,0,0.15514189,-0.987892198,inf
53,0.351755713,2.300648152,0.974565484,-0.206419992,0.304099938,-0.930007535,inf
53,0.351755713,2.300648152,0.974565484,-0.398772802,0.432334078,-0.808744395,inf
53,0.351755713,2.300648152,0.974565484,-0.563949905,0.531105366,-0.632366662,1.356069922
53,0.351755713,2.300648152,0.974565484,-0.690694754,0.5936827,-0.412894185,1.107226372
53,0.351755713,2.300648152,0.974565484,-0.770369897,0.615801539,-0.165283652,0.992711961
53,0.351755713,2.300648152,0.974565484,-0.797545605,0.595954522,0.093590688,0.958886087
53,0.351755713,2.300648152,0.974565484,-0.770369897,0.535494188,0.346086978,0.992711902
53,0.351755713,2.300648152,0.974565484,-0.690694754,0.43854081,0.574998012,1.107226253
53,0.351755713,2.300648152,0.974565484,-0.563949905,0.311701601,0.764723882,1.356069565
53,0.351755713,2.300648152,0.974565484,-0.398772802,0.163620443,0.902335083,inf
53,0.351755713,2.300648152,0.974565484,-0.206419992,0.004388822,0.97845364,inf
53,0.351755713,2.300648152,0.974565484,-9.77E-17,-0.15514189,0.987892198,inf
53,0.351755713,2.300648152,0.974565484,0.206419992,-0.304099938,0.930007535,inf
53,0.351755713,2.300648152,0.974565484,0.398772802,-0.432334078,0.808744395,1.789467812
53,0.351755713,2.300648152,0.974565484,0.563949905,-0.531105366,0.632366662,1.456675053
53,0.351755713,2.300648152,0.974565484,0.690694754,-0.5936827,0.412894185,1.303133726
53,0.351755713,2.300648152,0.974565484,0.770369897,-0.615801539,0.165283652,1.256326795
53,0.351755713,2.300648152,0.974565484,0.797545605,-0.595954522,-0.093590688,1.298166156
53,0.351755713,2.300648152,0.974565484,0.770369897,-0.535494188,-0.346086978,1.4447366
53,0.351755713,2.300648152,0.974565484,0.690694754,-0.43854081,-0.574998012,1.76414156
53,0.351755713,2.300648152,0.974565484,0.563949905,-0.311701601,-0.764723882,inf
53,0.351755713,2.300648152,0.974565484,0.398772802,-0.163620443,-0.902335083,inf
53,0.351755713,2.300648152,0.974565484,0.206419992,-0.004388822,-0.97845364,inf
54,0.381918646,2.340042606,0.980752121,0,0.15514189,-0.987892198,inf
54,0.381918646,2.340042606,0.980752121,-0.206419992,0.304099938,-0.930007535,inf
54,0.381918646,2.340042606,0.980752121,-0.398772802,0.432334078,-0.808744395,inf
54,0.381918646,2.340042606,0.980752121,-0.563949905,0.531105366,-0.632366662,1.409554958
54,0.381918646,2.340042606,0.980752121,-0.690694754,0.5936827,-0.412894185,1.150896788
54,0.381918646,2.340042606,0.980752121,-0.770369897,0.615801539,-0.165283652,1.031865835
54,0.381918646,2.340042606,0.980752121,-0.797545605,0.595954522,0.093590688,0.99670577
54,0.381918646,2.340042606,0.980752121,-0.770369897,0.535494188,0.346086978,1.031865716
54,0.381918646,2.340042606,0.980752121,-0.690694754,0.43854081,0.574998012,1.150896668
54,0.381918646,2.340042606,0.980752121,-0.563949905,0.311701601,0.764723882,1.40955472
54,0.381918646,2.340042606,0.980752121,-0.398772802,0.163620443,0.902335083,inf
54,0.381918646,2.340042606,0.980752121,-0.206419992,0.004388822,0.97845364,inf
54,0.381918646,2.340042606,0.980752121,-9.77E-17,-0.15514189,0.987892198,inf
54,0.381918646,2.340042606,0.980752121,0.206419992,-0.304099938,0.930007535,inf
54,0.381918646,2.340042606,0.980752121,0.398772802,-0.432334078,0.808744395,inf
54,0.381918646,2.340042606,0.980752121,0.563949905,-0.531105366,0.632366662,1.530849576
54,0.381918646,2.340042606,0.980752121,0.690694754,-0.5936827,0.412894185,1.369489789
54,0.381918646,2.340042606,0.980752121,0.770369897,-0.615801539,0.165283652,1.320299506
54,0.381918646,2.340042606,0.980752121,0.797545605,-0.595954522,-0.093590688,1.364269257
54,0.381918646,2.340042606,0.980752121,0.770369897,-0.535494188,-0.346086978,1.518303156
54,0.381918646,2.340042606,0.980752121,0.690694754,-0.43854081,-0.574998012,1.853972316
54,0.381918646,2.340042606,0.980752121,0.563949905,-0.311701601,-0.764723882,inf
54,0.381918646,2.340042606,0.980752121,0.398772802,-0.163620443,-0.902335083,inf
54,0.381918646,2.340042606,0.980752121,0.206419992,-0.004388822,-0.97845364,inf
55,0.412081579,2.37943706,0.986938757,0,0.15514189,-0.987892198,inf
55,0.412081579,2.37943706,0.986938757,-0.206419992,0.304099938,-0.930007535,inf
55,0.412081579,2.37943706,0.986938757,-0.398772802,0.432334078,-0.808744395,inf
55,0.412081579,2.37943706,0.986938757,-0.563949905,0.531105366,-0.632366662,1.463040113
55,0.412081579,2.37943706,0.986938757,-0.690694754,0.5936827,-0.412894185,1.194567204
55,0.412081579,2.37943706,0.986938757,-0.770369897,0.615801539,-0.165283652,1.07101965
55,0.412081579,2.37943706,0.986938757,-0.797545605,0.595954522,0.093590688,1.034525514
55,0.412081579,2.37943706,0.986938757,-0.770369897,0.535494188,0.346086978,1.07101953
55,0.412081579,2.37943706,0.986938757,-0.690694754,0.43854081,0.574998012,1.194567084
55,0.412081579,2.37943706,0.986938757,-0.563949905,0.311701601,0.764723882,1.463039756
55,0.412081579,2.37943706,0.986938757,-0.398772802,0.163620443,0.902335083,inf
55,0.412081579,2.37943706,0.986938757,-0.206419992,0.004388822,0.97845364,inf
55,0.412081579,2.37943706,0.986938757,-9.77E-17,-0.15514189,0.987892198,inf
55,0.412081579,2.37943706,0.986938757,0.206419992,-0.304099938,0.930007535,inf
55,0.412081579,2.37943706,0.986938757,0.398772802,-0.432334078,0.808744395,inf
55,0.412081579,2.37943706,0.986938757,0.563949905,-0.531105366,0.632366662,1.60502398
55,0.412081579,2.37943706,0.986938757,0.690694754,-0.5936827,0.412894185,1.435845971
55,0.412081579,2.37943706,0.986938757,0.770369897,-0.615801539,0.165283652,1.384272099
55,0.412081579,2.37943706,0.986938757,0.797545605,-0.595954522,-0.093590688,1.430372477
55,0.412081579,2.37943706,0.986938757,0.770369897,-0.535494188,-0.346086978,1.591869593
55,0.412081579,2.37943706,0.986938757,0.690694754,-0.43854081,-0.574998012,1.943803072
55,0.412081579,2.37943706,0.986938757,0.563949905,-0.311701601,-0.764723882,inf
55,0.412081579,2.37943706,0.986938757,0.398772802,-0.163620443,-0.902335083,inf
55,0.412081579,2.37943706,0.986938757,0.206419992,-0.004388822,-0.97845364,inf
56,0.442244512,2.418831514,0.993125394,0,0.15514189,-0.987892198,inf
56,0.442244512,2.418831514,0.993125394,-0.206419992,0.304099938,-0.930007535,inf
56,0.442244512,2.418831514,0.993125394,-0.398772802,0.432334078,-0.808744395,inf
56,0.442244512,2.418831514,0.993125394,-0.563949905,0.531105366,-0.632366662,1.516525269
56,0.442244512,2.418831514,0.993125394,-0.690694754,0.5936827,-0.412894185,1.238237619
56,0.442244512,2.418831514,0.993125394,-0.770369897,0.615801539,-0.165283652,1.110173464
56,0.442244512,2.418831514,0.993125394,-0.797545605,0.595954522,0.093590688,1.072345138
56,0.442244512,2.418831514,0.993125394,-0.770369897,0.535494188,0.346086978,1.110173345
56,0.442244512,2.418831514,0.993125394,-0.690694754,0.43854081,0.574998012,1.2382375
56,0.442244512,2.418831514,0.993125394,-0.563949905,0.311701601,0.764723882,1.516524911
56,0.442244512,2.418831514,0.993125394,-0.398772802,0.163620443,0.902335083,inf
56,0.442244512,2.418831514,0.993125394,-0.206419992,0.004388822,0.97845364,inf
56,0.442244512,2.418831514,0.993125394,-9.77E-17,-0.15514189,0.987892198,inf
56,0.442244512,2.418831514,0.993125394,0.206419992,-0.304099938,0.930007535,inf
56,0.442244512,2.418831514,0.993125394,0.398772802,-0.432334078,0.808744395,inf
56,0.442244512,2.418831514,0.993125394,0.563949905,-0.531105366,0.632366662,1.679198503
56,0.442244512,2.418831514,0.993125394,0.690694754,-0.5936827,0.412894185,1.502202034
56,0.442244512,2.418831514,0.993125394,0.770369897,-0.615801539,0.165283652,1.44824481
56,0.442244512,2.418831514,0.993125394,0.797545605,-0.595954522,-0.093590688,1.496475577
56,0.442244512,2.418831514,0.993125394,0.770369897,-0.535494188,-0.346086978,1.665436149
56,0.442244512,2.418831514,0.993125394,0.690694754,-0.43854081,-0.574998012,2.033633947
56,0.442244512,2.418831514,0.993125394,0.563949905,-0.311701601,-0.764723882,inf
56,0.442244512,2.418831514,0.993125394,0.398772802,-0.163620443,-0.902335083,inf
56,0.442244512,2.418831514,0.993125394,0.206419992,-0.004388822,-0.97845364,inf
57,0.472407445,2.458225968,0.999312031,0,0.15514189,-0.987892198,inf
57,0.472407445,2.458225968,0.999312031,-0.206419992,0.304099938,-0.930007535,inf
57,0.472407445,2.458225968,0.999312031,-0.398772802,0.432334078,-0.808744395,inf
57,0.472407445,2.458225968,0.999312031,-0.563949905,0.531105366,-0.632366662,1.570010424
57,0.472407445,2.458225968,0.999312031,-0.690694754,0.5936827,-0.412894185,1.281908035
57,0.472407445,2.458225968,0.999312031,-0.770369897,0.615801539,-0.165283652,1.149327278
57,0.472407445,2.458225968,0.999312031,-0.797545605,0.595954522,0.093590688,1.110164881
57,0.472407445,2.458225968,0.999312031,-0.770369897,0.535494188,0.346086978,1.149327278
57,0.472407445,2.458225968,0.999312031,-0.690694754,0.43854081,0.574998012,1.281907916
57,0.472407445,2.458225968,0.999312031,-0.563949905,0.311701601,0.764723882,1.570010066
57,0.472407445,2.458225968,0.999312031,-0.398772802,0.163620443,0.902335083,inf
57,0.472407445,2.458225968,0.999312031,-0.206419992,0.004388822,0.97845364,inf
57,0.472407445,2.458225968,0.999312031,-9.77E-17,-0.15514189,0.987892198,inf
57,0.472407445,2.458225968,0.999312031,0.206419992,-0.304099938,0.930007535,inf
57,0.472407445,2.458225968,0.999312031,0.398772802,-0.432334078,0.808744395,inf
57,0.472407445,2.458225968,0.999312031,0.563949905,-0.531105366,0.632366662,1.753372908
57,0.472407445,2.458225968,0.999312031,0.690694754,-0.5936827,0.412894185,1.568558097
57,0.472407445,2.458225968,0.999312031,0.770369897,-0.615801539,0.165283652,1.512217402
57,0.472407445,2.458225968,0.999312031,0.797545605,-0.595954522,-0.093590688,1.562578678
57,0.472407445,2.458225968,0.999312031,0.770369897,-0.535494188,-0.346086978,1.739002705
57,0.472407445,2.458225968,0.999312031,0.690694754,-0.43854081,-0.574998012,2.082819939
57,0.472407445,2.458225968,0.999312031,0.563949905,-0.311701601,-0.764723882,inf
57,0.472407445,2.458225968,0.999312031,0.398772802,-0.163620443,-0.902335083,inf
57,0.472407445,2.458225968,0.999312031,0.206419992,-0.004388822,-0.97845364,inf
58,0.502570377,2.497620422,1.005498667,0,0.15514189,-0.987892198,inf
58,0.502570377,2.497620422,1.005498667,-0.206419992,0.304099938,-0.930007535,inf
58,0.502570377,2.497620422,1.005498667,-0.398772802,0.432334078,-0.808744395,inf
58,0.502570377,2.497620422,1.005498667,-0.563949905,0.531105366,-0.632366662,1.623495579
58,0.502570377,2.497620422,1.005498667,-0.690694754,0.5936827,-0.412894185,1.325578451
58,0.502570377,2.497620422,1.005498667,-0.770369897,0.615801539,-0.165283652,1.188481092
58,0.502570377,2.497620422,1.005498667,-0.797545605,0.595954522,0.093590688,1.147984624
58,0.502570377,2.497620422,1.005498667,-0.770369897,0.535494188,0.346086978,1.188481092
58,0.502570377,2.497620422,1.005498667,-0.690694754,0.43854081,0.574998012,1.325578332
58,0.502570377,2.497620422,1.005498667,-0.563949905,0.311701601,0.764723882,1.623495221
58,0.502570377,2.497620422,1.005498667,-0.398772802,0.163620443,0.902335083,inf
58,0.502570377,2.497620422,1.005498667,-0.206419992,0.004388822,0.97845364,inf
58,0.502570377,2.497620422,1.005498667,-9.77E-17,-0.15514189,0.987892198,inf
58,0.502570377,2.497620422,1.005498667,0.206419992,-0.304099938,0.930007535,inf
58,0.502570377,2.497620422,1.005498667,0.398772802,-0.432334078,0.808744395,inf
58,0.502570377,2.497620422,1.005498667,0.563949905,-0.531105366,0.632366662,1.827547312
58,0.502570377,2.497620422,1.005498667,0.690694754,-0.5936827,0.412894185,1.63491416
58,0.502570377,2.497620422,1.005498667,0.770369897,-0.615801539,0.165283652,1.576189995
58,0.502570377,2.497620422,1.005498667,0.797545605,-0.595954522,-0.093590688,1.628681779
58,0.502570377,2.497620422,1.005498667,0.770369897,-0.535494188,-0.346086978,1.812569261
58,0.502570377,2.497620422,1.005498667,0.690694754,-0.43854081,-0.574998012,2.039149523
58,0.502570377,2.497620422,1.005498667,0.563949905,-0.311701601,-0.764723882,inf
58,0.502570377,2.497620422,1.005498667,0.398772802,-0.163620443,-0.902335083,inf
58,0.502570377,2.497620422,1.005498667,0.206419992,-0.004388822,-0.97845364,inf
59,0.53273331,2.537014876,1.011685304,0,0.15514189,-0.987892198,inf
59,0.53273331,2.537014876,1.011685304,-0.206419992,0.304099938,-0.930007535,inf
59,0.53273331,2.537014876,1.011685304,-0.398772802,0.432334078,-0.808744395,inf
59,0.53273331,2.537014876,1.011685304,-0.563949905,0.531105366,-0.632366662,1.568399191
59,0.53273331,2.537014876,1.011685304,-0.690694754,0.5936827,-0.412894185,1.369248867
59,0.53273331,2.537014876,1.011685304,-0.770369897,0.615801539,-0.165283652,1.227634907
59,0.53273331,2.537014876,1.011685304,-0.797545605,0.595954522,0.093590688,1.185804248
59,0.53273331,2.537014876,1.011685304,-0.770369897,0.535494188,0.346086978,1.227634907
59,0.53273331,2.537014876,1.011685304,-0.690694754,0.43854081,0.574998012,1.369248748
59,0.53273331,2.537014876,1.011685304,-0.563949905,0.311701601,0.764723882,1.676980257
59,0.53273331,2.537014876,1.011685304,-0.398772802,0.163620443,0.902335083,inf
59,0.53273331,2.537014876,1.011685304,-0.206419992,0.004388822,0.97845364,inf
59,0.53273331,2.537014876,1.011685304,-9.77E-17,-0.15514189,0.987892198,inf
59,0.53273331,2.537014876,1.011685304,0.206419992,-0.304099938,0.930007535,inf
59,0.53273331,2.537014876,1.011685304,0.398772802,-0.432334078,0.808744395,inf
59,0.53273331,2.537014876,1.011685304,0.563949905,-0.531105366,0.632366662,1.901721835
59,0.53273331,2.537014876,1.011685304,0.690694754,-0.5936827,0.412894185,1.701270223
59,0.53273331,2.537014876,1.011685304,0.770369897,-0.615801539,0.165283652,1.640162706
59,0.53273331,2.537014876,1.011685304,0.797545605,-0.595954522,-0.093590688,1.69478488
59,0.53273331,2.537014876,1.011685304,0.770369897,-0.535494188,-0.346086978,1.789097667
59,0.53273331,2.537014876,1.011685304,0.690694754,-0.43854081,-0.574998012,1.995478988
59,0.53273331,2.537014876,1.011685304,0.563949905,-0.311701601,-0.764723882,inf
59,0.53273331,2.537014876,1.011685304,0.398772802,-0.163620443,-0.902335083,inf
59,0.53273331,2.537014876,1.011685304,0.206419992,-0.004388822,-0.97845364,inf
60,0.562896243,2.57640933,1.01787194,0,0.15514189,-0.987892198,inf
60,0.562896243,2.57640933,1.01787194,-0.206419992,0.304099938,-0.930007535,inf
60,0.562896243,2.57640933,1.01787194,-0.398772802,0.432334078,-0.808744395,1.835596085
60,0.562896243,2.57640933,1.01787194,-0.563949905,0.531105366,-0.632366662,1.494224668
60,0.562896243,2.57640933,1.01787194,-0.690694754,0.5936827,-0.412894185,1.336725473
60,0.562896243,2.57640933,1.01787194,-0.770369897,0.615801539,-0.165283652,1.26678884
60,0.562896243,2.57640933,1.01787194,-0.797545605,0.595954522,0.093590688,1.223623991
60,0.562896243,2.57640933,1.01787194,-0.770369897,0.535494188,0.346086978,1.266788721
60,0.562896243,2.57640933,1.01787194,-0.690694754,0.43854081,0.574998012,1.412919164
60,0.562896243,2.57640933,1.01787194,-0.563949905,0.311701601,0.764723882,1.730465412
60,0.562896243,2.57640933,1.01787194,-0.398772802,0.163620443,0.902335083,inf
60,0.562896243,2.57640933,1.01787194,-0.206419992,0.004388822,0.97845364,inf
60,0.562896243,2.57640933,1.01787194,-9.77E-17,-0.15514189,0.987892198,inf
60,0.562896243,2.57640933,1.01787194,0.206419992,-0.304099938,0.930007535,inf
60,0.562896243,2.57640933,1.01787194,0.398772802,-0.432334078,0.808744395,inf
60,0.562896243,2.57640933,1.01787194,0.563949905,-0.531105366,0.632366662,1.975896239
60,0.562896243,2.57640933,1.01787194,0.690694754,-0.5936827,0.412894185,1.767626286
60,0.562896243,2.57640933,1.01787194,0.770369897,-0.615801539,0.165283652,1.704135299
60,0.562896243,2.57640933,1.01787194,0.797545605,-0.595954522,-0.093590688,1.690315962
60,0.562896243,2.57640933,1.01787194,0.770369897,-0.535494188,-0.346086978,1.749943852
60,0.562896243,2.57640933,1.01787194,0.690694754,-0.43854081,-0.574998012,1.951808572
60,0.562896243,2.57640933,1.01787194,0.563949905,-0.311701601,-0.764723882,inf
60,0.562896243,2.57640933,1.01787194,0.398772802,-0.163620443,-0.902335083,inf
60,0.562896243,2.57640933,1.01787194,0.206419992,-0.004388822,-0.97845364,inf
61,0.593059176,2.615803784,1.024058577,0,0.15514189,-0.987892198,inf
61,0.593059176,2.615803784,1.024058577,-0.206419992,0.304099938,-0.930007535,inf
61,0.593059176,2.615803784,1.024058577,-0.398772802,0.432334078,-0.808744395,1.744475603
61,0.593059176,2.615803784,1.024058577,-0.563949905,0.531105366,-0.632366662,1.420050263
61,0.593059176,2.615803784,1.024058577,-0.690694754,0.5936827,-0.412894185,1.270369411
61,0.593059176,2.615803784,1.024058577,-0.770369897,0.615801539,-0.165283652,1.224739313
61,0.593059176,2.615803784,1.024058577,-0.797545605,0.595954522,0.093590688,1.261443615
61,0.593059176,2.615803784,1.024058577,-0.770369897,0.535494188,0.346086978,1.305942535
61,0.593059176,2.615803784,1.024058577,-0.690694754,0.43854081,0.574998012,1.45658958
61,0.593059176,2.615803784,1.024058577,-0.563949905,0.311701601,0.764723882,1.783950567
61,0.593059176,2.615803784,1.024058577,-0.398772802,0.163620443,0.902335083,inf
61,0.593059176,2.615803784,1.024058577,-0.206419992,0.004388822,0.97845364,inf
61,0.593059176,2.615803784,1.024058577,-9.77E-17,-0.15514189,0.987892198,inf
61,0.593059176,2.615803784,1.024058577,0.206419992,-0.304099938,0.930007535,inf
61,0.593059176,2.615803784,1.024058577,0.398772802,-0.432334078,0.808744395,inf
61,0.593059176,2.615803784,1.024058577,0.563949905,-0.531105366,0.632366662,2.050070763
61,0.593059176,2.615803784,1.024058577,0.690694754,-0.5936827,0.412894185,1.833982348
61,0.593059176,2.615803784,1.024058577,0.770369897,-0.615801539,0.165283652,1.710790038
61,0.593059176,2.615803784,1.024058577,0.797545605,-0.595954522,-0.093590688,1.652496219
61,0.593059176,2.615803784,1.024058577,0.770369897,-0.535494188,-0.346086978,1.710789919
61,0.593059176,2.615803784,1.024058577,0.690694754,-0.43854081,-0.574998012,1.908138156
61,0.593059176,2.615803784,1.024058577,0.563949905,-0.311701601,-0.764723882,inf
61,0.593059176,2.615803784,1.024058577,0.398772802,-0.163620443,-0.902335083,inf
61,0.593059176,2.615803784,1.024058577,0.206419992,-0.004388822,-0.97845364,inf
62,0.642463457,2.69185931,1.049048343,0,0.432542077,-0.901613748,1.567803025
62,0.642463457,2.69185931,1.049048343,-0.232101263,0.521062161,-0.821354508,1.301458478
62,0.642463457,2.69185931,1.049048343,-0.448385209,0.57407272,-0.685121315,1.181280255
62,0.642463457,2.69185931,1.049048343,-0.634112444,0.587961171,-0.502198237,1.153376818
62,0.642463457,2.69185931,1.049048343,-0.776625964,0.561781041,-0.285051179,1.207126498
62,0.642463457,2.69185931,1.049048343,-0.866213708,0.49731646,-0.048478354,1.218478918
62,0.642463457,2.69185931,1.049048343,-0.896770419,0.398960585,0.191398191,1.17696023
62,0.642463457,2.69185931,1.049048343,-0.866213708,0.273416206,0.418231265,1.218478799
62,0.642463457,2.69185931,1.049048343,-0.776625964,0.129238963,0.61656257,1.359036565
62,0.642463457,2.69185931,1.049048343,-0.634112444,-0.023745701,0.772876154,1.664472938
62,0.642463457,2.69185931,1.049048343,-0.448385209,-0.175112134,0.876519506,inf
62,0.642463457,2.69185931,1.049048343,-0.232101263,-0.314544966,0.920429502,inf
62,0.642463457,2.69185931,1.049048343,-1.10E-16,-0.432542077,0.901613748,inf
62,0.642463457,2.69185931,1.049048343,0.232101263,-0.521062161,0.821354508,inf
62,0.642463457,2.69185931,1.049048343,0.448385209,-0.57407272,0.685121315,2.029114246
62,0.642463457,2.69185931,1.049048343,0.634112444,-0.587961171,0.502198237,1.981183767
62,0.642463457,2.69185931,1.049048343,0.776625964,-0.561781041,0.285051179,1.633394957
62,0.642463457,2.69185931,1.049048343,0.866213708,-0.49731646,0.048478354,1.464461803
62,0.642463457,2.69185931,1.049048343,0.896770419,-0.398960585,-0.191398191,1.414561391
62,0.642463457,2.69185931,1.049048343,0.866213708,-0.273416206,-0.418231265,1.464461684
62,0.642463457,2.69185931,1.049048343,0.776625964,-0.129238963,-0.61656257,1.633394718
62,0.642463457,2.69185931,1.049048343,0.634112444,0.023745701,-0.772876154,2.000491858
62,0.642463457,2.69185931,1.049048343,0.448385209,0.175112134,-0.876519506,inf
62,0.642463457,2.69185931,1.049048343,0.232101263,0.314544966,-0.920429502,inf
63,0.664588263,2.732286337,1.06844289,0,0.432542077,-0.901613748,1.474339128
63,0.664588263,2.732286337,1.06844289,-0.232101263,0.521062161,-0.821354508,1.223872662
63,0.664588263,2.732286337,1.06844289,-0.448385209,0.57407272,-0.685121315,1.110858798
63,0.664588263,2.732286337,1.06844289,-0.634112444,0.587961171,-0.502198237,1.084618807
63,0.664588263,2.732286337,1.06844289,-0.776625964,0.561781041,-0.285051179,1.135164261
63,0.664588263,2.732286337,1.06844289,-0.866213708,0.49731646,-0.048478354,1.244020939
63,0.664588263,2.732286337,1.06844289,-0.896770419,0.398960585,0.191398191,1.201631904
63,0.664588263,2.732286337,1.06844289,-0.866213708,0.273416206,0.418231265,1.24402082
63,0.664588263,2.732286337,1.06844289,-0.776625964,0.129238963,0.61656257,1.387524843
63,0.664588263,2.732286337,1.06844289,-0.634112444,-0.023745701,0.772876154,1.699363947
63,0.664588263,2.732286337,1.06844289,-0.448385209,-0.175112134,0.876519506,inf
63,0.664588263,2.732286337,1.06844289,-0.232101263,-0.314544966,0.920429502,inf
63,0.664588263,2.732286337,1.06844289,-1.10E-16,-0.432542077,0.901613748,inf
63,0.664588263,2.732286337,1.06844289,0.232101263,-0.521062161,0.821354508,inf
63,0.664588263,2.732286337,1.06844289,0.448385209,-0.57407272,0.685121315,inf
63,0.664588263,2.732286337,1.06844289,0.634112444,-0.587961171,0.502198237,1.965601206
63,0.664588263,2.732286337,1.06844289,0.776625964,-0.561781041,0.285051179,1.604906559
63,0.664588263,2.732286337,1.06844289,0.866213708,-0.49731646,0.048478354,1.438919783
63,0.664588263,2.732286337,1.06844289,0.896770419,-0.398960585,-0.191398191,1.389889836
63,0.664588263,2.732286337,1.06844289,0.866213708,-0.273416206,-0.418231265,1.438919783
63,0.664588263,2.732286337,1.06844289,0.776625964,-0.129238963,-0.61656257,1.60490644
63,0.664588263,2.732286337,1.06844289,0.634112444,0.023745701,-0.772876154,1.965600848
63,0.664588263,2.732286337,1.06844289,0.448385209,0.175112134,-0.876519506,inf
63,0.664588263,2.732286337,1.06844289,0.232101263,0.314544966,-0.920429502,inf
64,0.686713069,2.772713364,1.087837436,0,0.432542077,-0.901613748,1.380875349
64,0.686713069,2.772713364,1.087837436,-0.232101263,0.521062161,-0.821354508,1.146286845
64,0.686713069,2.772713364,1.087837436,-0.448385209,0.57407272,-0.685121315,1.04043746
64,0.686713069,2.772713364,1.087837436,-0.634112444,0.587961171,-0.502198237,1.015860915
64,0.686713069,2.772713364,1.087837436,-0.776625964,0.561781041,-0.285051179,1.063202024
64,0.686713069,2.772713364,1.087837436,-0.866213708,0.49731646,-0.048478354,1.201019526
64,0.686713069,2.772713364,1.087837436,-0.896770419,0.398960585,0.191398191,1.226303577
64,0.686713069,2.772713364,1.087837436,-0.866213708,0.273416206,0.418231265,1.26956284
64,0.686713069,2.772713364,1.087837436,-0.776625964,0.129238963,0.61656257,1.416013241
64,0.686713069,2.772713364,1.087837436,-0.634112444,-0.023745701,0.772876154,1.734254956
64,0.686713069,2.772713364,1.087837436,-0.448385209,-0.175112134,0.876519506,inf
64,0.686713069,2.772713364,1.087837436,-0.232101263,-0.314544966,0.920429502,inf
64,0.686713069,2.772713364,1.087837436,-1.10E-16,-0.432542077,0.901613748,inf
64,0.686713069,2.772713364,1.087837436,0.232101263,-0.521062161,0.821354508,inf
64,0.686713069,2.772713364,1.087837436,0.448385209,-0.57407272,0.685121315,inf
64,0.686713069,2.772713364,1.087837436,0.634112444,-0.587961171,0.502198237,1.930710196
64,0.686713069,2.772713364,1.087837436,0.776625964,-0.561781041,0.285051179,1.576418161
64,0.686713069,2.772713364,1.087837436,0.866213708,-0.49731646,0.048478354,1.413377881
64,0.686713069,2.772713364,1.087837436,0.896770419,-0.398960585,-0.191398191,1.365218163
64,0.686713069,2.772713364,1.087837436,0.866213708,-0.273416206,-0.418231265,1.413377762
64,0.686713069,2.772713364,1.087837436,0.776625964,-0.129238963,-0.61656257,1.576418042
64,0.686713069,2.772713364,1.087837436,0.634112444,0.023745701,-0.772876154,1.930709839
64,0.686713069,2.772713364,1.087837436,0.448385209,0.175112134,-0.876519506,inf
64,0.686713069,2.772713364,1.087837436,0.232101263,0.314544966,-0.920429502,inf
65,0.708837875,2.813140391,1.107231983,0,0.432542077,-0.901613748,1.287411571
65,0.708837875,2.813140391,1.107231983,-0.232101263,0.521062161,-0.821354508,1.068701148
65,0.708837875,2.813140391,1.107231983,-0.448385209,0.57407272,-0.685121315,0.970016003
65,0.708837875,2.813140391,1.107231983,-0.634112444,0.587961171,-0.502198237,0.947102904
65,0.708837875,2.813140391,1.107231983,-0.776625964,0.561781041,-0.285051179,0.991239846
65,0.708837875,2.813140391,1.107231983,-0.866213708,0.49731646,-0.048478354,1.119729161
65,0.708837875,2.813140391,1.107231983,-0.896770419,0.398960585,0.191398191,1.250975132
65,0.708837875,2.813140391,1.107231983,-0.866213708,0.273416206,0.418231265,1.295104742
65,0.708837875,2.813140391,1.107231983,-0.776625964,0.129238963,0.61656257,1.444501638
65,0.708837875,2.813140391,1.107231983,-0.634112444,-0.023745701,0.772876154,1.769145846
65,0.708837875,2.813140391,1.107231983,-0.448385209,-0.175112134,0.876519506,inf
65,0.708837875,2.813140391,1.107231983,-0.232101263,-0.314544966,0.920429502,inf
65,0.708837875,2.813140391,1.107231983,-1.10E-16,-0.432542077,0.901613748,inf
65,0.708837875,2.813140391,1.107231983,0.232101263,-0.521062161,0.821354508,inf
65,0.708837875,2.813140391,1.107231983,0.448385209,-0.57407272,0.685121315,inf
65,0.708837875,2.813140391,1.107231983,0.634112444,-0.587961171,0.502198237,1.895819187
65,0.708837875,2.813140391,1.107231983,0.776625964,-0.561781041,0.285051179,1.547929883
65,0.708837875,2.813140391,1.107231983,0.866213708,-0.49731646,0.048478354,1.38783586
65,0.708837875,2.813140391,1.107231983,0.896770419,-0.398960585,-0.191398191,1.340546489
65,0.708837875,2.813140391,1.107231983,0.866213708,-0.273416206,-0.418231265,1.38783586
65,0.708837875,2.813140391,1.107231983,0.776625964,-0.129238963,-0.61656257,1.547929645
65,0.708837875,2.813140391,1.107231983,0.634112444,0.023745701,-0.772876154,1.89581883
65,0.708837875,2.813140391,1.107231983,0.448385209,0.175112134,-0.876519506,inf
65,0.708837875,2.813140391,1.107231983,0.232101263,0.314544966,-0.920429502,inf
66,0.730962681,2.853567418,1.12662653,0,0.432542077,-0.901613748,1.193947792
66,0.730962681,2.853567418,1.12662653,-0.232101263,0.521062161,-0.821354508,0.991115332
66,0.730962681,2.853567418,1.12662653,-0.448385209,0.57407272,-0.685121315,0.899594545
66,0.730962681,2.853567418,1.12662653,-0.634112444,0.587961171,-0.502198237,0.878344893
66,0.730962681,2.853567418,1.12662653,-0.776625964,0.561781041,-0.285051179,0.919277549
66,0.730962681,2.853567418,1.12662653,-0.866213708,0.49731646,-0.048478354,1.038438797
66,0.730962681,2.853567418,1.12662653,-0.896770419,0.398960585,0.191398191,1.275646806
66,0.730962681,2.853567418,1.12662653,-0.866213708,0.273416206,0.418231265,1.320646763
66,0.730962681,2.853567418,1.12662653,-0.776625964,0.129238963,0.61656257,1.472990036
66,0.730962681,2.853567418,1.12662653,-0.634112444,-0.023745701,0.772876154,inf
66,0.730962681,2.853567418,1.12662653,-0.448385209,-0.175112134,0.876519506,inf
66,0.730962681,2.853567418,1.12662653,-0.232101263,-0.314544966,0.920429502,inf
66,0.730962681,2.853567418,1.12662653,-1.10E-16,-0.432542077,0.901613748,inf
66,0.730962681,2.853567418,1.12662653,0.232101263,-0.521062161,0.821354508,inf
66,0.730962681,2.853567418,1.12662653,0.448385209,-0.57407272,0.685121315,inf
66,0.730962681,2.853567418,1.12662653,0.634112444,-0.587961171,0.502198237,1.860928178
66,0.730962681,2.853567418,1.12662653,0.776625964,-0.561781041,0.285051179,1.519441485
66,0.730962681,2.853567418,1.12662653,0.866213708,-0.49731646,0.048478354,1.362293959
66,0.730962681,2.853567418,1.12662653,0.896770419,-0.398960585,-0.191398191,1.315874815
66,0.730962681,2.853567418,1.12662653,0.866213708,-0.273416206,-0.418231265,1.362293839
66,0.730962681,2.853567418,1.12662653,0.776625964,-0.129238963,-0.61656257,1.519441247
66,0.730962681,2.853567418,1.12662653,0.634112444,0.023745701,-0.772876154,1.86092782
66,0.730962681,2.853567418,1.12662653,0.448385209,0.175112134,-0.876519506,inf
66,0.730962681,2.853567418,1.12662653,0.232101263,0.314544966,-0.920429502,inf
67,0.753087487,2.893994445,1.146021077,0,0.432542077,-0.901613748,1.100484014
67,0.753087487,2.893994445,1.146021077,-0.232101263,0.521062161,-0.821354508,0.913529515
67,0.753087487,2.893994445,1.146021077,-0.448385209,0.57407272,-0.685121315,0.829173148
67,0.753087487,2.893994445,1.146021077,-0.634112444,0.587961171,-0.502198237,0.809586942
67,0.753087487,2.893994445,1.146021077,-0.776625964,0.561781041,-0.285051179,0.847315311
67,0.753087487,2.893994445,1.146021077,-0.866213708,0.49731646,-0.048478354,0.957148492
67,0.753087487,2.893994445,1.146021077,-0.896770419,0.398960585,0.191398191,1.193114638
67,0.753087487,2.893994445,1.146021077,-0.866213708,0.273416206,0.418231265,1.346188664
67,0.753087487,2.893994445,1.146021077,-0.776625964,0.129238963,0.61656257,1.501478314
67,0.753087487,2.893994445,1.146021077,-0.634112444,-0.023745701,0.772876154,inf
67,0.753087487,2.893994445,1.146021077,-0.448385209,-0.175112134,0.876519506,inf
67,0.753087487,2.893994445,1.146021077,-0.232101263,-0.314544966,0.920429502,inf
67,0.753087487,2.893994445,1.146021077,-1.10E-16,-0.432542077,0.901613748,inf
67,0.753087487,2.893994445,1.146021077,0.232101263,-0.521062161,0.821354508,inf
67,0.753087487,2.893994445,1.146021077,0.448385209,-0.57407272,0.685121315,inf
67,0.753087487,2.893994445,1.146021077,0.634112444,-0.587961171,0.502198237,1.826037288
67,0.753087487,2.893994445,1.146021077,0.776625964,-0.561781041,0.285051179,1.490953088
67,0.753087487,2.893994445,1.146021077,0.866213708,-0.49731646,0.048478354,1.336751938
67,0.753087487,2.893994445,1.146021077,0.896770419,-0.398960585,-0.191398191,1.291203141
67,0.753087487,2.893994445,1.146021077,0.866213708,-0.273416206,-0.418231265,1.336751819
67,0.753087487,2.893994445,1.146021077,0.776625964,-0.129238963,-0.61656257,1.490952969
67,0.753087487,2.893994445,1.146021077,0.634112444,0.023745701,-0.772876154,1.82603693
67,0.753087487,2.893994445,1.146021077,0.448385209,0.175112134,-0.876519506,inf
67,0.753087487,2.893994445,1.146021077,0.232101263,0.314544966,-0.920429502,inf
68,0.799421163,2.922521697,1.145594442,0,-0.109220465,-0.99401755,inf
68,0.799421163,2.922521697,1.145594442,-0.124640638,0.119974485,-0.98492174,inf
68,0.799421163,2.922521697,1.145594442,-0.240787222,0.340993372,-0.908705141,1.312278867
68,0.799421163,2.922521697,1.145594442,-0.340524554,0.538774125,-0.770561789,0.830549181
68,0.799421163,2.922521697,1.145594442,-0.417055702,0.699838311,-0.579905924,0.639402568
68,0.799421163,2.922521697,1.145594442,-0.465165192,0.813209673,-0.349730428,0.550262094
68,0.799421163,2.922521697,1.145594442,-0.481574443,0.871162139,-0.095721382,0.513656914
68,0.799421163,2.922521697,1.145594442,-0.465165192,0.869746346,0.164810918,0.514493048
68,0.799421163,2.922521697,1.145594442,-0.417055702,0.809058776,0.414111626,0.553085268
68,0.799421163,2.922521697,1.145594442,-0.340524554,0.693235188,0.635191312,0.645493031
68,0.799421163,2.922521697,1.145594442,-0.240787222,0.530168767,0.812983759,0.844030261
68,0.799421163,2.922521697,1.145594442,-0.124640638,0.330972221,0.935372707,1.352012396
68,0.799421163,2.922521697,1.145594442,-5.90E-17,0.109220465,0.99401755,inf
68,0.799421163,2.922521697,1.145594442,0.124640638,-0.119974485,0.98492174,inf
68,0.799421163,2.922521697,1.145594442,0.240787222,-0.340993372,0.908705141,inf
68,0.799421163,2.922521697,1.145594442,0.340524554,-0.538774125,0.770561789,inf
68,0.799421163,2.922521697,1.145594442,0.417055702,-0.699838311,0.579905924,1.994062662
68,0.799421163,2.922521697,1.145594442,0.465165192,-0.813209673,0.349730428,1.716066003
68,0.799421163,2.922521697,1.145594442,0.481574443,-0.871162139,0.095721382,1.601907969
68,0.799421163,2.922521697,1.145594442,0.465165192,-0.869746346,-0.164810918,1.604515553
68,0.799421163,2.922521697,1.145594442,0.417055702,-0.809058776,-0.414111626,1.724870443
68,0.799421163,2.922521697,1.145594442,0.340524554,-0.693235188,-0.635191312,2.013056517
68,0.799421163,2.922521697,1.145594442,0.240787222,-0.530168767,-0.812983759,inf
68,0.799421163,2.922521697,1.145594442,0.124640638,-0.330972221,-0.935372707,inf
69,0.843241422,2.94645637,1.142964553,0,-0.109220465,-0.99401755,inf
69,0.843241422,2.94645637,1.142964553,-0.124640638,0.119974485,-0.98492174,inf
69,0.843241422,2.94645637,1.142964553,-0.240787222,0.340993372,-0.908705141,1.242087841
69,0.843241422,2.94645637,1.142964553,-0.340524554,0.538774125,-0.770561789,0.786124885
69,0.843241422,2.94645637,1.142964553,-0.417055702,0.699838311,-0.579905924,0.605202317
69,0.843241422,2.94645637,1.142964553,-0.465165192,0.813209673,-0.349730428,0.520829737
69,0.843241422,2.94645637,1.142964553,-0.481574443,0.871162139,-0.095721382,0.486182481
69,0.843241422,2.94645637,1.142964553,-0.465165192,0.869746346,0.164810918,0.486973912
69,0.843241422,2.94645637,1.142964553,-0.417055702,0.809058776,0.414111626,0.523501873
69,0.843241422,2.94645637,1.142964553,-0.340524554,0.693235188,0.635191312,0.61096698
69,0.843241422,2.94645637,1.142964553,-0.240787222,0.530168767,0.812983759,0.798884869
69,0.843241422,2.94645637,1.142964553,-0.124640638,0.330972221,0.935372707,1.279696107
69,0.843241422,2.94645637,1.142964553,-5.90E-17,0.109220465,0.99401755,inf
69,0.843241422,2.94645637,1.142964553,0.124640638,-0.119974485,0.98492174,inf
69,0.843241422,2.94645637,1.142964553,0.240787222,-0.340993372,0.908705141,inf
69,0.843241422,2.94645637,1.142964553,0.340524554,-0.538774125,0.770561789,inf
69,0.843241422,2.94645637,1.142964553,0.417055702,-0.699838311,0.579905924,2.028263092
69,0.843241422,2.94645637,1.142964553,0.465165192,-0.813209673,0.349730428,1.745498419
69,0.843241422,2.94645637,1.142964553,0.481574443,-0.871162139,0.095721382,1.629382372
69,0.843241422,2.94645637,1.142964553,0.465165192,-0.869746346,-0.164810918,1.632034659
69,0.843241422,2.94645637,1.142964553,0.417055702,-0.809058776,-0.414111626,1.754453778
69,0.843241422,2.94645637,1.142964553,0.340524554,-0.693235188,-0.635191312,2.047582626
69,0.843241422,2.94645637,1.142964553,0.240787222,-0.530168767,-0.812983759,inf
69,0.843241422,2.94645637,1.142964553,0.124640638,-0.330972221,-0.935372707,inf
70,0.887061682,2.970391042,1.140334664,0,-0.109220465,-0.99401755,inf
70,0.887061682,2.970391042,1.140334664,-0.124640638,0.119974485,-0.98492174,inf
70,0.887061682,2.970391042,1.140334664,-0.240787222,0.340993372,-0.908705141,1.171896815
70,0.887061682,2.970391042,1.140334664,-0.340524554,0.538774125,-0.770561789,0.74170059
70,0.887061682,2.970391042,1.140334664,-0.417055702,0.699838311,-0.579905924,0.571002007
70,0.887061682,2.970391042,1.140334664,-0.465165192,0.813209673,-0.349730428,0.491397381
70,0.887061682,2.970391042,1.140334664,-0.481574443,0.871162139,-0.095721382,0.458708078
70,0.887061682,2.970391042,1.140334664,-0.465165192,0.869746346,0.164810918,0.459454775
70,0.887061682,2.970391042,1.140334664,-0.417055702,0.809058776,0.414111626,0.493918538
70,0.887061682,2.970391042,1.140334664,-0.340524554,0.693235188,0.635191312,0.57644093
70,0.887061682,2.970391042,1.140334664,-0.240787222,0.530168767,0.812983759,0.753739536
70,0.887061682,2.970391042,1.140334664,-0.124640638,0.330972221,0.935372707,1.207379818
70,0.887061682,2.970391042,1.140334664,-5.90E-17,0.109220465,0.99401755,inf
70,0.887061682,2.970391042,1.140334664,0.124640638,-0.119974485,0.98492174,inf
70,0.887061682,2.970391042,1.140334664,0.240787222,-0.340993372,0.908705141,inf
70,0.887061682,2.970391042,1.140334664,0.340524554,-0.538774125,0.770561789,inf
70,0.887061682,2.970391042,1.140334664,0.417055702,-0.699838311,0.579905924,2.062463284
70,0.887061682,2.970391042,1.140334664,0.465165192,-0.813209673,0.349730428,1.774930716
70,0.887061682,2.970391042,1.140334664,0.481574443,-0.871162139,0.095721382,1.656856775
70,0.887061682,2.970391042,1.140334664,0.465165192,-0.869746346,-0.164810918,1.659553885
70,0.887061682,2.970391042,1.140334664,0.417055702,-0.809058776,-0.414111626,1.784037113
70,0.887061682,2.970391042,1.140334664,0.340524554,-0.693235188,-0.635191312,2.082108736
70,0.887061682,2.970391042,1.140334664,0.240787222,-0.530168767,-0.812983759,inf
70,0.887061682,2.970391042,1.140334664,0.124640638,-0.330972221,-0.935372707,inf
71,0.930881941,2.994325714,1.137704775,0,-0.109220465,-0.99401755,inf
71,0.930881941,2.994325714,1.137704775,-0.124640638,0.119974485,-0.98492174,inf
71,0.930881941,2.994325714,1.137704775,-0.240787222,0.340993372,-0.908705141,1.10170579
71,0.930881941,2.994325714,1.137704775,-0.340524554,0.538774125,-0.770561789,0.697276235
71,0.930881941,2.994325714,1.137704775,-0.417055702,0.699838311,-0.579905924,0.536801755
71,0.930881941,2.994325714,1.137704775,-0.465165192,0.813209673,-0.349730428,0.461965024
71,0.930881941,2.994325714,1.137704775,-0.481574443,0.871162139,-0.095721382,0.431233644
71,0.930881941,2.994325714,1.137704775,-0.465165192,0.869746346,0.164810918,0.431935638
71,0.930881941,2.994325714,1.137704775,-0.417055702,0.809058776,0.414111626,0.464335173
71,0.930881941,2.994325714,1.137704775,-0.340524554,0.693235188,0.635191312,0.54191488
71,0.930881941,2.994325714,1.137704775,-0.240787222,0.530168767,0.812983759,0.708594143
71,0.930881941,2.994325714,1.137704775,-0.124640638,0.330972221,0.935372707,1.135063529
71,0.930881941,2.994325714,1.137704775,-5.90E-17,0.109220465,0.99401755,inf
71,0.930881941,2.994325714,1.137704775,0.124640638,-0.119974485,0.98492174,inf
71,0.930881941,2.994325714,1.137704775,0.240787222,-0.340993372,0.908705141,inf
71,0.930881941,2.994325714,1.137704775,0.340524554,-0.538774125,0.770561789,inf
71,0.930881941,2.994325714,1.137704775,0.417055702,-0.699838311,0.579905924,2.096663475
71,0.930881941,2.994325714,1.137704775,0.465165192,-0.813209673,0.349730428,1.804363132
71,0.930881941,2.994325714,1.137704775,0.481574443,-0.871162139,0.095721382,1.684331179
71,0.930881941,2.994325714,1.137704775,0.465165192,-0.869746346,-0.164810918,1.687072992
71,0.930881941,2.994325714,1.137704775,0.417055702,-0.809058776,-0.414111626,1.813620567
71,0.930881941,2.994325714,1.137704775,0.340524554,-0.693235188,-0.635191312,2.116634607
71,0.930881941,2.994325714,1.137704775,0.240787222,-0.530168767,-0.812983759,inf
71,0.930881941,2.994325714,1.137704775,0.124640638,-0.330972221,-0.935372707,inf
72,0.974702201,3.018260387,1.135074885,0,-0.109220465,-0.99401755,inf
72,0.974702201,3.018260387,1.135074885,-0.124640638,0.119974485,-0.98492174,inf
72,0.974702201,3.018260387,1.135074885,-0.240787222,0.340993372,-0.908705141,1.031514764
72,0.974702201,3.018260387,1.135074885,-0.340524554,0.538774125,-0.770561789,0.652851939
72,0.974702201,3.018260387,1.135074885,-0.417055702,0.699838311,-0.579905924,0.502601445
72,0.974702201,3.018260387,1.135074885,-0.465165192,0.813209673,-0.349730428,0.432532668
72,0.974702201,3.018260387,1.135074885,-0.481574443,0.871162139,-0.095721382,0.403759241
72,0.974702201,3.018260387,1.135074885,-0.465165192,0.869746346,0.164810918,0.404416502
72,0.974702201,3.018260387,1.135074885,-0.417055702,0.809058776,0.414111626,0.434751809
72,0.974702201,3.018260387,1.135074885,-0.340524554,0.693235188,0.635191312,0.50738883
72,0.974702201,3.018260387,1.135074885,-0.240787222,0.530168767,0.812983759,0.663448751
72,0.974702201,3.018260387,1.135074885,-0.124640638,0.330972221,0.935372707,1.06274724
72,0.974702201,3.018260387,1.135074885,-5.90E-17,0.109220465,0.99401755,inf
72,0.974702201,3.018260387,1.135074885,0.124640638,-0.119974485,0.98492174,inf
72,0.974702201,3.018260387,1.135074885,0.240787222,-0.340993372,0.908705141,inf
72,0.974702201,3.018260387,1.135074885,0.340524554,-0.538774125,0.770561789,inf
72,0.974702201,3.018260387,1.135074885,0.417055702,-0.699838311,0.579905924,2.130863905
72,0.974702201,3.018260387,1.135074885,0.465165192,-0.813209673,0.349730428,1.833795428
72,0.974702201,3.018260387,1.135074885,0.481574443,-0.871162139,0.095721382,1.711805582
72,0.974702201,3.018260387,1.135074885,0.465165192,-0.869746346,-0.164810918,1.714592099
72,0.974702201,3.018260387,1.135074885,0.417055702,-0.809058776,-0.414111626,1.843203902
72,0.974702201,3.018260387,1.135074885,0.340524554,-0.693235188,-0.635191312,2.151160717
72,0.974702201,3.018260387,1.135074885,0.240787222,-0.530168767,-0.812983759,inf
72,0.974702201,3.018260387,1.135074885,0.124640638,-0.330972221,-0.935372707,inf
73,1.01852246,3.042195059,1.132444996,0,-0.109220465,-0.99401755,inf
73,1.01852246,3.042195059,1.132444996,-0.124640638,0.119974485,-0.98492174,inf
73,1.01852246,3.042195059,1.132444996,-0.240787222,0.340993372,-0.908705141,0.961323798
73,1.01852246,3.042195059,1.132444996,-0.340524554,0.538774125,-0.770561789,0.608427644
73,1.01852246,3.042195059,1.132444996,-0.417055702,0.699838311,-0.579905924,0.468401164
73,1.01852246,3.042195059,1.132444996,-0.465165192,0.813209673,-0.349730428,0.403100342
73,1.01852246,3.042195059,1.132444996,-0.481574443,0.871162139,-0.095721382,0.376284838
73,1.01852246,3.042195059,1.132444996,-0.465165192,0.869746346,0.164810918,0.376897365
73,1.01852246,3.042195059,1.132444996,-0.417055702,0.809058776,0.414111626,0.405168474
73,1.01852246,3.042195059,1.132444996,-0.340524554,0.693235188,0.635191312,0.47286278
73,1.01852246,3.042195059,1.132444996,-0.240787222,0.530168767,0.812983759,0.618303359
73,1.01852246,3.042195059,1.132444996,-0.124640638,0.330972221,0.935372707,0.990431011
73,1.01852246,3.042195059,1.132444996,-5.90E-17,0.109220465,0.99401755,inf
73,1.01852246,3.042195059,1.132444996,0.124640638,-0.119974485,0.98492174,inf
73,1.01852246,3.042195059,1.132444996,0.240787222,-0.340993372,0.908705141,inf
73,1.01852246,3.042195059,1.132444996,0.340524554,-0.538774125,0.770561789,inf
73,1.01852246,3.042195059,1.132444996,0.417055702,-0.699838311,0.579905924,2.139949083
73,1.01852246,3.042195059,1.132444996,0.465165192,-0.813209673,0.349730428,1.863227844
73,1.01852246,3.042195059,1.132444996,0.481574443,-0.871162139,0.095721382,1.739279985
73,1.01852246,3.042195059,1.132444996,0.465165192,-0.869746346,-0.164810918,1.742111325
73,1.01852246,3.042195059,1.132444996,0.417055702,-0.809058776,-0.414111626,1.872787237
73,1.01852246,3.042195059,1.132444996,0.340524554,-0.693235188,-0.635191312,2.185686827
73,1.01852246,3.042195059,1.132444996,0.240787222,-0.530168767,-0.812983759,inf
73,1.01852246,3.042195059,1.132444996,0.124640638,-0.330972221,-0.935372707,inf
74,1.06234272,3.066129732,1.129815107,0,-0.109220465,-0.99401755,inf
74,1.06234272,3.066129732,1.129815107,-0.124640638,0.119974485,-0.98492174,inf
74,1.06234272,3.066129732,1.129815107,-0.240787222,0.340993372,-0.908705141,0.891132772
74,1.06234272,3.066129732,1.129815107,-0.340524554,0.538774125,-0.770561789,0.564003348
74,1.06234272,3.066129732,1.129815107,-0.417055702,0.699838311,-0.579905924,0.434200883
74,1.06234272,3.066129732,1.129815107,-0.465165192,0.813209673,-0.349730428,0.373667985
74,1.06234272,3.066129732,1.129815107,-0.481574443,0.871162139,-0.095721382,0.348810405
74,1.06234272,3.066129732,1.129815107,-0.465165192,0.869746346,0.164810918,0.349378228
74,1.06234272,3.066129732,1.129815107,-0.417055702,0.809058776,0.414111626,0.375585109
74,1.06234272,3.066129732,1.129815107,-0.340524554,0.693235188,0.635191312,0.43833673
74,1.06234272,3.066129732,1.129815107,-0.240787222,0.530168767,0.812983759,0.574676216
74,1.06234272,3.066129732,1.129815107,-0.124640638,0.330972221,0.935372707,1.117952347
74,1.06234272,3.066129732,1.129815107,-5.90E-17,0.109220465,0.99401755,inf
74,1.06234272,3.066129732,1.129815107,0.124640638,-0.119974485,0.98492174,inf
74,1.06234272,3.066129732,1.129815107,0.240787222,-0.340993372,0.908705141,inf
74,1.06234272,3.066129732,1.129815107,0.340524554,-0.538774125,0.770561789,inf
74,1.06234272,3.066129732,1.129815107,0.417055702,-0.699838311,0.579905924,2.034878492
74,1.06234272,3.066129732,1.129815107,0.465165192,-0.813209673,0.349730428,1.824422121
74,1.06234272,3.066129732,1.129815107,0.481574443,-0.871162139,0.095721382,1.762256384
74,1.06234272,3.066129732,1.129815107,0.465165192,-0.869746346,-0.164810918,1.769630432
74,1.06234272,3.066129732,1.129815107,0.417055702,-0.809058776,-0.414111626,1.902370572
74,1.06234272,3.066129732,1.129815107,0.340524554,-0.693235188,-0.635191312,2.220212936
74,1.06234272,3.066129732,1.129815107,0.240787222,-0.530168767,-0.812983759,inf
74,1.06234272,3.066129732,1.129815107,0.124640638,-0.330972221,-0.935372707,inf
75,1.091207703,3.124342931,1.146284024,0,0.359179315,-0.933268568,inf
75,1.091207703,3.124342931,1.146284024,-0.256341591,0.38028174,-0.888636476,0.656184673
75,1.091207703,3.124342931,1.146284024,-0.495213927,0.375468592,-0.783445277,0.654268265
75,1.091207703,3.124342931,1.146284024,-0.700338252,0.345067881,-0.624863578,0.711909771
75,1.091207703,3.124342931,1.146284024,-0.857735682,0.291151363,-0.423698458,0.84374392
75,1.091207703,3.124342931,1.146284024,-0.956679843,0.217393362,-0.193658988,1.130012393
75,1.091207703,3.124342931,1.146284024,-0.990427854,0.128820362,0.049578022,1.518745065
75,1.091207703,3.124342931,1.146284024,-0.956679843,0.031468467,0.289436371,1.572320461
75,1.091207703,3.124342931,1.146284024,-0.857735682,-0.068027952,0.50957011,1.753695607
75,1.091207703,3.124342931,1.146284024,-0.700338252,-0.162888378,0.694977488,inf
75,1.091207703,3.124342931,1.146284024,-0.495213927,-0.24664823,0.833023299,inf
75,1.091207703,3.124342931,1.146284024,-0.256341591,-0.313599414,0.914299949,inf
75,1.091207703,3.124342931,1.146284024,-1.21E-16,-0.359179315,0.933268568,inf
75,1.091207703,3.124342931,1.146284024,0.256341591,-0.38028174,0.888636476,inf
75,1.091207703,3.124342931,1.146284024,0.495213927,-0.375468592,0.783445277,1.655431509
75,1.091207703,3.124342931,1.146284024,0.700338252,-0.345067881,0.624863578,1.170566797
75,1.091207703,3.124342931,1.146284024,0.857735682,-0.291151363,0.423698458,0.955763757
75,1.091207703,3.124342931,1.146284024,0.956679843,-0.217393362,0.193658988,0.856914282
75,1.091207703,3.124342931,1.146284024,0.990427854,-0.128820362,-0.049578022,0.827715635
75,1.091207703,3.124342931,1.146284024,0.956679843,-0.031468467,-0.289436371,0.856914282
75,1.091207703,3.124342931,1.146284024,0.857735682,0.068027952,-0.50957011,0.955763638
75,1.091207703,3.124342931,1.146284024,0.700338252,0.162888378,-0.694977488,1.170566559
75,1.091207703,3.124342931,1.146284024,0.495213927,0.24664823,-0.833023299,1.655431032
75,1.091207703,3.124342931,1.146284024,0.256341591,0.313599414,-0.914299949,inf
76,1.098109273,3.17055969,1.164071084,0,0.359179315,-0.933268568,inf
76,1.098109273,3.17055969,1.164071084,-0.256341591,0.38028174,-0.888636476,0.683108032
76,1.098109273,3.17055969,1.164071084,-0.495213927,0.375468592,-0.783445277,0.531177402
76,1.098109273,3.17055969,1.164071084,-0.700338252,0.345067881,-0.624863578,0.577974498
76,1.098109273,3.17055969,1.164071084,-0.857735682,0.291151363,-0.423698458,0.685006022
76,1.098109273,3.17055969,1.164071084,-0.956679843,0.217393362,-0.193658988,0.917417407
76,1.098109273,3.17055969,1.164071084,-0.990427854,0.128820362,0.049578022,1.525713325
76,1.098109273,3.17055969,1.164071084,-0.956679843,0.031468467,0.289436371,1.579534531
76,1.098109273,3.17055969,1.164071084,-0.857735682,-0.068027952,0.50957011,1.761741877
76,1.098109273,3.17055969,1.164071084,-0.700338252,-0.162888378,0.694977488,inf
76,1.098109273,3.17055969,1.164071084,-0.495213927,-0.24664823,0.833023299,inf
76,1.098109273,3.17055969,1.164071084,-0.256341591,-0.313599414,0.914299949,inf
76,1.098109273,3.17055969,1.164071084,-1.21E-16,-0.359179315,0.933268568,inf
76,1.098109273,3.17055969,1.164071084,0.256341591,-0.38028174,0.888636476,inf
76,1.098109273,3.17055969,1.164071084,0.495213927,-0.375468592,0.783445277,1.641494989
76,1.098109273,3.17055969,1.164071084,0.700338252,-0.345067881,0.624863578,1.160712123
76,1.098109273,3.17055969,1.164071084,0.857735682,-0.291151363,0.423698458,0.947717488
76,1.098109273,3.17055969,1.164071084,0.956679843,-0.217393362,0.193658988,0.849700212
76,1.098109273,3.17055969,1.164071084,0.990427854,-0.128820362,-0.049578022,0.820747375
76,1.098109273,3.17055969,1.164071084,0.956679843,-0.031468467,-0.289436371,0.849700153
76,1.098109273,3.17055969,1.164071084,0.857735682,0.068027952,-0.50957011,0.947717369
76,1.098109273,3.17055969,1.164071084,0.700338252,0.162888378,-0.694977488,1.160712004
76,1.098109273,3.17055969,1.164071084,0.495213927,0.24664823,-0.833023299,1.641494513
76,1.098109273,3.17055969,1.164071084,0.256341591,0.313599414,-0.914299949,inf
77,1.105010843,3.216776449,1.181858144,0,0.359179315,-0.933268568,inf
77,1.105010843,3.216776449,1.181858144,-0.256341591,0.38028174,-0.888636476,0.71003139
77,1.105010843,3.216776449,1.181858144,-0.495213927,0.375468592,-0.783445277,0.408086568
77,1.105010843,3.216776449,1.181858144,-0.700338252,0.345067881,-0.624863578,0.444039255
77,1.105010843,3.216776449,1.181858144,-0.857735682,0.291151363,-0.423698458,0.526268184
77,1.105010843,3.216776449,1.181858144,-0.956679843,0.217393362,-0.193658988,0.704822302
77,1.105010843,3.216776449,1.181858144,-0.990427854,0.128820362,0.049578022,1.189437032
77,1.105010843,3.216776449,1.181858144,-0.956679843,0.031468467,0.289436371,1.586748719
77,1.105010843,3.216776449,1.181858144,-0.857735682,-0.068027952,0.50957011,1.769788146
77,1.105010843,3.216776449,1.181858144,-0.700338252,-0.162888378,0.694977488,inf
77,1.105010843,3.216776449,1.181858144,-0.495213927,-0.24664823,0.833023299,inf
77,1.105010843,3.216776449,1.181858144,-0.256341591,-0.313599414,0.914299949,inf
77,1.105010843,3.216776449,1.181858144,-1.21E-16,-0.359179315,0.933268568,inf
77,1.105010843,3.216776449,1.181858144,0.256341591,-0.38028174,0.888636476,inf
77,1.105010843,3.216776449,1.181858144,0.495213927,-0.375468592,0.783445277,1.62755847
77,1.105010843,3.216776449,1.181858144,0.700338252,-0.345067881,0.624863578,1.150857568
77,1.105010843,3.216776449,1.181858144,0.857735682,-0.291151363,0.423698458,0.939671218
77,1.105010843,3.216776449,1.181858144,0.956679843,-0.217393362,0.193658988,0.842486143
77,1.105010843,3.216776449,1.181858144,0.990427854,-0.128820362,-0.049578022,0.813779116
77,1.105010843,3.216776449,1.181858144,0.956679843,-0.031468467,-0.289436371,0.842486084
77,1.105010843,3.216776449,1.181858144,0.857735682,0.068027952,-0.50957011,0.939671099
77,1.105010843,3.216776449,1.181858144,0.700338252,0.162888378,-0.694977488,1.150857329
77,1.105010843,3.216776449,1.181858144,0.495213927,0.24664823,-0.833023299,1.627557993
77,1.105010843,3.216776449,1.181858144,0.256341591,0.313599414,-0.914299949,inf
78,1.111912412,3.262993209,1.199645204,0,0.359179315,-0.933268568,inf
78,1.111912412,3.262993209,1.199645204,-0.256341591,0.38028174,-0.888636476,0.736954689
78,1.111912412,3.262993209,1.199645204,-0.495213927,0.375468592,-0.783445277,0.381475747
78,1.111912412,3.262993209,1.199645204,-0.700338252,0.345067881,-0.624863578,0.310104012
78,1.111912412,3.262993209,1.199645204,-0.857735682,0.291151363,-0.423698458,0.367530257
78,1.111912412,3.262993209,1.199645204,-0.956679843,0.217393362,-0.193658988,0.492227256
78,1.111912412,3.262993209,1.199645204,-0.990427854,0.128820362,0.049578022,0.830667973
78,1.111912412,3.262993209,1.199645204,-0.956679843,0.031468467,0.289436371,1.593962789
78,1.111912412,3.262993209,1.199645204,-0.857735682,-0.068027952,0.50957011,1.777834415
78,1.111912412,3.262993209,1.199645204,-0.700338252,-0.162888378,0.694977488,inf
78,1.111912412,3.262993209,1.199645204,-0.495213927,-0.24664823,0.833023299,inf
78,1.111912412,3.262993209,1.199645204,-0.256341591,-0.313599414,0.914299949,inf
78,1.111912412,3.262993209,1.199645204,-1.21E-16,-0.359179315,0.933268568,inf
78,1.111912412,3.262993209,1.199645204,0.256341591,-0.38028174,0.888636476,inf
78,1.111912412,3.262993209,1.199645204,0.495213927,-0.375468592,0.783445277,1.61362195
78,1.111912412,3.262993209,1.199645204,0.700338252,-0.345067881,0.624863578,1.141002893
78,1.111912412,3.262993209,1.199645204,0.857735682,-0.291151363,0.423698458,0.931624949
78,1.111912412,3.262993209,1.199645204,0.956679843,-0.217393362,0.193658988,0.835272074
78,1.111912412,3.262993209,1.199645204,0.990427854,-0.128820362,-0.049578022,0.806810856
78,1.111912412,3.262993209,1.199645204,0.956679843,-0.031468467,-0.289436371,0.835272014
78,1.111912412,3.262993209,1.199645204,0.857735682,0.068027952,-0.50957011,0.93162483
78,1.111912412,3.262993209,1.199645204,0.700338252,0.162888378,-0.694977488,1.141002774
78,1.111912412,3.262993209,1.199645204,0.495213927,0.24664823,-0.833023299,1.613621354
78,1.111912412,3.262993209,1.199645204,0.256341591,0.313599414,-0.914299949,inf
79,1.118813982,3.309209968,1.217432264,0,0.359179315,-0.933268568,inf
79,1.118813982,3.309209968,1.217432264,-0.256341591,0.38028174,-0.888636476,0.763878047
79,1.118813982,3.309209968,1.217432264,-0.495213927,0.375468592,-0.783445277,0.395412296
79,1.118813982,3.309209968,1.217432264,-0.700338252,0.345067881,-0.624863578,0.279598713
79,1.118813982,3.309209968,1.217432264,-0.857735682,0.291151363,-0.423698458,0.228291377
79,1.118813982,3.309209968,1.217432264,-0.956679843,0.217393362,-0.193658988,0.279632211
79,1.118813982,3.309209968,1.217432264,-0.990427854,0.128820362,0.049578022,0.471898913
79,1.118813982,3.309209968,1.217432264,-0.956679843,0.031468467,0.289436371,1.601176858
79,1.118813982,3.309209968,1.217432264,-0.857735682,-0.068027952,0.50957011,1.785880685
79,1.118813982,3.309209968,1.217432264,-0.700338252,-0.162888378,0.694977488,inf
79,1.118813982,3.309209968,1.217432264,-0.495213927,-0.24664823,0.833023299,inf
79,1.118813982,3.309209968,1.217432264,-0.256341591,-0.313599414,0.914299949,inf
79,1.118813982,3.309209968,1.217432264,-1.21E-16,-0.359179315,0.933268568,inf
79,1.118813982,3.309209968,1.217432264,0.256341591,-0.38028174,0.888636476,inf
79,1.118813982,3.309209968,1.217432264,0.495213927,-0.375468592,0.783445277,1.599685311
79,1.118813982,3.309209968,1.217432264,0.700338252,-0.345067881,0.624863578,1.131148338
79,1.118813982,3.309209968,1.217432264,0.857735682,-0.291151363,0.423698458,0.92357868
79,1.118813982,3.309209968,1.217432264,0.956679843,-0.217393362,0.193658988,0.828057945
79,1.118813982,3.309209968,1.217432264,0.990427854,-0.128820362,-0.049578022,0.799842536
79,1.118813982,3.309209968,1.217432264,0.956679843,-0.031468467,-0.289436371,0.828057945
79,1.118813982,3.309209968,1.217432264,0.857735682,0.068027952,-0.50957011,0.92357856
79,1.118813982,3.309209968,1.217432264,0.700338252,0.162888378,-0.694977488,1.1311481
79,1.118813982,3.309209968,1.217432264,0.495213927,0.24664823,-0.833023299,1.599684834
79,1.118813982,3.309209968,1.217432264,0.256341591,0.313599414,-0.914299949,inf
80,1.125715552,3.355426727,1.235219324,0,0.359179315,-0.933268568,inf
80,1.125715552,3.355426727,1.235219324,-0.256341591,0.38028174,-0.888636476,inf
80,1.125715552,3.355426727,1.235219324,-0.495213927,0.375468592,-0.783445277,0.409348845
80,1.125715552,3.355426727,1.235219324,-0.700338252,0.345067881,-0.624863578,0.289453328
80,1.125715552,3.355426727,1.235219324,-0.857735682,0.291151363,-0.423698458,0.236337632
80,1.125715552,3.355426727,1.235219324,-0.956679843,0.217393362,-0.193658988,0.211894527
80,1.125715552,3.355426727,1.235219324,-0.990427854,0.128820362,0.049578022,0.203846619
80,1.125715552,3.355426727,1.235219324,-0.956679843,0.031468467,0.289436371,0.463112444
80,1.125715552,3.355426727,1.235219324,-0.857735682,-0.068027952,0.50957011,1.793926954
80,1.125715552,3.355426727,1.235219324,-0.700338252,-0.162888378,0.694977488,inf
80,1.125715552,3.355426727,1.235219324,-0.495213927,-0.24664823,0.833023299,inf
80,1.125715552,3.355426727,1.235219324,-0.256341591,-0.313599414,0.914299949,inf
80,1.125715552,3.355426727,1.235219324,-1.21E-16,-0.359179315,0.933268568,inf
80,1.125715552,3.355426727,1.235219324,0.256341591,-0.38028174,0.888636476,inf
80,1.125715552,3.355426727,1.235219324,0.495213927,-0.375468592,0.783445277,1.585748792
80,1.125715552,3.355426727,1.235219324,0.700338252,-0.345067881,0.624863578,1.121293664
80,1.125715552,3.355426727,1.235219324,0.857735682,-0.291151363,0.423698458,0.91553241
80,1.125715552,3.355426727,1.235219324,0.956679843,-0.217393362,0.193658988,0.820843875
80,1.125715552,3.355426727,1.235219324,0.990427854,-0.128820362,-0.049578022,0.792874277
80,1.125715552,3.355426727,1.235219324,0.956679843,-0.031468467,-0.289436371,0.820843875
80,1.125715552,3.355426727,1.235219324,0.857735682,0.068027952,-0.50957011,0.915532351
80,1.125715552,3.355426727,1.235219324,0.700338252,0.162888378,-0.694977488,1.121293426
80,1.125715552,3.355426727,1.235219324,0.495213927,0.24664823,-0.833023299,1.585748315
80,1.125715552,3.355426727,1.235219324,0.256341591,0.313599414,-0.914299949,inf
81,1.132617122,3.401643486,1.253006384,0,0.359179315,-0.933268568,inf
81,1.132617122,3.401643486,1.253006384,-0.256341591,0.38028174,-0.888636476,inf
81,1.132617122,3.401643486,1.253006384,-0.495213927,0.375468592,-0.783445277,0.423285395
81,1.132617122,3.401643486,1.253006384,-0.700338252,0.345067881,-0.624863578,0.299307942
81,1.132617122,3.401643486,1.253006384,-0.857735682,0.291151363,-0.423698458,0.244383901
81,1.132617122,3.401643486,1.253006384,-0.956679843,0.217393362,-0.193658988,0.219108611
81,1.132617122,3.401643486,1.253006384,-0.990427854,0.128820362,0.049578022,0.211642653
81,1.132617122,3.401643486,1.253006384,-0.956679843,0.031468467,0.289436371,0.219108596
81,1.132617122,3.401643486,1.253006384,-0.857735682,-0.068027952,0.50957011,0.244383872
81,1.132617122,3.401643486,1.253006384,-0.700338252,-0.162888378,0.694977488,inf
81,1.132617122,3.401643486,1.253006384,-0.495213927,-0.24664823,0.833023299,inf
81,1.132617122,3.401643486,1.253006384,-0.256341591,-0.313599414,0.914299949,inf
81,1.132617122,3.401643486,1.253006384,-1.21E-16,-0.359179315,0.933268568,inf
81,1.132617122,3.401643486,1.253006384,0.256341591,-0.38028174,0.888636476,inf
81,1.132617122,3.401643486,1.253006384,0.495213927,-0.375468592,0.783445277,1.571812272
81,1.132617122,3.401643486,1.253006384,0.700338252,-0.345067881,0.624863578,1.111439109
81,1.132617122,3.401643486,1.253006384,0.857735682,-0.291151363,0.423698458,0.907486141
81,1.132617122,3.401643486,1.253006384,0.956679843,-0.217393362,0.193658988,0.813629806
81,1.132617122,3.401643486,1.253006384,0.990427854,-0.128820362,-0.049578022,0.785906017
81,1.132617122,3.401643486,1.253006384,0.956679843,-0.031468467,-0.289436371,0.813629746
81,1.132617122,3.401643486,1.253006384,0.857735682,0.068027952,-0.50957011,0.907486081
81,1.132617122,3.401643486,1.253006384,0.700338252,0.162888378,-0.694977488,1.11143887
81,1.132617122,3.401643486,1.253006384,0.495213927,0.24664823,-0.833023299,1.571811795
81,1.132617122,3.401643486,1.253006384,0.256341591,0.313599414,-0.914299949,inf
82,1.139518691,3.447860246,1.270793444,0,0.359179315,-0.933268568,inf
82,1.139518691,3.447860246,1.270793444,-0.256341591,0.38028174,-0.888636476,inf
82,1.139518691,3.447860246,1.270793444,-0.495213927,0.375468592,-0.783445277,0.437221915
82,1.139518691,3.447860246,1.270793444,-0.700338252,0.345067881,-0.624863578,0.309162557
82,1.139518691,3.447860246,1.270793444,-0.857735682,0.291151363,-0.423698458,0.252430171
82,1.139518691,3.447860246,1.270793444,-0.956679843,0.217393362,-0.193658988,0.226322696
82,1.139518691,3.447860246,1.270793444,-0.990427854,0.128820362,0.049578022,0.218610927
82,1.139518691,3.447860246,1.270793444,-0.956679843,0.031468467,0.289436371,0.226322681
82,1.139518691,3.447860246,1.270793444,-0.857735682,-0.068027952,0.50957011,0.252430141
82,1.139518691,3.447860246,1.270793444,-0.700338252,-0.162888378,0.694977488,0.309162498
82,1.139518691,3.447860246,1.270793444,-0.495213927,-0.24664823,0.833023299,inf
82,1.139518691,3.447860246,1.270793444,-0.256341591,-0.313599414,0.914299949,inf
82,1.139518691,3.447860246,1.270793444,-1.21E-16,-0.359179315,0.933268568,inf
82,1.139518691,3.447860246,1.270793444,0.256341591,-0.38028174,0.888636476,inf
82,1.139518691,3.447860246,1.270793444,0.495213927,-0.375468592,0.783445277,1.557875752
82,1.139518691,3.447860246,1.270793444,0.700338252,-0.345067881,0.624863578,1.101584435
82,1.139518691,3.447860246,1.270793444,0.857735682,-0.291151363,0.423698458,0.899439871
82,1.139518691,3.447860246,1.270793444,0.956679843,-0.217393362,0.193658988,0.806415737
82,1.139518691,3.447860246,1.270793444,0.990427854,-0.128820362,-0.049578022,0.778937757
82,1.139518691,3.447860246,1.270793444,0.956679843,-0.031468467,-0.289436371,0.806415677
82,1.139518691,3.447860246,1.270793444,0.857735682,0.068027952,-0.50957011,0.899439812
82,1.139518691,3.447860246,1.270793444,0.700338252,0.162888378,-0.694977488,1.101584196
82,1.139518691,3.447860246,1.270793444,0.495213927,0.24664823,-0.833023299,1.557875276
82,1.139518691,3.447860246,1.270793444,0.256341591,0.313599414,-0.914299949,inf
83,1.146420261,3.494077005,1.288580504,0,0.359179315,-0.933268568,inf
83,1.146420261,3.494077005,1.288580504,-0.256341591,0.38028174,-0.888636476,inf
83,1.146420261,3.494077005,1.288580504,-0.495213927,0.375468592,-0.783445277,inf
83,1.146420261,3.494077005,1.288580504,-0.700338252,0.345067881,-0.624863578,0.319017202
83,1.146420261,3.494077005,1.288580504,-0.857735682,0.291151363,-0.423698458,0.26047644
83,1.146420261,3.494077005,1.288580504,-0.956679843,0.217393362,-0.193658988,0.23353678
83,1.146420261,3.494077005,1.288580504,-0.990427854,0.128820362,0.049578022,0.225579202
83,1.146420261,3.494077005,1.288580504,-0.956679843,0.031468467,0.289436371,0.233536765
83,1.146420261,3.494077005,1.288580504,-0.857735682,-0.068027952,0.50957011,0.26047641
83,1.146420261,3.494077005,1.288580504,-0.700338252,-0.162888378,0.694977488,0.319017142
83,1.146420261,3.494077005,1.288580504,-0.495213927,-0.24664823,0.833023299,0.451158315
83,1.146420261,3.494077005,1.288580504,-0.256341591,-0.313599414,0.914299949,inf
83,1.146420261,3.494077005,1.288580504,-1.21E-16,-0.359179315,0.933268568,inf
83,1.146420261,3.494077005,1.288580504,0.256341591,-0.38028174,0.888636476,inf
83,1.146420261,3.494077005,1.288580504,0.495213927,-0.375468592,0.783445277,1.543939233
83,1.146420261,3.494077005,1.288580504,0.700338252,-0.345067881,0.624863578,1.09172976
83,1.146420261,3.494077005,1.288580504,0.857735682,-0.291151363,0.423698458,0.891393602
83,1.146420261,3.494077005,1.288580504,0.956679843,-0.217393362,0.193658988,0.799201608
83,1.146420261,3.494077005,1.288580504,0.990427854,-0.128820362,-0.049578022,0.771969497
83,1.146420261,3.494077005,1.288580504,0.956679843,-0.031468467,-0.289436371,0.799201608
83,1.146420261,3.494077005,1.288580504,0.857735682,0.068027952,-0.50957011,0.891393542
83,1.146420261,3.494077005,1.288580504,0.700338252,0.162888378,-0.694977488,1.091729641
83,1.146420261,3.494077005,1.288580504,0.495213927,0.24664823,-0.833023299,1.543938756
83,1.146420261,3.494077005,1.288580504,0.256341591,0.313599414,-0.914299949,inf
84,1.153321831,3.540293764,1.306367563,0,0.359179315,-0.933268568,inf
84,1.153321831,3.540293764,1.306367563,-0.256341591,0.38028174,-0.888636476,inf
84,1.153321831,3.540293764,1.306367563,-0.495213927,0.375468592,-0.783445277,inf
84,1.153321831,3.540293764,1.306367563,-0.700338252,0.345067881,-0.624863578,inf
84,1.153321831,3.540293764,1.306367563,-0.857735682,0.291151363,-0.423698458,0.26852271
84,1.153321831,3.540293764,1.306367563,-0.956679843,0.217393362,-0.193658988,0.240750864
84,1.153321831,3.540293764,1.306367563,-0.990427854,0.128820362,0.049578022,0.232547462
84,1.153321831,3.540293764,1.306367563,-0.956679843,0.031468467,0.289436371,0.240750849
84,1.153321831,3.540293764,1.306367563,-0.857735682,-0.068027952,0.50957011,0.26852268
84,1.153321831,3.540293764,1.306367563,-0.700338252,-0.162888378,0.694977488,0.328871757
84,1.153321831,3.540293764,1.306367563,-0.495213927,-0.24664823,0.833023299,0.465094864
84,1.153321831,3.540293764,1.306367563,-0.256341591,-0.313599414,0.914299949,inf
84,1.153321831,3.540293764,1.306367563,-1.21E-16,-0.359179315,0.933268568,inf
84,1.153321831,3.540293764,1.306367563,0.256341591,-0.38028174,0.888636476,inf
84,1.153321831,3.540293764,1.306367563,0.495213927,-0.375468592,0.783445277,inf
84,1.153321831,3.540293764,1.306367563,0.700338252,-0.345067881,0.624863578,1.081875205
84,1.153321831,3.540293764,1.306367563,0.857735682,-0.291151363,0.423698458,0.883347332
84,1.153321831,3.540293764,1.306367563,0.956679843,-0.217393362,0.193658988,0.791987538
84,1.153321831,3.540293764,1.306367563,0.990427854,-0.128820362,-0.049578022,0.765001237
84,1.153321831,3.540293764,1.306367563,0.956679843,-0.031468467,-0.289436371,0.791987538
84,1.153321831,3.540293764,1.306367563,0.857735682,0.068027952,-0.50957011,0.883347273
84,1.153321831,3.540293764,1.306367563,0.700338252,0.162888378,-0.694977488,1.081874967
84,1.153321831,3.540293764,1.306367563,0.495213927,0.24664823,-0.833023299,1.530002236
84,1.153321831,3.540293764,1.306367563,0.256341591,0.313599414,-0.914299949,inf
85,1.1602234,3.586510523,1.324154623,0,0.359179315,-0.933268568,inf
85,1.1602234,3.586510523,1.324154623,-0.256341591,0.38028174,-0.888636476,inf
85,1.1602234,3.586510523,1.324154623,-0.495213927,0.375468592,-0.783445277,inf
85,1.1602234,3.586510523,1.324154623,-0.700338252,0.345067881,-0.624863578,inf
85,1.1602234,3.586510523,1.324154623,-0.857735682,0.291151363,-0.423698458,inf
85,1.1602234,3.586510523,1.324154623,-0.956679843,0.217393362,-0.193658988,2.856988192
85,1.1602234,3.586510523,1.324154623,-0.990427854,0.128820362,0.049578022,0.239515737
85,1.1602234,3.586510523,1.324154623,-0.956679843,0.031468467,0.289436371,0.247964934
85,1.1602234,3.586510523,1.324154623,-0.857735682,-0.068027952,0.50957011,0.276568949
85,1.1602234,3.586510523,1.324154623,-0.700338252,-0.162888378,0.694977488,0.338726372
85,1.1602234,3.586510523,1.324154623,-0.495213927,-0.24664823,0.833023299,0.479031384
85,1.1602234,3.586510523,1.324154623,-0.256341591,-0.313599414,0.914299949,inf
85,1.1602234,3.586510523,1.324154623,-1.21E-16,-0.359179315,0.933268568,inf
85,1.1602234,3.586510523,1.324154623,0.256341591,-0.38028174,0.888636476,inf
85,1.1602234,3.586510523,1.324154623,0.495213927,-0.375468592,0.783445277,inf
85,1.1602234,3.586510523,1.324154623,0.700338252,-0.345067881,0.624863578,1.072020531
85,1.1602234,3.586510523,1.324154623,0.857735682,-0.291151363,0.423698458,0.875301063
85,1.1602234,3.586510523,1.324154623,0.956679843,-0.217393362,0.193658988,0.784773469
85,1.1602234,3.586510523,1.324154623,0.990427854,-0.128820362,-0.049578022,0.758032918
85,1.1602234,3.586510523,1.324154623,0.956679843,-0.031468467,-0.289436371,0.784773409
85,1.1602234,3.586510523,1.324154623,0.857735682,0.068027952,-0.50957011,0.875301003
85,1.1602234,3.586510523,1.324154623,0.700338252,0.162888378,-0.694977488,1.072020411
85,1.1602234,3.586510523,1.324154623,0.495213927,0.24664823,-0.833023299,1.516065598
85,1.1602234,3.586510523,1.324154623,0.256341591,0.313599414,-0.914299949,inf
86,1.16712497,3.632727283,1.341941683,0,0.359179315,-0.933268568,inf
86,1.16712497,3.632727283,1.341941683,-0.256341591,0.38028174,-0.888636476,inf
86,1.16712497,3.632727283,1.341941683,-0.495213927,0.375468592,-0.783445277,inf
86,1.16712497,3.632727283,1.341941683,-0.700338252,0.345067881,-0.624863578,inf
86,1.16712497,3.632727283,1.341941683,-0.857735682,0.291151363,-0.423698458,inf
86,1.16712497,3.632727283,1.341941683,-0.956679843,0.217393362,-0.193658988,2.864202261
86,1.16712497,3.632727283,1.341941683,-0.990427854,0.128820362,0.049578022,2.766607046
86,1.16712497,3.632727283,1.341941683,-0.956679843,0.031468467,0.289436371,2.864202261
86,1.16712497,3.632727283,1.341941683,-0.857735682,-0.068027952,0.50957011,0.284169942
86,1.16712497,3.632727283,1.341941683,-0.700338252,-0.162888378,0.694977488,0.348580986
86,1.16712497,3.632727283,1.341941683,-0.495213927,-0.24664823,0.833023299,0.492967933
86,1.16712497,3.632727283,1.341941683,-0.256341591,-0.313599414,0.914299949,inf
86,1.16712497,3.632727283,1.341941683,-1.21E-16,-0.359179315,0.933268568,inf
86,1.16712497,3.632727283,1.341941683,0.256341591,-0.38028174,0.888636476,inf
86,1.16712497,3.632727283,1.341941683,0.495213927,-0.375468592,0.783445277,inf
86,1.16712497,3.632727283,1.341941683,0.700338252,-0.345067881,0.624863578,1.062165976
86,1.16712497,3.632727283,1.341941683,0.857735682,-0.291151363,0.423698458,0.867254853
86,1.16712497,3.632727283,1.341941683,0.956679843,-0.217393362,0.193658988,0.7775594
86,1.16712497,3.632727283,1.341941683,0.990427854,-0.128820362,-0.049578022,0.751064658
86,1.16712497,3.632727283,1.341941683,0.956679843,-0.031468467,-0.289436371,0.77755934
86,1.16712497,3.632727283,1.341941683,0.857735682,0.068027952,-0.50957011,0.867254734
86,1.16712497,3.632727283,1.341941683,0.700338252,0.162888378,-0.694977488,1.062165737
86,1.16712497,3.632727283,1.341941683,0.495213927,0.24664823,-0.833023299,1.502129078
86,1.16712497,3.632727283,1.341941683,0.256341591,0.313599414,-0.914299949,inf
87,1.17402654,3.678944042,1.359728743,0,0.359179315,-0.933268568,inf
87,1.17402654,3.678944042,1.359728743,-0.256341591,0.38028174,-0.888636476,inf
87,1.17402654,3.678944042,1.359728743,-0.495213927,0.375468592,-0.783445277,inf
87,1.17402654,3.678944042,1.359728743,-0.700338252,0.345067881,-0.624863578,inf
87,1.17402654,3.678944042,1.359728743,-0.857735682,0.291151363,-0.423698458,inf
87,1.17402654,3.678944042,1.359728743,-0.956679843,0.217393362,-0.193658988,2.871416569
87,1.17402654,3.678944042,1.359728743,-0.990427854,0.128820362,0.049578022,2.773575306
87,1.17402654,3.678944042,1.359728743,-0.956679843,0.031468467,0.289436371,2.87141633
87,1.17402654,3.678944042,1.359728743,-0.857735682,-0.068027952,0.50957011,0.807665884
87,1.17402654,3.678944042,1.359728743,-0.700338252,-0.162888378,0.694977488,0.35766682
87,1.17402654,3.678944042,1.359728743,-0.495213927,-0.24664823,0.833023299,0.506904483
87,1.17402654,3.678944042,1.359728743,-0.256341591,-0.313599414,0.914299949,0.979264081
87,1.17402654,3.678944042,1.359728743,-1.21E-16,-0.359179315,0.933268568,inf
87,1.17402654,3.678944042,1.359728743,0.256341591,-0.38028174,0.888636476,inf
87,1.17402654,3.678944042,1.359728743,0.495213927,-0.375468592,0.783445277,inf
87,1.17402654,3.678944042,1.359728743,0.700338252,-0.345067881,0.624863578,1.052311301
87,1.17402654,3.678944042,1.359728743,0.857735682,-0.291151363,0.423698458,0.859208584
87,1.17402654,3.678944042,1.359728743,0.956679843,-0.217393362,0.193658988,0.770345271
87,1.17402654,3.678944042,1.359728743,0.990427854,-0.128820362,-0.049578022,0.744096398
87,1.17402654,3.678944042,1.359728743,0.956679843,-0.031468467,-0.289436371,0.770345271
87,1.17402654,3.678944042,1.359728743,0.857735682,0.068027952,-0.50957011,0.859208465
87,1.17402654,3.678944042,1.359728743,0.700338252,0.162888378,-0.694977488,1.052311182
87,1.17402654,3.678944042,1.359728743,0.495213927,0.24664823,-0.833023299,1.488192558
87,1.17402654,3.678944042,1.359728743,0.256341591,0.313599414,-0.914299949,inf
88,1.18092811,3.725160801,1.377515803,0,0.359179315,-0.933268568,inf
88,1.18092811,3.725160801,1.377515803,-0.256341591,0.38028174,-0.888636476,inf
88,1.18092811,3.725160801,1.377515803,-0.495213927,0.375468592,-0.783445277,inf
88,1.18092811,3.725160801,1.377515803,-0.700338252,0.345067881,-0.624863578,inf
88,1.18092811,3.725160801,1.377515803,-0.857735682,0.291151363,-0.423698458,inf
88,1.18092811,3.725160801,1.377515803,-0.956679843,0.217393362,-0.193658988,2.878630638
88,1.18092811,3.725160801,1.377515803,-0.990427854,0.128820362,0.049578022,2.780543566
88,1.18092811,3.725160801,1.377515803,-0.956679843,0.031468467,0.289436371,2.8786304
88,1.18092811,3.725160801,1.377515803,-0.857735682,-0.068027952,0.50957011,1.487044573
88,1.18092811,3.725160801,1.377515803,-0.700338252,-0.162888378,0.694977488,0.62104255
88,1.18092811,3.725160801,1.377515803,-0.495213927,-0.24664823,0.833023299,0.520841002
88,1.18092811,3.725160801,1.377515803,-0.256341591,-0.313599414,0.914299949,1.006187439
88,1.18092811,3.725160801,1.377515803,-1.21E-16,-0.359179315,0.933268568,inf
88,1.18092811,3.725160801,1.377515803,0.256341591,-0.38028174,0.888636476,inf
88,1.18092811,3.725160801,1.377515803,0.495213927,-0.375468592,0.783445277,inf
88,1.18092811,3.725160801,1.377515803,0.700338252,-0.345067881,0.624863578,1.042456746
88,1.18092811,3.725160801,1.377515803,0.857735682,-0.291151363,0.423698458,0.851162314
88,1.18092811,3.725160801,1.377515803,0.956679843,-0.217393362,0.193658988,0.763131201
88,1.18092811,3.725160801,1.377515803,0.990427854,-0.128820362,-0.049578022,0.737128139
88,1.18092811,3.725160801,1.377515803,0.956679843,-0.031468467,-0.289436371,0.763131201
88,1.18092811,3.725160801,1.377515803,0.857735682,0.068027952,-0.50957011,0.851162195
88,1.18092811,3.725160801,1.377515803,0.700338252,0.162888378,-0.694977488,1.042456508
88,1.18092811,3.725160801,1.377515803,0.495213927,0.24664823,-0.833023299,1.474256039
88,1.18092811,3.725160801,1.377515803,0.256341591,0.313599414,-0.914299949,inf
89,1.149035734,3.769717447,1.380562104,0,0.010060873,-0.999949388,inf
89,1.149035734,3.769717447,1.380562104,-0.194770957,-0.160718535,-0.967591767,1.160519481
89,1.149035734,3.769717447,1.380562104,-0.376268595,-0.32054524,-0.869294365,0.600728929
89,1.149035734,3.769717447,1.380562104,-0.53212415,-0.458527317,-0.71175599,0.424779475
89,1.149035734,3.769717447,1.380562104,-0.651716324,-0.565261515,-0.505712619,0.346830964
89,1.149035734,3.769717447,1.380562104,-0.726895107,-0.633474075,-0.26520577,0.310960114
89,1.149035734,3.769717447,1.380562104,-0.75253719,-0.658516423,-0.006625585,0.300364405
89,1.149035734,3.769717447,1.380562104,-0.726895107,-0.638681966,0.252406122,0.310960114
89,1.149035734,3.769717447,1.380562104,-0.651716324,-0.575322388,0.494236769,0.346830904
89,1.149035734,3.769717447,1.380562104,-0.53212415,-0.47275554,0.702385997,0.424779356
89,1.149035734,3.769717447,1.380562104,-0.376268595,-0.337971183,0.86266878,0.600728691
89,1.149035734,3.769717447,1.380562104,-0.194770957,-0.180154649,0.964162111,inf
89,1.149035734,3.769717447,1.380562104,-9.22E-17,-0.010060873,0.999949388,inf
89,1.149035734,3.769717447,1.380562104,0.194770957,0.160718535,0.967591767,inf
89,1.149035734,3.769717447,1.380562104,0.376268595,0.32054524,0.869294365,inf
89,1.149035734,3.769717447,1.380562104,0.53212415,0.458527317,0.71175599,1.431930304
89,1.149035734,3.769717447,1.380562104,0.651716324,0.565261515,0.505712619,1.169166088
89,1.149035734,3.769717447,1.380562104,0.726895107,0.633474075,0.26520577,1.048245668
89,1.149035734,3.769717447,1.380562104,0.75253719,0.658516423,0.006625585,1.012527466
89,1.149035734,3.769717447,1.380562104,0.726895107,0.638681966,-0.252406122,1.048245549
89,1.149035734,3.769717447,1.380562104,0.651716324,0.575322388,-0.494236769,1.169165969
89,1.149035734,3.769717447,1.380562104,0.53212415,0.47275554,-0.702385997,1.431929946
89,1.149035734,3.769717447,1.380562104,0.376268595,0.337971183,-0.86266878,2.025054693
89,1.149035734,3.769717447,1.380562104,0.194770957,0.180154649,-0.964162111,inf
90,1.116108247,3.807342402,1.380940663,0,0.010060873,-0.999949388,inf
90,1.116108247,3.807342402,1.380940663,-0.194770957,-0.160718535,-0.967591767,1.140766382
90,1.116108247,3.807342402,1.380940663,-0.376268595,-0.32054524,-0.869294365,0.571969986
90,1.116108247,3.807342402,1.380940663,-0.53212415,-0.458527317,-0.71175599,0.399850219
90,1.116108247,3.807342402,1.380940663,-0.651716324,-0.565261515,-0.505712619,0.324349433
90,1.116108247,3.807342402,1.380940663,-0.726895107,-0.633474075,-0.26520577,0.289423436
90,1.116108247,3.807342402,1.380940663,-0.75253719,-0.658516423,-0.006625585,0.27841711
90,1.116108247,3.807342402,1.380940663,-0.726895107,-0.638681966,0.252406122,0.28706342
90,1.116108247,3.807342402,1.380940663,-0.651716324,-0.575322388,0.494236769,0.318677366
90,1.116108247,3.807342402,1.380940663,-0.53212415,-0.47275554,0.702385997,0.387816131
90,1.116108247,3.807342402,1.380940663,-0.376268595,-0.337971183,0.86266878,0.5424788
90,1.116108247,3.807342402,1.380940663,-0.194770957,-0.180154649,0.964162111,1.017693281
90,1.116108247,3.807342402,1.380940663,-9.22E-17,-0.010060873,0.999949388,inf
90,1.116108247,3.807342402,1.380940663,0.194770957,0.160718535,0.967591767,inf
90,1.116108247,3.807342402,1.380940663,0.376268595,0.32054524,0.869294365,inf
90,1.116108247,3.807342402,1.380940663,0.53212415,0.458527317,0.71175599,1.4938097
90,1.116108247,3.807342402,1.380940663,0.651716324,0.565261515,0.505712619,1.219690442
90,1.116108247,3.807342402,1.380940663,0.726895107,0.633474075,0.26520577,1.093544483
90,1.116108247,3.807342402,1.380940663,0.75253719,0.658516423,0.006625585,1.056282759
90,1.116108247,3.807342402,1.380940663,0.726895107,0.638681966,-0.252406122,1.093544364
90,1.116108247,3.807342402,1.380940663,0.651716324,0.575322388,-0.494236769,1.219690204
90,1.116108247,3.807342402,1.380940663,0.53212415,0.47275554,-0.702385997,1.493809342
90,1.116108247,3.807342402,1.380940663,0.376268595,0.337971183,-0.86266878,2.112565279
90,1.116108247,3.807342402,1.380940663,0.194770957,0.180154649,-0.964162111,inf
91,1.083180759,3.844967357,1.381319222,0,0.010060873,-0.999949388,inf
91,1.083180759,3.844967357,1.381319222,-0.194770957,-0.160718535,-0.967591767,1.374871135
91,1.083180759,3.844967357,1.381319222,-0.376268595,-0.32054524,-0.869294365,0.689348042
91,1.083180759,3.844967357,1.381319222,-0.53212415,-0.458527317,-0.71175599,0.481906325
91,1.083180759,3.844967357,1.381319222,-0.651716324,-0.565261515,-0.505712619,0.39091146
91,1.083180759,3.844967357,1.381319222,-0.726895107,-0.633474075,-0.26520577,0.348818064
91,1.083180759,3.844967357,1.381319222,-0.75253719,-0.658516423,-0.006625585,0.33555305
91,1.083180759,3.844967357,1.381319222,-0.726895107,-0.638681966,0.252406122,0.34597373
91,1.083180759,3.844967357,1.381319222,-0.651716324,-0.575322388,0.494236769,0.384075403
91,1.083180759,3.844967357,1.381319222,-0.53212415,-0.47275554,0.702385997,0.467402607
91,1.083180759,3.844967357,1.381319222,-0.376268595,-0.337971183,0.86266878,0.653804719
91,1.083180759,3.844967357,1.381319222,-0.194770957,-0.180154649,0.964162111,inf
91,1.083180759,3.844967357,1.381319222,-9.22E-17,-0.010060873,0.999949388,inf
91,1.083180759,3.844967357,1.381319222,0.194770957,0.160718535,0.967591767,inf
91,1.083180759,3.844967357,1.381319222,0.376268595,0.32054524,0.869294365,inf
91,1.083180759,3.844967357,1.381319222,0.53212415,0.458527317,0.71175599,1.555688977
91,1.083180759,3.844967357,1.381319222,0.651716324,0.565261515,0.505712619,1.270214677
91,1.083180759,3.844967357,1.381319222,0.726895107,0.633474075,0.26520577,1.138843298
91,1.083180759,3.844967357,1.381319222,0.75253719,0.658516423,0.006625585,1.100038052
91,1.083180759,3.844967357,1.381319222,0.726895107,0.638681966,-0.252406122,1.138843179
91,1.083180759,3.844967357,1.381319222,0.651716324,0.575322388,-0.494236769,1.270214558
91,1.083180759,3.844967357,1.381319222,0.53212415,0.47275554,-0.702385997,1.55568862
91,1.083180759,3.844967357,1.381319222,0.376268595,0.337971183,-0.86266878,inf
91,1.083180759,3.844967357,1.381319222,0.194770957,0.180154649,-0.964162111,inf
92,1.050253271,3.882592312,1.381697781,0,0.010060873,-0.999949388,inf
92,1.050253271,3.882592312,1.381697781,-0.194770957,-0.160718535,-0.967591767,1.608975768
92,1.050253271,3.882592312,1.381697781,-0.376268595,-0.32054524,-0.869294365,0.806726038
92,1.050253271,3.882592312,1.381697781,-0.53212415,-0.458527317,-0.71175599,0.5639624
92,1.050253271,3.882592312,1.381697781,-0.651716324,-0.565261515,-0.505712619,0.457473487
92,1.050253271,3.882592312,1.381697781,-0.726895107,-0.633474075,-0.26520577,0.408212692
92,1.050253271,3.882592312,1.381697781,-0.75253719,-0.658516423,-0.006625585,0.39268899
92,1.050253271,3.882592312,1.381697781,-0.726895107,-0.638681966,0.252406122,0.40488404
92,1.050253271,3.882592312,1.381697781,-0.651716324,-0.575322388,0.494236769,0.449473441
92,1.050253271,3.882592312,1.381697781,-0.53212415,-0.47275554,0.702385997,0.546989083
92,1.050253271,3.882592312,1.381697781,-0.376268595,-0.337971183,0.86266878,0.765130639
92,1.050253271,3.882592312,1.381697781,-0.194770957,-0.180154649,0.964162111,inf
92,1.050253271,3.882592312,1.381697781,-9.22E-17,-0.010060873,0.999949388,inf
92,1.050253271,3.882592312,1.381697781,0.194770957,0.160718535,0.967591767,inf
92,1.050253271,3.882592312,1.381697781,0.376268595,0.32054524,0.869294365,inf
92,1.050253271,3.882592312,1.381697781,0.53212415,0.458527317,0.71175599,inf
92,1.050253271,3.882592312,1.381697781,0.651716324,0.565261515,0.505712619,1.320738912
92,1.050253271,3.882592312,1.381697781,0.726895107,0.633474075,0.26520577,1.184142113
92,1.050253271,3.882592312,1.381697781,0.75253719,0.658516423,0.006625585,1.143793344
92,1.050253271,3.882592312,1.381697781,0.726895107,0.638681966,-0.252406122,1.184141994
92,1.050253271,3.882592312,1.381697781,0.651716324,0.575322388,-0.494236769,1.320738792
92,1.050253271,3.882592312,1.381697781,0.53212415,0.47275554,-0.702385997,1.617567897
92,1.050253271,3.882592312,1.381697781,0.376268595,0.337971183,-0.86266878,inf
92,1.050253271,3.882592312,1.381697781,0.194770957,0.180154649,-0.964162111,inf
93,1.017325784,3.920217267,1.38207634,0,0.010060873,-0.999949388,inf
93,1.017325784,3.920217267,1.38207634,-0.194770957,-0.160718535,-0.967591767,1.843080521
93,1.017325784,3.920217267,1.38207634,-0.376268595,-0.32054524,-0.869294365,0.924104035
93,1.017325784,3.920217267,1.38207634,-0.53212415,-0.458527317,-0.71175599,0.646018505
93,1.017325784,3.920217267,1.38207634,-0.651716324,-0.565261515,-0.505712619,0.524035513
93,1.017325784,3.920217267,1.38207634,-0.726895107,-0.633474075,-0.26520577,0.467607319
93,1.017325784,3.920217267,1.38207634,-0.75253719,-0.658516423,-0.006625585,0.449824929
93,1.017325784,3.920217267,1.38207634,-0.726895107,-0.638681966,0.252406122,0.463794351
93,1.017325784,3.920217267,1.38207634,-0.651716324,-0.575322388,0.494236769,0.514871478
93,1.017325784,3.920217267,1.38207634,-0.53212415,-0.47275554,0.702385997,0.626575589
93,1.017325784,3.920217267,1.38207634,-0.376268595,-0.337971183,0.86266878,0.876456559
93,1.017325784,3.920217267,1.38207634,-0.194770957,-0.180154649,0.964162111,inf
93,1.017325784,3.920217267,1.38207634,-9.22E-17,-0.010060873,0.999949388,inf
93,1.017325784,3.920217267,1.38207634,0.194770957,0.160718535,0.967591767,inf
93,1.017325784,3.920217267,1.38207634,0.376268595,0.32054524,0.869294365,inf
93,1.017325784,3.920217267,1.38207634,0.53212415,0.458527317,0.71175599,inf
93,1.017325784,3.920217267,1.38207634,0.651716324,0.565261515,0.505712619,1.371263266
93,1.017325784,3.920217267,1.38207634,0.726895107,0.633474075,0.26520577,1.229440928
93,1.017325784,3.920217267,1.38207634,0.75253719,0.658516423,0.006625585,1.187548637
93,1.017325784,3.920217267,1.38207634,0.726895107,0.638681966,-0.252406122,1.229440808
93,1.017325784,3.920217267,1.38207634,0.651716324,0.575322388,-0.494236769,1.371263027
93,1.017325784,3.920217267,1.38207634,0.53212415,0.47275554,-0.702385997,1.679447293
93,1.017325784,3.920217267,1.38207634,0.376268595,0.337971183,-0.86266878,inf
93,1.017325784,3.920217267,1.38207634,0.194770957,0.180154649,-0.964162111,inf
94,0.984398296,3.957842222,1.382454899,0,0.010060873,-0.999949388,inf
94,0.984398296,3.957842222,1.382454899,-0.194770957,-0.160718535,-0.967591767,inf
94,0.984398296,3.957842222,1.382454899,-0.376268595,-0.32054524,-0.869294365,1.041482091
94,0.984398296,3.957842222,1.382454899,-0.53212415,-0.458527317,-0.71175599,0.72807461
94,0.984398296,3.957842222,1.382454899,-0.651716324,-0.565261515,-0.505712619,0.59059757
94,0.984398296,3.957842222,1.382454899,-0.726895107,-0.633474075,-0.26520577,0.527001917
94,0.984398296,3.957842222,1.382454899,-0.75253719,-0.658516423,-0.006625585,0.506960869
94,0.984398296,3.957842222,1.382454899,-0.726895107,-0.638681966,0.252406122,0.522704661
94,0.984398296,3.957842222,1.382454899,-0.651716324,-0.575322388,0.494236769,0.580269516
94,0.984398296,3.957842222,1.382454899,-0.53212415,-0.47275554,0.702385997,0.706162035
94,0.984398296,3.957842222,1.382454899,-0.376268595,-0.337971183,0.86266878,0.987782478
94,0.984398296,3.957842222,1.382454899,-0.194770957,-0.180154649,0.964162111,inf
94,0.984398296,3.957842222,1.382454899,-9.22E-17,-0.010060873,0.999949388,inf
94,0.984398296,3.957842222,1.382454899,0.194770957,0.160718535,0.967591767,inf
94,0.984398296,3.957842222,1.382454899,0.376268595,0.32054524,0.869294365,inf
94,0.984398296,3.957842222,1.382454899,0.53212415,0.458527317,0.71175599,inf
94,0.984398296,3.957842222,1.382454899,0.651716324,0.565261515,0.505712619,1.4217875
94,0.984398296,3.957842222,1.382454899,0.726895107,0.633474075,0.26520577,1.274739742
94,0.984398296,3.957842222,1.382454899,0.75253719,0.658516423,0.006625585,1.231304049
94,0.984398296,3.957842222,1.382454899,0.726895107,0.638681966,-0.252406122,1.274739623
94,0.984398296,3.957842222,1.382454899,0.651716324,0.575322388,-0.494236769,1.421787262
94,0.984398296,3.957842222,1.382454899,0.53212415,0.47275554,-0.702385997,1.741326571
94,0.984398296,3.957842222,1.382454899,0.376268595,0.337971183,-0.86266878,inf
94,0.984398296,3.957842222,1.382454899,0.194770957,0.180154649,-0.964162111,inf
95,0.951470808,3.995467177,1.382833459,0,0.010060873,-0.999949388,inf
95,0.951470808,3.995467177,1.382833459,-0.194770957,-0.160718535,-0.967591767,inf
95,0.951470808,3.995467177,1.382833459,-0.376268595,-0.32054524,-0.869294365,1.158860087
95,0.951470808,3.995467177,1.382833459,-0.53212415,-0.458527317,-0.71175599,0.810130656
95,0.951470808,3.995467177,1.382833459,-0.651716324,-0.565261515,-0.505712619,0.657159626
95,0.951470808,3.995467177,1.382833459,-0.726895107,-0.633474075,-0.26520577,0.586396575
95,0.951470808,3.995467177,1.382833459,-0.75253719,-0.658516423,-0.006625585,0.564096808
95,0.951470808,3.995467177,1.382833459,-0.726895107,-0.638681966,0.252406122,0.581614971
95,0.951470808,3.995467177,1.382833459,-0.651716324,-0.575322388,0.494236769,0.645667553
95,0.951470808,3.995467177,1.382833459,-0.53212415,-0.47275554,0.702385997,0.785748541
95,0.951470808,3.995467177,1.382833459,-0.376268595,-0.337971183,0.86266878,1.099108338
95,0.951470808,3.995467177,1.382833459,-0.194770957,-0.180154649,0.964162111,inf
95,0.951470808,3.995467177,1.382833459,-9.22E-17,-0.010060873,0.999949388,inf
95,0.951470808,3.995467177,1.382833459,0.194770957,0.160718535,0.967591767,inf
95,0.951470808,3.995467177,1.382833459,0.376268595,0.32054524,0.869294365,inf
95,0.951470808,3.995467177,1.382833459,0.53212415,0.458527317,0.71175599,inf
95,0.951470808,3.995467177,1.382833459,0.651716324,0.565261515,0.505712619,1.472311735
95,0.951470808,3.995467177,1.382833459,0.726895107,0.633474075,0.26520577,1.320038557
95,0.951470808,3.995467177,1.382833459,0.75253719,0.658516423,0.006625585,1.275059342
95,0.951470808,3.995467177,1.382833459,0.726895107,0.638681966,-0.252406122,1.320038438
95,0.951470808,3.995467177,1.382833459,0.651716324,0.575322388,-0.494236769,1.472311497
95,0.951470808,3.995467177,1.382833459,0.53212415,0.47275554,-0.702385997,1.803205967
95,0.951470808,3.995467177,1.382833459,0.376268595,0.337971183,-0.86266878,inf
95,0.951470808,3.995467177,1.382833459,0.194770957,0.180154649,-0.964162111,inf
96,0.918543321,4.033092133,1.383212018,0,0.010060873,-0.999949388,inf
96,0.918543321,4.033092133,1.383212018,-0.194770957,-0.160718535,-0.967591767,inf
96,0.918543321,4.033092133,1.383212018,-0.376268595,-0.32054524,-0.869294365,1.276238084
96,0.918543321,4.033092133,1.383212018,-0.53212415,-0.458527317,-0.71175599,0.892186761
96,0.918543321,4.033092133,1.383212018,-0.651716324,-0.565261515,-0.505712619,0.723721623
96,0.918543321,4.033092133,1.383212018,-0.726895107,-0.633474075,-0.26520577,0.645791173
96,0.918543321,4.033092133,1.383212018,-0.75253719,-0.658516423,-0.006625585,0.621232748
96,0.918543321,4.033092133,1.383212018,-0.726895107,-0.638681966,0.252406122,0.640525281
96,0.918543321,4.033092133,1.383212018,-0.651716324,-0.575322388,0.494236769,0.71106559
96,0.918543321,4.033092133,1.383212018,-0.53212415,-0.47275554,0.702385997,0.865335047
96,0.918543321,4.033092133,1.383212018,-0.376268595,-0.337971183,0.86266878,1.210434318
96,0.918543321,4.033092133,1.383212018,-0.194770957,-0.180154649,0.964162111,inf
96,0.918543321,4.033092133,1.383212018,-9.22E-17,-0.010060873,0.999949388,inf
96,0.918543321,4.033092133,1.383212018,0.194770957,0.160718535,0.967591767,inf
96,0.918543321,4.033092133,1.383212018,0.376268595,0.32054524,0.869294365,inf
96,0.918543321,4.033092133,1.383212018,0.53212415,0.458527317,0.71175599,inf
96,0.918543321,4.033092133,1.383212018,0.651716324,0.565261515,0.505712619,1.52283597
96,0.918543321,4.033092133,1.383212018,0.726895107,0.633474075,0.26520577,1.365337372
96,0.918543321,4.033092133,1.383212018,0.75253719,0.658516423,0.006625585,1.318814635
96,0.918543321,4.033092133,1.383212018,0.726895107,0.638681966,-0.252406122,1.365337253
96,0.918543321,4.033092133,1.383212018,0.651716324,0.575322388,-0.494236769,1.522835851
96,0.918543321,4.033092133,1.383212018,0.53212415,0.47275554,-0.702385997,1.865085244
96,0.918543321,4.033092133,1.383212018,0.376268595,0.337971183,-0.86266878,inf
96,0.918543321,4.033092133,1.383212018,0.194770957,0.180154649,-0.964162111,inf
97,0.85939457,4.059326752,1.369865683,0.277844569,0,-0.960626043,inf
97,0.85939457,4.059326752,1.369865683,0.208991886,-0.251327785,-0.945069699,inf
97,0.85939457,4.059326752,1.369865683,0.125896752,-0.485527997,-0.865108416,inf
97,0.85939457,4.059326752,1.369865683,0.034221961,-0.686640279,-0.726191425,0.633995175
97,0.85939457,4.059326752,1.369865683,-0.059784999,-0.84095916,-0.537785688,0.517654896
97,0.85939457,4.059326752,1.369865683,-0.14971771,-0.937968064,-0.312730745,0.464116663
97,0.85939457,4.059326752,1.369865683,-0.229447407,-0.971055994,-0.066363718,0.448302239
97,0.85939457,4.059326752,1.369865683,-0.293540643,-0.937968064,0.184525886,0.464116633
97,0.85939457,4.059326752,1.369865683,-0.337629568,-0.84095916,0.422840356,0.517654836
97,0.85939457,4.059326752,1.369865683,-0.358709597,-0.686640279,0.632338954,0.633995116
97,0.85939457,4.059326752,1.369865683,-0.355344159,-0.485527997,0.798744698,0.896604419
97,0.85939457,4.059326752,1.369865683,-0.327762604,-0.251327785,0.910717311,inf
97,0.85939457,4.059326752,1.369865683,-0.277844569,-1.19E-16,0.960626043,inf
97,0.85939457,4.059326752,1.369865683,-0.208991886,0.251327785,0.945069699,inf
97,0.85939457,4.059326752,1.369865683,-0.125896752,0.485527997,0.865108416,inf
97,0.85939457,4.059326752,1.369865683,-0.034221961,0.686640279,0.726191425,inf
97,0.85939457,4.059326752,1.369865683,0.059784999,0.84095916,0.537785688,1.320722222
97,0.85939457,4.059326752,1.369865683,0.14971771,0.937968064,0.312730745,1.184127092
97,0.85939457,4.059326752,1.369865683,0.229447407,0.971055994,0.066363718,1.14377892
97,0.85939457,4.059326752,1.369865683,0.293540643,0.937968064,-0.184525886,1.184127092
97,0.85939457,4.059326752,1.369865683,0.337629568,0.84095916,-0.422840356,1.320722103
97,0.85939457,4.059326752,1.369865683,0.358709597,0.686640279,-0.632338954,1.617547631
97,0.85939457,4.059326752,1.369865683,0.355344159,0.485527997,-0.798744698,2.287557602
97,0.85939457,4.059326752,1.369865683,0.327762604,0.251327785,-0.910717311,inf
98,0.812753487,4.07126935,1.356375552,0.277844569,0,-0.960626043,inf
98,0.812753487,4.07126935,1.356375552,0.208991886,-0.251327785,-0.945069699,inf
98,0.812753487,4.07126935,1.356375552,0.125896752,-0.485527997,-0.865108416,inf
98,0.812753487,4.07126935,1.356375552,0.034221961,-0.686640279,-0.726191425,0.65138799
98,0.812753487,4.07126935,1.356375552,-0.059784999,-0.84095916,-0.537785688,0.53185606
98,0.812753487,4.07126935,1.356375552,-0.14971771,-0.937968064,-0.312730745,0.476849079
98,0.812753487,4.07126935,1.356375552,-0.229447407,-0.971055994,-0.066363718,0.460600823
98,0.812753487,4.07126935,1.356375552,-0.293540643,-0.937968064,0.184525886,0.476849049
98,0.812753487,4.07126935,1.356375552,-0.337629568,-0.84095916,0.422840356,0.531856
98,0.812753487,4.07126935,1.356375552,-0.358709597,-0.686640279,0.632338954,0.65138787
98,0.812753487,4.07126935,1.356375552,-0.355344159,-0.485527997,0.798744698,0.921201527
98,0.812753487,4.07126935,1.356375552,-0.327762604,-0.251327785,0.910717311,inf
98,0.812753487,4.07126935,1.356375552,-0.277844569,-1.19E-16,0.960626043,inf
98,0.812753487,4.07126935,1.356375552,-0.208991886,0.251327785,0.945069699,inf
98,0.812753487,4.07126935,1.356375552,-0.125896752,0.485527997,0.865108416,inf
98,0.812753487,4.07126935,1.356375552,-0.034221961,0.686640279,0.726191425,inf
98,0.812753487,4.07126935,1.356375552,0.059784999,0.84095916,0.537785688,1.306521058
98,0.812753487,4.07126935,1.356375552,0.14971771,0.937968064,0.312730745,1.171394706
98,0.812753487,4.07126935,1.356375552,0.229447407,0.971055994,0.066363718,1.131480455
98,0.812753487,4.07126935,1.356375552,0.293540643,0.937968064,-0.184525886,1.171394706
98,0.812753487,4.07126935,1.356375552,0.337629568,0.84095916,-0.422840356,1.306520939
98,0.812753487,4.07126935,1.356375552,0.358709597,0.686640279,-0.632338954,1.600154877
98,0.812753487,4.07126935,1.356375552,0.355344159,0.485527997,-0.798744698,2.262960672
98,0.812753487,4.07126935,1.356375552,0.327762604,0.251327785,-0.910717311,inf
99,0.766112403,4.083211948,1.34288542,0.277844569,0,-0.960626043,inf
99,0.766112403,4.083211948,1.34288542,0.208991886,-0.251327785,-0.945069699,inf
99,0.766112403,4.083211948,1.34288542,0.125896752,-0.485527997,-0.865108416,0.945798874
99,0.766112403,4.083211948,1.34288542,0.034221961,-0.686640279,-0.726191425,0.668780744
99,0.766112403,4.083211948,1.34288542,-0.059784999,-0.84095916,-0.537785688,0.546057224
99,0.766112403,4.083211948,1.34288542,-0.14971771,-0.937968064,-0.312730745,0.489581466
99,0.766112403,4.083211948,1.34288542,-0.229447407,-0.971055994,-0.066363718,0.472899377
99,0.766112403,4.083211948,1.34288542,-0.293540643,-0.937968064,0.184525886,0.489581466
99,0.766112403,4.083211948,1.34288542,-0.337629568,-0.84095916,0.422840356,0.546057165
99,0.766112403,4.083211948,1.34288542,-0.358709597,-0.686640279,0.632338954,0.668780684
99,0.766112403,4.083211948,1.34288542,-0.355344159,-0.485527997,0.798744698,0.945798695
99,0.766112403,4.083211948,1.34288542,-0.327762604,-0.251327785,0.910717311,inf
99,0.766112403,4.083211948,1.34288542,-0.277844569,-1.19E-16,0.960626043,inf
99,0.766112403,4.083211948,1.34288542,-0.208991886,0.251327785,0.945069699,inf
99,0.766112403,4.083211948,1.34288542,-0.125896752,0.485527997,0.865108416,inf
99,0.766112403,4.083211948,1.34288542,-0.034221961,0.686640279,0.726191425,1.582762241
99,0.766112403,4.083211948,1.34288542,0.059784999,0.84095916,0.537785688,1.292319894
99,0.766112403,4.083211948,1.34288542,0.14971771,0.937968064,0.312730745,1.158662319
99,0.766112403,4.083211948,1.34288542,0.229447407,0.971055994,0.066363718,1.119181871
99,0.766112403,4.083211948,1.34288542,0.293540643,0.937968064,-0.184525886,1.158662319
99,0.766112403,4.083211948,1.34288542,0.337629568,0.84095916,-0.422840356,1.292319775
99,0.766112403,4.083211948,1.34288542,0.358709597,0.686640279,-0.632338954,1.582762003
99,0.766112403,4.083211948,1.34288542,0.355344159,0.485527997,-0.798744698,2.238363504
99,0.766112403,4.083211948,1.34288542,0.327762604,0.251327785,-0.910717311,inf
100,0.719471319,4.095154546,1.329395288,0.277844569,0,-0.960626043,inf
100,0.719471319,4.095154546,1.329395288,0.208991886,-0.251327785,-0.945069699,inf
100,0.719471319,4.095154546,1.329395288,0.125896752,-0.485527997,-0.865108416,0.970395982
100,0.719471319,4.095154546,1.329395288,0.034221961,-0.686640279,-0.726191425,0.686173558
100,0.719471319,4.095154546,1.329395288,-0.059784999,-0.84095916,-0.537785688,0.560258389
100,0.719471319,4.095154546,1.329395288,-0.14971771,-0.937968064,-0.312730745,0.502313912
100,0.719471319,4.095154546,1.329395288,-0.229447407,-0.971055994,-0.066363718,0.485197961
100,0.719471319,4.095154546,1.329395288,-0.293540643,-0.937968064,0.184525886,0.502313852
100,0.719471319,4.095154546,1.329395288,-0.337629568,-0.84095916,0.422840356,0.560258329
100,0.719471319,4.095154546,1.329395288,-0.358709597,-0.686640279,0.632338954,0.686173499
100,0.719471319,4.095154546,1.329395288,-0.355344159,-0.485527997,0.798744698,0.970395803
100,0.719471319,4.095154546,1.329395288,-0.327762604,-0.251327785,0.910717311,inf
100,0.719471319,4.095154546,1.329395288,-0.277844569,-1.19E-16,0.960626043,inf
100,0.719471319,4.095154546,1.329395288,-0.208991886,0.251327785,0.945069699,inf
100,0.719471319,4.095154546,1.329395288,-0.125896752,0.485527997,0.865108416,inf
100,0.719471319,4.095154546,1.329395288,-0.034221961,0.686640279,0.726191425,1.565369368
100,0.719471319,4.095154546,1.329395288,0.059784999,0.84095916,0.537785688,1.27811873
100,0.719471319,4.095154546,1.329395288,0.14971771,0.937968064,0.312730745,1.145929933
100,0.719471319,4.095154546,1.329395288,0.229447407,0.971055994,0.066363718,1.106883287
100,0.719471319,4.095154546,1.329395288,0.293540643,0.937968064,-0.184525886,1.145929813
100,0.719471319,4.095154546,1.329395288,0.337629568,0.84095916,-0.422840356,1.27811861
100,0.719471319,4.095154546,1.329395288,0.358709597,0.686640279,-0.632338954,1.565369248
100,0.719471319,4.095154546,1.329395288,0.355344159,0.485527997,-0.798744698,2.213766336
100,0.719471319,4.095154546,1.329395288,0.327762604,0.251327785,-0.910717311,inf
101,0.672830235,4.107097143,1.315905156,0.277844569,0,-0.960626043,inf
101,0.672830235,4.107097143,1.315905156,0.208991886,-0.251327785,-0.945069699,inf
101,0.672830235,4.107097143,1.315905156,0.125896752,-0.485527997,-0.865108416,0.99499315
101,0.672830235,4.107097143,1.315905156,0.034221961,-0.686640279,-0.726191425,0.703566372
101,0.672830235,4.107097143,1.315905156,-0.059784999,-0.84095916,-0.537785688,0.574459553
101,0.672830235,4.107097143,1.315905156,-0.14971771,-0.937968064,-0.312730745,0.515046299
101,0.672830235,4.107097143,1.315905156,-0.229447407,-0.971055994,-0.066363718,0.497496516
101,0.672830235,4.107097143,1.315905156,-0.293540643,-0.937968064,0.184525886,0.515046299
101,0.672830235,4.107097143,1.315905156,-0.337629568,-0.84095916,0.422840356,0.574459493
101,0.672830235,4.107097143,1.315905156,-0.358709597,-0.686640279,0.632338954,0.703566313
101,0.672830235,4.107097143,1.315905156,-0.355344159,-0.485527997,0.798744698,0.994992971
101,0.672830235,4.107097143,1.315905156,-0.327762604,-0.251327785,0.910717311,inf
101,0.672830235,4.107097143,1.315905156,-0.277844569,-1.19E-16,0.960626043,inf
101,0.672830235,4.107097143,1.315905156,-0.208991886,0.251327785,0.945069699,inf
101,0.672830235,4.107097143,1.315905156,-0.125896752,0.485527997,0.865108416,inf
101,0.672830235,4.107097143,1.315905156,-0.034221961,0.686640279,0.726191425,1.547976613
101,0.672830235,4.107097143,1.315905156,0.059784999,0.84095916,0.537785688,1.263917565
101,0.672830235,4.107097143,1.315905156,0.14971771,0.937968064,0.312730745,1.133197427
101,0.672830235,4.107097143,1.315905156,0.229447407,0.971055994,0.066363718,1.094584703
101,0.672830235,4.107097143,1.315905156,0.293540643,0.937968064,-0.184525886,1.133197427
101,0.672830235,4.107097143,1.315905156,0.337629568,0.84095916,-0.422840356,1.263917446
101,0.672830235,4.107097143,1.315905156,0.358709597,0.686640279,-0.632338954,1.547976375
101,0.672830235,4.107097143,1.315905156,0.355344159,0.485527997,-0.798744698,2.189169168
101,0.672830235,4.107097143,1.315905156,0.327762604,0.251327785,-0.910717311,inf
102,0.626189151,4.119039741,1.302415025,0.277844569,0,-0.960626043,inf
102,0.626189151,4.119039741,1.302415025,0.208991886,-0.251327785,-0.945069699,inf
102,0.626189151,4.119039741,1.302415025,0.125896752,-0.485527997,-0.865108416,1.019590259
102,0.626189151,4.119039741,1.302415025,0.034221961,-0.686640279,-0.726191425,0.720959187
102,0.626189151,4.119039741,1.302415025,-0.059784999,-0.84095916,-0.537785688,0.588660717
102,0.626189151,4.119039741,1.302415025,-0.14971771,-0.937968064,-0.312730745,0.527778745
102,0.626189151,4.119039741,1.302415025,-0.229447407,-0.971055994,-0.066363718,0.50979507
102,0.626189151,4.119039741,1.302415025,-0.293540643,-0.937968064,0.184525886,0.527778685
102,0.626189151,4.119039741,1.302415025,-0.337629568,-0.84095916,0.422840356,0.588660657
102,0.626189151,4.119039741,1.302415025,-0.358709597,-0.686640279,0.632338954,0.720959067
102,0.626189151,4.119039741,1.302415025,-0.355344159,-0.485527997,0.798744698,1.019590139
102,0.626189151,4.119039741,1.302415025,-0.327762604,-0.251327785,0.910717311,inf
102,0.626189151,4.119039741,1.302415025,-0.277844569,-1.19E-16,0.960626043,inf
102,0.626189151,4.119039741,1.302415025,-0.208991886,0.251327785,0.945069699,inf
102,0.626189151,4.119039741,1.302415025,-0.125896752,0.485527997,0.865108416,inf
102,0.626189151,4.119039741,1.302415025,-0.034221961,0.686640279,0.726191425,1.530583739
102,0.626189151,4.119039741,1.302415025,0.059784999,0.84095916,0.537785688,1.249716401
102,0.626189151,4.119039741,1.302415025,0.14971771,0.937968064,0.312730745,1.12046504
102,0.626189151,4.119039741,1.302415025,0.229447407,0.971055994,0.066363718,1.082286119
102,0.626189151,4.119039741,1.302415025,0.293540643,0.937968064,-0.184525886,1.12046504
102,0.626189151,4.119039741,1.302415025,0.337629568,0.84095916,-0.422840356,1.249716282
102,0.626189151,4.119039741,1.302415025,0.358709597,0.686640279,-0.632338954,1.53058362
102,0.626189151,4.119039741,1.302415025,0.355344159,0.485527997,-0.798744698,2.164572001
102,0.626189151,4.119039741,1.302415025,0.327762604,0.251327785,-0.910717311,inf
103,0.579548067,4.130982339,1.288924893,0.277844569,0,-0.960626043,inf
103,0.579548067,4.130982339,1.288924893,0.208991886,-0.251327785,-0.945069699,inf
103,0.579548067,4.130982339,1.288924893,0.125896752,-0.485527997,-0.865108416,1.044187427
103,0.579548067,4.130982339,1.288924893,0.034221961,-0.686640279,-0.726191425,0.738352001
103,0.579548067,4.130982339,1.288924893,-0.059784999,-0.84095916,-0.537785688,0.602861881
103,0.579548067,4.130982339,1.288924893,-0.14971771,-0.937968064,-0.312730745,0.540511131
103,0.579548067,4.130982339,1.288924893,-0.229447407,-0.971055994,-0.066363718,0.522093654
103,0.579548067,4.130982339,1.288924893,-0.293540643,-0.937968064,0.184525886,0.540511131
103,0.579548067,4.130982339,1.288924893,-0.337629568,-0.84095916,0.422840356,0.602861822
103,0.579548067,4.130982339,1.288924893,-0.358709597,-0.686640279,0.632338954,0.738351882
103,0.579548067,4.130982339,1.288924893,-0.355344159,-0.485527997,0.798744698,1.044187188
103,0.579548067,4.130982339,1.288924893,-0.327762604,-0.251327785,0.910717311,inf
103,0.579548067,4.130982339,1.288924893,-0.277844569,-1.19E-16,0.960626043,inf
103,0.579548067,4.130982339,1.288924893,-0.208991886,0.251327785,0.945069699,inf
103,0.579548067,4.130982339,1.288924893,-0.125896752,0.485527997,0.865108416,inf
103,0.579548067,4.130982339,1.288924893,-0.034221961,0.686640279,0.726191425,1.513190985
103,0.579548067,4.130982339,1.288924893,0.059784999,0.84095916,0.537785688,1.235515237
103,0.579548067,4.130982339,1.288924893,0.14971771,0.937968064,0.312730745,1.107732654
103,0.579548067,4.130982339,1.288924893,0.229447407,0.971055994,0.066363718,1.069987535
103,0.579548067,4.130982339,1.288924893,0.293540643,0.937968064,-0.184525886,1.107732654
103,0.579548067,4.130982339,1.288924893,0.337629568,0.84095916,-0.422840356,1.235515118
103,0.579548067,4.130982339,1.288924893,0.358709597,0.686640279,-0.632338954,1.513190866
103,0.579548067,4.130982339,1.288924893,0.355344159,0.485527997,-0.798744698,2.139974833
103,0.579548067,4.130982339,1.288924893,0.327762604,0.251327785,-0.910717311,inf
104,0.532906983,4.142924936,1.275434761,0.277844569,0,-0.960626043,inf
104,0.532906983,4.142924936,1.275434761,0.208991886,-0.251327785,-0.945069699,inf
104,0.532906983,4.142924936,1.275434761,0.125896752,-0.485527997,-0.865108416,1.068784595
104,0.532906983,4.142924936,1.275434761,0.034221961,-0.686640279,-0.726191425,0.755744755
104,0.532906983,4.142924936,1.275434761,-0.059784999,-0.84095916,-0.537785688,0.617063046
104,0.532906983,4.142924936,1.275434761,-0.14971771,-0.937968064,-0.312730745,0.553243577
104,0.532906983,4.142924936,1.275434761,-0.229447407,-0.971055994,-0.066363718,0.534392238
104,0.532906983,4.142924936,1.275434761,-0.293540643,-0.937968064,0.184525886,0.553243518
104,0.532906983,4.142924936,1.275434761,-0.337629568,-0.84095916,0.422840356,0.617062986
104,0.532906983,4.142924936,1.275434761,-0.358709597,-0.686640279,0.632338954,0.755744696
104,0.532906983,4.142924936,1.275434761,-0.355344159,-0.485527997,0.798744698,1.068784356
104,0.532906983,4.142924936,1.275434761,-0.327762604,-0.251327785,0.910717311,inf
104,0.532906983,4.142924936,1.275434761,-0.277844569,-1.19E-16,0.960626043,inf
104,0.532906983,4.142924936,1.275434761,-0.208991886,0.251327785,0.945069699,inf
104,0.532906983,4.142924936,1.275434761,-0.125896752,0.485527997,0.865108416,inf
104,0.532906983,4.142924936,1.275434761,-0.034221961,0.686640279,0.726191425,1.49579823
104,0.532906983,4.142924936,1.275434761,0.059784999,0.84095916,0.537785688,1.221314073
104,0.532906983,4.142924936,1.275434761,0.14971771,0.937968064,0.312730745,1.095000267
104,0.532906983,4.142924936,1.275434761,0.229447407,0.971055994,0.066363718,1.057688951
104,0.532906983,4.142924936,1.275434761,0.293540643,0.937968064,-0.184525886,1.095000148
104,0.532906983,4.142924936,1.275434761,0.337629568,0.84095916,-0.422840356,1.221313953
104,0.532906983,4.142924936,1.275434761,0.358709597,0.686640279,-0.632338954,1.495797992
104,0.532906983,4.142924936,1.275434761,0.355344159,0.485527997,-0.798744698,2.115377665
104,0.532906983,4.142924936,1.275434761,0.327762604,0.251327785,-0.910717311,inf
105,0.486265899,4.154867534,1.26194463,0.277844569,0,-0.960626043,inf
105,0.486265899,4.154867534,1.26194463,0.208991886,-0.251327785,-0.945069699,inf
105,0.486265899,4.154867534,1.26194463,0.125896752,-0.485527997,-0.865108416,1.093381763
105,0.486265899,4.154867534,1.26194463,0.034221961,-0.686640279,-0.726191425,0.773137569
105,0.486265899,4.154867534,1.26194463,-0.059784999,-0.84095916,-0.537785688,0.63126421
105,0.486265899,4.154867534,1.26194463,-0.14971771,-0.937968064,-0.312730745,0.565975964
105,0.486265899,4.154867534,1.26194463,-0.229447407,-0.971055994,-0.066363718,0.546690822
105,0.486265899,4.154867534,1.26194463,-0.293540643,-0.937968064,0.184525886,0.565975964
105,0.486265899,4.154867534,1.26194463,-0.337629568,-0.84095916,0.422840356,0.63126415
105,0.486265899,4.154867534,1.26194463,-0.358709597,-0.686640279,0.632338954,0.77313751
105,0.486265899,4.154867534,1.26194463,-0.355344159,-0.485527997,0.798744698,1.093381524
105,0.486265899,4.154867534,1.26194463,-0.327762604,-0.251327785,0.910717311,inf
105,0.486265899,4.154867534,1.26194463,-0.277844569,-1.19E-16,0.960626043,inf
105,0.486265899,4.154867534,1.26194463,-0.208991886,0.251327785,0.945069699,inf
105,0.486265899,4.154867534,1.26194463,-0.125896752,0.485527997,0.865108416,inf
105,0.486265899,4.154867534,1.26194463,-0.034221961,0.686640279,0.726191425,1.478405356
105,0.486265899,4.154867534,1.26194463,0.059784999,0.84095916,0.537785688,1.207112908
105,0.486265899,4.154867534,1.26194463,0.14971771,0.937968064,0.312730745,1.082267761
105,0.486265899,4.154867534,1.26194463,0.229447407,0.971055994,0.066363718,1.045390368
105,0.486265899,4.154867534,1.26194463,0.293540643,0.937968064,-0.184525886,1.082267761
105,0.486265899,4.154867534,1.26194463,0.337629568,0.84095916,-0.422840356,1.207112789
105,0.486265899,4.154867534,1.26194463,0.358709597,0.686640279,-0.632338954,1.478405237
105,0.486265899,4.154867534,1.26194463,0.355344159,0.485527997,-0.798744698,2.090780735
105,0.486265899,4.154867534,1.26194463,0.327762604,0.251327785,-0.910717311,inf
106,0.439624815,4.166810132,1.248454498,0.277844569,0,-0.960626043,inf
106,0.439624815,4.166810132,1.248454498,0.208991886,-0.251327785,-0.945069699,inf
106,0.439624815,4.166810132,1.248454498,0.125896752,-0.485527997,-0.865108416,1.117978811
106,0.439624815,4.166810132,1.248454498,0.034221961,-0.686640279,-0.726191425,0.790530384
106,0.439624815,4.166810132,1.248454498,-0.059784999,-0.84095916,-0.537785688,0.645465374
106,0.439624815,4.166810132,1.248454498,-0.14971771,-0.937968064,-0.312730745,0.57870841
106,0.439624815,4.166810132,1.248454498,-0.229447407,-0.971055994,-0.066363718,0.558989346
106,0.439624815,4.166810132,1.248454498,-0.293540643,-0.937968064,0.184525886,0.578708351
106,0.439624815,4.166810132,1.248454498,-0.337629568,-0.84095916,0.422840356,0.645465314
106,0.439624815,4.166810132,1.248454498,-0.358709597,-0.686640279,0.632338954,0.790530324
106,0.439624815,4.166810132,1.248454498,-0.355344159,-0.485527997,0.798744698,1.117978573
106,0.439624815,4.166810132,1.248454498,-0.327762604,-0.251327785,0.910717311,inf
106,0.439624815,4.166810132,1.248454498,-0.277844569,-1.19E-16,0.960626043,inf
106,0.439624815,4.166810132,1.248454498,-0.208991886,0.251327785,0.945069699,inf
106,0.439624815,4.166810132,1.248454498,-0.125896752,0.485527997,0.865108416,inf
106,0.439624815,4.166810132,1.248454498,-0.034221961,0.686640279,0.726191425,1.461012602
106,0.439624815,4.166810132,1.248454498,0.059784999,0.84095916,0.537785688,1.192911744
106,0.439624815,4.166810132,1.248454498,0.14971771,0.937968064,0.312730745,1.069535375
106,0.439624815,4.166810132,1.248454498,0.229447407,0.971055994,0.066363718,1.033091903
106,0.439624815,4.166810132,1.248454498,0.293540643,0.937968064,-0.184525886,1.069535375
106,0.439624815,4.166810132,1.248454498,0.337629568,0.84095916,-0.422840356,1.192911625
106,0.439624815,4.166810132,1.248454498,0.358709597,0.686640279,-0.632338954,1.461012363
106,0.439624815,4.166810132,1.248454498,0.355344159,0.485527997,-0.798744698,2.066183567
106,0.439624815,4.166810132,1.248454498,0.327762604,0.251327785,-0.910717311,inf
107,0.392983732,4.178752729,1.234964366,0.277844569,0,-0.960626043,inf
107,0.392983732,4.178752729,1.234964366,0.208991886,-0.251327785,-0.945069699,inf
107,0.392983732,4.178752729,1.234964366,0.125896752,-0.485527997,-0.865108416,1.142575979
107,0.392983732,4.178752729,1.234964366,0.034221961,-0.686640279,-0.726191425,0.807923198
107,0.392983732,4.178752729,1.234964366,-0.059784999,-0.84095916,-0.537785688,0.659666538
107,0.392983732,4.178752729,1.234964366,-0.14971771,-0.937968064,-0.312730745,0.591440797
107,0.392983732,4.178752729,1.234964366,-0.229447407,-0.971055994,-0.066363718,0.57128793
107,0.392983732,4.178752729,1.234964366,-0.293540643,-0.937968064,0.184525886,0.591440797
107,0.392983732,4.178752729,1.234964366,-0.337629568,-0.84095916,0.422840356,0.659666479
107,0.392983732,4.178752729,1.234964366,-0.358709597,-0.686640279,0.632338954,0.807923079
107,0.392983732,4.178752729,1.234964366,-0.355344159,-0.485527997,0.798744698,1.142575741
107,0.392983732,4.178752729,1.234964366,-0.327762604,-0.251327785,0.910717311,inf
107,0.392983732,4.178752729,1.234964366,-0.277844569,-1.19E-16,0.960626043,inf
107,0.392983732,4.178752729,1.234964366,-0.208991886,0.251327785,0.945069699,inf
107,0.392983732,4.178752729,1.234964366,-0.125896752,0.485527997,0.865108416,inf
107,0.392983732,4.178752729,1.234964366,-0.034221961,0.686640279,0.726191425,1.443619728
107,0.392983732,4.178752729,1.234964366,0.059784999,0.84095916,0.537785688,1.17871058
107,0.392983732,4.178752729,1.234964366,0.14971771,0.937968064,0.312730745,1.056802988
107,0.392983732,4.178752729,1.234964366,0.229447407,0.971055994,0.066363718,1.020793319
107,0.392983732,4.178752729,1.234964366,0.293540643,0.937968064,-0.184525886,1.056802988
107,0.392983732,4.178752729,1.234964366,0.337629568,0.84095916,-0.422840356,1.178710461
107,0.392983732,4.178752729,1.234964366,0.358709597,0.686640279,-0.632338954,1.443619609
107,0.392983732,4.178752729,1.234964366,0.355344159,0.485527997,-0.798744698,2.041586399
107,0.392983732,4.178752729,1.234964366,0.327762604,0.251327785,-0.910717311,inf
108,0.346342648,4.190695327,1.221474234,0.277844569,0,-0.960626043,inf
108,0.346342648,4.190695327,1.221474234,0.208991886,-0.251327785,-0.945069699,inf
108,0.346342648,4.190695327,1.221474234,0.125896752,-0.485527997,-0.865108416,1.167173147
108,0.346342648,4.190695327,1.221474234,0.034221961,-0.686640279,-0.726191425,0.825316012
108,0.346342648,4.190695327,1.221474234,-0.059784999,-0.84095916,-0.537785688,0.673867702
108,0.346342648,4.190695327,1.221474234,-0.14971771,-0.937968064,-0.312730745,0.604173243
108,0.346342648,4.190695327,1.221474234,-0.229447407,-0.971055994,-0.066363718,0.583586514
108,0.346342648,4.190695327,1.221474234,-0.293540643,-0.937968064,0.184525886,0.604173183
108,0.346342648,4.190695327,1.221474234,-0.337629568,-0.84095916,0.422840356,0.673867643
108,0.346342648,4.190695327,1.221474234,-0.358709597,-0.686640279,0.632338954,0.825315893
108,0.346342648,4.190695327,1.221474234,-0.355344159,-0.485527997,0.798744698,1.167172909
108,0.346342648,4.190695327,1.221474234,-0.327762604,-0.251327785,0.910717311,inf
108,0.346342648,4.190695327,1.221474234,-0.277844569,-1.19E-16,0.960626043,inf
108,0.346342648,4.190695327,1.221474234,-0.208991886,0.251327785,0.945069699,inf
108,0.346342648,4.190695327,1.221474234,-0.125896752,0.485527997,0.865108416,inf
108,0.346342648,4.190695327,1.221474234,-0.034221961,0.686640279,0.726191425,1.426226974
108,0.346342648,4.190695327,1.221474234,0.059784999,0.84095916,0.537785688,1.164509416
108,0.346342648,4.190695327,1.221474234,0.14971771,0.937968064,0.312730745,1.044070601
108,0.346342648,4.190695327,1.221474234,0.229447407,0.971055994,0.066363718,1.008494735
108,0.346342648,4.190695327,1.221474234,0.293540643,0.937968064,-0.184525886,1.044070482
108,0.346342648,4.190695327,1.221474234,0.337629568,0.84095916,-0.422840356,1.164509296
108,0.346342648,4.190695327,1.221474234,0.358709597,0.686640279,-0.632338954,1.426226854
108,0.346342648,4.190695327,1.221474234,0.355344159,0.485527997,-0.798744698,2.016989231
108,0.346342648,4.190695327,1.221474234,0.327762604,0.251327785,-0.910717311,inf
109,0.299701564,4.202637925,1.207984103,0.277844569,0,-0.960626043,inf
109,0.299701564,4.202637925,1.207984103,0.208991886,-0.251327785,-0.945069699,inf
109,0.299701564,4.202637925,1.207984103,0.125896752,-0.485527997,-0.865108416,1.191770315
109,0.299701564,4.202637925,1.207984103,0.034221961,-0.686640279,-0.726191425,0.842708826
109,0.299701564,4.202637925,1.207984103,-0.059784999,-0.84095916,-0.537785688,0.688068867
109,0.299701564,4.202637925,1.207984103,-0.14971771,-0.937968064,-0.312730745,0.61690563
109,0.299701564,4.202637925,1.207984103,-0.229447407,-0.971055994,-0.066363718,0.595885098
109,0.299701564,4.202637925,1.207984103,-0.293540643,-0.937968064,0.184525886,0.61690563
109,0.299701564,4.202637925,1.207984103,-0.337629568,-0.84095916,0.422840356,0.688068807
109,0.299701564,4.202637925,1.207984103,-0.358709597,-0.686640279,0.632338954,0.842708707
109,0.299701564,4.202637925,1.207984103,-0.355344159,-0.485527997,0.798744698,1.191770077
109,0.299701564,4.202637925,1.207984103,-0.327762604,-0.251327785,0.910717311,inf
109,0.299701564,4.202637925,1.207984103,-0.277844569,-1.19E-16,0.960626043,inf
109,0.299701564,4.202637925,1.207984103,-0.208991886,0.251327785,0.945069699,inf
109,0.299701564,4.202637925,1.207984103,-0.125896752,0.485527997,0.865108416,inf
109,0.299701564,4.202637925,1.207984103,-0.034221961,0.686640279,0.726191425,1.408834219
109,0.299701564,4.202637925,1.207984103,0.059784999,0.84095916,0.537785688,1.150308251
109,0.299701564,4.202637925,1.207984103,0.14971771,0.937968064,0.312730745,1.031338096
109,0.299701564,4.202637925,1.207984103,0.229447407,0.971055994,0.066363718,0.996196151
109,0.299701564,4.202637925,1.207984103,0.293540643,0.937968064,-0.184525886,1.031338096
109,0.299701564,4.202637925,1.207984103,0.337629568,0.84095916,-0.422840356,1.150308132
109,0.299701564,4.202637925,1.207984103,0.358709597,0.686640279,-0.632338954,1.408833981
109,0.299701564,4.202637925,1.207984103,0.355344159,0.485527997,-0.798744698,1.992392063
109,0.299701564,4.202637925,1.207984103,0.327762604,0.251327785,-0.910717311,inf
110,0.25306048,4.214580522,1.194493971,0.277844569,0,-0.960626043,inf
110,0.25306048,4.214580522,1.194493971,0.208991886,-0.251327785,-0.945069699,inf
110,0.25306048,4.214580522,1.194493971,0.125896752,-0.485527997,-0.865108416,1.216367364
110,0.25306048,4.214580522,1.194493971,0.034221961,-0.686640279,-0.726191425,0.860101581
110,0.25306048,4.214580522,1.194493971,-0.059784999,-0.84095916,-0.537785688,0.702270031
110,0.25306048,4.214580522,1.194493971,-0.14971771,-0.937968064,-0.312730745,0.629638076
110,0.25306048,4.214580522,1.194493971,-0.229447407,-0.971055994,-0.066363718,0.608183622
110,0.25306048,4.214580522,1.194493971,-0.293540643,-0.937968064,0.184525886,0.629638016
110,0.25306048,4.214580522,1.194493971,-0.337629568,-0.84095916,0.422840356,0.702269971
110,0.25306048,4.214580522,1.194493971,-0.358709597,-0.686640279,0.632338954,0.860101521
110,0.25306048,4.214580522,1.194493971,-0.355344159,-0.485527997,0.798744698,1.216367126
110,0.25306048,4.214580522,1.194493971,-0.327762604,-0.251327785,0.910717311,inf
110,0.25306048,4.214580522,1.194493971,-0.277844569,-1.19E-16,0.960626043,inf
110,0.25306048,4.214580522,1.194493971,-0.208991886,0.251327785,0.945069699,inf
110,0.25306048,4.214580522,1.194493971,-0.125896752,0.485527997,0.865108416,inf
110,0.25306048,4.214580522,1.194493971,-0.034221961,0.686640279,0.726191425,1.391441345
110,0.25306048,4.214580522,1.194493971,0.059784999,0.84095916,0.537785688,1.136107087
110,0.25306048,4.214580522,1.194493971,0.14971771,0.937968064,0.312730745,1.018605709
110,0.25306048,4.214580522,1.194493971,0.229447407,0.971055994,0.066363718,0.983897567
110,0.25306048,4.214580522,1.194493971,0.293540643,0.937968064,-0.184525886,1.018605709
110,0.25306048,4.214580522,1.194493971,0.337629568,0.84095916,-0.422840356,1.136106968
110,0.25306048,4.214580522,1.194493971,0.358709597,0.686640279,-0.632338954,1.391441226
110,0.25306048,4.214580522,1.194493971,0.355344159,0.485527997,-0.798744698,1.967794895
110,0.25306048,4.214580522,1.194493971,0.327762604,0.251327785,-0.910717311,inf
111,0.185334842,4.222634803,1.177010447,0.238691346,0,-0.971095485,inf
111,0.185334842,4.222634803,1.177010447,0.21486825,-0.258314252,-0.941862719,inf
111,0.185334842,4.222634803,1.177010447,0.176402238,-0.499024815,-0.848443566,1.199609041
111,0.185334842,4.222634803,1.177010447,0.125914706,-0.705727662,-0.697204385,0.8482517
111,0.185334842,4.222634803,1.177010447,0.066846294,-0.864336334,-0.498451878,0.692594588
111,0.185334842,4.222634803,1.177010447,0.003222417,-0.964041914,-0.265730699,0.620963335
111,0.185334842,4.222634803,1.177010447,-0.060621061,-0.99804963,-0.014900412,0.599804521
111,0.185334842,4.222634803,1.177010447,-0.120333315,-0.964041914,0.236945314,0.620963275
111,0.185334842,4.222634803,1.177010447,-0.171845052,-0.864336334,0.472643607,0.692594528
111,0.185334842,4.222634803,1.177010447,-0.211645833,-0.705727662,0.676132021,0.848251581
111,0.185334842,4.222634803,1.177010447,-0.2370233,-0.499024815,0.833543154,1.199608922
111,0.185334842,4.222634803,1.177010447,-0.24624802,-0.258314252,0.934149699,inf
111,0.185334842,4.222634803,1.177010447,-0.238691346,-1.22E-16,0.971095485,inf
111,0.185334842,4.222634803,1.177010447,-0.21486825,0.258314252,0.941862719,inf
111,0.185334842,4.222634803,1.177010447,-0.176402238,0.499024815,0.848443566,inf
111,0.185334842,4.222634803,1.177010447,-0.125914706,0.705727662,0.697204385,1.342395186
111,0.185334842,4.222634803,1.177010447,-0.066846294,0.864336334,0.498451878,1.096060991
111,0.185334842,4.222634803,1.177010447,-0.003222417,0.964041914,0.265730699,0.982701421
111,0.185334842,4.222634803,1.177010447,0.060621061,0.99804963,0.014900412,0.949216664
111,0.185334842,4.222634803,1.177010447,0.120333315,0.964041914,-0.236945314,0.982701421
111,0.185334842,4.222634803,1.177010447,0.171845052,0.864336334,-0.472643607,1.096060991
111,0.185334842,4.222634803,1.177010447,0.211645833,0.705727662,-0.676132021,1.342395067
111,0.185334842,4.222634803,1.177010447,0.2370233,0.499024815,-0.833543154,1.898433208
111,0.185334842,4.222634803,1.177010447,0.24624802,0.258314252,-0.934149699,inf
112,0.136874768,4.225756075,1.165099157,0.238691346,0,-0.971095485,inf
112,0.136874768,4.225756075,1.165099157,0.21486825,-0.258314252,-0.941862719,inf
112,0.136874768,4.225756075,1.165099157,0.176402238,-0.499024815,-0.848443566,1.205863833
112,0.136874768,4.225756075,1.165099157,0.125914706,-0.705727662,-0.697204385,0.852674484
112,0.136874768,4.225756075,1.165099157,0.066846294,-0.864336334,-0.498451878,0.696205795
112,0.136874768,4.225756075,1.165099157,0.003222417,-0.964041914,-0.265730699,0.624201
112,0.136874768,4.225756075,1.165099157,-0.060621061,-0.99804963,-0.014900412,0.602931857
112,0.136874768,4.225756075,1.165099157,-0.120333315,-0.964041914,0.236945314,0.624201
112,0.136874768,4.225756075,1.165099157,-0.171845052,-0.864336334,0.472643607,0.696205735
112,0.136874768,4.225756075,1.165099157,-0.211645833,-0.705727662,0.676132021,0.852674365
112,0.136874768,4.225756075,1.165099157,-0.2370233,-0.499024815,0.833543154,1.205863595
112,0.136874768,4.225756075,1.165099157,-0.24624802,-0.258314252,0.934149699,inf
112,0.136874768,4.225756075,1.165099157,-0.238691346,-1.22E-16,0.971095485,inf
112,0.136874768,4.225756075,1.165099157,-0.21486825,0.258314252,0.941862719,inf
112,0.136874768,4.225756075,1.165099157,-0.176402238,0.499024815,0.848443566,inf
112,0.136874768,4.225756075,1.165099157,-0.125914706,0.705727662,0.697204385,1.337972403
112,0.136874768,4.225756075,1.165099157,-0.066846294,0.864336334,0.498451878,1.092449903
112,0.136874768,4.225756075,1.165099157,-0.003222417,0.964041914,0.265730699,0.979463756
112,0.136874768,4.225756075,1.165099157,0.060621061,0.99804963,0.014900412,0.946089327
112,0.136874768,4.225756075,1.165099157,0.120333315,0.964041914,-0.236945314,0.979463696
112,0.136874768,4.225756075,1.165099157,0.171845052,0.864336334,-0.472643607,1.092449784
112,0.136874768,4.225756075,1.165099157,0.211645833,0.705727662,-0.676132021,1.337972283
112,0.136874768,4.225756075,1.165099157,0.2370233,0.499024815,-0.833543154,1.892178416
112,0.136874768,4.225756075,1.165099157,0.24624802,0.258314252,-0.934149699,inf
113,0.088414693,4.228877347,1.153187867,0.238691346,0,-0.971095485,inf
113,0.088414693,4.228877347,1.153187867,0.21486825,-0.258314252,-0.941862719,inf
113,0.088414693,4.228877347,1.153187867,0.176402238,-0.499024815,-0.848443566,1.212118626
113,0.088414693,4.228877347,1.153187867,0.125914706,-0.705727662,-0.697204385,0.857097268
113,0.088414693,4.228877347,1.153187867,0.066846294,-0.864336334,-0.498451878,0.699816942
113,0.088414693,4.228877347,1.153187867,0.003222417,-0.964041914,-0.265730699,0.627438724
113,0.088414693,4.228877347,1.153187867,-0.060621061,-0.99804963,-0.014900412,0.606059253
113,0.088414693,4.228877347,1.153187867,-0.120333315,-0.964041914,0.236945314,0.627438664
113,0.088414693,4.228877347,1.153187867,-0.171845052,-0.864336334,0.472643607,0.699816883
113,0.088414693,4.228877347,1.153187867,-0.211645833,-0.705727662,0.676132021,0.857097149
113,0.088414693,4.228877347,1.153187867,-0.2370233,-0.499024815,0.833543154,1.212118387
113,0.088414693,4.228877347,1.153187867,-0.24624802,-0.258314252,0.934149699,inf
113,0.088414693,4.228877347,1.153187867,-0.238691346,-1.22E-16,0.971095485,inf
113,0.088414693,4.228877347,1.153187867,-0.21486825,0.258314252,0.941862719,inf
113,0.088414693,4.228877347,1.153187867,-0.176402238,0.499024815,0.848443566,inf
113,0.088414693,4.228877347,1.153187867,-0.125914706,0.705727662,0.697204385,1.333549619
113,0.088414693,4.228877347,1.153187867,-0.066846294,0.864336334,0.498451878,1.088838696
113,0.088414693,4.228877347,1.153187867,-0.003222417,0.964041914,0.265730699,0.976226032
113,0.088414693,4.228877347,1.153187867,0.060621061,0.99804963,0.014900412,0.942961931
113,0.088414693,4.228877347,1.153187867,0.120333315,0.964041914,-0.236945314,0.976226032
113,0.088414693,4.228877347,1.153187867,0.171845052,0.864336334,-0.472643607,1.088838577
113,0.088414693,4.228877347,1.153187867,0.211645833,0.705727662,-0.676132021,1.3335495
113,0.088414693,4.228877347,1.153187867,0.2370233,0.499024815,-0.833543154,1.885923624
113,0.088414693,4.228877347,1.153187867,0.24624802,0.258314252,-0.934149699,inf
114,0.039954619,4.231998619,1.141276576,0.238691346,0,-0.971095485,inf
114,0.039954619,4.231998619,1.141276576,0.21486825,-0.258314252,-0.941862719,inf
114,0.039954619,4.231998619,1.141276576,0.176402238,-0.499024815,-0.848443566,1.218373299
114,0.039954619,4.231998619,1.141276576,0.125914706,-0.705727662,-0.697204385,0.861519992
114,0.039954619,4.231998619,1.141276576,0.066846294,-0.864336334,-0.498451878,0.703428149
114,0.039954619,4.231998619,1.141276576,0.003222417,-0.964041914,-0.265730699,0.630676389
114,0.039954619,4.231998619,1.141276576,-0.060621061,-0.99804963,-0.014900412,0.60918659
114,0.039954619,4.231998619,1.141276576,-0.120333315,-0.964041914,0.236945314,0.630676389
114,0.039954619,4.231998619,1.141276576,-0.171845052,-0.864336334,0.472643607,0.70342809
114,0.039954619,4.231998619,1.141276576,-0.211645833,-0.705727662,0.676132021,0.861519933
114,0.039954619,4.231998619,1.141276576,-0.2370233,-0.499024815,0.833543154,1.21837306
114,0.039954619,4.231998619,1.141276576,-0.24624802,-0.258314252,0.934149699,inf
114,0.039954619,4.231998619,1.141276576,-0.238691346,-1.22E-16,0.971095485,inf
114,0.039954619,4.231998619,1.141276576,-0.21486825,0.258314252,0.941862719,inf
114,0.039954619,4.231998619,1.141276576,-0.176402238,0.499024815,0.848443566,inf
114,0.039954619,4.231998619,1.141276576,-0.125914706,0.705727662,0.697204385,1.329126835
114,0.039954619,4.231998619,1.141276576,-0.066846294,0.864336334,0.498451878,1.085227489
114,0.039954619,4.231998619,1.141276576,-0.003222417,0.964041914,0.265730699,0.972988367
114,0.039954619,4.231998619,1.141276576,0.060621061,0.99804963,0.014900412,0.939834535
114,0.039954619,4.231998619,1.141276576,0.120333315,0.964041914,-0.236945314,0.972988307
114,0.039954619,4.231998619,1.141276576,0.171845052,0.864336334,-0.472643607,1.085227489
114,0.039954619,4.231998619,1.141276576,0.211645833,0.705727662,-0.676132021,1.329126716
114,0.039954619,4.231998619,1.141276576,0.2370233,0.499024815,-0.833543154,1.879668951
114,0.039954619,4.231998619,1.141276576,0.24624802,0.258314252,-0.934149699,inf
115,-0.008505456,4.235119891,1.129365286,0.238691346,0,-0.971095485,inf
115,-0.008505456,4.235119891,1.129365286,0.21486825,-0.258314252,-0.941862719,inf
115,-0.008505456,4.235119891,1.129365286,0.176402238,-0.499024815,-0.848443566,1.224628091
115,-0.008505456,4.235119891,1.129365286,0.125914706,-0.705727662,-0.697204385,0.865942776
115,-0.008505456,4.235119891,1.129365286,0.066846294,-0.864336334,-0.498451878,0.707039297
115,-0.008505456,4.235119891,1.129365286,0.003222417,-0.964041914,-0.265730699,0.633914113
115,-0.008505456,4.235119891,1.129365286,-0.060621061,-0.99804963,-0.014900412,0.612313986
115,-0.008505456,4.235119891,1.129365286,-0.120333315,-0.964041914,0.236945314,0.633914053
115,-0.008505456,4.235119891,1.129365286,-0.171845052,-0.864336334,0.472643607,0.707039237
115,-0.008505456,4.235119891,1.129365286,-0.211645833,-0.705727662,0.676132021,0.865942717
115,-0.008505456,4.235119891,1.129365286,-0.2370233,-0.499024815,0.833543154,1.224627852
115,-0.008505456,4.235119891,1.129365286,-0.24624802,-0.258314252,0.934149699,inf
115,-0.008505456,4.235119891,1.129365286,-0.238691346,-1.22E-16,0.971095485,inf
115,-0.008505456,4.235119891,1.129365286,-0.21486825,0.258314252,0.941862719,inf
115,-0.008505456,4.235119891,1.129365286,-0.176402238,0.499024815,0.848443566,inf
115,-0.008505456,4.235119891,1.129365286,-0.125914706,0.705727662,0.697204385,1.324704051
115,-0.008505456,4.235119891,1.129365286,-0.066846294,0.864336334,0.498451878,1.081616282
115,-0.008505456,4.235119891,1.129365286,-0.003222417,0.964041914,0.265730699,0.969750643
115,-0.008505456,4.235119891,1.129365286,0.060621061,0.99804963,0.014900412,0.936707199
115,-0.008505456,4.235119891,1.129365286,0.120333315,0.964041914,-0.236945314,0.969750643
115,-0.008505456,4.235119891,1.129365286,0.171845052,0.864336334,-0.472643607,1.081616282
115,-0.008505456,4.235119891,1.129365286,0.211645833,0.705727662,-0.676132021,1.324703932
115,-0.008505456,4.235119891,1.129365286,0.2370233,0.499024815,-0.833543154,1.873414159
115,-0.008505456,4.235119891,1.129365286,0.24624802,0.258314252,-0.934149699,inf
116,-0.05696553,4.238241163,1.117453995,0.238691346,0,-0.971095485,inf
116,-0.05696553,4.238241163,1.117453995,0.21486825,-0.258314252,-0.941862719,inf
116,-0.05696553,4.238241163,1.117453995,0.176402238,-0.499024815,-0.848443566,1.230882883
116,-0.05696553,4.238241163,1.117453995,0.125914706,-0.705727662,-0.697204385,0.87036556
116,-0.05696553,4.238241163,1.117453995,0.066846294,-0.864336334,-0.498451878,0.710650504
116,-0.05696553,4.238241163,1.117453995,0.003222417,-0.964041914,-0.265730699,0.637151778
116,-0.05696553,4.238241163,1.117453995,-0.060621061,-0.99804963,-0.014900412,0.615441382
116,-0.05696553,4.238241163,1.117453995,-0.120333315,-0.964041914,0.236945314,0.637151778
116,-0.05696553,4.238241163,1.117453995,-0.171845052,-0.864336334,0.472643607,0.710650444
116,-0.05696553,4.238241163,1.117453995,-0.211645833,-0.705727662,0.676132021,0.870365441
116,-0.05696553,4.238241163,1.117453995,-0.2370233,-0.499024815,0.833543154,1.230882645
116,-0.05696553,4.238241163,1.117453995,-0.24624802,-0.258314252,0.934149699,inf
116,-0.05696553,4.238241163,1.117453995,-0.238691346,-1.22E-16,0.971095485,inf
116,-0.05696553,4.238241163,1.117453995,-0.21486825,0.258314252,0.941862719,inf
116,-0.05696553,4.238241163,1.117453995,-0.176402238,0.499024815,0.848443566,inf
116,-0.05696553,4.238241163,1.117453995,-0.125914706,0.705727662,0.697204385,1.320281267
116,-0.05696553,4.238241163,1.117453995,-0.066846294,0.864336334,0.498451878,1.078005195
116,-0.05696553,4.238241163,1.117453995,-0.003222417,0.964041914,0.265730699,0.966512978
116,-0.05696553,4.238241163,1.117453995,0.060621061,0.99804963,0.014900412,0.933579803
116,-0.05696553,4.238241163,1.117453995,0.120333315,0.964041914,-0.236945314,0.966512918
116,-0.05696553,4.238241163,1.117453995,0.171845052,0.864336334,-0.472643607,1.078005075
116,-0.05696553,4.238241163,1.117453995,0.211645833,0.705727662,-0.676132021,1.320281148
116,-0.05696553,4.238241163,1.117453995,0.2370233,0.499024815,-0.833543154,1.867159486
116,-0.05696553,4.238241163,1.117453995,0.24624802,0.258314252,-0.934149699,inf
117,-0.105425605,4.241362435,1.105542705,0.238691346,0,-0.971095485,inf
117,-0.105425605,4.241362435,1.105542705,0.21486825,-0.258314252,-0.941862719,inf
117,-0.105425605,4.241362435,1.105542705,0.176402238,-0.499024815,-0.848443566,1.237137556
117,-0.105425605,4.241362435,1.105542705,0.125914706,-0.705727662,-0.697204385,0.874788344
117,-0.105425605,4.241362435,1.105542705,0.066846294,-0.864336334,-0.498451878,0.714261651
117,-0.105425605,4.241362435,1.105542705,0.003222417,-0.964041914,-0.265730699,0.640389502
117,-0.105425605,4.241362435,1.105542705,-0.060621061,-0.99804963,-0.014900412,0.618568718
117,-0.105425605,4.241362435,1.105542705,-0.120333315,-0.964041914,0.236945314,0.640389442
117,-0.105425605,4.241362435,1.105542705,-0.171845052,-0.864336334,0.472643607,0.714261591
117,-0.105425605,4.241362435,1.105542705,-0.211645833,-0.705727662,0.676132021,0.874788225
117,-0.105425605,4.241362435,1.105542705,-0.2370233,-0.499024815,0.833543154,1.237137318
117,-0.105425605,4.241362435,1.105542705,-0.24624802,-0.258314252,0.934149699,inf
117,-0.105425605,4.241362435,1.105542705,-0.238691346,-1.22E-16,0.971095485,inf
117,-0.105425605,4.241362435,1.105542705,-0.21486825,0.258314252,0.941862719,inf
117,-0.105425605,4.241362435,1.105542705,-0.176402238,0.499024815,0.848443566,inf
117,-0.105425605,4.241362435,1.105542705,-0.125914706,0.705727662,0.697204385,1.315858483
117,-0.105425605,4.241362435,1.105542705,-0.066846294,0.864336334,0.498451878,1.074393988
117,-0.105425605,4.241362435,1.105542705,-0.003222417,0.964041914,0.265730699,0.963275254
117,-0.105425605,4.241362435,1.105542705,0.060621061,0.99804963,0.014900412,0.930452466
117,-0.105425605,4.241362435,1.105542705,0.120333315,0.964041914,-0.236945314,0.963275254
117,-0.105425605,4.241362435,1.105542705,0.171845052,0.864336334,-0.472643607,1.074393868
117,-0.105425605,4.241362435,1.105542705,0.211645833,0.705727662,-0.676132021,1.315858364
117,-0.105425605,4.241362435,1.105542705,0.2370233,0.499024815,-0.833543154,1.860904694
117,-0.105425605,4.241362435,1.105542705,0.24624802,0.258314252,-0.934149699,inf
118,-0.153885679,4.244483706,1.093631414,0.238691346,0,-0.971095485,inf
118,-0.153885679,4.244483706,1.093631414,0.21486825,-0.258314252,-0.941862719,inf
118,-0.153885679,4.244483706,1.093631414,0.176402238,-0.499024815,-0.848443566,1.243392348
118,-0.153885679,4.244483706,1.093631414,0.125914706,-0.705727662,-0.697204385,0.879211128
118,-0.153885679,4.244483706,1.093631414,0.066846294,-0.864336334,-0.498451878,0.717872858
118,-0.153885679,4.244483706,1.093631414,0.003222417,-0.964041914,-0.265730699,0.643627167
118,-0.153885679,4.244483706,1.093631414,-0.060621061,-0.99804963,-0.014900412,0.621696115
118,-0.153885679,4.244483706,1.093631414,-0.120333315,-0.964041914,0.236945314,0.643627167
118,-0.153885679,4.244483706,1.093631414,-0.171845052,-0.864336334,0.472643607,0.717872798
118,-0.153885679,4.244483706,1.093631414,-0.211645833,-0.705727662,0.676132021,0.879211009
118,-0.153885679,4.244483706,1.093631414,-0.2370233,-0.499024815,0.833543154,1.237380385
118,-0.153885679,4.244483706,1.093631414,-0.24624802,-0.258314252,0.934149699,inf
118,-0.153885679,4.244483706,1.093631414,-0.238691346,-1.22E-16,0.971095485,inf
118,-0.153885679,4.244483706,1.093631414,-0.21486825,0.258314252,0.941862719,inf
118,-0.153885679,4.244483706,1.093631414,-0.176402238,0.499024815,0.848443566,inf
118,-0.153885679,4.244483706,1.093631414,-0.125914706,0.705727662,0.697204385,1.311435699
118,-0.153885679,4.244483706,1.093631414,-0.066846294,0.864336334,0.498451878,1.070782781
118,-0.153885679,4.244483706,1.093631414,-0.003222417,0.964041914,0.265730699,0.960037589
118,-0.153885679,4.244483706,1.093631414,0.060621061,0.99804963,0.014900412,0.92732507
118,-0.153885679,4.244483706,1.093631414,0.120333315,0.964041914,-0.236945314,0.960037529
118,-0.153885679,4.244483706,1.093631414,0.171845052,0.864336334,-0.472643607,1.070782661
118,-0.153885679,4.244483706,1.093631414,0.211645833,0.705727662,-0.676132021,1.31143558
118,-0.153885679,4.244483706,1.093631414,0.2370233,0.499024815,-0.833543154,1.854649901
118,-0.153885679,4.244483706,1.093631414,0.24624802,0.258314252,-0.934149699,inf
119,-0.202345754,4.247604978,1.081720124,0.238691346,0,-0.971095485,inf
119,-0.202345754,4.247604978,1.081720124,0.21486825,-0.258314252,-0.941862719,inf
119,-0.202345754,4.247604978,1.081720124,0.176402238,-0.499024815,-0.848443566,1.249647021
119,-0.202345754,4.247604978,1.081720124,0.125914706,-0.705727662,-0.697204385,0.883633852
119,-0.202345754,4.247604978,1.081720124,0.066846294,-0.864336334,-0.498451878,0.721484005
119,-0.202345754,4.247604978,1.081720124,0.003222417,-0.964041914,-0.265730699,0.646864891
119,-0.202345754,4.247604978,1.081720124,-0.060621061,-0.99804963,-0.014900412,0.624823451
119,-0.202345754,4.247604978,1.081720124,-0.120333315,-0.964041914,0.236945314,0.646864831
119,-0.202345754,4.247604978,1.081720124,-0.171845052,-0.864336334,0.472643607,0.721484005
119,-0.202345754,4.247604978,1.081720124,-0.211645833,-0.705727662,0.676132021,0.883633792
119,-0.202345754,4.247604978,1.081720124,-0.2370233,-0.499024815,0.833543154,1.243635058
119,-0.202345754,4.247604978,1.081720124,-0.24624802,-0.258314252,0.934149699,inf
119,-0.202345754,4.247604978,1.081720124,-0.238691346,-1.22E-16,0.971095485,inf
119,-0.202345754,4.247604978,1.081720124,-0.21486825,0.258314252,0.941862719,inf
119,-0.202345754,4.247604978,1.081720124,-0.176402238,0.499024815,0.848443566,inf
119,-0.202345754,4.247604978,1.081720124,-0.125914706,0.705727662,0.697204385,1.307013035
119,-0.202345754,4.247604978,1.081720124,-0.066846294,0.864336334,0.498451878,1.067171574
119,-0.202345754,4.247604978,1.081720124,-0.003222417,0.964041914,0.265730699,0.956799865
119,-0.202345754,4.247604978,1.081720124,0.060621061,0.99804963,0.014900412,0.924197674
119,-0.202345754,4.247604978,1.081720124,0.120333315,0.964041914,-0.236945314,0.956799865
119,-0.202345754,4.247604978,1.081720124,0.171845052,0.864336334,-0.472643607,1.067171574
119,-0.202345754,4.247604978,1.081720124,0.211645833,0.705727662,-0.676132021,1.307012796
119,-0.202345754,4.247604978,1.081720124,0.2370233,0.499024815,-0.833543154,1.848395228
119,-0.202345754,4.247604978,1.081720124,0.24624802,0.258314252,-0.934149699,inf
120,-0.272969081,4.281644644,1.05638832,0,-0.462425788,-0.88665799,1.422162414
120,-0.272969081,4.281644644,1.05638832,-0.185296636,-0.606888024,-0.772885556,1.078690886
120,-0.272969081,4.281644644,1.05638832,-0.357965612,-0.709991844,-0.606442249,0.922045171
120,-0.272969081,4.281644644,1.05638832,-0.506239823,-0.764710893,-0.398670906,0.859991074
120,-0.272969081,4.281644644,1.05638832,-0.620014627,-0.767316159,-0.163730798,0.857071102
120,-0.272969081,4.281644644,1.05638832,-0.691536459,-0.717630096,0.082367292,0.916411519
120,-0.272969081,4.281644644,1.05638832,-0.715931224,-0.619038729,0.322852188,1.062364101
120,-0.272969081,4.281644644,1.05638832,-0.691536459,-0.478260895,0.541335241,1.375074744
120,-0.272969081,4.281644644,1.05638832,-0.620014627,-0.304890371,0.722927191,inf
120,-0.272969081,4.281644644,1.05638832,-0.506239823,-0.110742072,0.855252849,inf
120,-0.272969081,4.281644644,1.05638832,-0.357965612,0.090953116,0.929294437,inf
120,-0.272969081,4.281644644,1.05638832,-0.185296636,0.286449999,0.940006146,inf
120,-0.272969081,4.281644644,1.05638832,-8.77E-17,0.462425788,0.88665799,inf
120,-0.272969081,4.281644644,1.05638832,0.185296636,0.606888024,0.772885556,1.463788271
120,-0.272969081,4.281644644,1.05638832,0.357965612,0.709991844,0.606442249,1.251219392
120,-0.272969081,4.281644644,1.05638832,0.506239823,0.764710893,0.398670906,1.161688089
120,-0.272969081,4.281644644,1.05638832,0.620014627,0.767316159,0.163730798,1.157743812
120,-0.272969081,4.281644644,1.05638832,0.691536459,0.717630096,-0.082367292,1.237901688
120,-0.272969081,4.281644644,1.05638832,0.715931224,0.619038729,-0.322852188,1.435056329
120,-0.272969081,4.281644644,1.05638832,0.691536459,0.478260895,-0.541335241,1.857470393
120,-0.272969081,4.281644644,1.05638832,0.620014627,0.304890371,-0.722927191,inf
120,-0.272969081,4.281644644,1.05638832,0.506239823,0.110742072,-0.855252849,inf
120,-0.272969081,4.281644644,1.05638832,0.357965612,-0.090953116,-0.929294437,inf
120,-0.272969081,4.281644644,1.05638832,0.185296636,-0.286449999,-0.940006146,inf
121,-0.307877622,4.313383951,1.039835067,0,-0.462425788,-0.88665799,1.49079895
121,-0.307877622,4.313383951,1.039835067,-0.185296636,-0.606888024,-0.772885556,1.130989313
121,-0.307877622,4.313383951,1.039835067,-0.357965612,-0.709991844,-0.606442249,0.966748893
121,-0.307877622,4.313383951,1.039835067,-0.506239823,-0.764710893,-0.398670906,0.901496053
121,-0.307877622,4.313383951,1.039835067,-0.620014627,-0.767316159,-0.163730798,0.898435175
121,-0.307877622,4.313383951,1.039835067,-0.691536459,-0.717630096,0.082367292,0.960639477
121,-0.307877622,4.313383951,1.039835067,-0.715931224,-0.619038729,0.322852188,1.113636017
121,-0.307877622,4.313383951,1.039835067,-0.691536459,-0.478260895,0.541335241,1.441438675
121,-0.307877622,4.313383951,1.039835067,-0.620014627,-0.304890371,0.722927191,inf
121,-0.307877622,4.313383951,1.039835067,-0.506239823,-0.110742072,0.855252849,inf
121,-0.307877622,4.313383951,1.039835067,-0.357965612,0.090953116,0.929294437,inf
121,-0.307877622,4.313383951,1.039835067,-0.185296636,0.286449999,0.940006146,inf
121,-0.307877622,4.313383951,1.039835067,-8.77E-17,0.462425788,0.88665799,inf
121,-0.307877622,4.313383951,1.039835067,0.185296636,0.606888024,0.772885556,1.411489844
121,-0.307877622,4.313383951,1.039835067,0.357965612,0.709991844,0.606442249,1.206515551
121,-0.307877622,4.313383951,1.039835067,0.506239823,0.764710893,0.398670906,1.12018311
121,-0.307877622,4.313383951,1.039835067,0.620014627,0.767316159,0.163730798,1.116379738
121,-0.307877622,4.313383951,1.039835067,0.691536459,0.717630096,-0.082367292,1.19367373
121,-0.307877622,4.313383951,1.039835067,0.715931224,0.619038729,-0.322852188,1.383784413
121,-0.307877622,4.313383951,1.039835067,0.691536459,0.478260895,-0.541335241,1.791106343
121,-0.307877622,4.313383951,1.039835067,0.620014627,0.304890371,-0.722927191,inf
121,-0.307877622,4.313383951,1.039835067,0.506239823,0.110742072,-0.855252849,inf
121,-0.307877622,4.313383951,1.039835067,0.357965612,-0.090953116,-0.929294437,inf
121,-0.307877622,4.313383951,1.039835067,0.185296636,-0.286449999,-0.940006146,inf
122,-0.342786163,4.345123258,1.023281814,0,-0.462425788,-0.88665799,1.559435487
122,-0.342786163,4.345123258,1.023281814,-0.185296636,-0.606888024,-0.772885556,1.18328774
122,-0.342786163,4.345123258,1.023281814,-0.357965612,-0.709991844,-0.606442249,1.015678048
122,-0.342786163,4.345123258,1.023281814,-0.506239823,-0.764710893,-0.398670906,0.943001032
122,-0.342786163,4.345123258,1.023281814,-0.620014627,-0.767316159,-0.163730798,0.939799249
122,-0.342786163,4.345123258,1.023281814,-0.691536459,-0.717630096,0.082367292,1.004867435
122,-0.342786163,4.345123258,1.023281814,-0.715931224,-0.619038729,0.322852188,1.164907932
122,-0.342786163,4.345123258,1.023281814,-0.691536459,-0.478260895,0.541335241,1.507802725
122,-0.342786163,4.345123258,1.023281814,-0.620014627,-0.304890371,0.722927191,1.984168291
122,-0.342786163,4.345123258,1.023281814,-0.506239823,-0.110742072,0.855252849,inf
122,-0.342786163,4.345123258,1.023281814,-0.357965612,0.090953116,0.929294437,inf
122,-0.342786163,4.345123258,1.023281814,-0.185296636,0.286449999,0.940006146,inf
122,-0.342786163,4.345123258,1.023281814,-8.77E-17,0.462425788,0.88665799,inf
122,-0.342786163,4.345123258,1.023281814,0.185296636,0.606888024,0.772885556,1.359191298
122,-0.342786163,4.345123258,1.023281814,0.357965612,0.709991844,0.606442249,1.161811829
122,-0.342786163,4.345123258,1.023281814,0.506239823,0.764710893,0.398670906,1.078678131
122,-0.342786163,4.345123258,1.023281814,0.620014627,0.767316159,0.163730798,1.075015664
122,-0.342786163,4.345123258,1.023281814,0.691536459,0.717630096,-0.082367292,1.149445772
122,-0.342786163,4.345123258,1.023281814,0.715931224,0.619038729,-0.322852188,1.332512498
122,-0.342786163,4.345123258,1.023281814,0.691536459,0.478260895,-0.541335241,1.724742413
122,-0.342786163,4.345123258,1.023281814,0.620014627,0.304890371,-0.722927191,inf
122,-0.342786163,4.345123258,1.023281814,0.506239823,0.110742072,-0.855252849,inf
122,-0.342786163,4.345123258,1.023281814,0.357965612,-0.090953116,-0.929294437,inf
122,-0.342786163,4.345123258,1.023281814,0.185296636,-0.286449999,-0.940006146,inf
123,-0.377694703,4.376862565,1.006728561,0,-0.462425788,-0.88665799,1.628072023
123,-0.377694703,4.376862565,1.006728561,-0.185296636,-0.606888024,-0.772885556,1.235586286
123,-0.377694703,4.376862565,1.006728561,-0.357965612,-0.709991844,-0.606442249,1.060381889
123,-0.377694703,4.376862565,1.006728561,-0.506239823,-0.764710893,-0.398670906,0.984506011
123,-0.377694703,4.376862565,1.006728561,-0.620014627,-0.767316159,-0.163730798,0.981163263
123,-0.377694703,4.376862565,1.006728561,-0.691536459,-0.717630096,0.082367292,1.049095392
123,-0.377694703,4.376862565,1.006728561,-0.715931224,-0.619038729,0.322852188,1.216179848
123,-0.377694703,4.376862565,1.006728561,-0.691536459,-0.478260895,0.541335241,1.574166775
123,-0.377694703,4.376862565,1.006728561,-0.620014627,-0.304890371,0.722927191,1.927865624
123,-0.377694703,4.376862565,1.006728561,-0.506239823,-0.110742072,0.855252849,inf
123,-0.377694703,4.376862565,1.006728561,-0.357965612,0.090953116,0.929294437,inf
123,-0.377694703,4.376862565,1.006728561,-0.185296636,0.286449999,0.940006146,inf
123,-0.377694703,4.376862565,1.006728561,-8.77E-17,0.462425788,0.88665799,inf
123,-0.377694703,4.376862565,1.006728561,0.185296636,0.606888024,0.772885556,1.306892872
123,-0.377694703,4.376862565,1.006728561,0.357965612,0.709991844,0.606442249,1.117108107
123,-0.377694703,4.376862565,1.006728561,0.506239823,0.764710893,0.398670906,1.037173152
123,-0.377694703,4.376862565,1.006728561,0.620014627,0.767316159,0.163730798,1.03365159
123,-0.377694703,4.376862565,1.006728561,0.691536459,0.717630096,-0.082367292,1.105217814
123,-0.377694703,4.376862565,1.006728561,0.715931224,0.619038729,-0.322852188,1.281240582
123,-0.377694703,4.376862565,1.006728561,0.691536459,0.478260895,-0.541335241,1.658378363
123,-0.377694703,4.376862565,1.006728561,0.620014627,0.304890371,-0.722927191,inf
123,-0.377694703,4.376862565,1.006728561,0.506239823,0.110742072,-0.855252849,inf
123,-0.377694703,4.376862565,1.006728561,0.357965612,-0.090953116,-0.929294437,inf
123,-0.377694703,4.376862565,1.006728561,0.185296636,-0.286449999,-0.940006146,inf
124,-0.412603244,4.408601872,0.990175308,0,-0.462425788,-0.88665799,inf
124,-0.412603244,4.408601872,0.990175308,-0.185296636,-0.606888024,-0.772885556,1.287187576
124,-0.412603244,4.408601872,0.990175308,-0.357965612,-0.709991844,-0.606442249,1.105085611
124,-0.412603244,4.408601872,0.990175308,-0.506239823,-0.764710893,-0.398670906,1.02601099
124,-0.412603244,4.408601872,0.990175308,-0.620014627,-0.767316159,-0.163730798,1.022527337
124,-0.412603244,4.408601872,0.990175308,-0.691536459,-0.717630096,0.082367292,1.09332335
124,-0.412603244,4.408601872,0.990175308,-0.715931224,-0.619038729,0.322852188,1.267451763
124,-0.412603244,4.408601872,0.990175308,-0.691536459,-0.478260895,0.541335241,1.640530705
124,-0.412603244,4.408601872,0.990175308,-0.620014627,-0.304890371,0.722927191,1.871562839
124,-0.412603244,4.408601872,0.990175308,-0.506239823,-0.110742072,0.855252849,inf
124,-0.412603244,4.408601872,0.990175308,-0.357965612,0.090953116,0.929294437,inf
124,-0.412603244,4.408601872,0.990175308,-0.185296636,0.286449999,0.940006146,inf
124,-0.412603244,4.408601872,0.990175308,-8.77E-17,0.462425788,0.88665799,1.646530867
124,-0.412603244,4.408601872,0.990175308,0.185296636,0.606888024,0.772885556,1.254594445
124,-0.412603244,4.408601872,0.990175308,0.357965612,0.709991844,0.606442249,1.072404265
124,-0.412603244,4.408601872,0.990175308,0.506239823,0.764710893,0.398670906,0.995668173
124,-0.412603244,4.408601872,0.990175308,0.620014627,0.767316159,0.163730798,0.992287576
124,-0.412603244,4.408601872,0.990175308,0.691536459,0.717630096,-0.082367292,1.060989857
124,-0.412603244,4.408601872,0.990175308,0.715931224,0.619038729,-0.322852188,1.229968667
124,-0.412603244,4.408601872,0.990175308,0.691536459,0.478260895,-0.541335241,1.592014432
124,-0.412603244,4.408601872,0.990175308,0.620014627,0.304890371,-0.722927191,inf
124,-0.412603244,4.408601872,0.990175308,0.506239823,0.110742072,-0.855252849,inf
124,-0.412603244,4.408601872,0.990175308,0.357965612,-0.090953116,-0.929294437,inf
124,-0.412603244,4.408601872,0.990175308,0.185296636,-0.286449999,-0.940006146,inf
125,-0.447511784,4.440341179,0.973622055,0,-0.462425788,-0.88665799,inf
125,-0.447511784,4.440341179,0.973622055,-0.185296636,-0.606888024,-0.772885556,1.34512639
125,-0.447511784,4.440341179,0.973622055,-0.357965612,-0.709991844,-0.606442249,1.149789333
125,-0.447511784,4.440341179,0.973622055,-0.506239823,-0.764710893,-0.398670906,1.067515969
125,-0.447511784,4.440341179,0.973622055,-0.620014627,-0.767316159,-0.163730798,1.063891411
125,-0.447511784,4.440341179,0.973622055,-0.691536459,-0.717630096,0.082367292,1.137551308
125,-0.447511784,4.440341179,0.973622055,-0.715931224,-0.619038729,0.322852188,1.318723679
125,-0.447511784,4.440341179,0.973622055,-0.691536459,-0.478260895,0.541335241,1.6275177
125,-0.447511784,4.440341179,0.973622055,-0.620014627,-0.304890371,0.722927191,1.815260053
125,-0.447511784,4.440341179,0.973622055,-0.506239823,-0.110742072,0.855252849,inf
125,-0.447511784,4.440341179,0.973622055,-0.357965612,0.090953116,0.929294437,inf
125,-0.447511784,4.440341179,0.973622055,-0.185296636,0.286449999,0.940006146,inf
125,-0.447511784,4.440341179,0.973622055,-8.77E-17,0.462425788,0.88665799,1.57789433
125,-0.447511784,4.440341179,0.973622055,0.185296636,0.606888024,0.772885556,1.202295899
125,-0.447511784,4.440341179,0.973622055,0.357965612,0.709991844,0.606442249,1.027700543
125,-0.447511784,4.440341179,0.973622055,0.506239823,0.764710893,0.398670906,0.954163194
125,-0.447511784,4.440341179,0.973622055,0.620014627,0.767316159,0.163730798,0.950923502
125,-0.447511784,4.440341179,0.973622055,0.691536459,0.717630096,-0.082367292,1.016761899
125,-0.447511784,4.440341179,0.973622055,0.715931224,0.619038729,-0.322852188,1.178696752
125,-0.447511784,4.440341179,0.973622055,0.691536459,0.478260895,-0.541335241,1.525650382
125,-0.447511784,4.440341179,0.973622055,0.620014627,0.304890371,-0.722927191,inf
125,-0.447511784,4.440341179,0.973622055,0.506239823,0.110742072,-0.855252849,inf
125,-0.447511784,4.440341179,0.973622055,0.357965612,-0.090953116,-0.929294437,inf
125,-0.447511784,4.440341179,0.973622055,0.185296636,-0.286449999,-0.940006146,inf
126,-0.482420325,4.472080486,0.957068802,0,-0.462425788,-0.88665799,inf
126,-0.482420325,4.472080486,0.957068802,-0.185296636,-0.606888024,-0.772885556,1.397424817
126,-0.482420325,4.472080486,0.957068802,-0.357965612,-0.709991844,-0.606442249,1.194493175
126,-0.482420325,4.472080486,0.957068802,-0.506239823,-0.764710893,-0.398670906,1.109020948
126,-0.482420325,4.472080486,0.957068802,-0.620014627,-0.767316159,-0.163730798,1.105255485
126,-0.482420325,4.472080486,0.957068802,-0.691536459,-0.717630096,0.082367292,1.181779265
126,-0.482420325,4.472080486,0.957068802,-0.715931224,-0.619038729,0.322852188,1.369995594
126,-0.482420325,4.472080486,0.957068802,-0.691536459,-0.478260895,0.541335241,1.57703805
126,-0.482420325,4.472080486,0.957068802,-0.620014627,-0.304890371,0.722927191,1.758957267
126,-0.482420325,4.472080486,0.957068802,-0.506239823,-0.110742072,0.855252849,inf
126,-0.482420325,4.472080486,0.957068802,-0.357965612,0.090953116,0.929294437,inf
126,-0.482420325,4.472080486,0.957068802,-0.185296636,0.286449999,0.940006146,inf
126,-0.482420325,4.472080486,0.957068802,-8.77E-17,0.462425788,0.88665799,1.509257793
126,-0.482420325,4.472080486,0.957068802,0.185296636,0.606888024,0.772885556,1.149997473
126,-0.482420325,4.472080486,0.957068802,0.357965612,0.709991844,0.606442249,0.982996762
126,-0.482420325,4.472080486,0.957068802,0.506239823,0.764710893,0.398670906,0.912658215
126,-0.482420325,4.472080486,0.957068802,0.620014627,0.767316159,0.163730798,0.909559429
126,-0.482420325,4.472080486,0.957068802,0.691536459,0.717630096,-0.082367292,0.972534001
126,-0.482420325,4.472080486,0.957068802,0.715931224,0.619038729,-0.322852188,1.127424836
126,-0.482420325,4.472080486,0.957068802,0.691536459,0.478260895,-0.541335241,1.459286332
126,-0.482420325,4.472080486,0.957068802,0.620014627,0.304890371,-0.722927191,inf
126,-0.482420325,4.472080486,0.957068802,0.506239823,0.110742072,-0.855252849,inf
126,-0.482420325,4.472080486,0.957068802,0.357965612,-0.090953116,-0.929294437,inf
126,-0.482420325,4.472080486,0.957068802,0.185296636,-0.286449999,-0.940006146,inf
127,-0.517328866,4.503819793,0.940515549,0,-0.462425788,-0.88665799,inf
127,-0.517328866,4.503819793,0.940515549,-0.185296636,-0.606888024,-0.772885556,1.449723363
127,-0.517328866,4.503819793,0.940515549,-0.357965612,-0.709991844,-0.606442249,1.239196897
127,-0.517328866,4.503819793,0.940515549,-0.506239823,-0.764710893,-0.398670906,1.150525928
127,-0.517328866,4.503819793,0.940515549,-0.620014627,-0.767316159,-0.163730798,1.146619558
127,-0.517328866,4.503819793,0.940515549,-0.691536459,-0.717630096,0.082367292,1.226007223
127,-0.517328866,4.503819793,0.940515549,-0.715931224,-0.619038729,0.322852188,1.421267509
127,-0.517328866,4.503819793,0.940515549,-0.691536459,-0.478260895,0.541335241,1.526558399
127,-0.517328866,4.503819793,0.940515549,-0.620014627,-0.304890371,0.722927191,1.702654481
127,-0.517328866,4.503819793,0.940515549,-0.506239823,-0.110742072,0.855252849,inf
127,-0.517328866,4.503819793,0.940515549,-0.357965612,0.090953116,0.929294437,inf
127,-0.517328866,4.503819793,0.940515549,-0.185296636,0.286449999,0.940006146,inf
127,-0.517328866,4.503819793,0.940515549,-8.77E-17,0.462425788,0.88665799,1.440621257
127,-0.517328866,4.503819793,0.940515549,0.185296636,0.606888024,0.772885556,1.097699046
127,-0.517328866,4.503819793,0.940515549,0.357965612,0.709991844,0.606442249,0.93829298
127,-0.517328866,4.503819793,0.940515549,0.506239823,0.764710893,0.398670906,0.871153235
127,-0.517328866,4.503819793,0.940515549,0.620014627,0.767316159,0.163730798,0.868195415
127,-0.517328866,4.503819793,0.940515549,0.691536459,0.717630096,-0.082367292,0.928306043
127,-0.517328866,4.503819793,0.940515549,0.715931224,0.619038729,-0.322852188,1.076152921
127,-0.517328866,4.503819793,0.940515549,0.691536459,0.478260895,-0.541335241,1.392922401
127,-0.517328866,4.503819793,0.940515549,0.620014627,0.304890371,-0.722927191,inf
127,-0.517328866,4.503819793,0.940515549,0.506239823,0.110742072,-0.855252849,inf
127,-0.517328866,4.503819793,0.940515549,0.357965612,-0.090953116,-0.929294437,inf
127,-0.517328866,4.503819793,0.940515549,0.185296636,-0.286449999,-0.940006146,inf
128,-0.552237406,4.5355591,0.923962296,0,-0.462425788,-0.88665799,inf
128,-0.552237406,4.5355591,0.923962296,-0.185296636,-0.606888024,-0.772885556,1.50202179
128,-0.552237406,4.5355591,0.923962296,-0.357965612,-0.709991844,-0.606442249,1.283900738
128,-0.552237406,4.5355591,0.923962296,-0.506239823,-0.764710893,-0.398670906,1.192030907
128,-0.552237406,4.5355591,0.923962296,-0.620014627,-0.767316159,-0.163730798,1.187983513
128,-0.552237406,4.5355591,0.923962296,-0.691536459,-0.717630096,0.082367292,1.270235181
128,-0.552237406,4.5355591,0.923962296,-0.715931224,-0.619038729,0.322852188,1.425782561
128,-0.552237406,4.5355591,0.923962296,-0.691536459,-0.478260895,0.541335241,1.476078629
128,-0.552237406,4.5355591,0.923962296,-0.620014627,-0.304890371,0.722927191,1.646351814
128,-0.552237406,4.5355591,0.923962296,-0.506239823,-0.110742072,0.855252849,inf
128,-0.552237406,4.5355591,0.923962296,-0.357965612,0.090953116,0.929294437,inf
128,-0.552237406,4.5355591,0.923962296,-0.185296636,0.286449999,0.940006146,inf
128,-0.552237406,4.5355591,0.923962296,-8.77E-17,0.462425788,0.88665799,1.37198472
128,-0.552237406,4.5355591,0.923962296,0.185296636,0.606888024,0.772885556,1.04540062
128,-0.552237406,4.5355591,0.923962296,0.357965612,0.709991844,0.606442249,0.893589258
128,-0.552237406,4.5355591,0.923962296,0.506239823,0.764710893,0.398670906,0.829648256
128,-0.552237406,4.5355591,0.923962296,0.620014627,0.767316159,0.163730798,0.826831341
128,-0.552237406,4.5355591,0.923962296,0.691536459,0.717630096,-0.082367292,0.884078085
128,-0.552237406,4.5355591,0.923962296,0.715931224,0.619038729,-0.322852188,1.024881005
128,-0.552237406,4.5355591,0.923962296,0.691536459,0.478260895,-0.541335241,1.326558352
128,-0.552237406,4.5355591,0.923962296,0.620014627,0.304890371,-0.722927191,inf
128,-0.552237406,4.5355591,0.923962296,0.506239823,0.110742072,-0.855252849,inf
128,-0.552237406,4.5355591,0.923962296,0.357965612,-0.090953116,-0.929294437,inf
128,-0.552237406,4.5355591,0.923962296,0.185296636,-0.286449999,-0.940006146,inf
129,-0.587145947,4.567298407,0.907409043,0,-0.462425788,-0.88665799,inf
129,-0.587145947,4.567298407,0.907409043,-0.185296636,-0.606888024,-0.772885556,1.554320216
129,-0.587145947,4.567298407,0.907409043,-0.357965612,-0.709991844,-0.606442249,1.32860446
129,-0.587145947,4.567298407,0.907409043,-0.506239823,-0.764710893,-0.398670906,1.233535886
129,-0.587145947,4.567298407,0.907409043,-0.620014627,-0.767316159,-0.163730798,1.229347587
129,-0.587145947,4.567298407,0.907409043,-0.691536459,-0.717630096,0.082367292,1.314463139
129,-0.587145947,4.567298407,0.907409043,-0.715931224,-0.619038729,0.322852188,1.377022982
129,-0.587145947,4.567298407,0.907409043,-0.691536459,-0.478260895,0.541335241,1.425598979
129,-0.587145947,4.567298407,0.907409043,-0.620014627,-0.304890371,0.722927191,1.590049028
129,-0.587145947,4.567298407,0.907409043,-0.506239823,-0.110742072,0.855252849,inf
129,-0.587145947,4.567298407,0.907409043,-0.357965612,0.090953116,0.929294437,inf
129,-0.587145947,4.567298407,0.907409043,-0.185296636,0.286449999,0.940006146,inf
129,-0.587145947,4.567298407,0.907409043,-8.77E-17,0.462425788,0.88665799,1.303348184
129,-0.587145947,4.567298407,0.907409043,0.185296636,0.606888024,0.772885556,0.993102074
129,-0.587145947,4.567298407,0.907409043,0.357965612,0.709991844,0.606442249,0.848885477
129,-0.587145947,4.567298407,0.907409043,0.506239823,0.764710893,0.398670906,0.788143277
129,-0.587145947,4.567298407,0.907409043,0.620014627,0.767316159,0.163730798,0.785467267
129,-0.587145947,4.567298407,0.907409043,0.691536459,0.717630096,-0.082367292,0.839850128
129,-0.587145947,4.567298407,0.907409043,0.715931224,0.619038729,-0.322852188,0.97360903
129,-0.587145947,4.567298407,0.907409043,0.691536459,0.478260895,-0.541335241,1.260194421
129,-0.587145947,4.567298407,0.907409043,0.620014627,0.304890371,-0.722927191,inf
129,-0.587145947,4.567298407,0.907409043,0.506239823,0.110742072,-0.855252849,inf
129,-0.587145947,4.567298407,0.907409043,0.357965612,-0.090953116,-0.929294437,inf
129,-0.587145947,4.567298407,0.907409043,0.185296636,-0.286449999,-0.940006146,inf
130,-0.622054487,4.599037714,0.89085579,0,-0.462425788,-0.88665799,inf
130,-0.622054487,4.599037714,0.89085579,-0.185296636,-0.606888024,-0.772885556,1.606618762
130,-0.622054487,4.599037714,0.89085579,-0.357965612,-0.709991844,-0.606442249,1.373308182
130,-0.622054487,4.599037714,0.89085579,-0.506239823,-0.764710893,-0.398670906,1.275040865
130,-0.622054487,4.599037714,0.89085579,-0.620014627,-0.767316159,-0.163730798,1.27071166
130,-0.622054487,4.599037714,0.89085579,-0.691536459,-0.717630096,0.082367292,1.358691096
130,-0.622054487,4.599037714,0.89085579,-0.715931224,-0.619038729,0.322852188,1.328263283
130,-0.622054487,4.599037714,0.89085579,-0.691536459,-0.478260895,0.541335241,1.375119328
130,-0.622054487,4.599037714,0.89085579,-0.620014627,-0.304890371,0.722927191,1.533746243
130,-0.622054487,4.599037714,0.89085579,-0.506239823,-0.110742072,0.855252849,1.878447771
130,-0.622054487,4.599037714,0.89085579,-0.357965612,0.090953116,0.929294437,inf
130,-0.622054487,4.599037714,0.89085579,-0.185296636,0.286449999,0.940006146,inf
130,-0.622054487,4.599037714,0.89085579,-8.77E-17,0.462425788,0.88665799,1.234711647
130,-0.622054487,4.599037714,0.89085579,0.185296636,0.606888024,0.772885556,0.940803647
130,-0.622054487,4.599037714,0.89085579,0.357965612,0.709991844,0.606442249,0.804181695
130,-0.622054487,4.599037714,0.89085579,0.506239823,0.764710893,0.398670906,0.746638298
130,-0.622054487,4.599037714,0.89085579,0.620014627,0.767316159,0.163730798,0.744103193
130,-0.622054487,4.599037714,0.89085579,0.691536459,0.717630096,-0.082367292,0.79562217
130,-0.622054487,4.599037714,0.89085579,0.715931224,0.619038729,-0.322852188,0.922337115
130,-0.622054487,4.599037714,0.89085579,0.691536459,0.478260895,-0.541335241,1.193830371
130,-0.622054487,4.599037714,0.89085579,0.620014627,0.304890371,-0.722927191,1.872680783
130,-0.622054487,4.599037714,0.89085579,0.506239823,0.110742072,-0.855252849,inf
130,-0.622054487,4.599037714,0.89085579,0.357965612,-0.090953116,-0.929294437,inf
130,-0.622054487,4.599037714,0.89085579,0.185296636,-0.286449999,-0.940006146,inf
131,-0.656963028,4.630777021,0.874302537,0,-0.462425788,-0.88665799,inf
131,-0.656963028,4.630777021,0.874302537,-0.185296636,-0.606888024,-0.772885556,1.658917189
131,-0.656963028,4.630777021,0.874302537,-0.357965612,-0.709991844,-0.606442249,1.418012023
131,-0.656963028,4.630777021,0.874302537,-0.506239823,-0.764710893,-0.398670906,1.316545844
131,-0.656963028,4.630777021,0.874302537,-0.620014627,-0.767316159,-0.163730798,1.312075734
131,-0.656963028,4.630777021,0.874302537,-0.691536459,-0.717630096,0.082367292,1.324639678
131,-0.656963028,4.630777021,0.874302537,-0.715931224,-0.619038729,0.322852188,1.279503703
131,-0.656963028,4.630777021,0.874302537,-0.691536459,-0.478260895,0.541335241,1.324639678
131,-0.656963028,4.630777021,0.874302537,-0.620014627,-0.304890371,0.722927191,1.477443457
131,-0.656963028,4.630777021,0.874302537,-0.506239823,-0.110742072,0.855252849,1.809491277
131,-0.656963028,4.630777021,0.874302537,-0.357965612,0.090953116,0.929294437,inf
131,-0.656963028,4.630777021,0.874302537,-0.185296636,0.286449999,0.940006146,inf
131,-0.656963028,4.630777021,0.874302537,-8.77E-17,0.462425788,0.88665799,1.166074991
131,-0.656963028,4.630777021,0.874302537,0.185296636,0.606888024,0.772885556,0.888505161
131,-0.656963028,4.630777021,0.874302537,0.357965612,0.709991844,0.606442249,0.759477913
131,-0.656963028,4.630777021,0.874302537,0.506239823,0.764710893,0.398670906,0.705133319
131,-0.656963028,4.630777021,0.874302537,0.620014627,0.767316159,0.163730798,0.702739179
131,-0.656963028,4.630777021,0.874302537,0.691536459,0.717630096,-0.082367292,0.751394212
131,-0.656963028,4.630777021,0.874302537,0.715931224,0.619038729,-0.322852188,0.871065199
131,-0.656963028,4.630777021,0.874302537,0.691536459,0.478260895,-0.541335241,1.127466321
131,-0.656963028,4.630777021,0.874302537,0.620014627,0.304890371,-0.722927191,1.768580079
131,-0.656963028,4.630777021,0.874302537,0.506239823,0.110742072,-0.855252849,inf
131,-0.656963028,4.630777021,0.874302537,0.357965612,-0.090953116,-0.929294437,inf
131,-0.656963028,4.630777021,0.874302537,0.185296636,-0.286449999,-0.940006146,inf
132,-0.714070672,4.645596085,0.867139418,0.069881503,0,-0.9975553,inf
132,-0.714070672,4.645596085,0.867139418,0.027718931,-0.255728314,-0.966351225,inf
132,-0.714070672,4.645596085,0.867139418,-0.016332641,-0.494029166,-0.869291912,inf
132,-0.714070672,4.645596085,0.867139418,-0.059271169,-0.698662747,-0.712991791,1.462216258
132,-0.714070672,4.645596085,0.867139418,-0.098170466,-0.855683617,-0.508102458,1.193894506
132,-0.714070672,4.645596085,0.867139418,-0.130379607,-0.954391062,-0.268586782,1.07041657
132,-0.714070672,4.645596085,0.867139418,-0.153703594,-0.988058333,-0.010767361,1.033942938
132,-0.714070672,4.645596085,0.867139418,-0.166552935,-0.954391062,0.247785838,1.070416451
132,-0.714070672,4.645596085,0.867139418,-0.168051968,-0.855683617,0.489452842,1.193894506
132,-0.714070672,4.645596085,0.867139418,-0.158098538,-0.698662747,0.697764443,1.46221602
132,-0.714070672,4.645596085,0.867139418,-0.137370954,-0.494029166,0.858524551,inf
132,-0.714070672,4.645596085,0.867139418,-0.107281766,-0.255728314,0.960777629,inf
132,-0.714070672,4.645596085,0.867139418,-0.069881503,-1.21E-16,0.9975553,inf
132,-0.714070672,4.645596085,0.867139418,-0.027718931,0.255728314,0.966351225,inf
132,-0.714070672,4.645596085,0.867139418,0.016332641,0.494029166,0.869291912,1.061484098
132,-0.714070672,4.645596085,0.867139418,0.059271169,0.698662747,0.712991791,0.750582576
132,-0.714070672,4.645596085,0.867139418,0.098170466,0.855683617,0.508102458,0.612848103
132,-0.714070672,4.645596085,0.867139418,0.130379607,0.954391062,0.268586782,0.549464524
132,-0.714070672,4.645596085,0.867139418,0.153703594,0.988058333,0.010767361,0.53074199
132,-0.714070672,4.645596085,0.867139418,0.166552935,0.954391062,-0.247785838,0.549464524
132,-0.714070672,4.645596085,0.867139418,0.168051968,0.855683617,-0.489452842,0.612848043
132,-0.714070672,4.645596085,0.867139418,0.158098538,0.698662747,-0.697764443,0.750582457
132,-0.714070672,4.645596085,0.867139418,0.137370954,0.494029166,-0.858524551,1.06148386
132,-0.714070672,4.645596085,0.867139418,0.107281766,0.255728314,-0.960777629,inf
133,-0.763352814,4.653300099,0.863687068,0.069881503,0,-0.9975553,inf
133,-0.763352814,4.653300099,0.863687068,0.027718931,-0.255728314,-0.966351225,inf
133,-0.763352814,4.653300099,0.863687068,-0.016332641,-0.494029166,-0.869291912,inf
133,-0.763352814,4.653300099,0.863687068,-0.059271169,-0.698662747,-0.712991791,1.473242998
133,-0.763352814,4.653300099,0.863687068,-0.098170466,-0.855683617,-0.508102458,1.202897906
133,-0.763352814,4.653300099,0.863687068,-0.130379607,-0.954391062,-0.268586782,1.078488708
133,-0.763352814,4.653300099,0.863687068,-0.153703594,-0.988058333,-0.010767361,1.04174006
133,-0.763352814,4.653300099,0.863687068,-0.166552935,-0.954391062,0.247785838,1.078488708
133,-0.763352814,4.653300099,0.863687068,-0.168051968,-0.855683617,0.489452842,1.202897787
133,-0.763352814,4.653300099,0.863687068,-0.158098538,-0.698662747,0.697764443,1.473242879
133,-0.763352814,4.653300099,0.863687068,-0.137370954,-0.494029166,0.858524551,inf
133,-0.763352814,4.653300099,0.863687068,-0.107281766,-0.255728314,0.960777629,inf
133,-0.763352814,4.653300099,0.863687068,-0.069881503,-1.21E-16,0.9975553,inf
133,-0.763352814,4.653300099,0.863687068,-0.027718931,0.255728314,0.966351225,inf
133,-0.763352814,4.653300099,0.863687068,0.016332641,0.494029166,0.869291912,1.045889854
133,-0.763352814,4.653300099,0.863687068,0.059271169,0.698662747,0.712991791,0.739555776
133,-0.763352814,4.653300099,0.863687068,0.098170466,0.855683617,0.508102458,0.603844762
133,-0.763352814,4.653300099,0.863687068,0.130379607,0.954391062,0.268586782,0.541392386
133,-0.763352814,4.653300099,0.863687068,0.153703594,0.988058333,0.010767361,0.522944868
133,-0.763352814,4.653300099,0.863687068,0.166552935,0.954391062,-0.247785838,0.541392326
133,-0.763352814,4.653300099,0.863687068,0.168051968,0.855683617,-0.489452842,0.603844702
133,-0.763352814,4.653300099,0.863687068,0.158098538,0.698662747,-0.697764443,0.739555657
133,-0.763352814,4.653300099,0.863687068,0.137370954,0.494029166,-0.858524551,1.045889616
133,-0.763352814,4.653300099,0.863687068,0.107281766,0.255728314,-0.960777629,inf
134,-0.812634955,4.661004113,0.860234718,0.069881503,0,-0.9975553,inf
134,-0.812634955,4.661004113,0.860234718,0.027718931,-0.255728314,-0.966351225,inf
134,-0.812634955,4.661004113,0.860234718,-0.016332641,-0.494029166,-0.869291912,inf
134,-0.812634955,4.661004113,0.860234718,-0.059271169,-0.698662747,-0.712991791,1.484269857
134,-0.812634955,4.661004113,0.860234718,-0.098170466,-0.855683617,-0.508102458,1.211901188
134,-0.812634955,4.661004113,0.860234718,-0.130379607,-0.954391062,-0.268586782,1.086560845
134,-0.812634955,4.661004113,0.860234718,-0.153703594,-0.988058333,-0.010767361,1.049537182
134,-0.812634955,4.661004113,0.860234718,-0.166552935,-0.954391062,0.247785838,1.086560845
134,-0.812634955,4.661004113,0.860234718,-0.168051968,-0.855683617,0.489452842,1.211901188
134,-0.812634955,4.661004113,0.860234718,-0.158098538,-0.698662747,0.697764443,1.484269619
134,-0.812634955,4.661004113,0.860234718,-0.137370954,-0.494029166,0.858524551,inf
134,-0.812634955,4.661004113,0.860234718,-0.107281766,-0.255728314,0.960777629,inf
134,-0.812634955,4.661004113,0.860234718,-0.069881503,-1.21E-16,0.9975553,inf
134,-0.812634955,4.661004113,0.860234718,-0.027718931,0.255728314,0.966351225,inf
134,-0.812634955,4.661004113,0.860234718,0.016332641,0.494029166,0.869291912,1.03029561
134,-0.812634955,4.661004113,0.860234718,0.059271169,0.698662747,0.712991791,0.728528976
134,-0.812634955,4.661004113,0.860234718,0.098170466,0.855683617,0.508102458,0.594841361
134,-0.812634955,4.661004113,0.860234718,0.130379607,0.954391062,0.268586782,0.533320189
134,-0.812634955,4.661004113,0.860234718,0.153703594,0.988058333,0.010767361,0.515147746
134,-0.812634955,4.661004113,0.860234718,0.166552935,0.954391062,-0.247785838,0.533320189
134,-0.812634955,4.661004113,0.860234718,0.168051968,0.855683617,-0.489452842,0.594841361
134,-0.812634955,4.661004113,0.860234718,0.158098538,0.698662747,-0.697764443,0.728528857
134,-0.812634955,4.661004113,0.860234718,0.137370954,0.494029166,-0.858524551,1.030295372
134,-0.812634955,4.661004113,0.860234718,0.107281766,0.255728314,-0.960777629,inf
135,-0.861917096,4.668708127,0.856782368,0.069881503,0,-0.9975553,inf
135,-0.861917096,4.668708127,0.856782368,0.027718931,-0.255728314,-0.966351225,inf
135,-0.861917096,4.668708127,0.856782368,-0.016332641,-0.494029166,-0.869291912,inf
135,-0.861917096,4.668708127,0.856782368,-0.059271169,-0.698662747,-0.712991791,1.495296597
135,-0.861917096,4.668708127,0.856782368,-0.098170466,-0.855683617,-0.508102458,1.220904589
135,-0.861917096,4.668708127,0.856782368,-0.130379607,-0.954391062,-0.268586782,1.094633102
135,-0.861917096,4.668708127,0.856782368,-0.153703594,-0.988058333,-0.010767361,1.057334304
135,-0.861917096,4.668708127,0.856782368,-0.166552935,-0.954391062,0.247785838,1.094632983
135,-0.861917096,4.668708127,0.856782368,-0.168051968,-0.855683617,0.489452842,1.220904469
135,-0.861917096,4.668708127,0.856782368,-0.158098538,-0.698662747,0.697764443,1.495296478
135,-0.861917096,4.668708127,0.856782368,-0.137370954,-0.494029166,0.858524551,inf
135,-0.861917096,4.668708127,0.856782368,-0.107281766,-0.255728314,0.960777629,inf
135,-0.861917096,4.668708127,0.856782368,-0.069881503,-1.21E-16,0.9975553,inf
135,-0.861917096,4.668708127,0.856782368,-0.027718931,0.255728314,0.966351225,inf
135,-0.861917096,4.668708127,0.856782368,0.016332641,0.494029166,0.869291912,1.014701366
135,-0.861917096,4.668708127,0.856782368,0.059271169,0.698662747,0.712991791,0.717502177
135,-0.861917096,4.668708127,0.856782368,0.098170466,0.855683617,0.508102458,0.58583802
135,-0.861917096,4.668708127,0.856782368,0.130379607,0.954391062,0.268586782,0.525247991
135,-0.861917096,4.668708127,0.856782368,0.153703594,0.988058333,0.010767361,0.507350624
135,-0.861917096,4.668708127,0.856782368,0.166552935,0.954391062,-0.247785838,0.525247991
135,-0.861917096,4.668708127,0.856782368,0.168051968,0.855683617,-0.489452842,0.58583802
135,-0.861917096,4.668708127,0.856782368,0.158098538,0.698662747,-0.697764443,0.717502058
135,-0.861917096,4.668708127,0.856782368,0.137370954,0.494029166,-0.858524551,1.014701128
135,-0.861917096,4.668708127,0.856782368,0.107281766,0.255728314,-0.960777629,inf
136,-0.911199238,4.67641214,0.853330018,0.069881503,0,-0.9975553,inf
136,-0.911199238,4.67641214,0.853330018,0.027718931,-0.255728314,-0.966351225,inf
136,-0.911199238,4.67641214,0.853330018,-0.016332641,-0.494029166,-0.869291912,inf
136,-0.911199238,4.67641214,0.853330018,-0.059271169,-0.698662747,-0.712991791,1.506323457
136,-0.911199238,4.67641214,0.853330018,-0.098170466,-0.855683617,-0.508102458,1.22990787
136,-0.911199238,4.67641214,0.853330018,-0.130379607,-0.954391062,-0.268586782,1.10270524
136,-0.911199238,4.67641214,0.853330018,-0.153703594,-0.988058333,-0.010767361,1.065131426
136,-0.911199238,4.67641214,0.853330018,-0.166552935,-0.954391062,0.247785838,1.10270524
136,-0.911199238,4.67641214,0.853330018,-0.168051968,-0.855683617,0.489452842,1.22990787
136,-0.911199238,4.67641214,0.853330018,-0.158098538,-0.698662747,0.697764443,1.506323218
136,-0.911199238,4.67641214,0.853330018,-0.137370954,-0.494029166,0.858524551,inf
136,-0.911199238,4.67641214,0.853330018,-0.107281766,-0.255728314,0.960777629,inf
136,-0.911199238,4.67641214,0.853330018,-0.069881503,-1.21E-16,0.9975553,inf
136,-0.911199238,4.67641214,0.853330018,-0.027718931,0.255728314,0.966351225,inf
136,-0.911199238,4.67641214,0.853330018,0.016332641,0.494029166,0.869291912,0.999107063
136,-0.911199238,4.67641214,0.853330018,0.059271169,0.698662747,0.712991791,0.706475377
136,-0.911199238,4.67641214,0.853330018,0.098170466,0.855683617,0.508102458,0.576834679
136,-0.911199238,4.67641214,0.853330018,0.130379607,0.954391062,0.268586782,0.517175853
136,-0.911199238,4.67641214,0.853330018,0.153703594,0.988058333,0.010767361,0.499553502
136,-0.911199238,4.67641214,0.853330018,0.166552935,0.954391062,-0.247785838,0.517175794
136,-0.911199238,4.67641214,0.853330018,0.168051968,0.855683617,-0.489452842,0.576834679
136,-0.911199238,4.67641214,0.853330018,0.158098538,0.698662747,-0.697764443,0.706475258
136,-0.911199238,4.67641214,0.853330018,0.137370954,0.494029166,-0.858524551,0.999106884
136,-0.911199238,4.67641214,0.853330018,0.107281766,0.255728314,-0.960777629,inf
137,-0.960481379,4.684116154,0.849877668,0.069881503,0,-0.9975553,inf
137,-0.960481379,4.684116154,0.849877668,0.027718931,-0.255728314,-0.966351225,inf
137,-0.960481379,4.684116154,0.849877668,-0.016332641,-0.494029166,-0.869291912,inf
137,-0.960481379,4.684116154,0.849877668,-0.059271169,-0.698662747,-0.712991791,1.517350197
137,-0.960481379,4.684116154,0.849877668,-0.098170466,-0.855683617,-0.508102458,1.238911271
137,-0.960481379,4.684116154,0.849877668,-0.130379607,-0.954391062,-0.268586782,1.110777378
137,-0.960481379,4.684116154,0.849877668,-0.153703594,-0.988058333,-0.010767361,1.072928548
137,-0.960481379,4.684116154,0.849877668,-0.166552935,-0.954391062,0.247785838,1.110777378
137,-0.960481379,4.684116154,0.849877668,-0.168051968,-0.855683617,0.489452842,1.238911152
137,-0.960481379,4.684116154,0.849877668,-0.158098538,-0.698662747,0.697764443,1.517350078
137,-0.960481379,4.684116154,0.849877668,-0.137370954,-0.494029166,0.858524551,inf
137,-0.960481379,4.684116154,0.849877668,-0.107281766,-0.255728314,0.960777629,inf
137,-0.960481379,4.684116154,0.849877668,-0.069881503,-1.21E-16,0.9975553,inf
137,-0.960481379,4.684116154,0.849877668,-0.027718931,0.255728314,0.966351225,inf
137,-0.960481379,4.684116154,0.849877668,0.016332641,0.494029166,0.869291912,0.983512819
137,-0.960481379,4.684116154,0.849877668,0.059271169,0.698662747,0.712991791,0.695448577
137,-0.960481379,4.684116154,0.849877668,0.098170466,0.855683617,0.508102458,0.567831337
137,-0.960481379,4.684116154,0.849877668,0.130379607,0.954391062,0.268586782,0.509103656
137,-0.960481379,4.684116154,0.849877668,0.153703594,0.988058333,0.010767361,0.49175635
137,-0.960481379,4.684116154,0.849877668,0.166552935,0.954391062,-0.247785838,0.509103656
137,-0.960481379,4.684116154,0.849877668,0.168051968,0.855683617,-0.489452842,0.567831337
137,-0.960481379,4.684116154,0.849877668,0.158098538,0.698662747,-0.697764443,0.695448458
137,-0.960481379,4.684116154,0.849877668,0.137370954,0.494029166,-0.858524551,0.98351264
137,-0.960481379,4.684116154,0.849877668,0.107281766,0.255728314,-0.960777629,inf
138,-1.00976352,4.691820168,0.846425318,0.069881503,0,-0.9975553,inf
138,-1.00976352,4.691820168,0.846425318,0.027718931,-0.255728314,-0.966351225,inf
138,-1.00976352,4.691820168,0.846425318,-0.016332641,-0.494029166,-0.869291912,inf
138,-1.00976352,4.691820168,0.846425318,-0.059271169,-0.698662747,-0.712991791,1.528377056
138,-1.00976352,4.691820168,0.846425318,-0.098170466,-0.855683617,-0.508102458,1.247914553
138,-1.00976352,4.691820168,0.846425318,-0.130379607,-0.954391062,-0.268586782,1.118849635
138,-1.00976352,4.691820168,0.846425318,-0.153703594,-0.988058333,-0.010767361,1.08072567
138,-1.00976352,4.691820168,0.846425318,-0.166552935,-0.954391062,0.247785838,1.118849516
138,-1.00976352,4.691820168,0.846425318,-0.168051968,-0.855683617,0.489452842,1.247914553
138,-1.00976352,4.691820168,0.846425318,-0.158098538,-0.698662747,0.697764443,1.528376818
138,-1.00976352,4.691820168,0.846425318,-0.137370954,-0.494029166,0.858524551,inf
138,-1.00976352,4.691820168,0.846425318,-0.107281766,-0.255728314,0.960777629,inf
138,-1.00976352,4.691820168,0.846425318,-0.069881503,-1.21E-16,0.9975553,inf
138,-1.00976352,4.691820168,0.846425318,-0.027718931,0.255728314,0.966351225,inf
138,-1.00976352,4.691820168,0.846425318,0.016332641,0.494029166,0.869291912,0.967918575
138,-1.00976352,4.691820168,0.846425318,0.059271169,0.698662747,0.712991791,0.684421778
138,-1.00976352,4.691820168,0.846425318,0.098170466,0.855683617,0.508102458,0.558827996
138,-1.00976352,4.691820168,0.846425318,0.130379607,0.954391062,0.268586782,0.501031458
138,-1.00976352,4.691820168,0.846425318,0.153703594,0.988058333,0.010767361,0.483959228
138,-1.00976352,4.691820168,0.846425318,0.166552935,0.954391062,-0.247785838,0.501031458
138,-1.00976352,4.691820168,0.846425318,0.168051968,0.855683617,-0.489452842,0.558827996
138,-1.00976352,4.691820168,0.846425318,0.158098538,0.698662747,-0.697764443,0.684421659
138,-1.00976352,4.691820168,0.846425318,0.137370954,0.494029166,-0.858524551,0.967918396
138,-1.00976352,4.691820168,0.846425318,0.107281766,0.255728314,-0.960777629,inf
139,-1.059045661,4.699524181,0.842972968,0.069881503,0,-0.9975553,inf
139,-1.059045661,4.699524181,0.842972968,0.027718931,-0.255728314,-0.966351225,inf
139,-1.059045661,4.699524181,0.842972968,-0.016332641,-0.494029166,-0.869291912,inf
139,-1.059045661,4.699524181,0.842972968,-0.059271169,-0.698662747,-0.712991791,1.539403796
139,-1.059045661,4.699524181,0.842972968,-0.098170466,-0.855683617,-0.508102458,1.256917953
139,-1.059045661,4.699524181,0.842972968,-0.130379607,-0.954391062,-0.268586782,1.126921773
139,-1.059045661,4.699524181,0.842972968,-0.153703594,-0.988058333,-0.010767361,1.088522792
139,-1.059045661,4.699524181,0.842972968,-0.166552935,-0.954391062,0.247785838,1.126921773
139,-1.059045661,4.699524181,0.842972968,-0.168051968,-0.855683617,0.489452842,1.256917834
139,-1.059045661,4.699524181,0.842972968,-0.158098538,-0.698662747,0.697764443,1.539403677
139,-1.059045661,4.699524181,0.842972968,-0.137370954,-0.494029166,0.858524551,inf
139,-1.059045661,4.699524181,0.842972968,-0.107281766,-0.255728314,0.960777629,inf
139,-1.059045661,4.699524181,0.842972968,-0.069881503,-1.21E-16,0.9975553,inf
139,-1.059045661,4.699524181,0.842972968,-0.027718931,0.255728314,0.966351225,inf
139,-1.059045661,4.699524181,0.842972968,0.016332641,0.494029166,0.869291912,0.952324331
139,-1.059045661,4.699524181,0.842972968,0.059271169,0.698662747,0.712991791,0.673394978
139,-1.059045661,4.699524181,0.842972968,0.098170466,0.855683617,0.508102458,0.549824655
139,-1.059045661,4.699524181,0.842972968,0.130379607,0.954391062,0.268586782,0.492959291
139,-1.059045661,4.699524181,0.842972968,0.153703594,0.988058333,0.010767361,0.476162106
139,-1.059045661,4.699524181,0.842972968,0.166552935,0.954391062,-0.247785838,0.492959291
139,-1.059045661,4.699524181,0.842972968,0.168051968,0.855683617,-0.489452842,0.549824655
139,-1.059045661,4.699524181,0.842972968,0.158098538,0.698662747,-0.697764443,0.673394859
139,-1.059045661,4.699524181,0.842972968,0.137370954,0.494029166,-0.858524551,0.952324152
139,-1.059045661,4.699524181,0.842972968,0.107281766,0.255728314,-0.960777629,inf
140,-1.108327803,4.707228195,0.839520618,0.069881503,0,-0.9975553,inf
140,-1.108327803,4.707228195,0.839520618,0.027718931,-0.255728314,-0.966351225,inf
140,-1.108327803,4.707228195,0.839520618,-0.016332641,-0.494029166,-0.869291912,inf
140,-1.108327803,4.707228195,0.839520618,-0.059271169,-0.698662747,-0.712991791,1.550430655
140,-1.108327803,4.707228195,0.839520618,-0.098170466,-0.855683617,-0.508102458,1.265921235
140,-1.108327803,4.707228195,0.839520618,-0.130379607,-0.954391062,-0.268586782,1.134993911
140,-1.108327803,4.707228195,0.839520618,-0.153703594,-0.988058333,-0.010767361,1.096319914
140,-1.108327803,4.707228195,0.839520618,-0.166552935,-0.954391062,0.247785838,1.134993911
140,-1.108327803,4.707228195,0.839520618,-0.168051968,-0.855683617,0.489452842,1.265921235
140,-1.108327803,4.707228195,0.839520618,-0.158098538,-0.698662747,0.697764443,1.550430417
140,-1.108327803,4.707228195,0.839520618,-0.137370954,-0.494029166,0.858524551,inf
140,-1.108327803,4.707228195,0.839520618,-0.107281766,-0.255728314,0.960777629,inf
140,-1.108327803,4.707228195,0.839520618,-0.069881503,-1.21E-16,0.9975553,inf
140,-1.108327803,4.707228195,0.839520618,-0.027718931,0.255728314,0.966351225,inf
140,-1.108327803,4.707228195,0.839520618,0.016332641,0.494029166,0.869291912,0.936522782
140,-1.108327803,4.707228195,0.839520618,0.059271169,0.698662747,0.712991791,0.661901891
140,-1.108327803,4.707228195,0.839520618,0.098170466,0.855683617,0.508102458,0.540289998
140,-1.108327803,4.707228195,0.839520618,0.130379607,0.954391062,0.268586782,0.484311938
140,-1.108327803,4.707228195,0.839520618,0.153703594,0.988058333,0.010767361,0.467726797
140,-1.108327803,4.707228195,0.839520618,0.166552935,0.954391062,-0.247785838,0.484140903
140,-1.108327803,4.707228195,0.839520618,0.168051968,0.855683617,-0.489452842,0.539878905
140,-1.108327803,4.707228195,0.839520618,0.158098538,0.698662747,-0.697764443,0.661029875
140,-1.108327803,4.707228195,0.839520618,0.137370954,0.494029166,-0.858524551,0.936729908
140,-1.108327803,4.707228195,0.839520618,0.107281766,0.255728314,-0.960777629,inf
141,-1.157609944,4.714932209,0.836068268,0.069881503,0,-0.9975553,inf
141,-1.157609944,4.714932209,0.836068268,0.027718931,-0.255728314,-0.966351225,inf
141,-1.157609944,4.714932209,0.836068268,-0.016332641,-0.494029166,-0.869291912,inf
141,-1.157609944,4.714932209,0.836068268,-0.059271169,-0.698662747,-0.712991791,1.561457396
141,-1.157609944,4.714932209,0.836068268,-0.098170466,-0.855683617,-0.508102458,1.274924636
141,-1.157609944,4.714932209,0.836068268,-0.130379607,-0.954391062,-0.268586782,1.143066168
141,-1.157609944,4.714932209,0.836068268,-0.153703594,-0.988058333,-0.010767361,1.104117036
141,-1.157609944,4.714932209,0.836068268,-0.166552935,-0.954391062,0.247785838,1.143066049
141,-1.157609944,4.714932209,0.836068268,-0.168051968,-0.855683617,0.489452842,1.274924517
141,-1.157609944,4.714932209,0.836068268,-0.158098538,-0.698662747,0.697764443,1.561457276
141,-1.157609944,4.714932209,0.836068268,-0.137370954,-0.494029166,0.858524551,inf
141,-1.157609944,4.714932209,0.836068268,-0.107281766,-0.255728314,0.960777629,inf
141,-1.157609944,4.714932209,0.836068268,-0.069881503,-1.21E-16,0.9975553,inf
141,-1.157609944,4.714932209,0.836068268,-0.027718931,0.255728314,0.966351225,inf
141,-1.157609944,4.714932209,0.836068268,0.016332641,0.494029166,0.869291912,inf
141,-1.157609944,4.714932209,0.836068268,0.059271169,0.698662747,0.712991791,0.88762027
141,-1.157609944,4.714932209,0.836068268,0.098170466,0.855683617,0.508102458,0.532000005
141,-1.157609944,4.714932209,0.836068268,0.130379607,0.954391062,0.268586782,0.475770593
141,-1.157609944,4.714932209,0.836068268,0.153703594,0.988058333,0.010767361,0.460567862
141,-1.157609944,4.714932209,0.836068268,0.166552935,0.954391062,-0.247785838,0.476814926
141,-1.157609944,4.714932209,0.836068268,0.168051968,0.855683617,-0.489452842,0.531817913
141,-1.157609944,4.714932209,0.836068268,0.158098538,0.698662747,-0.697764443,0.651341259
141,-1.157609944,4.714932209,0.836068268,0.137370954,0.494029166,-0.858524551,0.921135664
141,-1.157609944,4.714932209,0.836068268,0.107281766,0.255728314,-0.960777629,inf
142,-1.206892085,4.722636223,0.832615918,0.069881503,0,-0.9975553,inf
142,-1.206892085,4.722636223,0.832615918,0.027718931,-0.255728314,-0.966351225,inf
142,-1.206892085,4.722636223,0.832615918,-0.016332641,-0.494029166,-0.869291912,inf
142,-1.206892085,4.722636223,0.832615918,-0.059271169,-0.698662747,-0.712991791,1.572484255
142,-1.206892085,4.722636223,0.832615918,-0.098170466,-0.855683617,-0.508102458,1.283928037
142,-1.206892085,4.722636223,0.832615918,-0.130379607,-0.954391062,-0.268586782,1.151138306
142,-1.206892085,4.722636223,0.832615918,-0.153703594,-0.988058333,-0.010767361,1.111914158
142,-1.206892085,4.722636223,0.832615918,-0.166552935,-0.954391062,0.247785838,1.151138306
142,-1.206892085,4.722636223,0.832615918,-0.168051968,-0.855683617,0.489452842,1.283927917
142,-1.206892085,4.722636223,0.832615918,-0.158098538,-0.698662747,0.697764443,1.572484016
142,-1.206892085,4.722636223,0.832615918,-0.137370954,-0.494029166,0.858524551,inf
142,-1.206892085,4.722636223,0.832615918,-0.107281766,-0.255728314,0.960777629,inf
142,-1.206892085,4.722636223,0.832615918,-0.069881503,-1.21E-16,0.9975553,inf
142,-1.206892085,4.722636223,0.832615918,-0.027718931,0.255728314,0.966351225,inf
142,-1.206892085,4.722636223,0.832615918,0.016332641,0.494029166,0.869291912,inf
142,-1.206892085,4.722636223,0.832615918,0.059271169,0.698662747,0.712991791,inf
142,-1.206892085,4.722636223,0.832615918,0.098170466,0.855683617,0.508102458,inf
142,-1.206892085,4.722636223,0.832615918,0.130379607,0.954391062,0.268586782,inf
142,-1.206892085,4.722636223,0.832615918,0.153703594,0.988058333,0.010767361,0.662914693
142,-1.206892085,4.722636223,0.832615918,0.166552935,0.954391062,-0.247785838,0.611771643
142,-1.206892085,4.722636223,0.832615918,0.168051968,0.855683617,-0.489452842,0.60631448
142,-1.206892085,4.722636223,0.832615918,0.158098538,0.698662747,-0.697764443,0.640797317
142,-1.206892085,4.722636223,0.832615918,0.137370954,0.494029166,-0.858524551,0.90554136
142,-1.206892085,4.722636223,0.832615918,0.107281766,0.255728314,-0.960777629,inf
143,-1.239435288,4.77531407,0.843495079,0,0.25872025,-0.965952293,inf
143,-1.239435288,4.77531407,0.843495079,-0.258115733,0.231486349,-0.937971396,1.292306066
143,-1.239435288,4.77531407,0.843495079,-0.498641305,0.188477035,-0.846069298,0.668946743
143,-1.239435288,4.77531407,0.843495079,-0.705185296,0.132623322,-0.696508976,0.473016739
143,-1.239435288,4.77531407,0.843495079,-0.863672074,0.06773155,-0.499482718,0.386216551
143,-1.239435288,4.77531407,0.843495079,-0.963301028,-0.001776016,-0.268417538,0.34627226
143,-1.239435288,4.77531407,0.843495079,-0.997282609,-0.071162549,-0.019060147,0.334473312
143,-1.239435288,4.77531407,0.843495079,-0.963301028,-0.135699472,0.231596162,0.34627226
143,-1.239435288,4.77531407,0.843495079,-0.863672074,-0.190988701,0.466469575,0.386216491
143,-1.239435288,4.77531407,0.843495079,-0.705185296,-0.233262365,0.669553857,0.473016649
143,-1.239435288,4.77531407,0.843495079,-0.498641305,-0.259639584,0.827009151,0.668946505
143,-1.239435288,4.77531407,0.843495079,-0.258115733,-0.268322795,0.928105138,1.292305231
143,-1.239435288,4.77531407,0.843495079,-1.22E-16,-0.25872025,0.965952293,inf
143,-1.239435288,4.77531407,0.843495079,0.258115733,-0.231486349,0.937971396,inf
143,-1.239435288,4.77531407,0.843495079,0.498641305,-0.188477035,0.846069298,inf
143,-1.239435288,4.77531407,0.843495079,0.705185296,-0.132623322,0.696508976,inf
143,-1.239435288,4.77531407,0.843495079,0.863672074,-0.06773155,0.499482718,inf
143,-1.239435288,4.77531407,0.843495079,0.963301028,0.001776016,0.268417538,inf
143,-1.239435288,4.77531407,0.843495079,0.997282609,0.071162549,0.019060147,inf
143,-1.239435288,4.77531407,0.843495079,0.963301028,0.135699472,-0.231596162,2.908530235
143,-1.239435288,4.77531407,0.843495079,0.863672074,0.190988701,-0.466469575,2.066541195
143,-1.239435288,4.77531407,0.843495079,0.705185296,0.233262365,-0.669553857,1.692026019
143,-1.239435288,4.77531407,0.843495079,0.498641305,0.259639584,-0.827009151,1.520130277
143,-1.239435288,4.77531407,0.843495079,0.258115733,0.268322795,-0.928105138,inf
144,-1.243118831,4.823480441,0.85639594,0,0.25872025,-0.965952293,inf
144,-1.243118831,4.823480441,0.85639594,-0.258115733,0.231486349,-0.937971396,1.278035164
144,-1.243118831,4.823480441,0.85639594,-0.498641305,0.188477035,-0.846069298,0.661559582
144,-1.243118831,4.823480441,0.85639594,-0.705185296,0.132623322,-0.696508976,0.467793226
144,-1.243118831,4.823480441,0.85639594,-0.863672074,0.06773155,-0.499482718,0.381951571
144,-1.243118831,4.823480441,0.85639594,-0.963301028,-0.001776016,-0.268417538,0.342448384
144,-1.243118831,4.823480441,0.85639594,-0.997282609,-0.071162549,-0.019060147,0.330779731
144,-1.243118831,4.823480441,0.85639594,-0.963301028,-0.135699472,0.231596162,0.342448384
144,-1.243118831,4.823480441,0.85639594,-0.863672074,-0.190988701,0.466469575,0.381951511
144,-1.243118831,4.823480441,0.85639594,-0.705185296,-0.233262365,0.669553857,0.467793137
144,-1.243118831,4.823480441,0.85639594,-0.498641305,-0.259639584,0.827009151,0.661559343
144,-1.243118831,4.823480441,0.85639594,-0.258115733,-0.268322795,0.928105138,1.278034329
144,-1.243118831,4.823480441,0.85639594,-1.22E-16,-0.25872025,0.965952293,inf
144,-1.243118831,4.823480441,0.85639594,0.258115733,-0.231486349,0.937971396,inf
144,-1.243118831,4.823480441,0.85639594,0.498641305,-0.188477035,0.846069298,inf
144,-1.243118831,4.823480441,0.85639594,0.705185296,-0.132623322,0.696508976,inf
144,-1.243118831,4.823480441,0.85639594,0.863672074,-0.06773155,0.499482718,inf
144,-1.243118831,4.823480441,0.85639594,0.963301028,0.001776016,0.268417538,inf
144,-1.243118831,4.823480441,0.85639594,0.997282609,0.071162549,0.019060147,inf
144,-1.243118831,4.823480441,0.85639594,0.963301028,0.135699472,-0.231596162,2.553581476
144,-1.243118831,4.823480441,0.85639594,0.863672074,0.190988701,-0.466469575,1.814346313
144,-1.243118831,4.823480441,0.85639594,0.705185296,0.233262365,-0.669553857,1.485535979
144,-1.243118831,4.823480441,0.85639594,0.498641305,0.259639584,-0.827009151,1.334617853
144,-1.243118831,4.823480441,0.85639594,0.258115733,0.268322795,-0.928105138,1.291428208
145,-1.246802375,4.871646812,0.8692968,0,0.25872025,-0.965952293,inf
145,-1.246802375,4.871646812,0.8692968,-0.258115733,0.231486349,-0.937971396,1.263764262
145,-1.246802375,4.871646812,0.8692968,-0.498641305,0.188477035,-0.846069298,0.654172421
145,-1.246802375,4.871646812,0.8692968,-0.705185296,0.132623322,-0.696508976,0.462569714
145,-1.246802375,4.871646812,0.8692968,-0.863672074,0.06773155,-0.499482718,0.37768659
145,-1.246802375,4.871646812,0.8692968,-0.963301028,-0.001776016,-0.268417538,0.338624507
145,-1.246802375,4.871646812,0.8692968,-0.997282609,-0.071162549,-0.019060147,0.327086151
145,-1.246802375,4.871646812,0.8692968,-0.963301028,-0.135699472,0.231596162,0.338624507
145,-1.246802375,4.871646812,0.8692968,-0.863672074,-0.190988701,0.466469575,0.37768653
145,-1.246802375,4.871646812,0.8692968,-0.705185296,-0.233262365,0.669553857,0.462569624
145,-1.246802375,4.871646812,0.8692968,-0.498641305,-0.259639584,0.827009151,0.654172182
145,-1.246802375,4.871646812,0.8692968,-0.258115733,-0.268322795,0.928105138,1.263763428
145,-1.246802375,4.871646812,0.8692968,-1.22E-16,-0.25872025,0.965952293,inf
145,-1.246802375,4.871646812,0.8692968,0.258115733,-0.231486349,0.937971396,inf
145,-1.246802375,4.871646812,0.8692968,0.498641305,-0.188477035,0.846069298,inf
145,-1.246802375,4.871646812,0.8692968,0.705185296,-0.132623322,0.696508976,inf
145,-1.246802375,4.871646812,0.8692968,0.863672074,-0.06773155,0.499482718,inf
145,-1.246802375,4.871646812,0.8692968,0.963301028,0.001776016,0.268417538,inf
145,-1.246802375,4.871646812,0.8692968,0.997282609,0.071162549,0.019060147,inf
145,-1.246802375,4.871646812,0.8692968,0.963301028,0.135699472,-0.231596162,2.198632717
145,-1.246802375,4.871646812,0.8692968,0.863672074,0.190988701,-0.466469575,1.562151432
145,-1.246802375,4.871646812,0.8692968,0.705185296,0.233262365,-0.669553857,1.279045939
145,-1.246802375,4.871646812,0.8692968,0.498641305,0.259639584,-0.827009151,1.14910543
145,-1.246802375,4.871646812,0.8692968,0.258115733,0.268322795,-0.928105138,1.111919165
146,-1.250485919,4.919813183,0.88219766,0,0.25872025,-0.965952293,inf
146,-1.250485919,4.919813183,0.88219766,-0.258115733,0.231486349,-0.937971396,1.249493361
146,-1.250485919,4.919813183,0.88219766,-0.498641305,0.188477035,-0.846069298,0.646785259
146,-1.250485919,4.919813183,0.88219766,-0.705185296,0.132623322,-0.696508976,0.457346201
146,-1.250485919,4.919813183,0.88219766,-0.863672074,0.06773155,-0.499482718,0.373421609
146,-1.250485919,4.919813183,0.88219766,-0.963301028,-0.001776016,-0.268417538,0.334800631
146,-1.250485919,4.919813183,0.88219766,-0.997282609,-0.071162549,-0.019060147,0.32339257
146,-1.250485919,4.919813183,0.88219766,-0.963301028,-0.135699472,0.231596162,0.334800631
146,-1.250485919,4.919813183,0.88219766,-0.863672074,-0.190988701,0.466469575,0.37342155
146,-1.250485919,4.919813183,0.88219766,-0.705185296,-0.233262365,0.669553857,0.457346112
146,-1.250485919,4.919813183,0.88219766,-0.498641305,-0.259639584,0.827009151,0.646785021
146,-1.250485919,4.919813183,0.88219766,-0.258115733,-0.268322795,0.928105138,1.249492526
146,-1.250485919,4.919813183,0.88219766,-1.22E-16,-0.25872025,0.965952293,inf
146,-1.250485919,4.919813183,0.88219766,0.258115733,-0.231486349,0.937971396,inf
146,-1.250485919,4.919813183,0.88219766,0.498641305,-0.188477035,0.846069298,inf
146,-1.250485919,4.919813183,0.88219766,0.705185296,-0.132623322,0.696508976,inf
146,-1.250485919,4.919813183,0.88219766,0.863672074,-0.06773155,0.499482718,inf
146,-1.250485919,4.919813183,0.88219766,0.963301028,0.001776016,0.268417538,inf
146,-1.250485919,4.919813183,0.88219766,0.997282609,0.071162549,0.019060147,inf
146,-1.250485919,4.919813183,0.88219766,0.963301028,0.135699472,-0.231596162,1.843683839
146,-1.250485919,4.919813183,0.88219766,0.863672074,0.190988701,-0.466469575,1.30995667
146,-1.250485919,4.919813183,0.88219766,0.705185296,0.233262365,-0.669553857,1.07255578
146,-1.250485919,4.919813183,0.88219766,0.498641305,0.259639584,-0.827009151,0.963593066
146,-1.250485919,4.919813183,0.88219766,0.258115733,0.268322795,-0.928105138,0.932410121
147,-1.254169462,4.967979554,0.895098521,0,0.25872025,-0.965952293,inf
147,-1.254169462,4.967979554,0.895098521,-0.258115733,0.231486349,-0.937971396,1.235222459
147,-1.254169462,4.967979554,0.895098521,-0.498641305,0.188477035,-0.846069298,0.639398098
147,-1.254169462,4.967979554,0.895098521,-0.705185296,0.132623322,-0.696508976,0.452122688
147,-1.254169462,4.967979554,0.895098521,-0.863672074,0.06773155,-0.499482718,0.369156629
147,-1.254169462,4.967979554,0.895098521,-0.963301028,-0.001776016,-0.268417538,0.330976754
147,-1.254169462,4.967979554,0.895098521,-0.997282609,-0.071162549,-0.019060147,0.319698989
147,-1.254169462,4.967979554,0.895098521,-0.963301028,-0.135699472,0.231596162,0.330976754
147,-1.254169462,4.967979554,0.895098521,-0.863672074,-0.190988701,0.466469575,0.369156569
147,-1.254169462,4.967979554,0.895098521,-0.705185296,-0.233262365,0.669553857,0.452122599
147,-1.254169462,4.967979554,0.895098521,-0.498641305,-0.259639584,0.827009151,0.63939786
147,-1.254169462,4.967979554,0.895098521,-0.258115733,-0.268322795,0.928105138,1.235221624
147,-1.254169462,4.967979554,0.895098521,-1.22E-16,-0.25872025,0.965952293,inf
147,-1.254169462,4.967979554,0.895098521,0.258115733,-0.231486349,0.937971396,inf
147,-1.254169462,4.967979554,0.895098521,0.498641305,-0.188477035,0.846069298,inf
147,-1.254169462,4.967979554,0.895098521,0.705185296,-0.132623322,0.696508976,inf
147,-1.254169462,4.967979554,0.895098521,0.863672074,-0.06773155,0.499482718,inf
147,-1.254169462,4.967979554,0.895098521,0.963301028,0.001776016,0.268417538,inf
147,-1.254169462,4.967979554,0.895098521,0.997282609,0.071162549,0.019060147,2.838860989
147,-1.254169462,4.967979554,0.895098521,0.963301028,0.135699472,-0.231596162,1.48873508
147,-1.254169462,4.967979554,0.895098521,0.863672074,0.190988701,-0.466469575,1.057761788
147,-1.254169462,4.967979554,0.895098521,0.705185296,0.233262365,-0.669553857,0.866065741
147,-1.254169462,4.967979554,0.895098521,0.498641305,0.259639584,-0.827009151,0.778080642
147,-1.254169462,4.967979554,0.895098521,0.258115733,0.268322795,-0.928105138,0.752901137
148,-1.257853006,5.016145926,0.907999381,0,0.25872025,-0.965952293,inf
148,-1.257853006,5.016145926,0.907999381,-0.258115733,0.231486349,-0.937971396,1.220951557
148,-1.257853006,5.016145926,0.907999381,-0.498641305,0.188477035,-0.846069298,0.632010937
148,-1.257853006,5.016145926,0.907999381,-0.705185296,0.132623322,-0.696508976,0.446899176
148,-1.257853006,5.016145926,0.907999381,-0.863672074,0.06773155,-0.499482718,0.364891648
148,-1.257853006,5.016145926,0.907999381,-0.963301028,-0.001776016,-0.268417538,0.327152878
148,-1.257853006,5.016145926,0.907999381,-0.997282609,-0.071162549,-0.019060147,0.316005409
148,-1.257853006,5.016145926,0.907999381,-0.963301028,-0.135699472,0.231596162,0.327152878
148,-1.257853006,5.016145926,0.907999381,-0.863672074,-0.190988701,0.466469575,0.364891589
148,-1.257853006,5.016145926,0.907999381,-0.705185296,-0.233262365,0.669553857,0.446899086
148,-1.257853006,5.016145926,0.907999381,-0.498641305,-0.259639584,0.827009151,0.632010698
148,-1.257853006,5.016145926,0.907999381,-0.258115733,-0.268322795,0.928105138,1.220950723
148,-1.257853006,5.016145926,0.907999381,-1.22E-16,-0.25872025,0.965952293,inf
148,-1.257853006,5.016145926,0.907999381,0.258115733,-0.231486349,0.937971396,inf
148,-1.257853006,5.016145926,0.907999381,0.498641305,-0.188477035,0.846069298,inf
148,-1.257853006,5.016145926,0.907999381,0.705185296,-0.132623322,0.696508976,inf
148,-1.257853006,5.016145926,0.907999381,0.863672074,-0.06773155,0.499482718,inf
148,-1.257853006,5.016145926,0.907999381,0.963301028,0.001776016,0.268417538,inf
148,-1.257853006,5.016145926,0.907999381,0.997282609,0.071162549,0.019060147,2.162011147
148,-1.257853006,5.016145926,0.907999381,0.963301028,0.135699472,-0.231596162,1.133786201
148,-1.257853006,5.016145926,0.907999381,0.863672074,0.190988701,-0.466469575,0.805566967
148,-1.257853006,5.016145926,0.907999381,0.705185296,0.233262365,-0.669553857,0.659575641
148,-1.257853006,5.016145926,0.907999381,0.498641305,0.259639584,-0.827009151,0.592568278
148,-1.257853006,5.016145926,0.907999381,0.258115733,0.268322795,-0.928105138,0.592188835
149,-1.26153655,5.064312297,0.920900241,0,0.25872025,-0.965952293,inf
149,-1.26153655,5.064312297,0.920900241,-0.258115733,0.231486349,-0.937971396,1.206680655
149,-1.26153655,5.064312297,0.920900241,-0.498641305,0.188477035,-0.846069298,0.624623775
149,-1.26153655,5.064312297,0.920900241,-0.705185296,0.132623322,-0.696508976,0.441675663
149,-1.26153655,5.064312297,0.920900241,-0.863672074,0.06773155,-0.499482718,0.360626668
149,-1.26153655,5.064312297,0.920900241,-0.963301028,-0.001776016,-0.268417538,0.323329002
149,-1.26153655,5.064312297,0.920900241,-0.997282609,-0.071162549,-0.019060147,0.312311828
149,-1.26153655,5.064312297,0.920900241,-0.963301028,-0.135699472,0.231596162,0.323329002
149,-1.26153655,5.064312297,0.920900241,-0.863672074,-0.190988701,0.466469575,0.360626608
149,-1.26153655,5.064312297,0.920900241,-0.705185296,-0.233262365,0.669553857,0.441675574
149,-1.26153655,5.064312297,0.920900241,-0.498641305,-0.259639584,0.827009151,0.624623537
149,-1.26153655,5.064312297,0.920900241,-0.258115733,-0.268322795,0.928105138,1.206679821
149,-1.26153655,5.064312297,0.920900241,-1.22E-16,-0.25872025,0.965952293,inf
149,-1.26153655,5.064312297,0.920900241,0.258115733,-0.231486349,0.937971396,inf
149,-1.26153655,5.064312297,0.920900241,0.498641305,-0.188477035,0.846069298,inf
149,-1.26153655,5.064312297,0.920900241,0.705185296,-0.132623322,0.696508976,inf
149,-1.26153655,5.064312297,0.920900241,0.863672074,-0.06773155,0.499482718,inf
149,-1.26153655,5.064312297,0.920900241,0.963301028,0.001776016,0.268417538,inf
149,-1.26153655,5.064312297,0.920900241,0.997282609,0.071162549,0.019060147,1.485160947
149,-1.26153655,5.064312297,0.920900241,0.963301028,0.135699472,-0.231596162,0.778837383
149,-1.26153655,5.064312297,0.920900241,0.863672074,0.190988701,-0.466469575,0.553372085
149,-1.26153655,5.064312297,0.920900241,0.705185296,0.233262365,-0.669553857,0.453085601
149,-1.26153655,5.064312297,0.920900241,0.498641305,0.259639584,-0.827009151,0.407055855
149,-1.26153655,5.064312297,0.920900241,0.258115733,0.268322795,-0.928105138,0.606459737
150,-1.265220093,5.112478668,0.933801102,0,0.25872025,-0.965952293,inf
150,-1.265220093,5.112478668,0.933801102,-0.258115733,0.231486349,-0.937971396,1.192409754
150,-1.265220093,5.112478668,0.933801102,-0.498641305,0.188477035,-0.846069298,0.617236614
150,-1.265220093,5.112478668,0.933801102,-0.705185296,0.132623322,-0.696508976,0.43645215
150,-1.265220093,5.112478668,0.933801102,-0.863672074,0.06773155,-0.499482718,0.356361687
150,-1.265220093,5.112478668,0.933801102,-0.963301028,-0.001776016,-0.268417538,0.319505125
150,-1.265220093,5.112478668,0.933801102,-0.997282609,-0.071162549,-0.019060147,0.308618248
150,-1.265220093,5.112478668,0.933801102,-0.963301028,-0.135699472,0.231596162,0.319505095
150,-1.265220093,5.112478668,0.933801102,-0.863672074,-0.190988701,0.466469575,0.356361628
150,-1.265220093,5.112478668,0.933801102,-0.705185296,-0.233262365,0.669553857,0.436452061
150,-1.265220093,5.112478668,0.933801102,-0.498641305,-0.259639584,0.827009151,0.617236376
150,-1.265220093,5.112478668,0.933801102,-0.258115733,-0.268322795,0.928105138,1.192408919
150,-1.265220093,5.112478668,0.933801102,-1.22E-16,-0.25872025,0.965952293,inf
150,-1.265220093,5.112478668,0.933801102,0.258115733,-0.231486349,0.937971396,inf
150,-1.265220093,5.112478668,0.933801102,0.498641305,-0.188477035,0.846069298,inf
150,-1.265220093,5.112478668,0.933801102,0.705185296,-0.132623322,0.696508976,inf
150,-1.265220093,5.112478668,0.933801102,0.863672074,-0.06773155,0.499482718,inf
150,-1.265220093,5.112478668,0.933801102,0.963301028,0.001776016,0.268417538,inf
150,-1.265220093,5.112478668,0.933801102,0.997282609,0.071162549,0.019060147,0.808310926
150,-1.265220093,5.112478668,0.933801102,0.963301028,0.135699472,-0.231596162,0.423888594
150,-1.265220093,5.112478668,0.933801102,0.863672074,0.190988701,-0.466469575,0.301177263
150,-1.265220093,5.112478668,0.933801102,0.705185296,0.233262365,-0.669553857,0.246595517
150,-1.265220093,5.112478668,0.933801102,0.498641305,0.259639584,-0.827009151,0.321313858
150,-1.265220093,5.112478668,0.933801102,0.258115733,0.268322795,-0.928105138,0.620730639
151,-1.268903637,5.160645039,0.946701962,0,0.25872025,-0.965952293,inf
151,-1.268903637,5.160645039,0.946701962,-0.258115733,0.231486349,-0.937971396,1.178138852
151,-1.268903637,5.160645039,0.946701962,-0.498641305,0.188477035,-0.846069298,0.609849393
151,-1.268903637,5.160645039,0.946701962,-0.705185296,0.132623322,-0.696508976,0.431228638
151,-1.268903637,5.160645039,0.946701962,-0.863672074,0.06773155,-0.499482718,0.352096677
151,-1.268903637,5.160645039,0.946701962,-0.963301028,-0.001776016,-0.268417538,0.315681249
151,-1.268903637,5.160645039,0.946701962,-0.997282609,-0.071162549,-0.019060147,0.304924667
151,-1.268903637,5.160645039,0.946701962,-0.963301028,-0.135699472,0.231596162,0.315681219
151,-1.268903637,5.160645039,0.946701962,-0.863672074,-0.190988701,0.466469575,0.352096647
151,-1.268903637,5.160645039,0.946701962,-0.705185296,-0.233262365,0.669553857,0.431228548
151,-1.268903637,5.160645039,0.946701962,-0.498641305,-0.259639584,0.827009151,0.609849215
151,-1.268903637,5.160645039,0.946701962,-0.258115733,-0.268322795,0.928105138,1.178138018
151,-1.268903637,5.160645039,0.946701962,-1.22E-16,-0.25872025,0.965952293,inf
151,-1.268903637,5.160645039,0.946701962,0.258115733,-0.231486349,0.937971396,inf
151,-1.268903637,5.160645039,0.946701962,0.498641305,-0.188477035,0.846069298,inf
151,-1.268903637,5.160645039,0.946701962,0.705185296,-0.132623322,0.696508976,inf
151,-1.268903637,5.160645039,0.946701962,0.863672074,-0.06773155,0.499482718,inf
151,-1.268903637,5.160645039,0.946701962,0.963301028,0.001776016,0.268417538,inf
151,-1.268903637,5.160645039,0.946701962,0.997282609,0.071162549,0.019060147,0.164264545
151,-1.268903637,5.160645039,0.946701962,0.963301028,0.135699472,-0.231596162,0.169323355
151,-1.268903637,5.160645039,0.946701962,0.863672074,0.190988701,-0.466469575,0.189775646
151,-1.268903637,5.160645039,0.946701962,0.705185296,0.233262365,-0.669553857,0.232426748
151,-1.268903637,5.160645039,0.946701962,0.498641305,0.259639584,-0.827009151,0.328701019
151,-1.268903637,5.160645039,0.946701962,0.258115733,0.268322795,-0.928105138,0.63500154
152,-1.272587181,5.20881141,0.959602822,0,0.25872025,-0.965952293,inf
152,-1.272587181,5.20881141,0.959602822,-0.258115733,0.231486349,-0.937971396,1.16386795
152,-1.272587181,5.20881141,0.959602822,-0.498641305,0.188477035,-0.846069298,0.602462232
152,-1.272587181,5.20881141,0.959602822,-0.705185296,0.132623322,-0.696508976,0.426005125
152,-1.272587181,5.20881141,0.959602822,-0.863672074,0.06773155,-0.499482718,0.347831696
152,-1.272587181,5.20881141,0.959602822,-0.963301028,-0.001776016,-0.268417538,0.311857373
152,-1.272587181,5.20881141,0.959602822,-0.997282609,-0.071162549,-0.019060147,0.301231086
152,-1.272587181,5.20881141,0.959602822,-0.963301028,-0.135699472,0.231596162,0.311857343
152,-1.272587181,5.20881141,0.959602822,-0.863672074,-0.190988701,0.466469575,0.347831666
152,-1.272587181,5.20881141,0.959602822,-0.705185296,-0.233262365,0.669553857,0.426005036
152,-1.272587181,5.20881141,0.959602822,-0.498641305,-0.259639584,0.827009151,0.602462053
152,-1.272587181,5.20881141,0.959602822,-0.258115733,-0.268322795,0.928105138,1.163867116
152,-1.272587181,5.20881141,0.959602822,-1.22E-16,-0.25872025,0.965952293,inf
152,-1.272587181,5.20881141,0.959602822,0.258115733,-0.231486349,0.937971396,inf
152,-1.272587181,5.20881141,0.959602822,0.498641305,-0.188477035,0.846069298,inf
152,-1.272587181,5.20881141,0.959602822,0.705185296,-0.132623322,0.696508976,0.237650305
152,-1.272587181,5.20881141,0.959602822,0.863672074,-0.06773155,0.499482718,0.194040656
152,-1.272587181,5.20881141,0.959602822,0.963301028,0.001776016,0.268417538,0.173972085
152,-1.272587181,5.20881141,0.959602822,0.997282609,0.071162549,0.019060147,0.16804412
152,-1.272587181,5.20881141,0.959602822,0.963301028,0.135699472,-0.231596162,0.17397207
152,-1.272587181,5.20881141,0.959602822,0.863672074,0.190988701,-0.466469575,0.194040626
152,-1.272587181,5.20881141,0.959602822,0.705185296,0.233262365,-0.669553857,0.23765026
152,-1.272587181,5.20881141,0.959602822,0.498641305,0.259639584,-0.827009151,0.336088181
152,-1.272587181,5.20881141,0.959602822,0.258115733,0.268322795,-0.928105138,0.649272442
153,-1.276270725,5.256977781,0.972503683,0,0.25872025,-0.965952293,inf
153,-1.276270725,5.256977781,0.972503683,-0.258115733,0.231486349,-0.937971396,1.149597049
153,-1.276270725,5.256977781,0.972503683,-0.498641305,0.188477035,-0.846069298,0.595075071
153,-1.276270725,5.256977781,0.972503683,-0.705185296,0.132623322,-0.696508976,0.420781612
153,-1.276270725,5.256977781,0.972503683,-0.863672074,0.06773155,-0.499482718,0.343566716
153,-1.276270725,5.256977781,0.972503683,-0.963301028,-0.001776016,-0.268417538,0.308033496
153,-1.276270725,5.256977781,0.972503683,-0.997282609,-0.071162549,-0.019060147,0.297537506
153,-1.276270725,5.256977781,0.972503683,-0.963301028,-0.135699472,0.231596162,0.308033466
153,-1.276270725,5.256977781,0.972503683,-0.863672074,-0.190988701,0.466469575,0.343566686
153,-1.276270725,5.256977781,0.972503683,-0.705185296,-0.233262365,0.669553857,0.420781523
153,-1.276270725,5.256977781,0.972503683,-0.498641305,-0.259639584,0.827009151,0.595074892
153,-1.276270725,5.256977781,0.972503683,-0.258115733,-0.268322795,0.928105138,1.149596214
153,-1.276270725,5.256977781,0.972503683,-1.22E-16,-0.25872025,0.965952293,inf
153,-1.276270725,5.256977781,0.972503683,0.258115733,-0.231486349,0.937971396,inf
153,-1.276270725,5.256977781,0.972503683,0.498641305,-0.188477035,0.846069298,0.343475461
153,-1.276270725,5.256977781,0.972503683,0.705185296,-0.132623322,0.696508976,0.242873818
153,-1.276270725,5.256977781,0.972503683,0.863672074,-0.06773155,0.499482718,0.198305637
153,-1.276270725,5.256977781,0.972503683,0.963301028,0.001776016,0.268417538,0.177795961
153,-1.276270725,5.256977781,0.972503683,0.997282609,0.071162549,0.019060147,0.171737701
153,-1.276270725,5.256977781,0.972503683,0.963301028,0.135699472,-0.231596162,0.177795947
153,-1.276270725,5.256977781,0.972503683,0.863672074,0.190988701,-0.466469575,0.198305607
153,-1.276270725,5.256977781,0.972503683,0.705185296,0.233262365,-0.669553857,0.242873773
153,-1.276270725,5.256977781,0.972503683,0.498641305,0.259639584,-0.827009151,0.343475342
153,-1.276270725,5.256977781,0.972503683,0.258115733,0.268322795,-0.928105138,inf
154,-1.271291789,5.333443492,0.97502005,0,-0.096324208,-0.995350012,inf
154,-1.271291789,5.333443492,0.97502005,-0.256226838,-0.05667285,-0.964953883,1.177503586
154,-1.271291789,5.333443492,0.97502005,-0.49499224,-0.01315933,-0.868797741,0.609520555
154,-1.271291789,5.333443492,0.97502005,-0.70002474,0.031250976,-0.713434468,0.43099612
154,-1.271291789,5.333443492,0.97502005,-0.85735171,0.073531579,-0.509451816,0.351906836
154,-1.271291789,5.333443492,0.97502005,-0.956251578,0.110801127,-0.270750864,0.315511018
154,-1.271291789,5.333443492,0.97502005,-0.989984481,0.140519762,-0.013598688,0.304760247
154,-1.271291789,5.333443492,0.97502005,-0.956251578,0.160662206,0.244480215,0.315511018
154,-1.271291789,5.333443492,0.97502005,-0.85735171,0.169855787,0.485898196,0.351906806
154,-1.271291789,5.333443492,0.97502005,-0.70002474,0.167473977,0.694203019,0.430996031
154,-1.271291789,5.333443492,0.97502005,-0.49499224,0.153679092,0.855199052,0.609520376
154,-1.271291789,5.333443492,0.97502005,-0.256226838,0.129411231,0.957914683,1.177502751
154,-1.271291789,5.333443492,0.97502005,-1.21E-16,0.096324208,0.995350012,inf
154,-1.271291789,5.333443492,0.97502005,0.256226838,0.05667285,0.964953883,0.649003625
154,-1.271291789,5.333443492,0.97502005,0.49499224,0.01315933,0.868797741,0.335948944
154,-1.271291789,5.333443492,0.97502005,0.70002474,-0.031250976,0.713434468,0.237551749
154,-1.271291789,5.333443492,0.97502005,0.85735171,-0.073531579,0.509451816,0.19396019
154,-1.271291789,5.333443492,0.97502005,0.956251578,-0.110801127,0.270750864,0.173899949
154,-1.271291789,5.333443492,0.97502005,0.989984481,-0.140519762,0.013598688,0.167974442
154,-1.271291789,5.333443492,0.97502005,0.956251578,-0.160662206,-0.244480215,0.173899934
154,-1.271291789,5.333443492,0.97502005,0.85735171,-0.169855787,-0.485898196,0.193960175
154,-1.271291789,5.333443492,0.97502005,0.70002474,-0.167473977,-0.694203019,0.237551704
154,-1.271291789,5.333443492,0.97502005,0.49499224,-0.153679092,-0.855199052,0.335948825
154,-1.271291789,5.333443492,0.97502005,0.256226838,-0.129411231,-0.957914683,0.649003208
155,-1.264232977,5.382712545,0.970252076,0,-0.096324208,-0.995350012,inf
155,-1.264232977,5.382712545,0.970252076,-0.256226838,-0.05667285,-0.964953883,1.205052614
155,-1.264232977,5.382712545,0.970252076,-0.49499224,-0.01315933,-0.868797741,0.623781025
155,-1.264232977,5.382712545,0.970252076,-0.70002474,0.031250976,-0.713434468,0.441079766
155,-1.264232977,5.382712545,0.970252076,-0.85735171,0.073531579,-0.509451816,0.360140115
155,-1.264232977,5.382712545,0.970252076,-0.956251578,0.110801127,-0.270750864,0.322892785
155,-1.264232977,5.382712545,0.970252076,-0.989984481,0.140519762,-0.013598688,0.311890483
155,-1.264232977,5.382712545,0.970252076,-0.956251578,0.160662206,0.244480215,0.322892755
155,-1.264232977,5.382712545,0.970252076,-0.85735171,0.169855787,0.485898196,0.360140085
155,-1.264232977,5.382712545,0.970252076,-0.70002474,0.167473977,0.694203019,0.441079676
155,-1.264232977,5.382712545,0.970252076,-0.49499224,0.153679092,0.855199052,0.623780847
155,-1.264232977,5.382712545,0.970252076,-0.256226838,0.129411231,0.957914683,1.20505178
155,-1.264232977,5.382712545,0.970252076,-1.21E-16,0.096324208,0.995350012,inf
155,-1.264232977,5.382712545,0.970252076,0.256226838,0.05667285,0.964953883,0.621454537
155,-1.264232977,5.382712545,0.970252076,0.49499224,0.01315933,0.868797741,0.321688473
155,-1.264232977,5.382712545,0.970252076,0.70002474,-0.031250976,0.713434468,0.227468088
155,-1.264232977,5.382712545,0.970252076,0.85735171,-0.073531579,0.509451816,0.185726911
155,-1.264232977,5.382712545,0.970252076,0.956251578,-0.110801127,0.270750864,0.166518196
155,-1.264232977,5.382712545,0.970252076,0.989984481,-0.140519762,0.013598688,0.160844222
155,-1.264232977,5.382712545,0.970252076,0.956251578,-0.160662206,-0.244480215,0.166518182
155,-1.264232977,5.382712545,0.970252076,0.85735171,-0.169855787,-0.485898196,0.185726896
155,-1.264232977,5.382712545,0.970252076,0.70002474,-0.167473977,-0.694203019,0.227468058
155,-1.264232977,5.382712545,0.970252076,0.49499224,-0.153679092,-0.855199052,0.321688384
155,-1.264232977,5.382712545,0.970252076,0.256226838,-0.129411231,-0.957914683,0.62145412
156,-1.257174166,5.431981598,0.965484103,0,-0.096324208,-0.995350012,inf
156,-1.257174166,5.431981598,0.965484103,-0.256226838,-0.05667285,-0.964953883,1.232601762
156,-1.257174166,5.431981598,0.965484103,-0.49499224,-0.01315933,-0.868797741,0.638041496
156,-1.257174166,5.431981598,0.965484103,-0.70002474,0.031250976,-0.713434468,0.451163441
156,-1.257174166,5.431981598,0.965484103,-0.85735171,0.073531579,-0.509451816,0.368373394
156,-1.257174166,5.431981598,0.965484103,-0.956251578,0.110801127,-0.270750864,0.330274522
156,-1.257174166,5.431981598,0.965484103,-0.989984481,0.140519762,-0.013598688,0.319020689
156,-1.257174166,5.431981598,0.965484103,-0.956251578,0.160662206,0.244480215,0.330274522
156,-1.257174166,5.431981598,0.965484103,-0.85735171,0.169855787,0.485898196,0.368373334
156,-1.257174166,5.431981598,0.965484103,-0.70002474,0.167473977,0.694203019,0.451163352
156,-1.257174166,5.431981598,0.965484103,-0.49499224,0.153679092,0.855199052,0.638041258
156,-1.257174166,5.431981598,0.965484103,-0.256226838,0.129411231,0.957914683,1.232600927
156,-1.257174166,5.431981598,0.965484103,-1.21E-16,0.096324208,0.995350012,inf
156,-1.257174166,5.431981598,0.965484103,0.256226838,0.05667285,0.964953883,inf
156,-1.257174166,5.431981598,0.965484103,0.49499224,0.01315933,0.868797741,inf
156,-1.257174166,5.431981598,0.965484103,0.70002474,-0.031250976,0.713434468,0.255398601
156,-1.257174166,5.431981598,0.965484103,0.85735171,-0.073531579,0.509451816,0.177214682
156,-1.257174166,5.431981598,0.965484103,0.956251578,-0.110801127,0.270750864,0.158607766
156,-1.257174166,5.431981598,0.965484103,0.989984481,-0.140519762,0.013598688,0.152971074
156,-1.257174166,5.431981598,0.965484103,0.956251578,-0.160662206,-0.244480215,0.158127561
156,-1.257174166,5.431981598,0.965484103,0.85735171,-0.169855787,-0.485898196,0.177493617
156,-1.257174166,5.431981598,0.965484103,0.70002474,-0.167473977,-0.694203019,0.217384398
156,-1.257174166,5.431981598,0.965484103,0.49499224,-0.153679092,-0.855199052,0.307427943
156,-1.257174166,5.431981598,0.965484103,0.256226838,-0.129411231,-0.957914683,0.593905032
157,-1.250115355,5.481250652,0.960716129,0,-0.096324208,-0.995350012,inf
157,-1.250115355,5.481250652,0.960716129,-0.256226838,-0.05667285,-0.964953883,1.26015079
157,-1.250115355,5.481250652,0.960716129,-0.49499224,-0.01315933,-0.868797741,0.652301967
157,-1.250115355,5.481250652,0.960716129,-0.70002474,0.031250976,-0.713434468,0.461247087
157,-1.250115355,5.481250652,0.960716129,-0.85735171,0.073531579,-0.509451816,0.376606673
157,-1.250115355,5.481250652,0.960716129,-0.956251578,0.110801127,-0.270750864,0.337656289
157,-1.250115355,5.481250652,0.960716129,-0.989984481,0.140519762,-0.013598688,0.326150924
157,-1.250115355,5.481250652,0.960716129,-0.956251578,0.160662206,0.244480215,0.33765626
157,-1.250115355,5.481250652,0.960716129,-0.85735171,0.169855787,0.485898196,0.376606613
157,-1.250115355,5.481250652,0.960716129,-0.70002474,0.167473977,0.694203019,0.461246997
157,-1.250115355,5.481250652,0.960716129,-0.49499224,0.153679092,0.855199052,0.652301729
157,-1.250115355,5.481250652,0.960716129,-0.256226838,0.129411231,0.957914683,1.260149956
157,-1.250115355,5.481250652,0.960716129,-1.21E-16,0.096324208,0.995350012,inf
157,-1.250115355,5.481250652,0.960716129,0.256226838,0.05667285,0.964953883,inf
157,-1.250115355,5.481250652,0.960716129,0.49499224,0.01315933,0.868797741,inf
157,-1.250115355,5.481250652,0.960716129,0.70002474,-0.031250976,0.713434468,1.831956744
157,-1.250115355,5.481250652,0.960716129,0.85735171,-0.073531579,0.509451816,0.778583765
157,-1.250115355,5.481250652,0.960716129,0.956251578,-0.110801127,0.270750864,0.516696095
157,-1.250115355,5.481250652,0.960716129,0.989984481,-0.140519762,0.013598688,0.407419682
157,-1.250115355,5.481250652,0.960716129,0.956251578,-0.160662206,-0.244480215,0.356340945
157,-1.250115355,5.481250652,0.960716129,0.85735171,-0.169855787,-0.485898196,0.337053746
157,-1.250115355,5.481250652,0.960716129,0.70002474,-0.167473977,-0.694203019,0.34184733
157,-1.250115355,5.481250652,0.960716129,0.49499224,-0.153679092,-0.855199052,0.372533023
157,-1.250115355,5.481250652,0.960716129,0.256226838,-0.129411231,-0.957914683,0.566356003
158,-1.243056543,5.530519705,0.955948156,0,-0.096324208,-0.995350012,inf
158,-1.243056543,5.530519705,0.955948156,-0.256226838,-0.05667285,-0.964953883,1.287699938
158,-1.243056543,5.530519705,0.955948156,-0.49499224,-0.01315933,-0.868797741,0.666562378
158,-1.243056543,5.530519705,0.955948156,-0.70002474,0.031250976,-0.713434468,0.471330762
158,-1.243056543,5.530519705,0.955948156,-0.85735171,0.073531579,-0.509451816,0.384839922
158,-1.243056543,5.530519705,0.955948156,-0.956251578,0.110801127,-0.270750864,0.345038027
158,-1.243056543,5.530519705,0.955948156,-0.989984481,0.140519762,-0.013598688,0.33328113
158,-1.243056543,5.530519705,0.955948156,-0.956251578,0.160662206,0.244480215,0.345038027
158,-1.243056543,5.530519705,0.955948156,-0.85735171,0.169855787,0.485898196,0.384839892
158,-1.243056543,5.530519705,0.955948156,-0.70002474,0.167473977,0.694203019,0.471330673
158,-1.243056543,5.530519705,0.955948156,-0.49499224,0.153679092,0.855199052,0.6665622
158,-1.243056543,5.530519705,0.955948156,-0.256226838,0.129411231,0.957914683,1.287698984
158,-1.243056543,5.530519705,0.955948156,-1.21E-16,0.096324208,0.995350012,inf
158,-1.243056543,5.530519705,0.955948156,0.256226838,0.05667285,0.964953883,inf
158,-1.243056543,5.530519705,0.955948156,0.49499224,0.01315933,0.868797741,inf
158,-1.243056543,5.530519705,0.955948156,0.70002474,-0.031250976,0.713434468,inf
158,-1.243056543,5.530519705,0.955948156,0.85735171,-0.073531579,0.509451816,1.448622823
158,-1.243056543,5.530519705,0.955948156,0.956251578,-0.110801127,0.270750864,0.961358011
158,-1.243056543,5.530519705,0.955948156,0.989984481,-0.140519762,0.013598688,0.758039773
158,-1.243056543,5.530519705,0.955948156,0.956251578,-0.160662206,-0.244480215,0.663003325
158,-1.243056543,5.530519705,0.955948156,0.85735171,-0.169855787,-0.485898196,0.627117813
158,-1.243056543,5.530519705,0.955948156,0.70002474,-0.167473977,-0.694203019,0.636036694
158,-1.243056543,5.530519705,0.955948156,0.49499224,-0.153679092,-0.855199052,0.693130136
158,-1.243056543,5.530519705,0.955948156,0.256226838,-0.129411231,-0.957914683,0.823109567
159,-1.235997732,5.579788758,0.951180182,0,-0.096324208,-0.995350012,inf
159,-1.235997732,5.579788758,0.951180182,-0.256226838,-0.05667285,-0.964953883,1.315248966
159,-1.235997732,5.579788758,0.951180182,-0.49499224,-0.01315933,-0.868797741,0.680822849
159,-1.235997732,5.579788758,0.951180182,-0.70002474,0.031250976,-0.713434468,0.481414407
159,-1.235997732,5.579788758,0.951180182,-0.85735171,0.073531579,-0.509451816,0.393073201
159,-1.235997732,5.579788758,0.951180182,-0.956251578,0.110801127,-0.270750864,0.352419794
159,-1.235997732,5.579788758,0.951180182,-0.989984481,0.140519762,-0.013598688,0.340411365
159,-1.235997732,5.579788758,0.951180182,-0.956251578,0.160662206,0.244480215,0.352419764
159,-1.235997732,5.579788758,0.951180182,-0.85735171,0.169855787,0.485898196,0.393073171
159,-1.235997732,5.579788758,0.951180182,-0.70002474,0.167473977,0.694203019,0.481414318
159,-1.235997732,5.579788758,0.951180182,-0.49499224,0.153679092,0.855199052,0.680822611
159,-1.235997732,5.579788758,0.951180182,-0.256226838,0.129411231,0.957914683,1.315248132
159,-1.235997732,5.579788758,0.951180182,-1.21E-16,0.096324208,0.995350012,inf
159,-1.235997732,5.579788758,0.951180182,0.256226838,0.05667285,0.964953883,inf
159,-1.235997732,5.579788758,0.951180182,0.49499224,0.01315933,0.868797741,inf
159,-1.235997732,5.579788758,0.951180182,0.70002474,-0.031250976,0.713434468,inf
159,-1.235997732,5.579788758,0.951180182,0.85735171,-0.073531579,0.509451816,2.11866188
159,-1.235997732,5.579788758,0.951180182,0.956251578,-0.110801127,0.270750864,1.406019926
159,-1.235997732,5.579788758,0.951180182,0.989984481,-0.140519762,0.013598688,1.108659863
159,-1.235997732,5.579788758,0.951180182,0.956251578,-0.160662206,-0.244480215,0.969665706
159,-1.235997732,5.579788758,0.951180182,0.85735171,-0.169855787,-0.485898196,0.917181849
159,-1.235997732,5.579788758,0.951180182,0.70002474,-0.167473977,-0.694203019,0.930226088
159,-1.235997732,5.579788758,0.951180182,0.49499224,-0.153679092,-0.855199052,1.013727188
159,-1.235997732,5.579788758,0.951180182,0.256226838,-0.129411231,-0.957914683,1.203826666
160,-1.22893892,5.629057811,0.946412209,0,-0.096324208,-0.995350012,inf
160,-1.22893892,5.629057811,0.946412209,-0.256226838,-0.05667285,-0.964953883,1.342798114
160,-1.22893892,5.629057811,0.946412209,-0.49499224,-0.01315933,-0.868797741,0.69508332
160,-1.22893892,5.629057811,0.946412209,-0.70002474,0.031250976,-0.713434468,0.491498083
160,-1.22893892,5.629057811,0.946412209,-0.85735171,0.073531579,-0.509451816,0.40130648
160,-1.22893892,5.629057811,0.946412209,-0.956251578,0.110801127,-0.270750864,0.359801531
160,-1.22893892,5.629057811,0.946412209,-0.989984481,0.140519762,-0.013598688,0.3475416
160,-1.22893892,5.629057811,0.946412209,-0.956251578,0.160662206,0.244480215,0.359801531
160,-1.22893892,5.629057811,0.946412209,-0.85735171,0.169855787,0.485898196,0.40130645
160,-1.22893892,5.629057811,0.946412209,-0.70002474,0.167473977,0.694203019,0.491497993
160,-1.22893892,5.629057811,0.946412209,-0.49499224,0.153679092,0.855199052,0.695083082
160,-1.22893892,5.629057811,0.946412209,-0.256226838,0.129411231,0.957914683,1.34279716
160,-1.22893892,5.629057811,0.946412209,-1.21E-16,0.096324208,0.995350012,inf
160,-1.22893892,5.629057811,0.946412209,0.256226838,0.05667285,0.964953883,inf
160,-1.22893892,5.629057811,0.946412209,0.49499224,0.01315933,0.868797741,inf
160,-1.22893892,5.629057811,0.946412209,0.70002474,-0.031250976,0.713434468,inf
160,-1.22893892,5.629057811,0.946412209,0.85735171,-0.073531579,0.509451816,2.788701057
160,-1.22893892,5.629057811,0.946412209,0.956251578,-0.110801127,0.270750864,1.850681901
160,-1.22893892,5.629057811,0.946412209,0.989984481,-0.140519762,0.013598688,1.459280014
160,-1.22893892,5.629057811,0.946412209,0.956251578,-0.160662206,-0.244480215,1.276328087
160,-1.22893892,5.629057811,0.946412209,0.85735171,-0.169855787,-0.485898196,1.207245946
160,-1.22893892,5.629057811,0.946412209,0.70002474,-0.167473977,-0.694203019,1.224415421
160,-1.22893892,5.629057811,0.946412209,0.49499224,-0.153679092,-0.855199052,1.334324241
160,-1.22893892,5.629057811,0.946412209,0.256226838,-0.129411231,-0.957914683,inf
161,-1.221880109,5.678326865,0.941644235,0,-0.096324208,-0.995350012,inf
161,-1.221880109,5.678326865,0.941644235,-0.256226838,-0.05667285,-0.964953883,1.370347142
161,-1.221880109,5.678326865,0.941644235,-0.49499224,-0.01315933,-0.868797741,0.709343731
161,-1.221880109,5.678326865,0.941644235,-0.70002474,0.031250976,-0.713434468,0.501581728
161,-1.221880109,5.678326865,0.941644235,-0.85735171,0.073531579,-0.509451816,0.409539759
161,-1.221880109,5.678326865,0.941644235,-0.956251578,0.110801127,-0.270750864,0.367183298
161,-1.221880109,5.678326865,0.941644235,-0.989984481,0.140519762,-0.013598688,0.354671806
161,-1.221880109,5.678326865,0.941644235,-0.956251578,0.160662206,0.244480215,0.367183268
161,-1.221880109,5.678326865,0.941644235,-0.85735171,0.169855787,0.485898196,0.409539729
161,-1.221880109,5.678326865,0.941644235,-0.70002474,0.167473977,0.694203019,0.501581669
161,-1.221880109,5.678326865,0.941644235,-0.49499224,0.153679092,0.855199052,0.709343553
161,-1.221880109,5.678326865,0.941644235,-0.256226838,0.129411231,0.957914683,1.370346189
161,-1.221880109,5.678326865,0.941644235,-1.21E-16,0.096324208,0.995350012,inf
161,-1.221880109,5.678326865,0.941644235,0.256226838,0.05667285,0.964953883,inf
161,-1.221880109,5.678326865,0.941644235,0.49499224,0.01315933,0.868797741,inf
161,-1.221880109,5.678326865,0.941644235,0.70002474,-0.031250976,0.713434468,inf
161,-1.221880109,5.678326865,0.941644235,0.85735171,-0.073531579,0.509451816,inf
161,-1.221880109,5.678326865,0.941644235,0.956251578,-0.110801127,0.270750864,2.295343876
161,-1.221880109,5.678326865,0.941644235,0.989984481,-0.140519762,0.013598688,1.809900045
161,-1.221880109,5.678326865,0.941644235,0.956251578,-0.160662206,-0.244480215,1.582990527
161,-1.221880109,5.678326865,0.941644235,0.85735171,-0.169855787,-0.485898196,1.497310042
161,-1.221880109,5.678326865,0.941644235,0.70002474,-0.167473977,-0.694203019,1.518604875
161,-1.221880109,5.678326865,0.941644235,0.49499224,-0.153679092,-0.855199052,1.654921412
161,-1.221880109,5.678326865,0.941644235,0.256226838,-0.129411231,-0.957914683,inf
162,-1.214821297,5.727595918,0.936876262,0,-0.096324208,-0.995350012,inf
162,-1.214821297,5.727595918,0.936876262,-0.256226838,-0.05667285,-0.964953883,1.39789629
162,-1.214821297,5.727595918,0.936876262,-0.49499224,-0.01315933,-0.868797741,0.723604202
162,-1.214821297,5.727595918,0.936876262,-0.70002474,0.031250976,-0.713434468,0.511665404
162,-1.214821297,5.727595918,0.936876262,-0.85735171,0.073531579,-0.509451816,0.417773038
162,-1.214821297,5.727595918,0.936876262,-0.956251578,0.110801127,-0.270750864,0.374565035
162,-1.214821297,5.727595918,0.936876262,-0.989984481,0.140519762,-0.013598688,0.361802042
162,-1.214821297,5.727595918,0.936876262,-0.956251578,0.160662206,0.244480215,0.374565035
162,-1.214821297,5.727595918,0.936876262,-0.85735171,0.169855787,0.485898196,0.417772979
162,-1.214821297,5.727595918,0.936876262,-0.70002474,0.167473977,0.694203019,0.511665285
162,-1.214821297,5.727595918,0.936876262,-0.49499224,0.153679092,0.855199052,0.723603964
162,-1.214821297,5.727595918,0.936876262,-0.256226838,0.129411231,0.957914683,1.397895217
162,-1.214821297,5.727595918,0.936876262,-1.21E-16,0.096324208,0.995350012,inf
162,-1.214821297,5.727595918,0.936876262,0.256226838,0.05667285,0.964953883,inf
162,-1.214821297,5.727595918,0.936876262,0.49499224,0.01315933,0.868797741,inf
162,-1.214821297,5.727595918,0.936876262,0.70002474,-0.031250976,0.713434468,inf
162,-1.214821297,5.727595918,0.936876262,0.85735171,-0.073531579,0.509451816,inf
162,-1.214821297,5.727595918,0.936876262,0.956251578,-0.110801127,0.270750864,2.740005732
162,-1.214821297,5.727595918,0.936876262,0.989984481,-0.140519762,0.013598688,2.160520077
162,-1.214821297,5.727595918,0.936876262,0.956251578,-0.160662206,-0.244480215,1.889652848
162,-1.214821297,5.727595918,0.936876262,0.85735171,-0.169855787,-0.485898196,1.78737402
162,-1.214821297,5.727595918,0.936876262,0.70002474,-0.167473977,-0.694203019,1.812794209
162,-1.214821297,5.727595918,0.936876262,0.49499224,-0.153679092,-0.855199052,inf
162,-1.214821297,5.727595918,0.936876262,0.256226838,-0.129411231,-0.957914683,inf
163,-1.207762486,5.776864971,0.932108288,0,-0.096324208,-0.995350012,inf
163,-1.207762486,5.776864971,0.932108288,-0.256226838,-0.05667285,-0.964953883,1.425445318
163,-1.207762486,5.776864971,0.932108288,-0.49499224,-0.01315933,-0.868797741,0.737864673
163,-1.207762486,5.776864971,0.932108288,-0.70002474,0.031250976,-0.713434468,0.521749079
163,-1.207762486,5.776864971,0.932108288,-0.85735171,0.073531579,-0.509451816,0.426006317
163,-1.207762486,5.776864971,0.932108288,-0.956251578,0.110801127,-0.270750864,0.381946802
163,-1.207762486,5.776864971,0.932108288,-0.989984481,0.140519762,-0.013598688,0.368932277
163,-1.207762486,5.776864971,0.932108288,-0.956251578,0.160662206,0.244480215,0.381946772
163,-1.207762486,5.776864971,0.932108288,-0.85735171,0.169855787,0.485898196,0.426006258
163,-1.207762486,5.776864971,0.932108288,-0.70002474,0.167473977,0.694203019,0.52174896
163,-1.207762486,5.776864971,0.932108288,-0.49499224,0.153679092,0.855199052,0.737864435
163,-1.207762486,5.776864971,0.932108288,-0.256226838,0.129411231,0.957914683,1.425444365
163,-1.207762486,5.776864971,0.932108288,-1.21E-16,0.096324208,0.995350012,inf
163,-1.207762486,5.776864971,0.932108288,0.256226838,0.05667285,0.964953883,inf
163,-1.207762486,5.776864971,0.932108288,0.49499224,0.01315933,0.868797741,inf
163,-1.207762486,5.776864971,0.932108288,0.70002474,-0.031250976,0.713434468,inf
163,-1.207762486,5.776864971,0.932108288,0.85735171,-0.073531579,0.509451816,inf
163,-1.207762486,5.776864971,0.932108288,0.956251578,-0.110801127,0.270750864,inf
163,-1.207762486,5.776864971,0.932108288,0.989984481,-0.140519762,0.013598688,2.511140108
163,-1.207762486,5.776864971,0.932108288,0.956251578,-0.160662206,-0.244480215,2.196315289
163,-1.207762486,5.776864971,0.932108288,0.85735171,-0.169855787,-0.485898196,2.077438116
163,-1.207762486,5.776864971,0.932108288,0.70002474,-0.167473977,-0.694203019,inf
163,-1.207762486,5.776864971,0.932108288,0.49499224,-0.153679092,-0.855199052,inf
163,-1.207762486,5.776864971,0.932108288,0.256226838,-0.129411231,-0.957914683,inf
164,-1.200703674,5.826134024,0.927340315,0,-0.096324208,-0.995350012,inf
164,-1.200703674,5.826134024,0.927340315,-0.256226838,-0.05667285,-0.964953883,1.452994347
164,-1.200703674,5.826134024,0.927340315,-0.49499224,-0.01315933,-0.868797741,0.752125084
164,-1.200703674,5.826134024,0.927340315,-0.70002474,0.031250976,-0.713434468,0.531832755
164,-1.200703674,5.826134024,0.927340315,-0.85735171,0.073531579,-0.509451816,0.434239596
164,-1.200703674,5.826134024,0.927340315,-0.956251578,0.110801127,-0.270750864,0.389328539
164,-1.200703674,5.826134024,0.927340315,-0.989984481,0.140519762,-0.013598688,0.376062483
164,-1.200703674,5.826134024,0.927340315,-0.956251578,0.160662206,0.244480215,0.389328539
164,-1.200703674,5.826134024,0.927340315,-0.85735171,0.169855787,0.485898196,0.434239537
164,-1.200703674,5.826134024,0.927340315,-0.70002474,0.167473977,0.694203019,0.531832635
164,-1.200703674,5.826134024,0.927340315,-0.49499224,0.153679092,0.855199052,0.752124846
164,-1.200703674,5.826134024,0.927340315,-0.256226838,0.129411231,0.957914683,1.452993393
164,-1.200703674,5.826134024,0.927340315,-1.21E-16,0.096324208,0.995350012,inf
164,-1.200703674,5.826134024,0.927340315,0.256226838,0.05667285,0.964953883,inf
164,-1.200703674,5.826134024,0.927340315,0.49499224,0.01315933,0.868797741,inf
164,-1.200703674,5.826134024,0.927340315,0.70002474,-0.031250976,0.713434468,inf
164,-1.200703674,5.826134024,0.927340315,0.85735171,-0.073531579,0.509451816,inf
164,-1.200703674,5.826134024,0.927340315,0.956251578,-0.110801127,0.270750864,inf
164,-1.200703674,5.826134024,0.927340315,0.989984481,-0.140519762,0.013598688,2.861760378
164,-1.200703674,5.826134024,0.927340315,0.956251578,-0.160662206,-0.244480215,2.50297761
164,-1.200703674,5.826134024,0.927340315,0.85735171,-0.169855787,-0.485898196,2.367502213
164,-1.200703674,5.826134024,0.927340315,0.70002474,-0.167473977,-0.694203019,inf
164,-1.200703674,5.826134024,0.927340315,0.49499224,-0.153679092,-0.855199052,inf
164,-1.200703674,5.826134024,0.927340315,0.256226838,-0.129411231,-0.957914683,inf
165,-1.193644863,5.875403078,0.922572341,0,-0.096324208,-0.995350012,inf
165,-1.193644863,5.875403078,0.922572341,-0.256226838,-0.05667285,-0.964953883,inf
165,-1.193644863,5.875403078,0.922572341,-0.49499224,-0.01315933,-0.868797741,0.766385555
165,-1.193644863,5.875403078,0.922572341,-0.70002474,0.031250976,-0.713434468,0.54191637
165,-1.193644863,5.875403078,0.922572341,-0.85735171,0.073531579,-0.509451816,0.442472875
165,-1.193644863,5.875403078,0.922572341,-0.956251578,0.110801127,-0.270750864,0.396710306
165,-1.193644863,5.875403078,0.922572341,-0.989984481,0.140519762,-0.013598688,0.383192718
165,-1.193644863,5.875403078,0.922572341,-0.956251578,0.160662206,0.244480215,0.396710277
165,-1.193644863,5.875403078,0.922572341,-0.85735171,0.169855787,0.485898196,0.442472816
165,-1.193644863,5.875403078,0.922572341,-0.70002474,0.167473977,0.694203019,0.541916311
165,-1.193644863,5.875403078,0.922572341,-0.49499224,0.153679092,0.855199052,0.766385317
165,-1.193644863,5.875403078,0.922572341,-0.256226838,0.129411231,0.957914683,1.480542421
165,-1.193644863,5.875403078,0.922572341,-1.21E-16,0.096324208,0.995350012,inf
165,-1.193644863,5.875403078,0.922572341,0.256226838,0.05667285,0.964953883,inf
165,-1.193644863,5.875403078,0.922572341,0.49499224,0.01315933,0.868797741,inf
165,-1.193644863,5.875403078,0.922572341,0.70002474,-0.031250976,0.713434468,inf
165,-1.193644863,5.875403078,0.922572341,0.85735171,-0.073531579,0.509451816,inf
165,-1.193644863,5.875403078,0.922572341,0.956251578,-0.110801127,0.270750864,inf
165,-1.193644863,5.875403078,0.922572341,0.989984481,-0.140519762,0.013598688,inf
165,-1.193644863,5.875403078,0.922572341,0.956251578,-0.160662206,-0.244480215,2.809640169
165,-1.193644863,5.875403078,0.922572341,0.85735171,-0.169855787,-0.485898196,2.657566309
165,-1.193644863,5.875403078,0.922572341,0.70002474,-0.167473977,-0.694203019,inf
165,-1.193644863,5.875403078,0.922572341,0.49499224,-0.153679092,-0.855199052,inf
165,-1.193644863,5.875403078,0.922572341,0.256226838,-0.129411231,-0.957914683,inf
166,-1.186586051,5.924672131,0.917804367,0,-0.096324208,-0.995350012,inf
166,-1.186586051,5.924672131,0.917804367,-0.256226838,-0.05667285,-0.964953883,inf
166,-1.186586051,5.924672131,0.917804367,-0.49499224,-0.01315933,-0.868797741,0.780646026
166,-1.186586051,5.924672131,0.917804367,-0.70002474,0.031250976,-0.713434468,0.552000046
166,-1.186586051,5.924672131,0.917804367,-0.85735171,0.073531579,-0.509451816,0.450706124
166,-1.186586051,5.924672131,0.917804367,-0.956251578,0.110801127,-0.270750864,0.404092044
166,-1.186586051,5.924672131,0.917804367,-0.989984481,0.140519762,-0.013598688,0.390322953
166,-1.186586051,5.924672131,0.917804367,-0.956251578,0.160662206,0.244480215,0.404092044
166,-1.186586051,5.924672131,0.917804367,-0.85735171,0.169855787,0.485898196,0.450706095
166,-1.186586051,5.924672131,0.917804367,-0.70002474,0.167473977,0.694203019,0.551999927
166,-1.186586051,5.924672131,0.917804367,-0.49499224,0.153679092,0.855199052,0.780645788
166,-1.186586051,5.924672131,0.917804367,-0.256226838,0.129411231,0.957914683,1.508091569
166,-1.186586051,5.924672131,0.917804367,-1.21E-16,0.096324208,0.995350012,inf
166,-1.186586051,5.924672131,0.917804367,0.256226838,0.05667285,0.964953883,inf
166,-1.186586051,5.924672131,0.917804367,0.49499224,0.01315933,0.868797741,inf
166,-1.186586051,5.924672131,0.917804367,0.70002474,-0.031250976,0.713434468,inf
166,-1.186586051,5.924672131,0.917804367,0.85735171,-0.073531579,0.509451816,inf
166,-1.186586051,5.924672131,0.917804367,0.956251578,-0.110801127,0.270750864,inf
166,-1.186586051,5.924672131,0.917804367,0.989984481,-0.140519762,0.013598688,inf
166,-1.186586051,5.924672131,0.917804367,0.956251578,-0.160662206,-0.244480215,inf
166,-1.186586051,5.924672131,0.917804367,0.85735171,-0.169855787,-0.485898196,inf
166,-1.186586051,5.924672131,0.917804367,0.70002474,-0.167473977,-0.694203019,inf
166,-1.186586051,5.924672131,0.917804367,0.49499224,-0.153679092,-0.855199052,inf
166,-1.186586051,5.924672131,0.917804367,0.256226838,-0.129411231,-0.957914683,inf
167,-1.17952724,5.973941184,0.913036394,0,-0.096324208,-0.995350012,inf
167,-1.17952724,5.973941184,0.913036394,-0.256226838,-0.05667285,-0.964953883,inf
167,-1.17952724,5.973941184,0.913036394,-0.49499224,-0.01315933,-0.868797741,0.794906437
167,-1.17952724,5.973941184,0.913036394,-0.70002474,0.031250976,-0.713434468,0.562083721
167,-1.17952724,5.973941184,0.913036394,-0.85735171,0.073531579,-0.509451816,0.458939403
167,-1.17952724,5.973941184,0.913036394,-0.956251578,0.110801127,-0.270750864,0.411473811
167,-1.17952724,5.973941184,0.913036394,-0.989984481,0.140519762,-0.013598688,0.397453159
167,-1.17952724,5.973941184,0.913036394,-0.956251578,0.160662206,0.244480215,0.411473781
167,-1.17952724,5.973941184,0.913036394,-0.85735171,0.169855787,0.485898196,0.458939373
167,-1.17952724,5.973941184,0.913036394,-0.70002474,0.167473977,0.694203019,0.562083602
167,-1.17952724,5.973941184,0.913036394,-0.49499224,0.153679092,0.855199052,0.794906199
167,-1.17952724,5.973941184,0.913036394,-0.256226838,0.129411231,0.957914683,1.535640597
167,-1.17952724,5.973941184,0.913036394,-1.21E-16,0.096324208,0.995350012,inf
167,-1.17952724,5.973941184,0.913036394,0.256226838,0.05667285,0.964953883,inf
167,-1.17952724,5.973941184,0.913036394,0.49499224,0.01315933,0.868797741,inf
167,-1.17952724,5.973941184,0.913036394,0.70002474,-0.031250976,0.713434468,inf
167,-1.17952724,5.973941184,0.913036394,0.85735171,-0.073531579,0.509451816,inf
167,-1.17952724,5.973941184,0.913036394,0.956251578,-0.110801127,0.270750864,inf
167,-1.17952724,5.973941184,0.913036394,0.989984481,-0.140519762,0.013598688,inf
167,-1.17952724,5.973941184,0.913036394,0.956251578,-0.160662206,-0.244480215,inf
167,-1.17952724,5.973941184,0.913036394,0.85735171,-0.169855787,-0.485898196,inf
167,-1.17952724,5.973941184,0.913036394,0.70002474,-0.167473977,-0.694203019,inf
167,-1.17952724,5.973941184,0.913036394,0.49499224,-0.153679092,-0.855199052,inf
167,-1.17952724,5.973941184,0.913036394,0.256226838,-0.129411231,-0.957914683,inf
168,-1.172468428,6.023210237,0.90826842,0,-0.096324208,-0.995350012,inf
168,-1.172468428,6.023210237,0.90826842,-0.256226838,-0.05667285,-0.964953883,inf
168,-1.172468428,6.023210237,0.90826842,-0.49499224,-0.01315933,-0.868797741,0.809166908
168,-1.172468428,6.023210237,0.90826842,-0.70002474,0.031250976,-0.713434468,0.572167397
168,-1.172468428,6.023210237,0.90826842,-0.85735171,0.073531579,-0.509451816,0.467172682
168,-1.172468428,6.023210237,0.90826842,-0.956251578,0.110801127,-0.270750864,0.418855548
168,-1.172468428,6.023210237,0.90826842,-0.989984481,0.140519762,-0.013598688,0.404583395
168,-1.172468428,6.023210237,0.90826842,-0.956251578,0.160662206,0.244480215,0.418855548
168,-1.172468428,6.023210237,0.90826842,-0.85735171,0.169855787,0.485898196,0.467172652
168,-1.172468428,6.023210237,0.90826842,-0.70002474,0.167473977,0.694203019,0.572167277
168,-1.172468428,6.023210237,0.90826842,-0.49499224,0.153679092,0.855199052,0.80916667
168,-1.172468428,6.023210237,0.90826842,-0.256226838,0.129411231,0.957914683,1.563189626
168,-1.172468428,6.023210237,0.90826842,-1.21E-16,0.096324208,0.995350012,inf
168,-1.172468428,6.023210237,0.90826842,0.256226838,0.05667285,0.964953883,inf
168,-1.172468428,6.023210237,0.90826842,0.49499224,0.01315933,0.868797741,inf
168,-1.172468428,6.023210237,0.90826842,0.70002474,-0.031250976,0.713434468,inf
168,-1.172468428,6.023210237,0.90826842,0.85735171,-0.073531579,0.509451816,inf
168,-1.172468428,6.023210237,0.90826842,0.956251578,-0.110801127,0.270750864,inf
168,-1.172468428,6.023210237,0.90826842,0.989984481,-0.140519762,0.013598688,inf
168,-1.172468428,6.023210237,0.90826842,0.956251578,-0.160662206,-0.244480215,inf
168,-1.172468428,6.023210237,0.90826842,0.85735171,-0.169855787,-0.485898196,inf
168,-1.172468428,6.023210237,0.90826842,0.70002474,-0.167473977,-0.694203019,inf
168,-1.172468428,6.023210237,0.90826842,0.49499224,-0.153679092,-0.855199052,inf
168,-1.172468428,6.023210237,0.90826842,0.256226838,-0.129411231,-0.957914683,inf
169,-1.119831842,6.072056674,0.90023816,0.097795901,0,0.995206492,inf
169,-1.119831842,6.072056674,0.90023816,0.168069242,-0.24802659,0.95406265,inf
169,-1.119831842,6.072056674,0.90023816,0.226888943,-0.479150577,0.847901016,1.352511048
169,-1.119831842,6.072056674,0.90023816,0.270246537,-0.677621244,0.683956328,0.956369817
169,-1.119831842,6.072056674,0.90023816,0.295187276,-0.829913144,0.473401147,0.780872703
169,-1.119831842,6.072056674,0.90023816,0.30001149,-0.925647834,0.23058446,0.70011133
169,-1.119831842,6.072056674,0.90023816,0.284390417,-0.958301154,-0.027946177,0.676255643
169,-1.119831842,6.072056674,0.90023816,0.249388607,-0.925647834,-0.284572328,0.70011133
169,-1.119831842,6.072056674,0.90023816,0.197391375,-0.829913144,-0.521805345,0.780872762
169,-1.119831842,6.072056674,0.90023816,0.131942248,-0.677621244,-0.723478191,0.956369936
169,-1.119831842,6.072056674,0.90023816,0.057501474,-0.479150577,-0.875847193,1.352511406
169,-1.119831842,6.072056674,0.90023816,-0.02085793,-0.24802659,-0.968528656,inf
169,-1.119831842,6.072056674,0.90023816,-0.097795901,-1.17E-16,-0.995206492,inf
169,-1.119831842,6.072056674,0.90023816,-0.168069242,0.24802659,-0.95406265,inf
169,-1.119831842,6.072056674,0.90023816,-0.226888943,0.479150577,-0.847901016,inf
169,-1.119831842,6.072056674,0.90023816,-0.270246537,0.677621244,-0.683956328,1.676868796
169,-1.119831842,6.072056674,0.90023816,-0.295187276,0.829913144,-0.473401147,1.53518796
169,-1.119831842,6.072056674,0.90023816,-0.30001149,0.925647834,-0.23058446,1.510501862
169,-1.119831842,6.072056674,0.90023816,-0.284390417,0.958301154,0.027946177,1.593470931
169,-1.119831842,6.072056674,0.90023816,-0.249388607,0.925647834,0.284572328,1.817115188
169,-1.119831842,6.072056674,0.90023816,-0.197391375,0.829913144,0.521805345,2.295783043
169,-1.119831842,6.072056674,0.90023816,-0.131942248,0.677621244,0.723478191,inf
169,-1.119831842,6.072056674,0.90023816,-0.057501474,0.479150577,0.875847193,inf
169,-1.119831842,6.072056674,0.90023816,0.02085793,0.24802659,0.968528656,inf
170,-1.072146466,6.086344684,0.895552264,0.097795901,0,0.995206492,inf
170,-1.072146466,6.086344684,0.895552264,0.168069242,-0.24802659,0.95406265,inf
170,-1.072146466,6.086344684,0.895552264,0.226888943,-0.479150577,0.847901016,1.382330537
170,-1.072146466,6.086344684,0.895552264,0.270246537,-0.677621244,0.683956328,0.977455378
170,-1.072146466,6.086344684,0.895552264,0.295187276,-0.829913144,0.473401147,0.798088968
170,-1.072146466,6.086344684,0.895552264,0.30001149,-0.925647834,0.23058446,0.715547025
170,-1.072146466,6.086344684,0.895552264,0.284390417,-0.958301154,-0.027946177,0.691165328
170,-1.072146466,6.086344684,0.895552264,0.249388607,-0.925647834,-0.284572328,0.715547025
170,-1.072146466,6.086344684,0.895552264,0.197391375,-0.829913144,-0.521805345,0.798089027
170,-1.072146466,6.086344684,0.895552264,0.131942248,-0.677621244,-0.723478191,0.977455497
170,-1.072146466,6.086344684,0.895552264,0.057501474,-0.479150577,-0.875847193,1.382330894
170,-1.072146466,6.086344684,0.895552264,-0.02085793,-0.24802659,-0.968528656,inf
170,-1.072146466,6.086344684,0.895552264,-0.097795901,-1.17E-16,-0.995206492,inf
170,-1.072146466,6.086344684,0.895552264,-0.168069242,0.24802659,-0.95406265,inf
170,-1.072146466,6.086344684,0.895552264,-0.226888943,0.479150577,-0.847901016,inf
170,-1.072146466,6.086344684,0.895552264,-0.270246537,0.677621244,-0.683956328,1.853320241
170,-1.072146466,6.086344684,0.895552264,-0.295187276,0.829913144,-0.473401147,1.696730733
170,-1.072146466,6.086344684,0.895552264,-0.30001149,0.925647834,-0.23058446,1.669447064
170,-1.072146466,6.086344684,0.895552264,-0.284390417,0.958301154,0.027946177,1.761146665
170,-1.072146466,6.086344684,0.895552264,-0.249388607,0.925647834,0.284572328,2.008324385
170,-1.072146466,6.086344684,0.895552264,-0.197391375,0.829913144,0.521805345,2.537360668
170,-1.072146466,6.086344684,0.895552264,-0.131942248,0.677621244,0.723478191,inf
170,-1.072146466,6.086344684,0.895552264,-0.057501474,0.479150577,0.875847193,inf
170,-1.072146466,6.086344684,0.895552264,0.02085793,0.24802659,0.968528656,inf
171,-1.024461089,6.100632695,0.890866367,0.097795901,0,0.995206492,inf
171,-1.024461089,6.100632695,0.890866367,0.168069242,-0.24802659,0.95406265,inf
171,-1.024461089,6.100632695,0.890866367,0.226888943,-0.479150577,0.847901016,1.412150025
171,-1.024461089,6.100632695,0.890866367,0.270246537,-0.677621244,0.683956328,0.998540878
171,-1.024461089,6.100632695,0.890866367,0.295187276,-0.829913144,0.473401147,0.815305233
171,-1.024461089,6.100632695,0.890866367,0.30001149,-0.925647834,0.23058446,0.730982721
171,-1.024461089,6.100632695,0.890866367,0.284390417,-0.958301154,-0.027946177,0.706075072
171,-1.024461089,6.100632695,0.890866367,0.249388607,-0.925647834,-0.284572328,0.730982721
171,-1.024461089,6.100632695,0.890866367,0.197391375,-0.829913144,-0.521805345,0.815305293
171,-1.024461089,6.100632695,0.890866367,0.131942248,-0.677621244,-0.723478191,0.998540998
171,-1.024461089,6.100632695,0.890866367,0.057501474,-0.479150577,-0.875847193,1.412150264
171,-1.024461089,6.100632695,0.890866367,-0.02085793,-0.24802659,-0.968528656,inf
171,-1.024461089,6.100632695,0.890866367,-0.097795901,-1.17E-16,-0.995206492,inf
171,-1.024461089,6.100632695,0.890866367,-0.168069242,0.24802659,-0.95406265,inf
171,-1.024461089,6.100632695,0.890866367,-0.226888943,0.479150577,-0.847901016,inf
171,-1.024461089,6.100632695,0.890866367,-0.270246537,0.677621244,-0.683956328,2.029771566
171,-1.024461089,6.100632695,0.890866367,-0.295187276,0.829913144,-0.473401147,1.858273506
171,-1.024461089,6.100632695,0.890866367,-0.30001149,0.925647834,-0.23058446,1.828392148
171,-1.024461089,6.100632695,0.890866367,-0.284390417,0.958301154,0.027946177,1.928822517
171,-1.024461089,6.100632695,0.890866367,-0.249388607,0.925647834,0.284572328,2.199533463
171,-1.024461089,6.100632695,0.890866367,-0.197391375,0.829913144,0.521805345,2.778938532
171,-1.024461089,6.100632695,0.890866367,-0.131942248,0.677621244,0.723478191,inf
171,-1.024461089,6.100632695,0.890866367,-0.057501474,0.479150577,0.875847193,inf
171,-1.024461089,6.100632695,0.890866367,0.02085793,0.24802659,0.968528656,inf
172,-0.976775713,6.114920705,0.886180471,0.097795901,0,0.995206492,inf
172,-0.976775713,6.114920705,0.886180471,0.168069242,-0.24802659,0.95406265,inf
172,-0.976775713,6.114920705,0.886180471,0.226888943,-0.479150577,0.847901016,1.441969514
172,-0.976775713,6.114920705,0.886180471,0.270246537,-0.677621244,0.683956328,1.019626379
172,-0.976775713,6.114920705,0.886180471,0.295187276,-0.829913144,0.473401147,0.832521498
172,-0.976775713,6.114920705,0.886180471,0.30001149,-0.925647834,0.23058446,0.746418417
172,-0.976775713,6.114920705,0.886180471,0.284390417,-0.958301154,-0.027946177,0.720984817
172,-0.976775713,6.114920705,0.886180471,0.249388607,-0.925647834,-0.284572328,0.746418417
172,-0.976775713,6.114920705,0.886180471,0.197391375,-0.829913144,-0.521805345,0.832521558
172,-0.976775713,6.114920705,0.886180471,0.131942248,-0.677621244,-0.723478191,1.019626617
172,-0.976775713,6.114920705,0.886180471,0.057501474,-0.479150577,-0.875847193,1.441969752
172,-0.976775713,6.114920705,0.886180471,-0.02085793,-0.24802659,-0.968528656,inf
172,-0.976775713,6.114920705,0.886180471,-0.097795901,-1.17E-16,-0.995206492,inf
172,-0.976775713,6.114920705,0.886180471,-0.168069242,0.24802659,-0.95406265,inf
172,-0.976775713,6.114920705,0.886180471,-0.226888943,0.479150577,-0.847901016,inf
172,-0.976775713,6.114920705,0.886180471,-0.270246537,0.677621244,-0.683956328,inf
172,-0.976775713,6.114920705,0.886180471,-0.295187276,0.829913144,-0.473401147,2.019816399
172,-0.976775713,6.114920705,0.886180471,-0.30001149,0.925647834,-0.23058446,1.987337351
172,-0.976775713,6.114920705,0.886180471,-0.284390417,0.958301154,0.027946177,2.096498251
172,-0.976775713,6.114920705,0.886180471,-0.249388607,0.925647834,0.284572328,2.39074254
172,-0.976775713,6.114920705,0.886180471,-0.197391375,0.829913144,0.521805345,inf
172,-0.976775713,6.114920705,0.886180471,-0.131942248,0.677621244,0.723478191,inf
172,-0.976775713,6.114920705,0.886180471,-0.057501474,0.479150577,0.875847193,inf
172,-0.976775713,6.114920705,0.886180471,0.02085793,0.24802659,0.968528656,inf
173,-0.929090336,6.129208716,0.881494575,0.097795901,0,0.995206492,inf
173,-0.929090336,6.129208716,0.881494575,0.168069242,-0.24802659,0.95406265,inf
173,-0.929090336,6.129208716,0.881494575,0.226888943,-0.479150577,0.847901016,1.471788883
173,-0.929090336,6.129208716,0.881494575,0.270246537,-0.677621244,0.683956328,1.040711999
173,-0.929090336,6.129208716,0.881494575,0.295187276,-0.829913144,0.473401147,0.849737763
173,-0.929090336,6.129208716,0.881494575,0.30001149,-0.925647834,0.23058446,0.761854053
173,-0.929090336,6.129208716,0.881494575,0.284390417,-0.958301154,-0.027946177,0.735894561
173,-0.929090336,6.129208716,0.881494575,0.249388607,-0.925647834,-0.284572328,0.761854112
173,-0.929090336,6.129208716,0.881494575,0.197391375,-0.829913144,-0.521805345,0.849737823
173,-0.929090336,6.129208716,0.881494575,0.131942248,-0.677621244,-0.723478191,1.040712118
173,-0.929090336,6.129208716,0.881494575,0.057501474,-0.479150577,-0.875847193,1.471789241
173,-0.929090336,6.129208716,0.881494575,-0.02085793,-0.24802659,-0.968528656,inf
173,-0.929090336,6.129208716,0.881494575,-0.097795901,-1.17E-16,-0.995206492,inf
173,-0.929090336,6.129208716,0.881494575,-0.168069242,0.24802659,-0.95406265,inf
173,-0.929090336,6.129208716,0.881494575,-0.226888943,0.479150577,-0.847901016,inf
173,-0.929090336,6.129208716,0.881494575,-0.270246537,0.677621244,-0.683956328,inf
173,-0.929090336,6.129208716,0.881494575,-0.295187276,0.829913144,-0.473401147,2.181359291
173,-0.929090336,6.129208716,0.881494575,-0.30001149,0.925647834,-0.23058446,2.146282673
173,-0.929090336,6.129208716,0.881494575,-0.284390417,0.958301154,0.027946177,2.264173985
173,-0.929090336,6.129208716,0.881494575,-0.249388607,0.925647834,0.284572328,2.581951618
173,-0.929090336,6.129208716,0.881494575,-0.197391375,0.829913144,0.521805345,inf
173,-0.929090336,6.129208716,0.881494575,-0.131942248,0.677621244,0.723478191,inf
173,-0.929090336,6.129208716,0.881494575,-0.057501474,0.479150577,0.875847193,inf
173,-0.929090336,6.129208716,0.881494575,0.02085793,0.24802659,0.968528656,inf
174,-0.88140496,6.143496726,0.876808679,0.097795901,0,0.995206492,inf
174,-0.88140496,6.143496726,0.876808679,0.168069242,-0.24802659,0.95406265,inf
174,-0.88140496,6.143496726,0.876808679,0.226888943,-0.479150577,0.847901016,1.501608372
174,-0.88140496,6.143496726,0.876808679,0.270246537,-0.677621244,0.683956328,1.0617975
174,-0.88140496,6.143496726,0.876808679,0.295187276,-0.829913144,0.473401147,0.866954088
174,-0.88140496,6.143496726,0.876808679,0.30001149,-0.925647834,0.23058446,0.777289748
174,-0.88140496,6.143496726,0.876808679,0.284390417,-0.958301154,-0.027946177,0.750804245
174,-0.88140496,6.143496726,0.876808679,0.249388607,-0.925647834,-0.284572328,0.777289808
174,-0.88140496,6.143496726,0.876808679,0.197391375,-0.829913144,-0.521805345,0.866954148
174,-0.88140496,6.143496726,0.876808679,0.131942248,-0.677621244,-0.723478191,1.061797619
174,-0.88140496,6.143496726,0.876808679,0.057501474,-0.479150577,-0.875847193,1.501608729
174,-0.88140496,6.143496726,0.876808679,-0.02085793,-0.24802659,-0.968528656,inf
174,-0.88140496,6.143496726,0.876808679,-0.097795901,-1.17E-16,-0.995206492,inf
174,-0.88140496,6.143496726,0.876808679,-0.168069242,0.24802659,-0.95406265,inf
174,-0.88140496,6.143496726,0.876808679,-0.226888943,0.479150577,-0.847901016,inf
174,-0.88140496,6.143496726,0.876808679,-0.270246537,0.677621244,-0.683956328,inf
174,-0.88140496,6.143496726,0.876808679,-0.295187276,0.829913144,-0.473401147,2.342901945
174,-0.88140496,6.143496726,0.876808679,-0.30001149,0.925647834,-0.23058446,2.305227757
174,-0.88140496,6.143496726,0.876808679,-0.284390417,0.958301154,0.027946177,2.431849718
174,-0.88140496,6.143496726,0.876808679,-0.249388607,0.925647834,0.284572328,2.773160696
174,-0.88140496,6.143496726,0.876808679,-0.197391375,0.829913144,0.521805345,inf
174,-0.88140496,6.143496726,0.876808679,-0.131942248,0.677621244,0.723478191,inf
174,-0.88140496,6.143496726,0.876808679,-0.057501474,0.479150577,0.875847193,inf
174,-0.88140496,6.143496726,0.876808679,0.02085793,0.24802659,0.968528656,inf
175,-0.833719583,6.157784737,0.872122783,0.097795901,0,0.995206492,inf
175,-0.833719583,6.157784737,0.872122783,0.168069242,-0.24802659,0.95406265,inf
175,-0.833719583,6.157784737,0.872122783,0.226888943,-0.479150577,0.847901016,1.53142786
175,-0.833719583,6.157784737,0.872122783,0.270246537,-0.677621244,0.683956328,1.082883
175,-0.833719583,6.157784737,0.872122783,0.295187276,-0.829913144,0.473401147,0.884170353
175,-0.833719583,6.157784737,0.872122783,0.30001149,-0.925647834,0.23058446,0.792725444
175,-0.833719583,6.157784737,0.872122783,0.284390417,-0.958301154,-0.027946177,0.76571399
175,-0.833719583,6.157784737,0.872122783,0.249388607,-0.925647834,-0.284572328,0.792725503
175,-0.833719583,6.157784737,0.872122783,0.197391375,-0.829913144,-0.521805345,0.884170413
175,-0.833719583,6.157784737,0.872122783,0.131942248,-0.677621244,-0.723478191,1.082883239
175,-0.833719583,6.157784737,0.872122783,0.057501474,-0.479150577,-0.875847193,1.531428218
175,-0.833719583,6.157784737,0.872122783,-0.02085793,-0.24802659,-0.968528656,inf
175,-0.833719583,6.157784737,0.872122783,-0.097795901,-1.17E-16,-0.995206492,inf
175,-0.833719583,6.157784737,0.872122783,-0.168069242,0.24802659,-0.95406265,inf
175,-0.833719583,6.157784737,0.872122783,-0.226888943,0.479150577,-0.847901016,inf
175,-0.833719583,6.157784737,0.872122783,-0.270246537,0.677621244,-0.683956328,inf
175,-0.833719583,6.157784737,0.872122783,-0.295187276,0.829913144,-0.473401147,2.504444838
175,-0.833719583,6.157784737,0.872122783,-0.30001149,0.925647834,-0.23058446,2.46417284
175,-0.833719583,6.157784737,0.872122783,-0.284390417,0.958301154,0.027946177,2.599525452
175,-0.833719583,6.157784737,0.872122783,-0.249388607,0.925647834,0.284572328,2.964369774
175,-0.833719583,6.157784737,0.872122783,-0.197391375,0.829913144,0.521805345,inf
175,-0.833719583,6.157784737,0.872122783,-0.131942248,0.677621244,0.723478191,inf
175,-0.833719583,6.157784737,0.872122783,-0.057501474,0.479150577,0.875847193,inf
175,-0.833719583,6.157784737,0.872122783,0.02085793,0.24802659,0.968528656,inf
176,-0.786034207,6.172072748,0.867436886,0.097795901,0,0.995206492,inf
176,-0.786034207,6.172072748,0.867436886,0.168069242,-0.24802659,0.95406265,inf
176,-0.786034207,6.172072748,0.867436886,0.226888943,-0.479150577,0.847901016,1.561247349
176,-0.786034207,6.172072748,0.867436886,0.270246537,-0.677621244,0.683956328,1.10396862
176,-0.786034207,6.172072748,0.867436886,0.295187276,-0.829913144,0.473401147,0.901386619
176,-0.786034207,6.172072748,0.867436886,0.30001149,-0.925647834,0.23058446,0.808161139
176,-0.786034207,6.172072748,0.867436886,0.284390417,-0.958301154,-0.027946177,0.780623734
176,-0.786034207,6.172072748,0.867436886,0.249388607,-0.925647834,-0.284572328,0.808161139
176,-0.786034207,6.172072748,0.867436886,0.197391375,-0.829913144,-0.521805345,0.901386678
176,-0.786034207,6.172072748,0.867436886,0.131942248,-0.677621244,-0.723478191,1.10396874
176,-0.786034207,6.172072748,0.867436886,0.057501474,-0.479150577,-0.875847193,inf
176,-0.786034207,6.172072748,0.867436886,-0.02085793,-0.24802659,-0.968528656,inf
176,-0.786034207,6.172072748,0.867436886,-0.097795901,-1.17E-16,-0.995206492,inf
176,-0.786034207,6.172072748,0.867436886,-0.168069242,0.24802659,-0.95406265,inf
176,-0.786034207,6.172072748,0.867436886,-0.226888943,0.479150577,-0.847901016,inf
176,-0.786034207,6.172072748,0.867436886,-0.270246537,0.677621244,-0.683956328,inf
176,-0.786034207,6.172072748,0.867436886,-0.295187276,0.829913144,-0.473401147,2.66598773
176,-0.786034207,6.172072748,0.867436886,-0.30001149,0.925647834,-0.23058446,2.623118162
176,-0.786034207,6.172072748,0.867436886,-0.284390417,0.958301154,0.027946177,2.767201185
176,-0.786034207,6.172072748,0.867436886,-0.249388607,0.925647834,0.284572328,inf
176,-0.786034207,6.172072748,0.867436886,-0.197391375,0.829913144,0.521805345,inf
176,-0.786034207,6.172072748,0.867436886,-0.131942248,0.677621244,0.723478191,inf
176,-0.786034207,6.172072748,0.867436886,-0.057501474,0.479150577,0.875847193,inf
176,-0.786034207,6.172072748,0.867436886,0.02085793,0.24802659,0.968528656,inf
177,-0.73834883,6.186360758,0.86275099,0.097795901,0,0.995206492,inf
177,-0.73834883,6.186360758,0.86275099,0.168069242,-0.24802659,0.95406265,inf
177,-0.73834883,6.186360758,0.86275099,0.226888943,-0.479150577,0.847901016,1.591066718
177,-0.73834883,6.186360758,0.86275099,0.270246537,-0.677621244,0.683956328,1.125054121
177,-0.73834883,6.186360758,0.86275099,0.295187276,-0.829913144,0.473401147,0.918602884
177,-0.73834883,6.186360758,0.86275099,0.30001149,-0.925647834,0.23058446,0.823596835
177,-0.73834883,6.186360758,0.86275099,0.284390417,-0.958301154,-0.027946177,0.795533478
177,-0.73834883,6.186360758,0.86275099,0.249388607,-0.925647834,-0.284572328,0.823596835
177,-0.73834883,6.186360758,0.86275099,0.197391375,-0.829913144,-0.521805345,0.918602943
177,-0.73834883,6.186360758,0.86275099,0.131942248,-0.677621244,-0.723478191,1.12505424
177,-0.73834883,6.186360758,0.86275099,0.057501474,-0.479150577,-0.875847193,inf
177,-0.73834883,6.186360758,0.86275099,-0.02085793,-0.24802659,-0.968528656,inf
177,-0.73834883,6.186360758,0.86275099,-0.097795901,-1.17E-16,-0.995206492,inf
177,-0.73834883,6.186360758,0.86275099,-0.168069242,0.24802659,-0.95406265,inf
177,-0.73834883,6.186360758,0.86275099,-0.226888943,0.479150577,-0.847901016,inf
177,-0.73834883,6.186360758,0.86275099,-0.270246537,0.677621244,-0.683956328,inf
177,-0.73834883,6.186360758,0.86275099,-0.295187276,0.829913144,-0.473401147,2.827530384
177,-0.73834883,6.186360758,0.86275099,-0.30001149,0.925647834,-0.23058446,2.782063246
177,-0.73834883,6.186360758,0.86275099,-0.284390417,0.958301154,0.027946177,2.934876919
177,-0.73834883,6.186360758,0.86275099,-0.249388607,0.925647834,0.284572328,inf
177,-0.73834883,6.186360758,0.86275099,-0.197391375,0.829913144,0.521805345,inf
177,-0.73834883,6.186360758,0.86275099,-0.131942248,0.677621244,0.723478191,inf
177,-0.73834883,6.186360758,0.86275099,-0.057501474,0.479150577,0.875847193,inf
177,-0.73834883,6.186360758,0.86275099,0.02085793,0.24802659,0.968528656,inf
178,-0.690663454,6.200648769,0.858065094,0.097795901,0,0.995206492,inf
178,-0.690663454,6.200648769,0.858065094,0.168069242,-0.24802659,0.95406265,inf
178,-0.690663454,6.200648769,0.858065094,0.226888943,-0.479150577,0.847901016,1.620886207
178,-0.690663454,6.200648769,0.858065094,0.270246537,-0.677621244,0.683956328,1.146139622
178,-0.690663454,6.200648769,0.858065094,0.295187276,-0.829913144,0.473401147,0.935819149
178,-0.690663454,6.200648769,0.858065094,0.30001149,-0.925647834,0.23058446,0.839032531
178,-0.690663454,6.200648769,0.858065094,0.284390417,-0.958301154,-0.027946177,0.810443163
178,-0.690663454,6.200648769,0.858065094,0.249388607,-0.925647834,-0.284572328,0.839032531
178,-0.690663454,6.200648769,0.858065094,0.197391375,-0.829913144,-0.521805345,0.935819209
178,-0.690663454,6.200648769,0.858065094,0.131942248,-0.677621244,-0.723478191,1.14613986
178,-0.690663454,6.200648769,0.858065094,0.057501474,-0.479150577,-0.875847193,inf
178,-0.690663454,6.200648769,0.858065094,-0.02085793,-0.24802659,-0.968528656,inf
178,-0.690663454,6.200648769,0.858065094,-0.097795901,-1.17E-16,-0.995206492,inf
178,-0.690663454,6.200648769,0.858065094,-0.168069242,0.24802659,-0.95406265,inf
178,-0.690663454,6.200648769,0.858065094,-0.226888943,0.479150577,-0.847901016,inf
178,-0.690663454,6.200648769,0.858065094,-0.270246537,0.677621244,-0.683956328,inf
178,-0.690663454,6.200648769,0.858065094,-0.295187276,0.829913144,-0.473401147,inf
178,-0.690663454,6.200648769,0.858065094,-0.30001149,0.925647834,-0.23058446,2.941008568
178,-0.690663454,6.200648769,0.858065094,-0.284390417,0.958301154,0.027946177,inf
178,-0.690663454,6.200648769,0.858065094,-0.249388607,0.925647834,0.284572328,inf
178,-0.690663454,6.200648769,0.858065094,-0.197391375,0.829913144,0.521805345,inf
178,-0.690663454,6.200648769,0.858065094,-0.131942248,0.677621244,0.723478191,inf
178,-0.690663454,6.200648769,0.858065094,-0.057501474,0.479150577,0.875847193,inf
178,-0.690663454,6.200648769,0.858065094,0.02085793,0.24802659,0.968528656,inf
179,-0.642978077,6.214936779,0.853379198,0.097795901,0,0.995206492,inf
179,-0.642978077,6.214936779,0.853379198,0.168069242,-0.24802659,0.95406265,inf
179,-0.642978077,6.214936779,0.853379198,0.226888943,-0.479150577,0.847901016,1.650705695
179,-0.642978077,6.214936779,0.853379198,0.270246537,-0.677621244,0.683956328,1.167225242
179,-0.642978077,6.214936779,0.853379198,0.295187276,-0.829913144,0.473401147,0.953035414
179,-0.642978077,6.214936779,0.853379198,0.30001149,-0.925647834,0.23058446,0.854468226
179,-0.642978077,6.214936779,0.853379198,0.284390417,-0.958301154,-0.027946177,0.825352907
179,-0.642978077,6.214936779,0.853379198,0.249388607,-0.925647834,-0.284572328,0.854468226
179,-0.642978077,6.214936779,0.853379198,0.197391375,-0.829913144,-0.521805345,0.953035474
179,-0.642978077,6.214936779,0.853379198,0.131942248,-0.677621244,-0.723478191,1.167225361
179,-0.642978077,6.214936779,0.853379198,0.057501474,-0.479150577,-0.875847193,inf
179,-0.642978077,6.214936779,0.853379198,-0.02085793,-0.24802659,-0.968528656,inf
179,-0.642978077,6.214936779,0.853379198,-0.097795901,-1.17E-16,-0.995206492,inf
179,-0.642978077,6.214936779,0.853379198,-0.168069242,0.24802659,-0.95406265,inf
179,-0.642978077,6.214936779,0.853379198,-0.226888943,0.479150577,-0.847901016,inf
179,-0.642978077,6.214936779,0.853379198,-0.270246537,0.677621244,-0.683956328,inf
179,-0.642978077,6.214936779,0.853379198,-0.295187276,0.829913144,-0.473401147,inf
179,-0.642978077,6.214936779,0.853379198,-0.30001149,0.925647834,-0.23058446,inf
179,-0.642978077,6.214936779,0.853379198,-0.284390417,0.958301154,0.027946177,inf
179,-0.642978077,6.214936779,0.853379198,-0.249388607,0.925647834,0.284572328,inf
179,-0.642978077,6.214936779,0.853379198,-0.197391375,0.829913144,0.521805345,inf
179,-0.642978077,6.214936779,0.853379198,-0.131942248,0.677621244,0.723478191,inf
179,-0.642978077,6.214936779,0.853379198,-0.057501474,0.479150577,0.875847193,inf
179,-0.642978077,6.214936779,0.853379198,0.02085793,0.24802659,0.968528656,inf
180,-0.595292701,6.22922479,0.848693301,0.097795901,0,0.995206492,inf
180,-0.595292701,6.22922479,0.848693301,0.168069242,-0.24802659,0.95406265,inf
180,-0.595292701,6.22922479,0.848693301,0.226888943,-0.479150577,0.847901016,1.680525064
180,-0.595292701,6.22922479,0.848693301,0.270246537,-0.677621244,0.683956328,1.188310742
180,-0.595292701,6.22922479,0.848693301,0.295187276,-0.829913144,0.473401147,0.970251679
180,-0.595292701,6.22922479,0.848693301,0.30001149,-0.925647834,0.23058446,0.869903862
180,-0.595292701,6.22922479,0.848693301,0.284390417,-0.958301154,-0.027946177,0.840262651
180,-0.595292701,6.22922479,0.848693301,0.249388607,-0.925647834,-0.284572328,0.869903922
180,-0.595292701,6.22922479,0.848693301,0.197391375,-0.829913144,-0.521805345,0.970251739
180,-0.595292701,6.22922479,0.848693301,0.131942248,-0.677621244,-0.723478191,1.188310862
180,-0.595292701,6.22922479,0.848693301,0.057501474,-0.479150577,-0.875847193,inf
180,-0.595292701,6.22922479,0.848693301,-0.02085793,-0.24802659,-0.968528656,inf
180,-0.595292701,6.22922479,0.848693301,-0.097795901,-1.17E-16,-0.995206492,inf
180,-0.595292701,6.22922479,0.848693301,-0.168069242,0.24802659,-0.95406265,inf
180,-0.595292701,6.22922479,0.848693301,-0.226888943,0.479150577,-0.847901016,inf
180,-0.595292701,6.22922479,0.848693301,-0.270246537,0.677621244,-0.683956328,inf
180,-0.595292701,6.22922479,0.848693301,-0.295187276,0.829913144,-0.473401147,inf
180,-0.595292701,6.22922479,0.848693301,-0.30001149,0.925647834,-0.23058446,inf
180,-0.595292701,6.22922479,0.848693301,-0.284390417,0.958301154,0.027946177,inf
180,-0.595292701,6.22922479,0.848693301,-0.249388607,0.925647834,0.284572328,inf
180,-0.595292701,6.22922479,0.848693301,-0.197391375,0.829913144,0.521805345,inf
180,-0.595292701,6.22922479,0.848693301,-0.131942248,0.677621244,0.723478191,inf
180,-0.595292701,6.22922479,0.848693301,-0.057501474,0.479150577,0.875847193,inf
180,-0.595292701,6.22922479,0.848693301,0.02085793,0.24802659,0.968528656,inf
181,-0.547607324,6.2435128,0.844007405,0.097795901,0,0.995206492,inf
181,-0.547607324,6.2435128,0.844007405,0.168069242,-0.24802659,0.95406265,inf
181,-0.547607324,6.2435128,0.844007405,0.226888943,-0.479150577,0.847901016,1.710344553
181,-0.547607324,6.2435128,0.844007405,0.270246537,-0.677621244,0.683956328,1.209396243
181,-0.547607324,6.2435128,0.844007405,0.295187276,-0.829913144,0.473401147,0.987467945
181,-0.547607324,6.2435128,0.844007405,0.30001149,-0.925647834,0.23058446,0.885339558
181,-0.547607324,6.2435128,0.844007405,0.284390417,-0.958301154,-0.027946177,0.855172396
181,-0.547607324,6.2435128,0.844007405,0.249388607,-0.925647834,-0.284572328,0.885339618
181,-0.547607324,6.2435128,0.844007405,0.197391375,-0.829913144,-0.521805345,0.987468064
181,-0.547607324,6.2435128,0.844007405,0.131942248,-0.677621244,-0.723478191,1.209396482
181,-0.547607324,6.2435128,0.844007405,0.057501474,-0.479150577,-0.875847193,inf
181,-0.547607324,6.2435128,0.844007405,-0.02085793,-0.24802659,-0.968528656,inf
181,-0.547607324,6.2435128,0.844007405,-0.097795901,-1.17E-16,-0.995206492,inf
181,-0.547607324,6.2435128,0.844007405,-0.168069242,0.24802659,-0.95406265,inf
181,-0.547607324,6.2435128,0.844007405,-0.226888943,0.479150577,-0.847901016,inf
181,-0.547607324,6.2435128,0.844007405,-0.270246537,0.677621244,-0.683956328,inf
181,-0.547607324,6.2435128,0.844007405,-0.295187276,0.829913144,-0.473401147,inf
181,-0.547607324,6.2435128,0.844007405,-0.30001149,0.925647834,-0.23058446,inf
181,-0.547607324,6.2435128,0.844007405,-0.284390417,0.958301154,0.027946177,2.999085665
181,-0.547607324,6.2435128,0.844007405,-0.249388607,0.925647834,0.284572328,inf
181,-0.547607324,6.2435128,0.844007405,-0.197391375,0.829913144,0.521805345,inf
181,-0.547607324,6.2435128,0.844007405,-0.131942248,0.677621244,0.723478191,inf
181,-0.547607324,6.2435128,0.844007405,-0.057501474,0.479150577,0.875847193,inf
181,-0.547607324,6.2435128,0.844007405,0.02085793,0.24802659,0.968528656,inf
182,-0.499921948,6.257800811,0.839321509,0.097795901,0,0.995206492,inf
182,-0.499921948,6.257800811,0.839321509,0.168069242,-0.24802659,0.95406265,inf
182,-0.499921948,6.257800811,0.839321509,0.226888943,-0.479150577,0.847901016,1.740164042
182,-0.499921948,6.257800811,0.839321509,0.270246537,-0.677621244,0.683956328,1.230481863
182,-0.499921948,6.257800811,0.839321509,0.295187276,-0.829913144,0.473401147,1.00468421
182,-0.499921948,6.257800811,0.839321509,0.30001149,-0.925647834,0.23058446,0.900775254
182,-0.499921948,6.257800811,0.839321509,0.284390417,-0.958301154,-0.027946177,0.87008208
182,-0.499921948,6.257800811,0.839321509,0.249388607,-0.925647834,-0.284572328,0.900775313
182,-0.499921948,6.257800811,0.839321509,0.197391375,-0.829913144,-0.521805345,1.004684329
182,-0.499921948,6.257800811,0.839321509,0.131942248,-0.677621244,-0.723478191,1.230481982
182,-0.499921948,6.257800811,0.839321509,0.057501474,-0.479150577,-0.875847193,inf
182,-0.499921948,6.257800811,0.839321509,-0.02085793,-0.24802659,-0.968528656,inf
182,-0.499921948,6.257800811,0.839321509,-0.097795901,-1.17E-16,-0.995206492,inf
182,-0.499921948,6.257800811,0.839321509,-0.168069242,0.24802659,-0.95406265,inf
182,-0.499921948,6.257800811,0.839321509,-0.226888943,0.479150577,-0.847901016,inf
182,-0.499921948,6.257800811,0.839321509,-0.270246537,0.677621244,-0.683956328,inf
182,-0.499921948,6.257800811,0.839321509,-0.295187276,0.829913144,-0.473401147,inf
182,-0.499921948,6.257800811,0.839321509,-0.30001149,0.925647834,-0.23058446,inf
182,-0.499921948,6.257800811,0.839321509,-0.284390417,0.958301154,0.027946177,2.98417592
182,-0.499921948,6.257800811,0.839321509,-0.249388607,0.925647834,0.284572328,inf
182,-0.499921948,6.257800811,0.839321509,-0.197391375,0.829913144,0.521805345,inf
182,-0.499921948,6.257800811,0.839321509,-0.131942248,0.677621244,0.723478191,inf
182,-0.499921948,6.257800811,0.839321509,-0.057501474,0.479150577,0.875847193,inf
182,-0.499921948,6.257800811,0.839321509,0.02085793,0.24802659,0.968528656,inf
183,-0.437028366,6.3000081,0.819490692,0,-0.452698994,-0.891663401,inf
183,-0.437028366,6.3000081,0.819490692,-0.193417436,-0.283925707,-0.939135714,inf
183,-0.437028366,6.3000081,0.819490692,-0.373653792,-0.095803351,-0.922607479,inf
183,-0.437028366,6.3000081,0.819490692,-0.528426261,0.098847844,-0.84320507,inf
183,-0.437028366,6.3000081,0.819490692,-0.647187353,0.286762722,-0.706339629,1.755243659
183,-0.437028366,6.3000081,0.819490692,-0.721843697,0.455135194,-0.521338309,1.573708296
183,-0.437028366,6.3000081,0.819490692,-0.747307585,0.592490956,-0.300808645,1.520085454
183,-0.437028366,6.3000081,0.819490692,-0.721843697,0.689469437,-0.059779369,1.573708177
183,-0.437028366,6.3000081,0.819490692,-0.647187353,0.739461716,0.185323772,1.755243421
183,-0.437028366,6.3000081,0.819490692,-0.528426261,0.739060901,0.417797405,2.149725199
183,-0.437028366,6.3000081,0.819490692,-0.373653792,0.688294307,0.621798834,inf
183,-0.437028366,6.3000081,0.819490692,-0.193417436,0.590621593,0.783425701,inf
183,-0.437028366,6.3000081,0.819490692,-9.15E-17,0.452698994,0.891663401,inf
183,-0.437028366,6.3000081,0.819490692,0.193417436,0.283925707,0.939135714,inf
183,-0.437028366,6.3000081,0.819490692,0.373653792,0.095803351,0.922607479,inf
183,-0.437028366,6.3000081,0.819490692,0.528426261,-0.098847844,0.84320507,inf
183,-0.437028366,6.3000081,0.819490692,0.647187353,-0.286762722,0.706339629,inf
183,-0.437028366,6.3000081,0.819490692,0.721843697,-0.455135194,0.521338309,1.924720168
183,-0.437028366,6.3000081,0.819490692,0.747307585,-0.592490956,0.300808645,1.478516936
183,-0.437028366,6.3000081,0.819490692,0.721843697,-0.689469437,0.059779369,1.270553708
183,-0.437028366,6.3000081,0.819490692,0.647187353,-0.739461716,-0.185323772,1.184656262
183,-0.437028366,6.3000081,0.819490692,0.528426261,-0.739060901,-0.417797405,1.1852988
183,-0.437028366,6.3000081,0.819490692,0.373653792,-0.688294307,-0.621798834,1.272723079
183,-0.437028366,6.3000081,0.819490692,0.193417436,-0.590621593,-0.783425701,1.483196735
184,-0.403804453,6.333325441,0.802575422,0,-0.452698994,-0.891663401,inf
184,-0.403804453,6.333325441,0.802575422,-0.193417436,-0.283925707,-0.939135714,inf
184,-0.403804453,6.333325441,0.802575422,-0.373653792,-0.095803351,-0.922607479,inf
184,-0.403804453,6.333325441,0.802575422,-0.528426261,0.098847844,-0.84320507,inf
184,-0.403804453,6.333325441,0.802575422,-0.647187353,0.286762722,-0.706339629,1.806579471
184,-0.403804453,6.333325441,0.802575422,-0.721843697,0.455135194,-0.521338309,1.619734764
184,-0.403804453,6.333325441,0.802575422,-0.747307585,0.592490956,-0.300808645,1.564543605
184,-0.403804453,6.333325441,0.802575422,-0.721843697,0.689469437,-0.059779369,1.619734645
184,-0.403804453,6.333325441,0.802575422,-0.647187353,0.739461716,0.185323772,1.806579232
184,-0.403804453,6.333325441,0.802575422,-0.528426261,0.739060901,0.417797405,2.212598562
184,-0.403804453,6.333325441,0.802575422,-0.373653792,0.688294307,0.621798834,inf
184,-0.403804453,6.333325441,0.802575422,-0.193417436,0.590621593,0.783425701,inf
184,-0.403804453,6.333325441,0.802575422,-9.15E-17,0.452698994,0.891663401,inf
184,-0.403804453,6.333325441,0.802575422,0.193417436,0.283925707,0.939135714,inf
184,-0.403804453,6.333325441,0.802575422,0.373653792,0.095803351,0.922607479,inf
184,-0.403804453,6.333325441,0.802575422,0.528426261,-0.098847844,0.84320507,inf
184,-0.403804453,6.333325441,0.802575422,0.647187353,-0.286762722,0.706339629,inf
184,-0.403804453,6.333325441,0.802575422,0.721843697,-0.455135194,0.521338309,1.997923374
184,-0.403804453,6.333325441,0.802575422,0.747307585,-0.592490956,0.300808645,1.534749627
184,-0.403804453,6.333325441,0.802575422,0.721843697,-0.689469437,0.059779369,1.318876863
184,-0.403804453,6.333325441,0.802575422,0.647187353,-0.739461716,-0.185323772,1.229712486
184,-0.403804453,6.333325441,0.802575422,0.528426261,-0.739060901,-0.417797405,1.230379462
184,-0.403804453,6.333325441,0.802575422,0.373653792,-0.688294307,-0.621798834,1.321128726
184,-0.403804453,6.333325441,0.802575422,0.193417436,-0.590621593,-0.783425701,1.539607406
185,-0.370580539,6.366642782,0.785660153,0,-0.452698994,-0.891663401,inf
185,-0.370580539,6.366642782,0.785660153,-0.193417436,-0.283925707,-0.939135714,inf
185,-0.370580539,6.366642782,0.785660153,-0.373653792,-0.095803351,-0.922607479,inf
185,-0.370580539,6.366642782,0.785660153,-0.528426261,0.098847844,-0.84320507,inf
185,-0.370580539,6.366642782,0.785660153,-0.647187353,0.286762722,-0.706339629,inf
185,-0.370580539,6.366642782,0.785660153,-0.721843697,0.455135194,-0.521338309,1.665761232
185,-0.370580539,6.366642782,0.785660153,-0.747307585,0.592490956,-0.300808645,1.609001756
185,-0.370580539,6.366642782,0.785660153,-0.721843697,0.689469437,-0.059779369,1.665761113
185,-0.370580539,6.366642782,0.785660153,-0.647187353,0.739461716,0.185323772,1.857915163
185,-0.370580539,6.366642782,0.785660153,-0.528426261,0.739060901,0.417797405,2.275471926
185,-0.370580539,6.366642782,0.785660153,-0.373653792,0.688294307,0.621798834,inf
185,-0.370580539,6.366642782,0.785660153,-0.193417436,0.590621593,0.783425701,inf
185,-0.370580539,6.366642782,0.785660153,-9.15E-17,0.452698994,0.891663401,inf
185,-0.370580539,6.366642782,0.785660153,0.193417436,0.283925707,0.939135714,inf
185,-0.370580539,6.366642782,0.785660153,0.373653792,0.095803351,0.922607479,inf
185,-0.370580539,6.366642782,0.785660153,0.528426261,-0.098847844,0.84320507,inf
185,-0.370580539,6.366642782,0.785660153,0.647187353,-0.286762722,0.706339629,inf
185,-0.370580539,6.366642782,0.785660153,0.721843697,-0.455135194,0.521338309,2.071126461
185,-0.370580539,6.366642782,0.785660153,0.747307585,-0.592490956,0.300808645,1.590982318
185,-0.370580539,6.366642782,0.785660153,0.721843697,-0.689469437,0.059779369,1.367200017
185,-0.370580539,6.366642782,0.785660153,0.647187353,-0.739461716,-0.185323772,1.27476871
185,-0.370580539,6.366642782,0.785660153,0.528426261,-0.739060901,-0.417797405,1.275460124
185,-0.370580539,6.366642782,0.785660153,0.373653792,-0.688294307,-0.621798834,1.369534373
185,-0.370580539,6.366642782,0.785660153,0.193417436,-0.590621593,-0.783425701,1.596018076
186,-0.337356626,6.399960124,0.768744883,0,-0.452698994,-0.891663401,inf
186,-0.337356626,6.399960124,0.768744883,-0.193417436,-0.283925707,-0.939135714,inf
186,-0.337356626,6.399960124,0.768744883,-0.373653792,-0.095803351,-0.922607479,inf
186,-0.337356626,6.399960124,0.768744883,-0.528426261,0.098847844,-0.84320507,inf
186,-0.337356626,6.399960124,0.768744883,-0.647187353,0.286762722,-0.706339629,inf
186,-0.337356626,6.399960124,0.768744883,-0.721843697,0.455135194,-0.521338309,1.711787701
186,-0.337356626,6.399960124,0.768744883,-0.747307585,0.592490956,-0.300808645,1.653459907
186,-0.337356626,6.399960124,0.768744883,-0.721843697,0.689469437,-0.059779369,1.711787581
186,-0.337356626,6.399960124,0.768744883,-0.647187353,0.739461716,0.185323772,1.909250975
186,-0.337356626,6.399960124,0.768744883,-0.528426261,0.739060901,0.417797405,2.338345289
186,-0.337356626,6.399960124,0.768744883,-0.373653792,0.688294307,0.621798834,inf
186,-0.337356626,6.399960124,0.768744883,-0.193417436,0.590621593,0.783425701,inf
186,-0.337356626,6.399960124,0.768744883,-9.15E-17,0.452698994,0.891663401,inf
186,-0.337356626,6.399960124,0.768744883,0.193417436,0.283925707,0.939135714,inf
186,-0.337356626,6.399960124,0.768744883,0.373653792,0.095803351,0.922607479,inf
186,-0.337356626,6.399960124,0.768744883,0.528426261,-0.098847844,0.84320507,inf
186,-0.337356626,6.399960124,0.768744883,0.647187353,-0.286762722,0.706339629,inf
186,-0.337356626,6.399960124,0.768744883,0.721843697,-0.455135194,0.521338309,2.144329786
186,-0.337356626,6.399960124,0.768744883,0.747307585,-0.592490956,0.300808645,1.647215009
186,-0.337356626,6.399960124,0.768744883,0.721843697,-0.689469437,0.059779369,1.415523171
186,-0.337356626,6.399960124,0.768744883,0.647187353,-0.739461716,-0.185323772,1.319824934
186,-0.337356626,6.399960124,0.768744883,0.528426261,-0.739060901,-0.417797405,1.320540786
186,-0.337356626,6.399960124,0.768744883,0.373653792,-0.688294307,-0.621798834,1.417940021
186,-0.337356626,6.399960124,0.768744883,0.193417436,-0.590621593,-0.783425701,inf
187,-0.304132712,6.433277465,0.751829613,0,-0.452698994,-0.891663401,inf
187,-0.304132712,6.433277465,0.751829613,-0.193417436,-0.283925707,-0.939135714,inf
187,-0.304132712,6.433277465,0.751829613,-0.373653792,-0.095803351,-0.922607479,inf
187,-0.304132712,6.433277465,0.751829613,-0.528426261,0.098847844,-0.84320507,inf
187,-0.304132712,6.433277465,0.751829613,-0.647187353,0.286762722,-0.706339629,inf
187,-0.304132712,6.433277465,0.751829613,-0.721843697,0.455135194,-0.521338309,1.757814169
187,-0.304132712,6.433277465,0.751829613,-0.747307585,0.592490956,-0.300808645,1.697918057
187,-0.304132712,6.433277465,0.751829613,-0.721843697,0.689469437,-0.059779369,1.75781405
187,-0.304132712,6.433277465,0.751829613,-0.647187353,0.739461716,0.185323772,1.960586786
187,-0.304132712,6.433277465,0.751829613,-0.528426261,0.739060901,0.417797405,2.401218414
187,-0.304132712,6.433277465,0.751829613,-0.373653792,0.688294307,0.621798834,inf
187,-0.304132712,6.433277465,0.751829613,-0.193417436,0.590621593,0.783425701,inf
187,-0.304132712,6.433277465,0.751829613,-9.15E-17,0.452698994,0.891663401,inf
187,-0.304132712,6.433277465,0.751829613,0.193417436,0.283925707,0.939135714,inf
187,-0.304132712,6.433277465,0.751829613,0.373653792,0.095803351,0.922607479,inf
187,-0.304132712,6.433277465,0.751829613,0.528426261,-0.098847844,0.84320507,inf
187,-0.304132712,6.433277465,0.751829613,0.647187353,-0.286762722,0.706339629,inf
187,-0.304132712,6.433277465,0.751829613,0.721843697,-0.455135194,0.521338309,2.217532873
187,-0.304132712,6.433277465,0.751829613,0.747307585,-0.592490956,0.300808645,1.70344758
187,-0.304132712,6.433277465,0.751829613,0.721843697,-0.689469437,0.059779369,1.463846326
187,-0.304132712,6.433277465,0.751829613,0.647187353,-0.739461716,-0.185323772,1.364881158
187,-0.304132712,6.433277465,0.751829613,0.528426261,-0.739060901,-0.417797405,1.365621328
187,-0.304132712,6.433277465,0.751829613,0.373653792,-0.688294307,-0.621798834,1.466345668
187,-0.304132712,6.433277465,0.751829613,0.193417436,-0.590621593,-0.783425701,inf
188,-0.270908798,6.466594806,0.734914344,0,-0.452698994,-0.891663401,inf
188,-0.270908798,6.466594806,0.734914344,-0.193417436,-0.283925707,-0.939135714,inf
188,-0.270908798,6.466594806,0.734914344,-0.373653792,-0.095803351,-0.922607479,inf
188,-0.270908798,6.466594806,0.734914344,-0.528426261,0.098847844,-0.84320507,inf
188,-0.270908798,6.466594806,0.734914344,-0.647187353,0.286762722,-0.706339629,inf
188,-0.270908798,6.466594806,0.734914344,-0.721843697,0.455135194,-0.521338309,1.803840637
188,-0.270908798,6.466594806,0.734914344,-0.747307585,0.592490956,-0.300808645,1.742376208
188,-0.270908798,6.466594806,0.734914344,-0.721843697,0.689469437,-0.059779369,1.803840518
188,-0.270908798,6.466594806,0.734914344,-0.647187353,0.739461716,0.185323772,2.011922598
188,-0.270908798,6.466594806,0.734914344,-0.528426261,0.739060901,0.417797405,2.464091778
188,-0.270908798,6.466594806,0.734914344,-0.373653792,0.688294307,0.621798834,inf
188,-0.270908798,6.466594806,0.734914344,-0.193417436,0.590621593,0.783425701,inf
188,-0.270908798,6.466594806,0.734914344,-9.15E-17,0.452698994,0.891663401,inf
188,-0.270908798,6.466594806,0.734914344,0.193417436,0.283925707,0.939135714,inf
188,-0.270908798,6.466594806,0.734914344,0.373653792,0.095803351,0.922607479,inf
188,-0.270908798,6.466594806,0.734914344,0.528426261,-0.098847844,0.84320507,inf
188,-0.270908798,6.466594806,0.734914344,0.647187353,-0.286762722,0.706339629,inf
188,-0.270908798,6.466594806,0.734914344,0.721843697,-0.455135194,0.521338309,2.29073596
188,-0.270908798,6.466594806,0.734914344,0.747307585,-0.592490956,0.300808645,1.759680271
188,-0.270908798,6.466594806,0.734914344,0.721843697,-0.689469437,0.059779369,1.51216948
188,-0.270908798,6.466594806,0.734914344,0.647187353,-0.739461716,-0.185323772,1.409937382
188,-0.270908798,6.466594806,0.734914344,0.528426261,-0.739060901,-0.417797405,1.41070199
188,-0.270908798,6.466594806,0.734914344,0.373653792,-0.688294307,-0.621798834,1.514751315
188,-0.270908798,6.466594806,0.734914344,0.193417436,-0.590621593,-0.783425701,inf
189,-0.237684885,6.499912147,0.717999074,0,-0.452698994,-0.891663401,inf
189,-0.237684885,6.499912147,0.717999074,-0.193417436,-0.283925707,-0.939135714,inf
189,-0.237684885,6.499912147,0.717999074,-0.373653792,-0.095803351,-0.922607479,inf
189,-0.237684885,6.499912147,0.717999074,-0.528426261,0.098847844,-0.84320507,inf
189,-0.237684885,6.499912147,0.717999074,-0.647187353,0.286762722,-0.706339629,inf
189,-0.237684885,6.499912147,0.717999074,-0.721843697,0.455135194,-0.521338309,1.849867105
189,-0.237684885,6.499912147,0.717999074,-0.747307585,0.592490956,-0.300808645,1.786834359
189,-0.237684885,6.499912147,0.717999074,-0.721843697,0.689469437,-0.059779369,1.849866986
189,-0.237684885,6.499912147,0.717999074,-0.647187353,0.739461716,0.185323772,2.06325841
189,-0.237684885,6.499912147,0.717999074,-0.528426261,0.739060901,0.417797405,2.526965141
189,-0.237684885,6.499912147,0.717999074,-0.373653792,0.688294307,0.621798834,inf
189,-0.237684885,6.499912147,0.717999074,-0.193417436,0.590621593,0.783425701,inf
189,-0.237684885,6.499912147,0.717999074,-9.15E-17,0.452698994,0.891663401,inf
189,-0.237684885,6.499912147,0.717999074,0.193417436,0.283925707,0.939135714,inf
189,-0.237684885,6.499912147,0.717999074,0.373653792,0.095803351,0.922607479,inf
189,-0.237684885,6.499912147,0.717999074,0.528426261,-0.098847844,0.84320507,inf
189,-0.237684885,6.499912147,0.717999074,0.647187353,-0.286762722,0.706339629,inf
189,-0.237684885,6.499912147,0.717999074,0.721843697,-0.455135194,0.521338309,2.363939285
189,-0.237684885,6.499912147,0.717999074,0.747307585,-0.592490956,0.300808645,1.815912962
189,-0.237684885,6.499912147,0.717999074,0.721843697,-0.689469437,0.059779369,1.560492635
189,-0.237684885,6.499912147,0.717999074,0.647187353,-0.739461716,-0.185323772,1.454993606
189,-0.237684885,6.499912147,0.717999074,0.528426261,-0.739060901,-0.417797405,1.455782652
189,-0.237684885,6.499912147,0.717999074,0.373653792,-0.688294307,-0.621798834,1.563156962
189,-0.237684885,6.499912147,0.717999074,0.193417436,-0.590621593,-0.783425701,inf
190,-0.204460971,6.533229488,0.701083805,0,-0.452698994,-0.891663401,inf
190,-0.204460971,6.533229488,0.701083805,-0.193417436,-0.283925707,-0.939135714,inf
190,-0.204460971,6.533229488,0.701083805,-0.373653792,-0.095803351,-0.922607479,inf
190,-0.204460971,6.533229488,0.701083805,-0.528426261,0.098847844,-0.84320507,inf
190,-0.204460971,6.533229488,0.701083805,-0.647187353,0.286762722,-0.706339629,inf
190,-0.204460971,6.533229488,0.701083805,-0.721843697,0.455135194,-0.521338309,1.895893574
190,-0.204460971,6.533229488,0.701083805,-0.747307585,0.592490956,-0.300808645,1.83129251
190,-0.204460971,6.533229488,0.701083805,-0.721843697,0.689469437,-0.059779369,1.895893455
190,-0.204460971,6.533229488,0.701083805,-0.647187353,0.739461716,0.185323772,2.11459446
190,-0.204460971,6.533229488,0.701083805,-0.528426261,0.739060901,0.417797405,2.589838505
190,-0.204460971,6.533229488,0.701083805,-0.373653792,0.688294307,0.621798834,inf
190,-0.204460971,6.533229488,0.701083805,-0.193417436,0.590621593,0.783425701,inf
190,-0.204460971,6.533229488,0.701083805,-9.15E-17,0.452698994,0.891663401,inf
190,-0.204460971,6.533229488,0.701083805,0.193417436,0.283925707,0.939135714,inf
190,-0.204460971,6.533229488,0.701083805,0.373653792,0.095803351,0.922607479,inf
190,-0.204460971,6.533229488,0.701083805,0.528426261,-0.098847844,0.84320507,inf
190,-0.204460971,6.533229488,0.701083805,0.647187353,-0.286762722,0.706339629,inf
190,-0.204460971,6.533229488,0.701083805,0.721843697,-0.455135194,0.521338309,2.437142372
190,-0.204460971,6.533229488,0.701083805,0.747307585,-0.592490956,0.300808645,1.872145534
190,-0.204460971,6.533229488,0.701083805,0.721843697,-0.689469437,0.059779369,1.608815789
190,-0.204460971,6.533229488,0.701083805,0.647187353,-0.739461716,-0.185323772,1.500049829
190,-0.204460971,6.533229488,0.701083805,0.528426261,-0.739060901,-0.417797405,1.500863314
190,-0.204460971,6.533229488,0.701083805,0.373653792,-0.688294307,-0.621798834,1.611562729
190,-0.204460971,6.533229488,0.701083805,0.193417436,-0.590621593,-0.783425701,inf
191,-0.171237058,6.566546829,0.684168535,0,-0.452698994,-0.891663401,inf
191,-0.171237058,6.566546829,0.684168535,-0.193417436,-0.283925707,-0.939135714,inf
191,-0.171237058,6.566546829,0.684168535,-0.373653792,-0.095803351,-0.922607479,inf
191,-0.171237058,6.566546829,0.684168535,-0.528426261,0.098847844,-0.84320507,inf
191,-0.171237058,6.566546829,0.684168535,-0.647187353,0.286762722,-0.706339629,inf
191,-0.171237058,6.566546829,0.684168535,-0.721843697,0.455135194,-0.521338309,1.941920042
191,-0.171237058,6.566546829,0.684168535,-0.747307585,0.592490956,-0.300808645,1.875750661
191,-0.171237058,6.566546829,0.684168535,-0.721843697,0.689469437,-0.059779369,1.941919923
191,-0.171237058,6.566546829,0.684168535,-0.647187353,0.739461716,0.185323772,2.165930271
191,-0.171237058,6.566546829,0.684168535,-0.528426261,0.739060901,0.417797405,2.652711868
191,-0.171237058,6.566546829,0.684168535,-0.373653792,0.688294307,0.621798834,inf
191,-0.171237058,6.566546829,0.684168535,-0.193417436,0.590621593,0.783425701,inf
191,-0.171237058,6.566546829,0.684168535,-9.15E-17,0.452698994,0.891663401,inf
191,-0.171237058,6.566546829,0.684168535,0.193417436,0.283925707,0.939135714,inf
191,-0.171237058,6.566546829,0.684168535,0.373653792,0.095803351,0.922607479,inf
191,-0.171237058,6.566546829,0.684168535,0.528426261,-0.098847844,0.84320507,inf
191,-0.171237058,6.566546829,0.684168535,0.647187353,-0.286762722,0.706339629,inf
191,-0.171237058,6.566546829,0.684168535,0.721843697,-0.455135194,0.521338309,2.510345459
191,-0.171237058,6.566546829,0.684168535,0.747307585,-0.592490956,0.300808645,1.928378224
191,-0.171237058,6.566546829,0.684168535,0.721843697,-0.689469437,0.059779369,1.657139063
191,-0.171237058,6.566546829,0.684168535,0.647187353,-0.739461716,-0.185323772,1.545105934
191,-0.171237058,6.566546829,0.684168535,0.528426261,-0.739060901,-0.417797405,1.545943975
191,-0.171237058,6.566546829,0.684168535,0.373653792,-0.688294307,-0.621798834,1.659968376
191,-0.171237058,6.566546829,0.684168535,0.193417436,-0.590621593,-0.783425701,inf
192,-0.129890714,6.602136623,0.684512283,0,0.061769473,-0.998090443,inf
192,-0.129890714,6.602136623,0.684512283,-0.167653658,0.256467182,-0.951901694,inf
192,-0.129890714,6.602136623,0.684512283,-0.323881996,0.433687077,-0.840842418,inf
192,-0.129890714,6.602136623,0.684512283,-0.458038311,0.581351914,-0.672481121,inf
192,-0.129890714,6.602136623,0.684512283,-0.560980072,0.689398579,-0.458291346,2.572478533
192,-0.129890714,6.602136623,0.684512283,-0.625691969,0.75046387,-0.212869774,2.306421041
192,-0.129890714,6.602136623,0.684512283,-0.647763992,0.760386288,0.047058521,2.227831602
192,-0.129890714,6.602136623,0.684512283,-0.625691969,0.718489637,0.303779857,2.306420803
192,-0.129890714,6.602136623,0.684512283,-0.560980072,0.627629105,0.539799096,2.572478056
192,-0.129890714,6.602136623,0.684512283,-0.458038311,0.493996687,0.73903192,inf
192,-0.129890714,6.602136623,0.684512283,-0.323881996,0.326699211,0.88790094,inf
192,-0.129890714,6.602136623,0.684512283,-0.167653658,0.137137723,0.976260977,inf
192,-0.129890714,6.602136623,0.684512283,-7.93E-17,-0.061769473,0.998090443,inf
192,-0.129890714,6.602136623,0.684512283,0.167653658,-0.256467182,0.951901694,inf
192,-0.129890714,6.602136623,0.684512283,0.323881996,-0.433687077,0.840842418,inf
192,-0.129890714,6.602136623,0.684512283,0.458038311,-0.581351914,0.672481121,2.026546001
192,-0.129890714,6.602136623,0.684512283,0.560980072,-0.689398579,0.458291346,1.708933711
192,-0.129890714,6.602136623,0.684512283,0.625691969,-0.75046387,0.212869774,1.569877625
192,-0.129890714,6.602136623,0.684512283,0.647763992,-0.760386288,-0.047058521,1.549392104
192,-0.129890714,6.602136623,0.684512283,0.625691969,-0.718489637,-0.303779857,1.639740467
192,-0.129890714,6.602136623,0.684512283,0.560980072,-0.627629105,-0.539799096,1.877122283
192,-0.129890714,6.602136623,0.684512283,0.458038311,-0.493996687,-0.73903192,inf
192,-0.129890714,6.602136623,0.684512283,0.323881996,-0.326699211,-0.88790094,inf
192,-0.129890714,6.602136623,0.684512283,0.167653658,-0.137137723,-0.976260977,inf
193,-0.091798661,6.634462975,0.686512885,0,0.061769473,-0.998090443,inf
193,-0.091798661,6.634462975,0.686512885,-0.167653658,0.256467182,-0.951901694,inf
193,-0.091798661,6.634462975,0.686512885,-0.323881996,0.433687077,-0.840842418,inf
193,-0.091798661,6.634462975,0.686512885,-0.458038311,0.581351914,-0.672481121,inf
193,-0.091798661,6.634462975,0.686512885,-0.560980072,0.689398579,-0.458291346,inf
193,-0.091798661,6.634462975,0.686512885,-0.625691969,0.75046387,-0.212869774,2.367300749
193,-0.091798661,6.634462975,0.686512885,-0.647763992,0.760386288,0.047058521,2.286636829
193,-0.091798661,6.634462975,0.686512885,-0.625691969,0.718489637,0.303779857,2.367300749
193,-0.091798661,6.634462975,0.686512885,-0.560980072,0.627629105,0.539799096,2.640380621
193,-0.091798661,6.634462975,0.686512885,-0.458038311,0.493996687,0.73903192,inf
193,-0.091798661,6.634462975,0.686512885,-0.323881996,0.326699211,0.88790094,inf
193,-0.091798661,6.634462975,0.686512885,-0.167653658,0.137137723,0.976260977,inf
193,-0.091798661,6.634462975,0.686512885,-7.93E-17,-0.061769473,0.998090443,inf
193,-0.091798661,6.634462975,0.686512885,0.167653658,-0.256467182,0.951901694,inf
193,-0.091798661,6.634462975,0.686512885,0.323881996,-0.433687077,0.840842418,inf
193,-0.091798661,6.634462975,0.686512885,0.458038311,-0.581351914,0.672481121,2.082151413
193,-0.091798661,6.634462975,0.686512885,0.560980072,-0.689398579,0.458291346,1.755824327
193,-0.091798661,6.634462975,0.686512885,0.625691969,-0.75046387,0.212869774,1.612952828
193,-0.091798661,6.634462975,0.686512885,0.647763992,-0.760386288,-0.047058521,1.591905117
193,-0.091798661,6.634462975,0.686512885,0.625691969,-0.718489637,-0.303779857,1.684732556
193,-0.091798661,6.634462975,0.686512885,0.560980072,-0.627629105,-0.539799096,1.928627729
193,-0.091798661,6.634462975,0.686512885,0.458038311,-0.493996687,-0.73903192,inf
193,-0.091798661,6.634462975,0.686512885,0.323881996,-0.326699211,-0.88790094,inf
193,-0.091798661,6.634462975,0.686512885,0.167653658,-0.137137723,-0.976260977,inf
194,-0.053706608,6.666789328,0.688513487,0,0.061769473,-0.998090443,inf
194,-0.053706608,6.666789328,0.688513487,-0.167653658,0.256467182,-0.951901694,inf
194,-0.053706608,6.666789328,0.688513487,-0.323881996,0.433687077,-0.840842418,inf
194,-0.053706608,6.666789328,0.688513487,-0.458038311,0.581351914,-0.672481121,inf
194,-0.053706608,6.666789328,0.688513487,-0.560980072,0.689398579,-0.458291346,inf
194,-0.053706608,6.666789328,0.688513487,-0.625691969,0.75046387,-0.212869774,2.428180695
194,-0.053706608,6.666789328,0.688513487,-0.647763992,0.760386288,0.047058521,2.345442295
194,-0.053706608,6.666789328,0.688513487,-0.625691969,0.718489637,0.303779857,2.428180456
194,-0.053706608,6.666789328,0.688513487,-0.560980072,0.627629105,0.539799096,2.708283424
194,-0.053706608,6.666789328,0.688513487,-0.458038311,0.493996687,0.73903192,inf
194,-0.053706608,6.666789328,0.688513487,-0.323881996,0.326699211,0.88790094,inf
194,-0.053706608,6.666789328,0.688513487,-0.167653658,0.137137723,0.976260977,inf
194,-0.053706608,6.666789328,0.688513487,-7.93E-17,-0.061769473,0.998090443,inf
194,-0.053706608,6.666789328,0.688513487,0.167653658,-0.256467182,0.951901694,inf
194,-0.053706608,6.666789328,0.688513487,0.323881996,-0.433687077,0.840842418,inf
194,-0.053706608,6.666789328,0.688513487,0.458038311,-0.581351914,0.672481121,2.137757063
194,-0.053706608,6.666789328,0.688513487,0.560980072,-0.689398579,0.458291346,1.802714944
194,-0.053706608,6.666789328,0.688513487,0.625691969,-0.75046387,0.212869774,1.656028032
194,-0.053706608,6.666789328,0.688513487,0.647763992,-0.760386288,-0.047058521,1.634418249
194,-0.053706608,6.666789328,0.688513487,0.625691969,-0.718489637,-0.303779857,1.729724646
194,-0.053706608,6.666789328,0.688513487,0.560980072,-0.627629105,-0.539799096,1.980133295
194,-0.053706608,6.666789328,0.688513487,0.458038311,-0.493996687,-0.73903192,inf
194,-0.053706608,6.666789328,0.688513487,0.323881996,-0.326699211,-0.88790094,inf
194,-0.053706608,6.666789328,0.688513487,0.167653658,-0.137137723,-0.976260977,inf
195,-0.015614554,6.69911568,0.690514089,0,0.061769473,-0.998090443,inf
195,-0.015614554,6.69911568,0.690514089,-0.167653658,0.256467182,-0.951901694,inf
195,-0.015614554,6.69911568,0.690514089,-0.323881996,0.433687077,-0.840842418,inf
195,-0.015614554,6.69911568,0.690514089,-0.458038311,0.581351914,-0.672481121,inf
195,-0.015614554,6.69911568,0.690514089,-0.560980072,0.689398579,-0.458291346,inf
195,-0.015614554,6.69911568,0.690514089,-0.625691969,0.75046387,-0.212869774,2.48906064
195,-0.015614554,6.69911568,0.690514089,-0.647763992,0.760386288,0.047058521,2.404247761
195,-0.015614554,6.69911568,0.690514089,-0.625691969,0.718489637,0.303779857,2.489060402
195,-0.015614554,6.69911568,0.690514089,-0.560980072,0.627629105,0.539799096,2.776185989
195,-0.015614554,6.69911568,0.690514089,-0.458038311,0.493996687,0.73903192,inf
195,-0.015614554,6.69911568,0.690514089,-0.323881996,0.326699211,0.88790094,inf
195,-0.015614554,6.69911568,0.690514089,-0.167653658,0.137137723,0.976260977,inf
195,-0.015614554,6.69911568,0.690514089,-7.93E-17,-0.061769473,0.998090443,inf
195,-0.015614554,6.69911568,0.690514089,0.167653658,-0.256467182,0.951901694,inf
195,-0.015614554,6.69911568,0.690514089,0.323881996,-0.433687077,0.840842418,inf
195,-0.015614554,6.69911568,0.690514089,0.458038311,-0.581351914,0.672481121,2.193362474
195,-0.015614554,6.69911568,0.690514089,0.560980072,-0.689398579,0.458291346,1.84960568
195,-0.015614554,6.69911568,0.690514089,0.625691969,-0.75046387,0.212869774,1.699103117
195,-0.015614554,6.69911568,0.690514089,0.647763992,-0.760386288,-0.047058521,1.676931262
195,-0.015614554,6.69911568,0.690514089,0.625691969,-0.718489637,-0.303779857,1.774716735
195,-0.015614554,6.69911568,0.690514089,0.560980072,-0.627629105,-0.539799096,2.031638861
195,-0.015614554,6.69911568,0.690514089,0.458038311,-0.493996687,-0.73903192,inf
195,-0.015614554,6.69911568,0.690514089,0.323881996,-0.326699211,-0.88790094,inf
195,-0.015614554,6.69911568,0.690514089,0.167653658,-0.137137723,-0.976260977,inf
196,0.022477499,6.731442033,0.692514691,0,0.061769473,-0.998090443,inf
196,0.022477499,6.731442033,0.692514691,-0.167653658,0.256467182,-0.951901694,inf
196,0.022477499,6.731442033,0.692514691,-0.323881996,0.433687077,-0.840842418,inf
196,0.022477499,6.731442033,0.692514691,-0.458038311,0.581351914,-0.672481121,inf
196,0.022477499,6.731442033,0.692514691,-0.560980072,0.689398579,-0.458291346,inf
196,0.022477499,6.731442033,0.692514691,-0.625691969,0.75046387,-0.212869774,2.549940586
196,0.022477499,6.731442033,0.692514691,-0.647763992,0.760386288,0.047058521,2.463053226
196,0.022477499,6.731442033,0.692514691,-0.625691969,0.718489637,0.303779857,2.549940348
196,0.022477499,6.731442033,0.692514691,-0.560980072,0.627629105,0.539799096,2.844088793
196,0.022477499,6.731442033,0.692514691,-0.458038311,0.493996687,0.73903192,inf
196,0.022477499,6.731442033,0.692514691,-0.323881996,0.326699211,0.88790094,inf
196,0.022477499,6.731442033,0.692514691,-0.167653658,0.137137723,0.976260977,inf
196,0.022477499,6.731442033,0.692514691,-7.93E-17,-0.061769473,0.998090443,inf
196,0.022477499,6.731442033,0.692514691,0.167653658,-0.256467182,0.951901694,inf
196,0.022477499,6.731442033,0.692514691,0.323881996,-0.433687077,0.840842418,inf
196,0.022477499,6.731442033,0.692514691,0.458038311,-0.581351914,0.672481121,2.248967886
196,0.022477499,6.731442033,0.692514691,0.560980072,-0.689398579,0.458291346,0.13834472
196,0.022477499,6.731442033,0.692514691,0.625691969,-0.75046387,0.212869774,0.124035023
196,0.022477499,6.731442033,0.692514691,0.647763992,-0.760386288,-0.047058521,0.119807407
196,0.022477499,6.731442033,0.692514691,0.625691969,-0.718489637,-0.303779857,1.819708824
196,0.022477499,6.731442033,0.692514691,0.560980072,-0.627629105,-0.539799096,2.083144188
196,0.022477499,6.731442033,0.692514691,0.458038311,-0.493996687,-0.73903192,inf
196,0.022477499,6.731442033,0.692514691,0.323881996,-0.326699211,-0.88790094,inf
196,0.022477499,6.731442033,0.692514691,0.167653658,-0.137137723,-0.976260977,inf
197,0.060569552,6.763768385,0.694515293,0,0.061769473,-0.998090443,inf
197,0.060569552,6.763768385,0.694515293,-0.167653658,0.256467182,-0.951901694,inf
197,0.060569552,6.763768385,0.694515293,-0.323881996,0.433687077,-0.840842418,inf
197,0.060569552,6.763768385,0.694515293,-0.458038311,0.581351914,-0.672481121,inf
197,0.060569552,6.763768385,0.694515293,-0.560980072,0.689398579,-0.458291346,inf
197,0.060569552,6.763768385,0.694515293,-0.625691969,0.75046387,-0.212869774,2.610820293
197,0.060569552,6.763768385,0.694515293,-0.647763992,0.760386288,0.047058521,2.521858692
197,0.060569552,6.763768385,0.694515293,-0.625691969,0.718489637,0.303779857,2.610820293
197,0.060569552,6.763768385,0.694515293,-0.560980072,0.627629105,0.539799096,2.911991358
197,0.060569552,6.763768385,0.694515293,-0.458038311,0.493996687,0.73903192,inf
197,0.060569552,6.763768385,0.694515293,-0.323881996,0.326699211,0.88790094,inf
197,0.060569552,6.763768385,0.694515293,-0.167653658,0.137137723,0.976260977,inf
197,0.060569552,6.763768385,0.694515293,-7.93E-17,-0.061769473,0.998090443,inf
197,0.060569552,6.763768385,0.694515293,0.167653658,-0.256467182,0.951901694,inf
197,0.060569552,6.763768385,0.694515293,0.323881996,-0.433687077,0.840842418,inf
197,0.060569552,6.763768385,0.694515293,0.458038311,-0.581351914,0.672481121,0.086206071
197,0.060569552,6.763768385,0.694515293,0.560980072,-0.689398579,0.458291346,0.070385836
197,0.060569552,6.763768385,0.694515293,0.625691969,-0.75046387,0.212869774,0.063105471
197,0.060569552,6.763768385,0.694515293,0.647763992,-0.760386288,-0.047058521,0.060954582
197,0.060569552,6.763768385,0.694515293,0.625691969,-0.718489637,-0.303779857,1.864700913
197,0.060569552,6.763768385,0.694515293,0.560980072,-0.627629105,-0.539799096,2.134649754
197,0.060569552,6.763768385,0.694515293,0.458038311,-0.493996687,-0.73903192,inf
197,0.060569552,6.763768385,0.694515293,0.323881996,-0.326699211,-0.88790094,inf
197,0.060569552,6.763768385,0.694515293,0.167653658,-0.137137723,-0.976260977,inf
198,0.098661606,6.796094738,0.696515895,0,0.061769473,-0.998090443,inf
198,0.098661606,6.796094738,0.696515895,-0.167653658,0.256467182,-0.951901694,inf
198,0.098661606,6.796094738,0.696515895,-0.323881996,0.433687077,-0.840842418,inf
198,0.098661606,6.796094738,0.696515895,-0.458038311,0.581351914,-0.672481121,inf
198,0.098661606,6.796094738,0.696515895,-0.560980072,0.689398579,-0.458291346,inf
198,0.098661606,6.796094738,0.696515895,-0.625691969,0.75046387,-0.212869774,2.671700239
198,0.098661606,6.796094738,0.696515895,-0.647763992,0.760386288,0.047058521,2.580664158
198,0.098661606,6.796094738,0.696515895,-0.625691969,0.718489637,0.303779857,2.671700001
198,0.098661606,6.796094738,0.696515895,-0.560980072,0.627629105,0.539799096,2.979894161
198,0.098661606,6.796094738,0.696515895,-0.458038311,0.493996687,0.73903192,inf
198,0.098661606,6.796094738,0.696515895,-0.323881996,0.326699211,0.88790094,inf
198,0.098661606,6.796094738,0.696515895,-0.167653658,0.137137723,0.976260977,inf
198,0.098661606,6.796094738,0.696515895,-7.93E-17,-0.061769473,0.998090443,inf
198,0.098661606,6.796094738,0.696515895,0.167653658,-0.256467182,0.951901694,0.008121708
198,0.098661606,6.796094738,0.696515895,0.323881996,-0.433687077,0.840842418,0.004203786
198,0.098661606,6.796094738,0.696515895,0.458038311,-0.581351914,0.672481121,0.002972443
198,0.098661606,6.796094738,0.696515895,0.560980072,-0.689398579,0.458291346,0.00242695
198,0.098661606,6.796094738,0.696515895,0.625691969,-0.75046387,0.212869774,0.002175919
198,0.098661606,6.796094738,0.696515895,0.647763992,-0.760386288,-0.047058521,0.002101755
198,0.098661606,6.796094738,0.696515895,0.625691969,-0.718489637,-0.303779857,0.002175875
198,0.098661606,6.796094738,0.696515895,0.560980072,-0.627629105,-0.539799096,0.002426844
198,0.098661606,6.796094738,0.696515895,0.458038311,-0.493996687,-0.73903192,0.002972217
198,0.098661606,6.796094738,0.696515895,0.323881996,-0.326699211,-0.88790094,0.004203233
198,0.098661606,6.796094738,0.696515895,0.167653658,-0.137137723,-0.976260977,0.008119405
199,0.136753659,6.82842109,0.698516497,0,0.061769473,-0.998090443,inf
199,0.136753659,6.82842109,0.698516497,-0.167653658,0.256467182,-0.951901694,inf
199,0.136753659,6.82842109,0.698516497,-0.323881996,0.433687077,-0.840842418,0.037917726
199,0.136753659,6.82842109,0.698516497,-0.458038311,0.581351914,-0.672481121,0.02829236
199,0.136753659,6.82842109,0.698516497,-0.560980072,0.689398579,-0.458291346,0.024310505
199,0.136753659,6.82842109,0.698516497,-0.625691969,0.75046387,-0.212869774,2.732580185
199,0.136753659,6.82842109,0.698516497,-0.647763992,0.760386288,0.047058521,2.639469624
199,0.136753659,6.82842109,0.698516497,-0.625691969,0.718489637,0.303779857,2.732579947
199,0.136753659,6.82842109,0.698516497,-0.560980072,0.627629105,0.539799096,inf
199,0.136753659,6.82842109,0.698516497,-0.458038311,0.493996687,0.73903192,inf
199,0.136753659,6.82842109,0.698516497,-0.323881996,0.326699211,0.88790094,inf
199,0.136753659,6.82842109,0.698516497,-0.167653658,0.137137723,0.976260977,0.023907429
199,0.136753659,6.82842109,0.698516497,-7.93E-17,-0.061769473,0.998090443,0.023386909
199,0.136753659,6.82842109,0.698516497,0.167653658,-0.256467182,0.951901694,0.024524244
199,0.136753659,6.82842109,0.698516497,0.323881996,-0.433687077,0.840842418,0.0880825
199,0.136753659,6.82842109,0.698516497,0.458038311,-0.581351914,0.672481121,0.110134698
199,0.136753659,6.82842109,0.698516497,0.560980072,-0.689398579,0.458291346,0.053771917
199,0.136753659,6.82842109,0.698516497,0.625691969,-0.75046387,0.212869774,1.871403813
199,0.136753659,6.82842109,0.698516497,0.647763992,-0.760386288,-0.047058521,1.846983552
199,0.136753659,6.82842109,0.698516497,0.625691969,-0.718489637,-0.303779857,1.954685092
199,0.136753659,6.82842109,0.698516497,0.560980072,-0.627629105,-0.539799096,inf
199,0.136753659,6.82842109,0.698516497,0.458038311,-0.493996687,-0.73903192,inf
199,0.136753659,6.82842109,0.698516497,0.323881996,-0.326699211,-0.88790094,inf
199,0.136753659,6.82842109,0.698516497,0.167653658,-0.137137723,-0.976260977,inf
